customer_id,gender,generation,segment,home_store_id,total_visits,first_visit_date,last_visit_date
1,Male,Millennial,one_and_done,5,1,2026-02-13,2026-02-13
2,Female,Millennial,regular,6,18,2025-07-03,2026-06-02
3,Male,Gen X,regular,1,17,2025-08-05,2026-06-19
4,Male,Gen X,one_and_done,1,1,2026-06-25,2026-06-25
5,Male,Gen Z,regular,1,15,2025-07-05,2026-06-13
6,Female,Millennial,one_and_done,1,1,2025-07-09,2025-07-09
7,Male,Gen X,occasional,1,6,2025-07-13,2026-02-03
8,Male,Gen Z,one_and_done,8,1,2025-09-20,2025-09-20
9,Female,Gen X,one_and_done,1,1,2026-04-14,2026-04-14
10,Female,Millennial,occasional,6,6,2025-09-24,2026-07-09
11,Male,Gen Z,one_and_done,1,1,2025-12-02,2025-12-02
12,Male,Gen X,loyal,10,25,2025-07-26,2026-06-05
13,Male,Gen X,occasional,1,6,2025-12-23,2026-07-02
14,Male,Millennial,occasional,1,7,2025-08-08,2026-06-19
15,Male,Millennial,occasional,1,7,2025-07-11,2026-07-09
16,Female,Millennial,occasional,1,6,2025-08-21,2026-06-25
17,Male,Millennial,one_and_done,1,1,2025-09-06,2025-09-06
18,Male,Millennial,occasional,3,7,2025-08-16,2026-06-15
19,Male,Millennial,one_and_done,1,1,2025-08-21,2025-08-21
20,Male,Gen X,regular,1,17,2025-07-18,2026-07-08
21,Female,Boomer,regular,7,11,2025-07-21,2026-06-26
22,Male,Gen Z,occasional,1,5,2025-07-14,2026-06-28
23,Male,Boomer,loyal,4,18,2025-07-25,2026-07-06
24,Female,Gen X,loyal,6,23,2025-07-04,2026-07-06
25,Male,Gen X,loyal,1,25,2025-07-04,2026-07-09
26,Female,Gen X,one_and_done,3,1,2026-03-22,2026-03-22
27,Female,Gen Z,one_and_done,1,1,2025-08-09,2025-08-09
28,Male,Millennial,occasional,4,7,2025-07-09,2026-06-30
29,Female,Gen Z,one_and_done,1,1,2026-06-05,2026-06-05
30,Female,Millennial,loyal,1,27,2025-07-01,2026-07-02
31,Male,Gen Z,one_and_done,1,1,2026-05-21,2026-05-21
32,Female,Millennial,one_and_done,2,1,2025-10-07,2025-10-07
33,Female,Millennial,one_and_done,4,1,2026-02-28,2026-02-28
34,Male,Boomer,regular,1,12,2025-09-03,2026-06-19
35,Male,Gen X,one_and_done,1,1,2025-10-15,2025-10-15
36,Female,Millennial,occasional,1,6,2025-10-04,2026-06-12
37,Male,Gen X,regular,10,17,2025-07-19,2026-06-25
38,Male,Millennial,one_and_done,1,1,2025-10-30,2025-10-30
39,Female,Gen Z,one_and_done,4,1,2025-12-16,2025-12-16
40,Male,Gen X,regular,1,17,2025-07-18,2026-06-23
41,Male,Gen Z,occasional,4,5,2025-08-22,2026-06-10
42,Male,Millennial,one_and_done,1,1,2025-07-11,2025-07-11
43,Male,Millennial,one_and_done,1,1,2025-10-16,2025-10-16
44,Male,Gen X,occasional,6,6,2025-07-06,2026-06-04
45,Female,Gen Z,one_and_done,2,1,2026-03-29,2026-03-29
46,Male,Millennial,occasional,6,7,2025-07-10,2026-06-27
47,Female,Gen X,loyal,1,23,2025-07-10,2026-06-12
48,Male,Millennial,one_and_done,1,1,2026-05-06,2026-05-06
49,Male,Millennial,occasional,1,7,2025-07-20,2026-06-23
50,Male,Millennial,one_and_done,3,1,2026-01-29,2026-01-29
51,Female,Gen Z,one_and_done,1,1,2026-05-09,2026-05-09
52,Male,Millennial,one_and_done,2,1,2026-01-15,2026-01-15
53,Male,Gen X,loyal,2,25,2025-07-13,2026-07-09
54,Male,Gen X,regular,1,17,2025-07-25,2026-06-15
55,Male,Gen X,one_and_done,6,1,2025-12-20,2025-12-20
56,Male,Gen X,occasional,1,6,2025-08-09,2026-03-21
57,Male,Millennial,occasional,3,7,2025-08-23,2026-03-25
58,Male,Millennial,one_and_done,3,1,2025-12-06,2025-12-06
59,Male,Millennial,one_and_done,7,1,2025-09-17,2025-09-17
60,Female,Gen X,one_and_done,1,1,2026-02-27,2026-02-27
61,Male,Millennial,regular,2,22,2025-07-30,2026-06-27
62,Male,Millennial,regular,1,22,2025-07-14,2026-07-04
63,Male,Boomer,occasional,1,4,2025-07-25,2026-06-06
64,Female,Millennial,regular,6,18,2025-07-09,2026-06-26
65,Male,Millennial,regular,7,22,2025-07-23,2026-06-26
66,Male,Millennial,occasional,2,7,2025-09-25,2026-06-29
67,Female,Millennial,occasional,1,6,2025-07-27,2026-04-04
68,Male,Gen Z,regular,1,15,2025-07-17,2026-06-26
69,Female,Gen X,regular,7,15,2025-07-18,2026-06-14
70,Female,Millennial,loyal,1,27,2025-08-26,2026-06-15
71,Male,Millennial,occasional,2,7,2025-08-14,2026-06-15
72,Male,Millennial,occasional,2,7,2025-09-18,2026-04-16
73,Female,Millennial,one_and_done,6,1,2026-03-16,2026-03-16
74,Male,Millennial,one_and_done,5,1,2025-09-19,2025-09-19
75,Male,Millennial,occasional,2,7,2025-08-25,2026-06-26
76,Male,Gen X,one_and_done,8,1,2025-07-10,2025-07-10
77,Male,Millennial,one_and_done,2,1,2025-08-18,2025-08-18
78,Male,Gen X,regular,1,17,2025-08-23,2026-05-19
79,Male,Millennial,one_and_done,8,1,2026-03-25,2026-03-25
80,Female,Gen X,one_and_done,1,1,2025-10-17,2025-10-17
81,Male,Gen X,occasional,2,6,2025-11-23,2026-07-07
82,Female,Gen X,regular,2,15,2025-08-02,2026-06-23
83,Male,Millennial,loyal,2,32,2025-07-07,2026-05-29
84,Male,Millennial,occasional,5,7,2025-07-26,2026-06-14
85,Male,Millennial,regular,4,22,2025-07-01,2026-07-09
86,Male,Gen Z,one_and_done,1,1,2026-05-25,2026-05-25
87,Male,Gen X,occasional,1,6,2025-07-13,2026-06-12
88,Female,Gen Z,regular,1,14,2025-08-03,2026-07-02
89,Male,Gen X,one_and_done,4,1,2026-01-03,2026-01-03
90,Male,Millennial,one_and_done,1,1,2025-08-22,2025-08-22
91,Male,Millennial,loyal,1,32,2025-07-04,2026-06-29
92,Female,Gen X,one_and_done,1,1,2025-07-13,2025-07-13
93,Male,Gen X,one_and_done,5,1,2025-08-12,2025-08-12
94,Male,Gen X,one_and_done,7,1,2026-06-03,2026-06-03
95,Female,Gen Z,loyal,1,20,2025-07-04,2026-07-08
96,Male,Millennial,one_and_done,2,1,2025-07-25,2025-07-25
97,Female,Millennial,occasional,7,6,2025-08-07,2026-06-26
98,Male,Gen Z,one_and_done,1,1,2025-08-13,2025-08-13
99,Male,Gen Z,one_and_done,3,1,2025-12-13,2025-12-13
100,Male,Gen Z,one_and_done,1,1,2025-09-29,2025-09-29
101,Male,Gen X,one_and_done,1,1,2025-09-15,2025-09-15
102,Male,Gen Z,one_and_done,3,1,2026-05-27,2026-05-27
103,Male,Gen Z,occasional,1,5,2025-08-11,2026-02-26
104,Male,Millennial,regular,4,22,2025-07-01,2026-07-09
105,Male,Gen Z,regular,9,15,2025-07-01,2026-07-07
106,Male,Millennial,occasional,6,7,2025-09-07,2026-05-28
107,Female,Gen X,occasional,3,5,2025-07-22,2026-06-03
108,Male,Millennial,regular,1,22,2025-07-08,2026-06-30
109,Female,Millennial,loyal,1,27,2025-08-22,2026-06-15
110,Female,Gen Z,regular,1,14,2025-07-21,2026-07-09
111,Male,Gen X,one_and_done,1,1,2026-05-22,2026-05-22
112,Male,Millennial,regular,2,22,2025-07-10,2026-07-06
113,Female,Gen X,regular,5,15,2025-07-09,2026-07-06
114,Female,Millennial,occasional,1,6,2025-12-30,2026-05-23
115,Male,Gen Z,occasional,8,5,2025-07-29,2026-05-09
116,Male,Gen X,occasional,2,6,2025-07-06,2026-03-27
117,Male,Gen Z,one_and_done,1,1,2025-12-22,2025-12-22
118,Male,Millennial,one_and_done,1,1,2025-09-19,2025-09-19
119,Male,Millennial,loyal,2,32,2025-07-03,2026-07-02
120,Male,Gen Z,occasional,1,5,2025-11-14,2026-04-30
121,Male,Gen X,one_and_done,1,1,2025-10-14,2025-10-14
122,Female,Millennial,loyal,6,27,2025-07-11,2026-06-15
123,Male,Gen X,one_and_done,8,1,2026-06-30,2026-06-30
124,Male,Boomer,loyal,9,18,2025-07-10,2026-06-19
125,Female,Gen Z,one_and_done,3,1,2026-04-23,2026-04-23
126,Male,Millennial,occasional,1,7,2025-07-31,2026-06-17
127,Female,Millennial,one_and_done,2,1,2026-04-04,2026-04-04
128,Male,Millennial,one_and_done,4,1,2026-04-13,2026-04-13
129,Male,Millennial,one_and_done,9,1,2026-06-18,2026-06-18
130,Female,Gen X,one_and_done,1,1,2026-04-23,2026-04-23
131,Female,Millennial,one_and_done,1,1,2025-11-11,2025-11-11
132,Female,Millennial,one_and_done,6,1,2026-06-27,2026-06-27
133,Female,Millennial,regular,2,18,2025-07-07,2026-06-19
134,Female,Millennial,regular,1,18,2025-07-26,2026-06-30
135,Female,Millennial,loyal,6,27,2025-07-02,2026-06-19
136,Male,Millennial,regular,2,22,2025-07-04,2026-07-03
137,Male,Millennial,occasional,1,7,2025-10-24,2026-06-02
138,Male,Gen Z,occasional,1,5,2025-07-19,2025-09-06
139,Male,Gen Z,one_and_done,5,1,2026-06-11,2026-06-11
140,Male,Millennial,one_and_done,3,1,2026-03-23,2026-03-23
141,Male,Millennial,one_and_done,3,1,2026-01-18,2026-01-18
142,Male,Millennial,one_and_done,1,1,2025-10-14,2025-10-14
143,Male,Gen Z,regular,1,15,2025-07-16,2026-05-28
144,Female,Gen X,one_and_done,3,1,2025-10-20,2025-10-20
145,Male,Gen X,occasional,1,6,2025-09-03,2026-05-18
146,Female,Millennial,one_and_done,1,1,2026-04-27,2026-04-27
147,Male,Boomer,occasional,3,4,2025-07-12,2026-02-16
148,Female,Boomer,occasional,4,4,2025-12-31,2026-02-14
149,Female,Gen Z,one_and_done,1,1,2025-08-06,2025-08-06
150,Male,Millennial,regular,2,22,2025-08-08,2026-06-26
151,Female,Gen X,one_and_done,1,1,2025-07-23,2025-07-23
152,Male,Gen Z,occasional,10,5,2025-08-08,2026-04-13
153,Female,Gen Z,regular,1,14,2025-07-18,2026-06-25
154,Male,Millennial,one_and_done,3,1,2025-11-20,2025-11-20
155,Male,Millennial,occasional,8,7,2025-08-30,2026-06-28
156,Female,Millennial,occasional,3,6,2025-07-03,2026-05-22
157,Male,Boomer,regular,2,12,2025-07-04,2026-06-09
158,Male,Millennial,one_and_done,1,1,2025-10-16,2025-10-16
159,Male,Millennial,regular,5,22,2025-07-05,2026-07-02
160,Male,Millennial,occasional,1,7,2025-07-23,2026-06-02
161,Female,Gen X,regular,1,15,2025-07-25,2026-05-01
162,Female,Gen X,one_and_done,5,1,2026-03-19,2026-03-19
163,Male,Gen Z,one_and_done,1,1,2026-02-07,2026-02-07
164,Male,Gen Z,one_and_done,7,1,2026-02-11,2026-02-11
165,Male,Millennial,occasional,1,7,2025-08-24,2026-06-11
166,Female,Gen Z,one_and_done,1,1,2025-08-26,2025-08-26
167,Male,Gen X,one_and_done,1,1,2025-12-11,2025-12-11
168,Male,Gen Z,one_and_done,1,1,2026-04-11,2026-04-11
169,Female,Gen Z,regular,1,14,2025-07-06,2026-03-11
170,Male,Millennial,occasional,1,7,2025-07-05,2026-06-21
171,Male,Gen Z,regular,2,15,2025-08-09,2026-06-25
172,Male,Millennial,one_and_done,1,1,2025-11-17,2025-11-17
173,Female,Gen X,one_and_done,1,1,2026-01-24,2026-01-24
174,Male,Millennial,occasional,1,7,2025-07-08,2026-06-21
175,Male,Boomer,regular,1,12,2025-08-12,2026-06-04
176,Female,Gen Z,one_and_done,5,1,2025-07-10,2025-07-10
177,Male,Gen X,occasional,1,6,2025-07-26,2026-06-08
178,Male,Gen Z,one_and_done,1,1,2026-06-26,2026-06-26
179,Male,Millennial,one_and_done,2,1,2025-09-02,2025-09-02
180,Male,Millennial,occasional,5,7,2025-07-24,2026-05-18
181,Male,Millennial,occasional,5,7,2025-07-23,2026-02-27
182,Male,Gen X,regular,2,17,2025-07-15,2026-06-22
183,Female,Millennial,one_and_done,5,1,2025-11-26,2025-11-26
184,Male,Millennial,occasional,7,7,2025-07-21,2026-03-08
185,Female,Gen X,regular,2,15,2025-08-01,2026-07-05
186,Male,Gen Z,one_and_done,7,1,2025-07-18,2025-07-18
187,Female,Gen Z,one_and_done,1,1,2026-05-17,2026-05-17
188,Male,Gen Z,occasional,4,5,2025-11-09,2026-03-21
189,Male,Millennial,one_and_done,1,1,2026-04-24,2026-04-24
190,Male,Boomer,one_and_done,2,1,2025-12-09,2025-12-09
191,Female,Millennial,loyal,1,27,2025-07-07,2026-06-30
192,Female,Millennial,occasional,2,6,2025-08-08,2026-05-08
193,Female,Gen Z,one_and_done,1,1,2025-09-03,2025-09-03
194,Male,Gen X,regular,1,17,2025-07-13,2026-07-09
195,Male,Gen Z,occasional,1,5,2025-09-25,2026-06-02
196,Male,Boomer,occasional,6,4,2025-09-01,2026-06-18
197,Male,Boomer,occasional,4,4,2025-09-06,2026-05-22
198,Male,Millennial,one_and_done,3,1,2026-03-21,2026-03-21
199,Male,Gen Z,one_and_done,1,1,2025-12-11,2025-12-11
200,Male,Millennial,one_and_done,5,1,2025-11-11,2025-11-11
201,Male,Gen X,occasional,2,6,2025-07-13,2026-04-10
202,Female,Millennial,regular,6,18,2025-08-10,2026-06-29
203,Female,Gen Z,one_and_done,4,1,2026-01-08,2026-01-08
204,Female,Gen Z,one_and_done,2,1,2025-12-27,2025-12-27
205,Male,Millennial,one_and_done,1,1,2026-06-28,2026-06-28
206,Female,Gen X,occasional,2,5,2025-08-23,2026-06-23
207,Male,Millennial,one_and_done,1,1,2025-11-28,2025-11-28
208,Male,Millennial,one_and_done,1,1,2026-04-28,2026-04-28
209,Female,Gen Z,one_and_done,1,1,2026-01-09,2026-01-09
210,Male,Millennial,one_and_done,1,1,2025-08-09,2025-08-09
211,Male,Gen X,one_and_done,6,1,2025-10-14,2025-10-14
212,Female,Gen X,regular,2,15,2025-07-14,2026-06-15
213,Male,Gen Z,one_and_done,4,1,2025-07-05,2025-07-05
214,Male,Gen Z,one_and_done,2,1,2025-09-06,2025-09-06
215,Male,Gen Z,regular,3,15,2025-07-07,2026-06-08
216,Male,Gen X,loyal,1,25,2025-07-07,2026-05-23
217,Female,Millennial,one_and_done,1,1,2026-06-20,2026-06-20
218,Male,Boomer,loyal,1,18,2025-07-09,2026-06-12
219,Male,Millennial,loyal,7,32,2025-07-02,2026-07-05
220,Female,Millennial,one_and_done,3,1,2026-06-13,2026-06-13
221,Female,Gen Z,loyal,3,20,2025-07-07,2026-06-26
222,Male,Millennial,one_and_done,3,1,2026-05-28,2026-05-28
223,Male,Millennial,one_and_done,1,1,2026-03-04,2026-03-04
224,Male,Gen Z,regular,5,15,2025-07-12,2026-06-24
225,Female,Gen Z,occasional,2,5,2025-07-22,2026-07-08
226,Male,Boomer,regular,5,12,2025-07-03,2026-05-08
227,Female,Millennial,one_and_done,1,1,2025-12-04,2025-12-04
228,Male,Millennial,one_and_done,1,1,2025-12-15,2025-12-15
229,Female,Millennial,one_and_done,2,1,2026-05-11,2026-05-11
230,Male,Millennial,one_and_done,1,1,2025-08-28,2025-08-28
231,Male,Gen Z,one_and_done,2,1,2026-06-22,2026-06-22
232,Male,Gen X,regular,3,17,2025-07-04,2026-07-07
233,Female,Gen Z,one_and_done,5,1,2026-02-24,2026-02-24
234,Male,Millennial,one_and_done,1,1,2025-10-15,2025-10-15
235,Female,Gen Z,one_and_done,2,1,2025-12-12,2025-12-12
236,Female,Millennial,one_and_done,1,1,2025-12-26,2025-12-26
237,Female,Millennial,regular,8,18,2025-07-24,2026-06-28
238,Male,Millennial,one_and_done,6,1,2026-04-10,2026-04-10
239,Female,Gen Z,occasional,2,5,2025-07-09,2026-06-10
240,Male,Millennial,loyal,2,32,2025-07-18,2026-07-01
241,Female,Gen Z,occasional,4,5,2025-07-05,2026-05-28
242,Male,Gen Z,one_and_done,2,1,2025-12-02,2025-12-02
243,Male,Millennial,occasional,1,7,2025-08-21,2026-07-01
244,Male,Millennial,one_and_done,4,1,2026-05-01,2026-05-01
245,Male,Millennial,loyal,4,32,2025-07-14,2026-07-09
246,Male,Millennial,one_and_done,1,1,2025-09-04,2025-09-04
247,Male,Millennial,regular,1,22,2025-07-06,2026-06-23
248,Male,Gen X,regular,1,17,2025-07-04,2026-06-29
249,Female,Gen X,one_and_done,4,1,2025-12-16,2025-12-16
250,Male,Boomer,one_and_done,1,1,2025-09-08,2025-09-08
251,Male,Millennial,one_and_done,2,1,2025-07-10,2025-07-10
252,Male,Millennial,loyal,2,32,2025-07-08,2026-06-28
253,Female,Gen X,one_and_done,1,1,2025-07-04,2025-07-04
254,Male,Millennial,regular,1,22,2025-07-11,2026-07-05
255,Female,Boomer,one_and_done,1,1,2025-09-13,2025-09-13
256,Female,Gen X,occasional,1,5,2025-09-19,2026-05-23
257,Male,Gen Z,regular,1,15,2025-07-13,2026-06-30
258,Female,Millennial,regular,1,18,2025-07-04,2026-07-09
259,Male,Gen Z,loyal,4,23,2025-07-30,2026-07-01
260,Female,Millennial,one_and_done,1,1,2025-08-18,2025-08-18
261,Female,Gen X,one_and_done,1,1,2026-04-04,2026-04-04
262,Male,Millennial,loyal,4,32,2025-07-11,2026-06-26
263,Male,Gen Z,regular,1,15,2025-07-14,2026-06-12
264,Male,Gen Z,regular,1,15,2025-08-12,2026-07-05
265,Male,Millennial,regular,4,22,2025-07-04,2026-07-09
266,Male,Gen Z,one_and_done,4,1,2025-09-27,2025-09-27
267,Male,Millennial,loyal,4,32,2025-07-05,2026-07-02
268,Male,Gen Z,one_and_done,2,1,2025-11-07,2025-11-07
269,Male,Boomer,regular,1,12,2025-07-31,2026-05-15
270,Male,Gen Z,one_and_done,3,1,2026-06-28,2026-06-28
271,Female,Millennial,one_and_done,2,1,2025-08-01,2025-08-01
272,Male,Millennial,loyal,2,32,2025-07-03,2026-06-30
273,Male,Millennial,one_and_done,1,1,2026-05-31,2026-05-31
274,Male,Millennial,regular,1,22,2025-07-04,2026-06-25
275,Female,Gen Z,loyal,5,20,2025-07-08,2026-05-26
276,Male,Gen Z,one_and_done,3,1,2026-02-04,2026-02-04
277,Male,Millennial,regular,8,22,2025-07-01,2026-06-08
278,Male,Gen Z,one_and_done,3,1,2026-05-29,2026-05-29
279,Male,Gen Z,regular,1,15,2025-07-30,2026-06-12
280,Male,Gen Z,one_and_done,1,1,2025-09-12,2025-09-12
281,Female,Millennial,loyal,1,27,2025-07-06,2026-06-13
282,Male,Millennial,loyal,4,32,2025-07-03,2026-07-06
283,Male,Millennial,regular,1,22,2025-07-29,2026-06-30
284,Female,Gen X,one_and_done,1,1,2025-10-01,2025-10-01
285,Male,Millennial,one_and_done,1,1,2026-03-07,2026-03-07
286,Female,Gen Z,one_and_done,6,1,2025-11-15,2025-11-15
287,Male,Millennial,one_and_done,1,1,2026-03-17,2026-03-17
288,Male,Millennial,occasional,1,7,2025-07-09,2026-07-08
289,Male,Boomer,regular,1,12,2025-07-05,2026-07-03
290,Male,Boomer,one_and_done,1,1,2026-05-08,2026-05-08
291,Female,Millennial,occasional,2,6,2025-08-10,2026-04-24
292,Male,Gen Z,occasional,2,5,2025-09-04,2026-06-16
293,Female,Gen X,one_and_done,1,1,2025-08-21,2025-08-21
294,Male,Gen X,regular,1,17,2025-07-29,2026-06-26
295,Female,Millennial,regular,1,18,2025-07-06,2026-07-09
296,Female,Millennial,regular,1,18,2025-07-04,2026-06-14
297,Male,Millennial,regular,1,22,2025-07-05,2026-06-02
298,Male,Millennial,one_and_done,9,1,2026-02-18,2026-02-18
299,Female,Gen X,loyal,5,23,2025-07-08,2026-07-03
300,Female,Millennial,occasional,2,6,2025-07-11,2026-07-04
301,Male,Gen X,occasional,1,6,2025-10-20,2026-06-06
302,Male,Millennial,one_and_done,4,1,2026-05-23,2026-05-23
303,Male,Gen Z,occasional,1,5,2025-07-03,2026-03-15
304,Female,Gen Z,regular,7,14,2025-07-18,2026-06-06
305,Male,Millennial,regular,3,22,2025-07-04,2026-07-05
306,Male,Gen X,one_and_done,1,1,2025-09-27,2025-09-27
307,Male,Gen X,occasional,2,6,2025-10-16,2026-05-12
308,Male,Millennial,regular,2,22,2025-07-25,2026-05-21
309,Male,Millennial,one_and_done,3,1,2026-05-30,2026-05-30
310,Male,Gen Z,occasional,5,5,2025-08-01,2026-06-04
311,Male,Gen Z,one_and_done,1,1,2026-06-27,2026-06-27
312,Male,Millennial,loyal,4,32,2025-07-17,2026-07-04
313,Male,Gen X,one_and_done,4,1,2026-05-22,2026-05-22
314,Male,Millennial,loyal,2,32,2025-07-05,2026-07-02
315,Female,Millennial,occasional,10,6,2025-08-06,2026-06-16
316,Female,Millennial,occasional,7,6,2025-07-13,2026-06-30
317,Male,Gen Z,one_and_done,1,1,2025-08-22,2025-08-22
318,Male,Gen X,one_and_done,1,1,2026-02-15,2026-02-15
319,Female,Gen X,loyal,4,23,2025-08-06,2026-07-06
320,Male,Millennial,loyal,1,32,2025-07-12,2026-07-04
321,Male,Millennial,one_and_done,2,1,2026-06-15,2026-06-15
322,Male,Millennial,one_and_done,4,1,2026-01-10,2026-01-10
323,Female,Millennial,occasional,6,6,2025-09-08,2026-06-18
324,Male,Gen Z,occasional,1,5,2025-08-25,2026-04-09
325,Male,Millennial,one_and_done,1,1,2026-05-09,2026-05-09
326,Female,Millennial,one_and_done,1,1,2025-08-30,2025-08-30
327,Male,Millennial,occasional,1,7,2025-07-07,2026-06-02
328,Female,Millennial,occasional,1,6,2025-07-17,2026-06-23
329,Female,Gen Z,one_and_done,1,1,2025-11-21,2025-11-21
330,Female,Millennial,occasional,3,6,2025-07-01,2026-05-16
331,Female,Millennial,one_and_done,1,1,2026-01-05,2026-01-05
332,Female,Gen Z,occasional,4,5,2025-12-05,2026-06-29
333,Male,Gen Z,occasional,1,5,2025-11-10,2026-06-09
334,Male,Gen Z,one_and_done,6,1,2025-09-23,2025-09-23
335,Female,Millennial,regular,1,18,2025-09-04,2026-06-30
336,Male,Gen Z,loyal,1,23,2025-07-19,2026-06-12
337,Female,Gen X,one_and_done,2,1,2026-02-26,2026-02-26
338,Male,Boomer,one_and_done,1,1,2026-03-27,2026-03-27
339,Female,Millennial,regular,3,18,2025-08-03,2026-06-17
340,Female,Gen Z,one_and_done,2,1,2026-05-30,2026-05-30
341,Male,Millennial,regular,1,22,2025-07-04,2026-06-18
342,Male,Gen Z,regular,1,15,2025-07-30,2026-07-08
343,Male,Gen X,occasional,1,6,2025-07-22,2026-05-02
344,Female,Gen Z,one_and_done,2,1,2026-06-07,2026-06-07
345,Male,Gen Z,one_and_done,5,1,2025-07-13,2025-07-13
346,Male,Millennial,one_and_done,3,1,2026-07-08,2026-07-08
347,Male,Millennial,one_and_done,1,1,2025-12-13,2025-12-13
348,Male,Gen Z,one_and_done,1,1,2025-07-12,2025-07-12
349,Female,Gen Z,loyal,5,20,2025-07-06,2026-06-23
350,Male,Millennial,one_and_done,3,1,2026-02-23,2026-02-23
351,Male,Millennial,occasional,3,7,2025-07-24,2026-06-05
352,Female,Millennial,one_and_done,1,1,2025-08-22,2025-08-22
353,Female,Millennial,one_and_done,2,1,2026-03-08,2026-03-08
354,Female,Gen Z,loyal,2,20,2025-07-18,2026-06-01
355,Male,Millennial,one_and_done,1,1,2025-09-28,2025-09-28
356,Male,Gen X,regular,2,17,2025-07-18,2026-06-03
357,Male,Millennial,one_and_done,1,1,2025-10-26,2025-10-26
358,Female,Millennial,occasional,5,6,2025-10-18,2026-07-04
359,Female,Boomer,regular,1,11,2025-08-04,2026-06-28
360,Male,Gen Z,occasional,4,5,2025-11-11,2026-04-16
361,Male,Millennial,one_and_done,3,1,2025-09-25,2025-09-25
362,Female,Millennial,occasional,1,6,2025-07-05,2026-06-12
363,Male,Millennial,regular,7,22,2025-07-02,2026-07-01
364,Female,Boomer,regular,5,11,2025-07-12,2026-05-14
365,Female,Millennial,one_and_done,1,1,2025-07-30,2025-07-30
366,Male,Millennial,occasional,1,7,2025-08-06,2026-07-03
367,Female,Gen X,occasional,8,5,2025-09-02,2026-06-21
368,Male,Millennial,one_and_done,1,1,2026-04-21,2026-04-21
369,Female,Millennial,one_and_done,1,1,2025-08-30,2025-08-30
370,Male,Millennial,occasional,2,7,2025-08-07,2026-04-24
371,Male,Gen Z,one_and_done,1,1,2026-02-27,2026-02-27
372,Female,Gen Z,occasional,2,5,2025-10-30,2026-05-18
373,Male,Boomer,loyal,1,18,2025-08-07,2026-06-24
374,Male,Gen Z,one_and_done,1,1,2026-05-23,2026-05-23
375,Female,Millennial,occasional,6,6,2025-07-07,2026-06-07
376,Male,Millennial,one_and_done,1,1,2026-02-14,2026-02-14
377,Male,Gen Z,one_and_done,2,1,2026-01-18,2026-01-18
378,Female,Gen X,one_and_done,1,1,2026-02-02,2026-02-02
379,Female,Millennial,regular,1,18,2025-07-17,2026-07-06
380,Male,Gen X,regular,3,17,2025-08-02,2026-07-06
381,Female,Gen Z,loyal,1,20,2025-08-09,2026-06-11
382,Male,Millennial,occasional,1,7,2025-08-13,2026-05-30
383,Male,Millennial,one_and_done,4,1,2026-04-11,2026-04-11
384,Male,Gen X,one_and_done,4,1,2025-12-20,2025-12-20
385,Male,Millennial,occasional,1,7,2025-08-10,2026-06-08
386,Male,Gen Z,one_and_done,1,1,2026-02-07,2026-02-07
387,Male,Millennial,one_and_done,1,1,2026-07-03,2026-07-03
388,Male,Millennial,loyal,4,32,2025-07-26,2026-06-23
389,Male,Millennial,occasional,5,7,2025-09-10,2026-04-25
390,Male,Gen X,occasional,4,6,2025-10-22,2026-02-20
391,Male,Millennial,regular,1,22,2025-08-20,2026-07-03
392,Female,Millennial,one_and_done,1,1,2025-11-29,2025-11-29
393,Male,Gen Z,occasional,1,5,2025-08-03,2026-05-15
394,Male,Millennial,one_and_done,2,1,2025-11-18,2025-11-18
395,Male,Gen Z,one_and_done,8,1,2026-03-25,2026-03-25
396,Female,Millennial,one_and_done,1,1,2026-07-09,2026-07-09
397,Male,Gen Z,one_and_done,5,1,2026-01-29,2026-01-29
398,Male,Gen X,occasional,1,6,2025-07-28,2026-05-29
399,Female,Millennial,one_and_done,4,1,2025-12-03,2025-12-03
400,Female,Gen X,occasional,3,5,2025-08-19,2026-07-01
401,Male,Millennial,one_and_done,1,1,2026-06-30,2026-06-30
402,Male,Millennial,one_and_done,1,1,2025-12-06,2025-12-06
403,Male,Millennial,loyal,1,32,2025-07-28,2026-06-29
404,Male,Gen Z,regular,3,15,2025-08-01,2026-05-22
405,Male,Gen X,one_and_done,1,1,2026-01-01,2026-01-01
406,Male,Gen Z,one_and_done,2,1,2026-05-01,2026-05-01
407,Male,Millennial,one_and_done,1,1,2026-04-13,2026-04-13
408,Male,Gen Z,one_and_done,1,1,2025-08-08,2025-08-08
409,Male,Gen Z,one_and_done,4,1,2025-12-22,2025-12-22
410,Male,Millennial,occasional,8,7,2025-07-30,2026-07-08
411,Male,Gen X,one_and_done,5,1,2026-01-01,2026-01-01
412,Male,Gen Z,regular,7,15,2025-07-03,2026-07-04
413,Male,Gen X,one_and_done,1,1,2025-09-16,2025-09-16
414,Female,Millennial,one_and_done,1,1,2026-05-13,2026-05-13
415,Female,Gen Z,occasional,2,5,2025-09-15,2026-03-09
416,Male,Gen X,regular,10,17,2025-07-05,2026-07-06
417,Male,Gen X,regular,1,17,2025-07-26,2026-07-04
418,Male,Millennial,one_and_done,1,1,2026-06-20,2026-06-20
419,Female,Millennial,occasional,2,6,2025-11-07,2026-05-30
420,Female,Gen X,one_and_done,4,1,2026-05-29,2026-05-29
421,Male,Gen X,one_and_done,3,1,2026-05-18,2026-05-18
422,Male,Millennial,one_and_done,2,1,2025-10-13,2025-10-13
423,Male,Millennial,one_and_done,6,1,2026-01-03,2026-01-03
424,Male,Gen Z,regular,1,15,2025-07-21,2026-06-16
425,Male,Gen X,one_and_done,2,1,2026-02-07,2026-02-07
426,Male,Gen X,regular,1,17,2025-07-17,2026-06-30
427,Male,Millennial,one_and_done,1,1,2026-03-21,2026-03-21
428,Male,Millennial,occasional,4,7,2025-08-11,2026-06-27
429,Male,Millennial,occasional,1,7,2025-09-13,2026-07-09
430,Male,Gen Z,occasional,4,5,2025-07-17,2026-06-19
431,Male,Millennial,loyal,4,32,2025-07-11,2026-07-08
432,Male,Millennial,regular,4,22,2025-07-12,2026-05-25
433,Female,Gen X,loyal,1,23,2025-07-26,2026-05-20
434,Male,Gen X,one_and_done,2,1,2025-12-12,2025-12-12
435,Male,Millennial,one_and_done,1,1,2026-01-16,2026-01-16
436,Female,Gen X,loyal,1,23,2025-07-03,2026-07-08
437,Male,Gen X,one_and_done,1,1,2026-04-15,2026-04-15
438,Female,Boomer,occasional,1,4,2025-11-11,2026-01-02
439,Male,Gen X,one_and_done,1,1,2026-03-13,2026-03-13
440,Female,Millennial,regular,5,18,2025-07-01,2026-07-04
441,Male,Gen Z,one_and_done,1,1,2026-06-18,2026-06-18
442,Male,Millennial,occasional,2,7,2025-09-25,2026-06-03
443,Male,Millennial,one_and_done,3,1,2026-05-28,2026-05-28
444,Male,Boomer,occasional,1,4,2025-07-01,2026-06-27
445,Male,Gen X,one_and_done,1,1,2025-12-19,2025-12-19
446,Female,Gen X,one_and_done,1,1,2025-09-08,2025-09-08
447,Male,Millennial,regular,3,22,2025-07-28,2026-07-04
448,Male,Millennial,one_and_done,1,1,2026-04-29,2026-04-29
449,Female,Millennial,occasional,2,6,2025-07-11,2026-06-20
450,Female,Millennial,regular,5,18,2025-07-07,2026-07-07
451,Male,Millennial,one_and_done,1,1,2026-05-29,2026-05-29
452,Female,Millennial,occasional,3,6,2025-10-21,2026-03-27
453,Male,Millennial,regular,1,22,2025-07-12,2026-06-27
454,Female,Gen X,one_and_done,7,1,2026-04-21,2026-04-21
455,Male,Millennial,one_and_done,2,1,2026-02-26,2026-02-26
456,Male,Millennial,regular,1,22,2025-07-17,2026-06-17
457,Male,Millennial,occasional,3,7,2025-07-11,2026-06-07
458,Male,Millennial,one_and_done,9,1,2026-01-09,2026-01-09
459,Male,Gen X,occasional,3,6,2025-07-09,2026-02-24
460,Male,Gen Z,one_and_done,3,1,2026-07-08,2026-07-08
461,Male,Gen X,one_and_done,1,1,2026-05-12,2026-05-12
462,Female,Millennial,occasional,2,6,2025-08-03,2026-04-28
463,Female,Millennial,occasional,1,6,2025-09-25,2026-06-27
464,Male,Millennial,regular,1,22,2025-07-09,2026-06-23
465,Male,Millennial,one_and_done,6,1,2025-10-27,2025-10-27
466,Male,Gen X,one_and_done,4,1,2026-04-20,2026-04-20
467,Male,Millennial,regular,1,22,2025-07-01,2026-07-07
468,Male,Millennial,one_and_done,1,1,2025-07-24,2025-07-24
469,Male,Gen Z,one_and_done,3,1,2025-10-31,2025-10-31
470,Male,Millennial,occasional,3,7,2025-07-25,2026-06-26
471,Male,Millennial,one_and_done,6,1,2025-10-10,2025-10-10
472,Male,Millennial,one_and_done,3,1,2025-08-25,2025-08-25
473,Female,Millennial,regular,1,18,2025-07-05,2026-06-26
474,Female,Millennial,one_and_done,7,1,2025-08-23,2025-08-23
475,Male,Gen X,one_and_done,3,1,2026-05-30,2026-05-30
476,Female,Gen Z,one_and_done,7,1,2026-05-08,2026-05-08
477,Female,Millennial,loyal,5,27,2025-07-11,2026-06-21
478,Male,Millennial,one_and_done,4,1,2026-03-02,2026-03-02
479,Female,Millennial,one_and_done,5,1,2026-05-18,2026-05-18
480,Male,Gen Z,regular,1,15,2025-07-16,2026-07-02
481,Male,Millennial,occasional,1,7,2025-07-04,2026-02-19
482,Male,Gen Z,regular,7,15,2025-08-22,2026-06-25
483,Female,Millennial,one_and_done,2,1,2026-02-14,2026-02-14
484,Male,Millennial,one_and_done,1,1,2025-09-27,2025-09-27
485,Female,Millennial,one_and_done,3,1,2026-04-21,2026-04-21
486,Male,Gen Z,one_and_done,7,1,2026-03-09,2026-03-09
487,Male,Boomer,one_and_done,5,1,2026-05-31,2026-05-31
488,Female,Gen Z,one_and_done,1,1,2025-11-30,2025-11-30
489,Male,Millennial,one_and_done,3,1,2026-01-31,2026-01-31
490,Female,Gen Z,one_and_done,5,1,2025-10-25,2025-10-25
491,Male,Millennial,one_and_done,4,1,2026-05-13,2026-05-13
492,Male,Millennial,regular,4,22,2025-07-28,2026-07-03
493,Male,Gen Z,one_and_done,1,1,2026-03-02,2026-03-02
494,Female,Millennial,one_and_done,5,1,2025-09-21,2025-09-21
495,Female,Gen Z,one_and_done,1,1,2026-02-14,2026-02-14
496,Female,Gen X,loyal,1,23,2025-07-05,2026-06-30
497,Female,Millennial,regular,4,18,2025-07-24,2026-07-07
498,Male,Gen X,one_and_done,2,1,2025-12-21,2025-12-21
499,Male,Gen Z,one_and_done,4,1,2025-12-01,2025-12-01
500,Female,Boomer,one_and_done,1,1,2026-05-27,2026-05-27
501,Female,Gen X,loyal,1,23,2025-07-11,2026-07-05
502,Male,Gen Z,one_and_done,1,1,2025-10-23,2025-10-23
503,Male,Millennial,one_and_done,5,1,2026-06-02,2026-06-02
504,Female,Millennial,loyal,3,27,2025-07-09,2026-07-06
505,Female,Millennial,occasional,6,6,2025-11-04,2026-06-21
506,Male,Gen Z,regular,1,15,2025-07-11,2026-05-08
507,Female,Millennial,one_and_done,1,1,2025-08-28,2025-08-28
508,Male,Millennial,occasional,1,7,2025-09-07,2026-06-20
509,Female,Gen X,regular,3,15,2025-07-11,2026-06-25
510,Female,Gen Z,one_and_done,1,1,2026-04-16,2026-04-16
511,Female,Gen X,one_and_done,1,1,2026-07-08,2026-07-08
512,Male,Millennial,occasional,1,7,2025-07-25,2026-06-11
513,Female,Millennial,regular,1,18,2025-07-11,2026-06-22
514,Male,Millennial,one_and_done,3,1,2026-06-06,2026-06-06
515,Male,Gen Z,occasional,5,5,2025-12-20,2026-03-05
516,Male,Millennial,one_and_done,1,1,2026-06-01,2026-06-01
517,Male,Gen X,one_and_done,1,1,2025-11-19,2025-11-19
518,Female,Millennial,regular,5,18,2025-08-03,2026-07-03
519,Female,Millennial,regular,6,18,2025-07-02,2026-06-01
520,Male,Gen X,occasional,6,6,2025-07-14,2026-07-03
521,Female,Millennial,regular,1,18,2025-07-07,2026-06-24
522,Female,Millennial,regular,1,18,2025-07-05,2026-06-28
523,Male,Gen X,regular,2,17,2025-08-03,2026-07-01
524,Male,Gen Z,regular,1,15,2025-07-11,2026-06-29
525,Male,Boomer,regular,1,12,2025-08-31,2026-05-21
526,Male,Millennial,loyal,1,32,2025-07-15,2026-07-06
527,Female,Gen Z,occasional,3,5,2025-08-24,2026-05-25
528,Male,Gen Z,one_and_done,1,1,2026-05-13,2026-05-13
529,Male,Millennial,one_and_done,2,1,2026-01-08,2026-01-08
530,Female,Millennial,regular,1,18,2025-07-16,2026-06-29
531,Male,Millennial,regular,1,22,2025-07-02,2026-05-31
532,Female,Millennial,one_and_done,3,1,2025-11-22,2025-11-22
533,Male,Gen Z,one_and_done,1,1,2025-11-27,2025-11-27
534,Female,Millennial,regular,1,18,2025-07-14,2026-06-24
535,Male,Millennial,one_and_done,1,1,2026-01-17,2026-01-17
536,Female,Millennial,regular,1,18,2025-07-17,2026-06-01
537,Male,Gen Z,one_and_done,2,1,2025-09-05,2025-09-05
538,Male,Gen Z,regular,3,15,2025-09-21,2026-06-02
539,Male,Millennial,one_and_done,1,1,2025-10-12,2025-10-12
540,Male,Gen X,loyal,1,25,2025-07-03,2026-06-16
541,Female,Millennial,one_and_done,1,1,2026-04-27,2026-04-27
542,Male,Millennial,regular,1,22,2025-07-04,2026-07-07
543,Male,Millennial,occasional,1,7,2025-08-08,2026-06-10
544,Male,Millennial,loyal,1,32,2025-07-04,2026-07-04
545,Male,Boomer,loyal,1,18,2025-07-14,2026-06-27
546,Male,Millennial,occasional,1,7,2025-11-08,2026-05-29
547,Male,Millennial,one_and_done,1,1,2025-09-07,2025-09-07
548,Male,Gen Z,one_and_done,1,1,2025-11-14,2025-11-14
549,Male,Gen X,occasional,9,6,2025-10-31,2026-04-30
550,Male,Gen X,occasional,1,6,2025-09-20,2026-06-26
551,Female,Millennial,one_and_done,1,1,2026-01-03,2026-01-03
552,Female,Gen Z,one_and_done,4,1,2026-04-28,2026-04-28
553,Male,Millennial,one_and_done,4,1,2025-11-15,2025-11-15
554,Female,Millennial,one_and_done,1,1,2026-05-08,2026-05-08
555,Male,Gen Z,occasional,1,5,2025-07-26,2026-01-16
556,Male,Millennial,regular,7,22,2025-07-18,2026-06-04
557,Female,Boomer,one_and_done,2,1,2025-08-16,2025-08-16
558,Female,Millennial,one_and_done,1,1,2025-08-26,2025-08-26
559,Female,Millennial,occasional,6,6,2025-09-22,2026-06-18
560,Male,Gen Z,occasional,1,5,2025-11-07,2026-06-02
561,Male,Millennial,regular,7,22,2025-07-22,2026-07-02
562,Male,Millennial,one_and_done,2,1,2025-12-08,2025-12-08
563,Male,Millennial,one_and_done,1,1,2025-12-30,2025-12-30
564,Male,Millennial,loyal,3,32,2025-07-06,2026-07-06
565,Female,Millennial,one_and_done,1,1,2026-04-18,2026-04-18
566,Male,Gen Z,occasional,3,5,2025-09-21,2026-03-14
567,Female,Millennial,occasional,2,6,2025-08-28,2026-06-03
568,Male,Millennial,loyal,1,32,2025-07-04,2026-07-06
569,Female,Boomer,one_and_done,1,1,2025-12-13,2025-12-13
570,Male,Millennial,one_and_done,1,1,2025-11-02,2025-11-02
571,Female,Boomer,one_and_done,2,1,2026-01-02,2026-01-02
572,Female,Millennial,one_and_done,1,1,2026-07-05,2026-07-05
573,Male,Millennial,one_and_done,4,1,2026-03-09,2026-03-09
574,Female,Millennial,one_and_done,1,1,2026-02-13,2026-02-13
575,Male,Gen Z,one_and_done,1,1,2026-04-19,2026-04-19
576,Male,Gen Z,regular,5,15,2025-08-23,2026-06-24
577,Male,Millennial,occasional,1,7,2025-07-04,2026-05-26
578,Male,Millennial,occasional,1,7,2025-08-13,2026-06-15
579,Male,Millennial,occasional,1,7,2025-07-06,2026-07-01
580,Male,Gen Z,occasional,9,5,2025-08-14,2026-05-09
581,Female,Gen Z,one_and_done,1,1,2025-07-27,2025-07-27
582,Female,Millennial,one_and_done,1,1,2025-10-10,2025-10-10
583,Male,Millennial,regular,1,22,2025-07-05,2026-05-30
584,Male,Gen Z,occasional,2,5,2025-08-01,2026-06-16
585,Male,Millennial,regular,1,22,2025-07-11,2026-07-02
586,Female,Gen Z,one_and_done,2,1,2026-05-27,2026-05-27
587,Female,Millennial,one_and_done,7,1,2025-07-12,2025-07-12
588,Male,Millennial,regular,1,22,2025-07-18,2026-07-02
589,Male,Gen Z,loyal,2,23,2025-07-02,2026-06-13
590,Male,Millennial,one_and_done,1,1,2026-03-06,2026-03-06
591,Male,Millennial,regular,2,22,2025-07-05,2026-07-05
592,Male,Gen X,one_and_done,1,1,2026-03-15,2026-03-15
593,Female,Gen Z,occasional,1,5,2025-10-25,2026-05-01
594,Male,Millennial,one_and_done,1,1,2026-05-30,2026-05-30
595,Male,Millennial,occasional,1,7,2025-07-06,2026-06-03
596,Male,Boomer,regular,1,12,2025-09-09,2026-05-23
597,Male,Gen Z,one_and_done,1,1,2025-11-18,2025-11-18
598,Female,Gen X,regular,3,15,2025-09-21,2026-07-04
599,Female,Gen X,one_and_done,3,1,2026-03-19,2026-03-19
600,Male,Millennial,occasional,1,7,2025-10-03,2026-04-04
601,Female,Boomer,one_and_done,8,1,2026-01-16,2026-01-16
602,Male,Gen X,one_and_done,6,1,2025-08-13,2025-08-13
603,Female,Boomer,regular,2,11,2025-08-29,2026-06-04
604,Male,Millennial,occasional,1,7,2025-08-29,2026-06-06
605,Male,Millennial,one_and_done,1,1,2026-03-14,2026-03-14
606,Female,Millennial,one_and_done,1,1,2026-02-12,2026-02-12
607,Male,Gen Z,regular,1,15,2025-07-02,2026-06-28
608,Male,Millennial,occasional,1,7,2025-07-19,2026-02-08
609,Female,Millennial,one_and_done,1,1,2025-12-09,2025-12-09
610,Male,Millennial,regular,2,22,2025-07-03,2026-05-26
611,Male,Millennial,one_and_done,1,1,2026-04-13,2026-04-13
612,Male,Millennial,occasional,10,7,2025-07-28,2026-02-09
613,Female,Gen X,regular,1,15,2025-07-11,2026-06-16
614,Female,Gen Z,one_and_done,7,1,2026-06-08,2026-06-08
615,Male,Gen X,occasional,1,6,2025-07-08,2026-02-04
616,Male,Millennial,regular,1,22,2025-07-26,2026-06-08
617,Female,Millennial,one_and_done,4,1,2026-06-30,2026-06-30
618,Female,Gen Z,one_and_done,1,1,2026-01-22,2026-01-22
619,Male,Boomer,regular,5,12,2025-07-04,2026-05-16
620,Male,Millennial,occasional,1,7,2025-10-17,2026-06-22
621,Male,Gen Z,occasional,1,5,2025-08-08,2026-06-19
622,Female,Gen Z,regular,1,14,2025-07-15,2026-06-15
623,Male,Millennial,occasional,6,7,2025-07-24,2026-03-21
624,Female,Gen X,occasional,6,5,2025-07-20,2026-07-07
625,Male,Gen X,one_and_done,2,1,2026-07-04,2026-07-04
626,Male,Millennial,one_and_done,1,1,2026-03-10,2026-03-10
627,Female,Gen X,one_and_done,1,1,2026-02-19,2026-02-19
628,Male,Millennial,one_and_done,1,1,2025-10-24,2025-10-24
629,Male,Boomer,occasional,2,4,2025-10-20,2026-03-29
630,Male,Millennial,one_and_done,4,1,2026-03-13,2026-03-13
631,Male,Gen X,one_and_done,1,1,2025-08-12,2025-08-12
632,Male,Millennial,one_and_done,1,1,2025-07-02,2025-07-02
633,Female,Millennial,one_and_done,1,1,2025-12-09,2025-12-09
634,Male,Gen Z,loyal,9,23,2025-07-26,2026-06-30
635,Female,Gen X,one_and_done,1,1,2026-01-16,2026-01-16
636,Male,Millennial,occasional,1,7,2025-07-29,2026-04-28
637,Male,Gen Z,regular,2,15,2025-07-10,2026-06-29
638,Male,Millennial,loyal,2,32,2025-07-21,2026-06-28
639,Male,Millennial,regular,2,22,2025-07-05,2026-07-06
640,Male,Millennial,regular,2,22,2025-07-10,2026-07-03
641,Male,Gen Z,regular,7,15,2025-07-24,2026-06-16
642,Female,Millennial,occasional,2,6,2025-07-14,2026-06-25
643,Female,Millennial,one_and_done,1,1,2025-12-06,2025-12-06
644,Female,Gen Z,one_and_done,6,1,2026-01-31,2026-01-31
645,Male,Gen X,occasional,1,6,2025-08-21,2026-06-14
646,Male,Gen Z,regular,3,15,2025-07-25,2026-07-09
647,Male,Millennial,one_and_done,1,1,2026-02-10,2026-02-10
648,Female,Millennial,one_and_done,1,1,2025-12-03,2025-12-03
649,Male,Gen Z,regular,3,15,2025-07-06,2026-06-08
650,Male,Millennial,regular,1,22,2025-07-04,2026-07-08
651,Female,Gen Z,regular,2,14,2025-07-13,2026-07-06
652,Female,Millennial,loyal,1,27,2025-07-12,2026-06-29
653,Male,Gen Z,occasional,2,5,2025-07-10,2026-06-01
654,Female,Millennial,occasional,1,6,2025-07-06,2026-03-09
655,Female,Millennial,one_and_done,1,1,2025-10-24,2025-10-24
656,Male,Millennial,regular,4,22,2025-07-24,2026-07-04
657,Male,Gen Z,one_and_done,1,1,2026-05-28,2026-05-28
658,Female,Gen Z,one_and_done,1,1,2025-11-20,2025-11-20
659,Male,Millennial,one_and_done,3,1,2025-07-06,2025-07-06
660,Female,Millennial,one_and_done,6,1,2026-01-24,2026-01-24
661,Female,Gen Z,occasional,4,5,2025-08-29,2026-05-23
662,Male,Boomer,occasional,5,4,2025-09-03,2026-05-05
663,Female,Millennial,loyal,3,27,2025-07-04,2026-06-25
664,Female,Millennial,one_and_done,4,1,2026-03-02,2026-03-02
665,Male,Gen X,regular,3,17,2025-07-14,2026-07-02
666,Male,Gen Z,one_and_done,6,1,2026-03-31,2026-03-31
667,Male,Millennial,one_and_done,1,1,2026-07-08,2026-07-08
668,Female,Boomer,occasional,1,4,2025-07-10,2026-04-18
669,Male,Gen X,occasional,1,6,2025-09-01,2026-03-22
670,Male,Gen Z,one_and_done,2,1,2025-11-10,2025-11-10
671,Male,Gen X,regular,1,17,2025-07-17,2026-07-04
672,Female,Gen X,loyal,1,23,2025-08-04,2026-06-16
673,Male,Gen Z,one_and_done,1,1,2025-08-01,2025-08-01
674,Female,Millennial,occasional,1,6,2025-07-26,2026-04-10
675,Male,Gen Z,occasional,4,5,2025-07-30,2026-05-25
676,Male,Millennial,occasional,1,7,2025-07-24,2026-06-25
677,Male,Gen Z,one_and_done,3,1,2025-10-23,2025-10-23
678,Female,Millennial,one_and_done,1,1,2026-05-11,2026-05-11
679,Male,Millennial,one_and_done,1,1,2026-02-05,2026-02-05
680,Male,Millennial,one_and_done,5,1,2025-08-25,2025-08-25
681,Male,Gen X,loyal,1,25,2025-08-23,2026-06-26
682,Male,Millennial,occasional,1,7,2025-09-14,2026-05-30
683,Male,Gen X,loyal,1,25,2025-07-18,2026-06-23
684,Female,Millennial,one_and_done,1,1,2025-12-12,2025-12-12
685,Male,Millennial,one_and_done,1,1,2026-06-02,2026-06-02
686,Male,Millennial,occasional,2,7,2025-07-25,2026-06-12
687,Male,Gen Z,one_and_done,2,1,2026-04-02,2026-04-02
688,Female,Gen X,regular,1,15,2025-07-21,2026-05-19
689,Female,Millennial,one_and_done,3,1,2025-09-07,2025-09-07
690,Male,Gen X,occasional,5,6,2025-09-27,2026-04-29
691,Male,Millennial,regular,1,22,2025-07-10,2026-06-15
692,Male,Millennial,one_and_done,1,1,2026-02-09,2026-02-09
693,Male,Gen X,loyal,1,25,2025-07-03,2026-06-25
694,Male,Millennial,one_and_done,3,1,2026-05-19,2026-05-19
695,Male,Boomer,one_and_done,4,1,2026-01-07,2026-01-07
696,Male,Gen Z,regular,2,15,2025-07-22,2026-06-11
697,Male,Gen Z,occasional,1,5,2025-07-04,2026-03-27
698,Female,Gen X,one_and_done,1,1,2026-04-03,2026-04-03
699,Male,Millennial,one_and_done,1,1,2026-01-30,2026-01-30
700,Female,Gen Z,occasional,4,5,2025-08-06,2026-03-16
701,Male,Gen X,one_and_done,1,1,2025-12-13,2025-12-13
702,Male,Gen Z,occasional,1,5,2025-09-21,2026-03-08
703,Male,Gen X,occasional,3,6,2025-07-23,2026-05-16
704,Male,Boomer,regular,1,12,2025-09-07,2026-04-27
705,Male,Millennial,regular,2,22,2025-07-05,2026-06-26
706,Female,Millennial,occasional,1,6,2025-08-17,2026-04-03
707,Female,Gen X,occasional,1,5,2025-10-17,2026-06-10
708,Male,Gen X,regular,1,17,2025-08-24,2026-06-23
709,Male,Gen Z,one_and_done,1,1,2025-08-07,2025-08-07
710,Female,Gen Z,one_and_done,9,1,2025-11-02,2025-11-02
711,Male,Millennial,one_and_done,1,1,2025-12-19,2025-12-19
712,Male,Millennial,one_and_done,2,1,2025-08-12,2025-08-12
713,Male,Gen X,occasional,1,6,2025-09-08,2026-06-28
714,Male,Millennial,regular,4,22,2025-07-22,2026-07-04
715,Male,Boomer,regular,4,12,2025-07-17,2026-06-26
716,Male,Millennial,one_and_done,3,1,2026-03-20,2026-03-20
717,Male,Millennial,regular,4,22,2025-07-25,2026-06-12
718,Male,Millennial,regular,1,22,2025-07-14,2026-06-24
719,Female,Boomer,regular,3,11,2025-07-08,2026-07-03
720,Male,Gen Z,regular,1,15,2025-08-10,2026-07-08
721,Female,Gen Z,one_and_done,7,1,2026-05-02,2026-05-02
722,Male,Gen Z,occasional,9,5,2025-08-09,2026-05-03
723,Male,Gen X,one_and_done,1,1,2026-01-25,2026-01-25
724,Male,Gen Z,occasional,1,5,2025-08-11,2026-05-24
725,Male,Millennial,occasional,1,7,2025-08-17,2026-03-23
726,Female,Millennial,occasional,2,6,2025-07-22,2026-06-30
727,Male,Millennial,regular,5,22,2025-07-09,2026-07-04
728,Male,Millennial,occasional,5,7,2025-07-23,2026-04-17
729,Female,Millennial,occasional,1,6,2025-09-22,2026-02-28
730,Male,Gen X,one_and_done,1,1,2026-04-18,2026-04-18
731,Male,Millennial,regular,1,22,2025-07-26,2026-06-01
732,Male,Gen Z,one_and_done,1,1,2026-06-18,2026-06-18
733,Male,Gen Z,loyal,1,23,2025-07-04,2026-07-08
734,Female,Gen X,loyal,1,23,2025-07-04,2026-06-28
735,Male,Gen X,one_and_done,2,1,2026-02-27,2026-02-27
736,Male,Gen Z,one_and_done,8,1,2026-03-05,2026-03-05
737,Male,Gen Z,regular,7,15,2025-08-16,2026-07-02
738,Male,Millennial,occasional,1,7,2025-07-23,2026-05-18
739,Female,Millennial,one_and_done,1,1,2025-09-26,2025-09-26
740,Male,Gen Z,occasional,2,5,2025-07-01,2026-06-16
741,Female,Gen Z,regular,1,14,2025-08-04,2026-06-30
742,Male,Gen Z,occasional,1,5,2025-08-05,2026-07-08
743,Male,Millennial,one_and_done,5,1,2025-12-11,2025-12-11
744,Female,Millennial,one_and_done,4,1,2026-03-24,2026-03-24
745,Male,Millennial,one_and_done,1,1,2025-11-19,2025-11-19
746,Male,Millennial,one_and_done,1,1,2026-06-17,2026-06-17
747,Male,Boomer,one_and_done,6,1,2026-04-10,2026-04-10
748,Male,Millennial,occasional,6,7,2025-07-24,2026-03-14
749,Male,Millennial,one_and_done,2,1,2026-02-10,2026-02-10
750,Male,Gen Z,regular,1,15,2025-08-25,2026-06-17
751,Female,Boomer,one_and_done,2,1,2025-12-11,2025-12-11
752,Female,Gen X,one_and_done,1,1,2025-07-17,2025-07-17
753,Male,Millennial,occasional,1,7,2025-08-13,2026-06-12
754,Male,Millennial,occasional,1,7,2025-07-05,2026-06-26
755,Female,Gen Z,one_and_done,7,1,2026-03-26,2026-03-26
756,Male,Millennial,one_and_done,1,1,2026-02-24,2026-02-24
757,Female,Millennial,occasional,6,6,2025-07-09,2026-01-03
758,Male,Gen Z,regular,2,15,2025-07-04,2026-06-22
759,Female,Gen Z,one_and_done,1,1,2026-01-04,2026-01-04
760,Female,Gen Z,regular,4,14,2025-07-08,2026-06-15
761,Male,Boomer,occasional,1,4,2025-08-25,2025-12-05
762,Female,Gen X,loyal,3,23,2025-07-16,2026-07-09
763,Female,Millennial,one_and_done,5,1,2026-01-13,2026-01-13
764,Male,Gen X,one_and_done,1,1,2026-06-08,2026-06-08
765,Male,Boomer,one_and_done,2,1,2026-06-29,2026-06-29
766,Male,Millennial,one_and_done,1,1,2026-02-07,2026-02-07
767,Male,Millennial,one_and_done,2,1,2025-07-10,2025-07-10
768,Male,Gen Z,one_and_done,1,1,2026-05-02,2026-05-02
769,Male,Gen Z,regular,1,15,2025-07-08,2026-06-25
770,Male,Millennial,one_and_done,7,1,2025-09-28,2025-09-28
771,Male,Millennial,one_and_done,1,1,2026-03-19,2026-03-19
772,Male,Millennial,one_and_done,1,1,2026-06-29,2026-06-29
773,Male,Gen X,regular,5,17,2025-08-18,2026-05-02
774,Male,Boomer,occasional,1,4,2026-02-02,2026-07-07
775,Male,Gen X,occasional,3,6,2025-07-03,2026-05-15
776,Female,Gen Z,one_and_done,4,1,2026-03-20,2026-03-20
777,Male,Millennial,one_and_done,3,1,2026-06-19,2026-06-19
778,Male,Gen Z,one_and_done,1,1,2025-08-22,2025-08-22
779,Male,Millennial,one_and_done,1,1,2026-05-08,2026-05-08
780,Male,Gen Z,one_and_done,2,1,2026-06-22,2026-06-22
781,Male,Millennial,loyal,2,32,2025-07-03,2026-06-16
782,Male,Millennial,regular,1,22,2025-07-15,2026-06-04
783,Female,Millennial,one_and_done,6,1,2025-10-05,2025-10-05
784,Female,Boomer,regular,2,11,2025-07-13,2026-04-11
785,Female,Millennial,regular,1,18,2025-07-02,2026-06-08
786,Male,Boomer,one_and_done,1,1,2026-06-10,2026-06-10
787,Female,Millennial,occasional,3,6,2025-07-16,2026-03-29
788,Male,Gen Z,one_and_done,3,1,2025-08-23,2025-08-23
789,Female,Millennial,occasional,1,6,2025-08-11,2026-05-31
790,Male,Gen Z,regular,1,15,2025-07-25,2026-04-01
791,Male,Gen Z,loyal,1,23,2025-07-13,2026-07-09
792,Female,Gen Z,occasional,1,5,2025-09-10,2026-05-05
793,Male,Gen Z,regular,1,15,2025-07-09,2026-06-24
794,Male,Gen X,one_and_done,2,1,2026-03-25,2026-03-25
795,Male,Boomer,regular,1,12,2025-07-05,2026-06-23
796,Male,Gen Z,one_and_done,4,1,2026-04-17,2026-04-17
797,Male,Boomer,one_and_done,4,1,2025-09-08,2025-09-08
798,Male,Millennial,one_and_done,5,1,2025-11-12,2025-11-12
799,Male,Millennial,one_and_done,2,1,2025-12-07,2025-12-07
800,Female,Gen X,regular,1,15,2025-07-17,2026-07-05
801,Male,Millennial,loyal,1,32,2025-07-20,2026-06-25
802,Male,Millennial,regular,1,22,2025-07-23,2026-06-26
803,Male,Boomer,regular,3,12,2025-08-14,2026-05-09
804,Male,Gen X,one_and_done,1,1,2026-03-26,2026-03-26
805,Male,Gen X,regular,1,17,2025-08-07,2026-06-16
806,Male,Millennial,occasional,2,7,2025-12-24,2026-06-14
807,Male,Millennial,occasional,1,7,2025-07-21,2026-06-25
808,Female,Millennial,occasional,9,6,2025-07-02,2026-03-25
809,Female,Gen X,occasional,2,5,2025-07-03,2026-04-15
810,Male,Gen X,one_and_done,1,1,2026-03-20,2026-03-20
811,Male,Millennial,regular,1,22,2025-07-17,2026-06-27
812,Male,Millennial,one_and_done,1,1,2025-07-16,2025-07-16
813,Male,Millennial,one_and_done,2,1,2026-02-06,2026-02-06
814,Male,Millennial,one_and_done,2,1,2025-10-04,2025-10-04
815,Male,Gen Z,one_and_done,3,1,2025-12-30,2025-12-30
816,Male,Gen Z,one_and_done,2,1,2026-02-04,2026-02-04
817,Female,Gen Z,one_and_done,1,1,2025-07-31,2025-07-31
818,Male,Millennial,loyal,5,32,2025-07-07,2026-06-18
819,Male,Millennial,occasional,1,7,2025-07-11,2026-06-14
820,Female,Millennial,regular,1,18,2025-07-28,2026-07-04
821,Female,Millennial,occasional,1,6,2025-07-25,2026-06-10
822,Male,Gen X,one_and_done,1,1,2026-03-07,2026-03-07
823,Male,Millennial,one_and_done,5,1,2026-04-11,2026-04-11
824,Male,Millennial,regular,4,22,2025-07-14,2026-07-02
825,Male,Millennial,loyal,3,32,2025-07-18,2026-07-04
826,Female,Millennial,occasional,3,6,2025-07-20,2026-06-30
827,Male,Gen X,regular,5,17,2025-07-01,2026-06-25
828,Male,Millennial,one_and_done,1,1,2025-12-19,2025-12-19
829,Male,Gen Z,one_and_done,1,1,2026-01-18,2026-01-18
830,Female,Millennial,one_and_done,1,1,2025-07-28,2025-07-28
831,Male,Millennial,loyal,4,32,2025-07-04,2026-06-26
832,Male,Boomer,one_and_done,1,1,2025-11-29,2025-11-29
833,Female,Gen Z,occasional,1,5,2025-07-22,2026-02-28
834,Male,Millennial,one_and_done,3,1,2025-07-05,2025-07-05
835,Male,Gen Z,one_and_done,3,1,2025-12-20,2025-12-20
836,Male,Millennial,one_and_done,5,1,2026-02-14,2026-02-14
837,Male,Gen X,one_and_done,3,1,2025-12-25,2025-12-25
838,Male,Millennial,occasional,2,7,2025-07-23,2026-04-08
839,Female,Millennial,one_and_done,2,1,2026-04-20,2026-04-20
840,Male,Gen X,occasional,1,6,2025-08-17,2026-05-06
841,Female,Millennial,one_and_done,2,1,2025-08-02,2025-08-02
842,Female,Gen X,one_and_done,1,1,2025-11-14,2025-11-14
843,Male,Gen X,loyal,7,25,2025-07-04,2026-07-06
844,Male,Gen Z,regular,1,15,2025-07-29,2026-07-04
845,Male,Boomer,one_and_done,3,1,2025-08-15,2025-08-15
846,Male,Gen Z,loyal,9,23,2025-07-19,2026-06-17
847,Male,Gen Z,occasional,2,5,2025-08-06,2026-03-05
848,Male,Boomer,one_and_done,2,1,2026-07-01,2026-07-01
849,Female,Millennial,occasional,5,6,2025-07-31,2026-04-26
850,Male,Gen X,one_and_done,1,1,2026-01-10,2026-01-10
851,Female,Millennial,occasional,1,6,2025-07-11,2026-05-13
852,Male,Gen X,one_and_done,1,1,2025-10-11,2025-10-11
853,Male,Gen Z,regular,5,15,2025-07-28,2026-06-28
854,Male,Millennial,occasional,5,7,2025-11-26,2026-07-02
855,Female,Gen Z,occasional,4,5,2025-11-19,2026-05-29
856,Male,Gen X,regular,1,17,2025-07-06,2026-06-06
857,Female,Millennial,one_and_done,1,1,2026-03-28,2026-03-28
858,Male,Gen Z,regular,1,15,2025-07-14,2026-06-19
859,Female,Millennial,regular,7,18,2025-07-23,2026-05-30
860,Male,Millennial,one_and_done,1,1,2026-05-12,2026-05-12
861,Male,Millennial,one_and_done,1,1,2025-10-10,2025-10-10
862,Female,Boomer,regular,1,11,2025-07-12,2026-07-03
863,Male,Gen Z,occasional,4,5,2025-11-22,2026-07-01
864,Female,Gen X,one_and_done,1,1,2026-01-27,2026-01-27
865,Male,Boomer,regular,5,12,2025-07-04,2026-07-07
866,Female,Millennial,one_and_done,1,1,2026-03-14,2026-03-14
867,Male,Gen X,regular,4,17,2025-07-13,2026-06-30
868,Female,Millennial,one_and_done,4,1,2026-01-14,2026-01-14
869,Female,Millennial,one_and_done,2,1,2026-07-05,2026-07-05
870,Female,Millennial,one_and_done,4,1,2026-02-19,2026-02-19
871,Female,Gen Z,one_and_done,4,1,2026-04-20,2026-04-20
872,Male,Millennial,one_and_done,1,1,2025-10-01,2025-10-01
873,Female,Millennial,occasional,1,6,2025-10-14,2026-04-30
874,Female,Gen X,occasional,1,5,2025-07-15,2026-05-15
875,Male,Gen X,regular,3,17,2025-07-06,2026-06-26
876,Female,Gen Z,occasional,2,5,2025-07-17,2026-01-02
877,Male,Gen Z,regular,1,15,2025-08-02,2026-07-04
878,Female,Millennial,one_and_done,1,1,2026-06-01,2026-06-01
879,Male,Millennial,regular,1,22,2025-07-09,2026-07-07
880,Male,Gen Z,occasional,1,5,2025-10-01,2026-07-03
881,Male,Gen Z,loyal,1,23,2025-08-06,2026-06-09
882,Male,Millennial,occasional,2,7,2025-07-30,2026-07-01
883,Male,Gen X,one_and_done,3,1,2025-11-10,2025-11-10
884,Male,Millennial,one_and_done,1,1,2026-06-08,2026-06-08
885,Male,Millennial,occasional,3,7,2025-09-03,2026-06-21
886,Female,Gen X,occasional,4,5,2025-10-22,2026-06-13
887,Male,Gen Z,regular,2,15,2025-08-23,2026-06-14
888,Male,Millennial,one_and_done,1,1,2025-09-25,2025-09-25
889,Male,Gen Z,occasional,7,5,2025-10-24,2026-07-03
890,Male,Gen Z,occasional,1,5,2025-07-05,2026-04-27
891,Male,Millennial,one_and_done,10,1,2025-08-03,2025-08-03
892,Male,Boomer,one_and_done,1,1,2026-05-05,2026-05-05
893,Male,Millennial,loyal,1,32,2025-07-04,2026-07-03
894,Female,Gen X,one_and_done,1,1,2025-11-25,2025-11-25
895,Male,Gen Z,regular,1,15,2025-08-16,2026-05-11
896,Male,Gen Z,regular,1,15,2025-07-01,2026-07-02
897,Male,Millennial,one_and_done,1,1,2026-03-27,2026-03-27
898,Male,Millennial,one_and_done,1,1,2026-04-29,2026-04-29
899,Male,Millennial,occasional,1,7,2025-07-29,2026-06-17
900,Female,Gen Z,one_and_done,1,1,2025-08-21,2025-08-21
901,Male,Millennial,occasional,1,7,2025-09-25,2026-06-22
902,Female,Millennial,occasional,1,6,2025-07-24,2026-05-17
903,Male,Gen Z,one_and_done,2,1,2025-11-25,2025-11-25
904,Female,Millennial,occasional,1,6,2025-08-08,2026-04-29
905,Male,Gen Z,occasional,1,5,2025-08-20,2026-04-11
906,Male,Millennial,one_and_done,2,1,2026-01-17,2026-01-17
907,Male,Millennial,one_and_done,10,1,2025-07-09,2025-07-09
908,Female,Millennial,one_and_done,1,1,2026-02-04,2026-02-04
909,Male,Millennial,occasional,2,7,2025-08-23,2026-03-31
910,Male,Millennial,loyal,3,32,2025-07-05,2026-07-08
911,Male,Millennial,one_and_done,2,1,2026-04-12,2026-04-12
912,Female,Gen Z,occasional,3,5,2025-11-29,2026-01-24
913,Male,Gen Z,one_and_done,1,1,2026-03-07,2026-03-07
914,Male,Millennial,regular,1,22,2025-07-25,2026-06-25
915,Male,Millennial,one_and_done,10,1,2026-01-18,2026-01-18
916,Female,Millennial,one_and_done,1,1,2025-10-16,2025-10-16
917,Male,Gen Z,one_and_done,1,1,2026-05-08,2026-05-08
918,Male,Gen Z,one_and_done,1,1,2026-01-05,2026-01-05
919,Male,Gen Z,occasional,1,5,2025-11-26,2026-06-25
920,Male,Gen X,one_and_done,1,1,2025-07-31,2025-07-31
921,Male,Millennial,one_and_done,4,1,2025-10-25,2025-10-25
922,Female,Millennial,loyal,1,27,2025-07-22,2026-06-22
923,Female,Millennial,one_and_done,1,1,2025-09-05,2025-09-05
924,Male,Boomer,regular,1,12,2025-08-07,2026-07-06
925,Female,Millennial,one_and_done,7,1,2025-10-09,2025-10-09
926,Male,Gen Z,regular,1,15,2025-07-14,2026-06-15
927,Female,Millennial,regular,4,18,2025-08-02,2026-07-05
928,Female,Gen X,one_and_done,2,1,2026-03-12,2026-03-12
929,Male,Millennial,one_and_done,1,1,2026-02-07,2026-02-07
930,Male,Millennial,one_and_done,1,1,2025-12-28,2025-12-28
931,Female,Boomer,one_and_done,1,1,2025-11-22,2025-11-22
932,Female,Gen X,regular,1,15,2025-07-10,2026-05-30
933,Male,Millennial,one_and_done,3,1,2025-11-11,2025-11-11
934,Male,Gen Z,loyal,1,23,2025-07-03,2026-06-02
935,Male,Gen Z,regular,1,15,2025-07-02,2026-06-28
936,Male,Millennial,loyal,4,32,2025-07-05,2026-07-09
937,Female,Gen X,one_and_done,1,1,2026-04-21,2026-04-21
938,Male,Millennial,regular,2,22,2025-07-11,2026-06-28
939,Male,Millennial,regular,1,22,2025-07-06,2026-05-29
940,Male,Millennial,occasional,5,7,2025-07-17,2026-07-04
941,Male,Millennial,one_and_done,1,1,2025-12-19,2025-12-19
942,Female,Millennial,one_and_done,3,1,2026-04-24,2026-04-24
943,Male,Millennial,occasional,1,7,2025-07-25,2026-05-26
944,Female,Millennial,one_and_done,1,1,2025-08-13,2025-08-13
945,Male,Gen Z,regular,1,15,2025-07-23,2026-06-15
946,Male,Gen X,regular,2,17,2025-08-10,2026-07-01
947,Male,Gen X,one_and_done,1,1,2025-11-24,2025-11-24
948,Male,Millennial,regular,5,22,2025-07-28,2026-07-01
949,Female,Gen Z,one_and_done,2,1,2026-07-03,2026-07-03
950,Female,Gen X,one_and_done,2,1,2026-04-22,2026-04-22
951,Female,Gen Z,one_and_done,1,1,2026-05-29,2026-05-29
952,Male,Millennial,one_and_done,2,1,2025-11-28,2025-11-28
953,Male,Gen Z,one_and_done,1,1,2025-07-26,2025-07-26
954,Male,Gen X,occasional,1,6,2025-08-30,2026-07-03
955,Male,Gen Z,occasional,5,5,2025-09-08,2026-04-29
956,Male,Millennial,loyal,1,32,2025-07-23,2026-07-02
957,Female,Millennial,occasional,8,6,2025-08-31,2026-05-26
958,Male,Millennial,occasional,1,7,2025-07-02,2026-07-03
959,Male,Millennial,regular,1,22,2025-07-10,2026-07-09
960,Male,Millennial,occasional,1,7,2025-07-08,2026-06-01
961,Female,Millennial,loyal,1,27,2025-07-18,2026-07-01
962,Male,Gen Z,one_and_done,2,1,2026-05-30,2026-05-30
963,Male,Gen Z,one_and_done,3,1,2025-11-28,2025-11-28
964,Male,Millennial,regular,1,22,2025-07-04,2026-06-30
965,Male,Boomer,one_and_done,10,1,2025-11-01,2025-11-01
966,Male,Boomer,regular,5,12,2025-07-29,2026-07-05
967,Male,Millennial,occasional,1,7,2025-07-11,2026-06-22
968,Male,Gen Z,occasional,1,5,2025-11-15,2026-06-12
969,Male,Millennial,one_and_done,2,1,2026-01-18,2026-01-18
970,Male,Gen X,occasional,3,6,2025-07-16,2026-06-02
971,Male,Millennial,occasional,1,7,2025-07-18,2026-06-21
972,Male,Millennial,one_and_done,4,1,2026-03-21,2026-03-21
973,Female,Millennial,occasional,1,6,2025-08-11,2026-05-28
974,Male,Millennial,one_and_done,1,1,2025-10-27,2025-10-27
975,Female,Millennial,one_and_done,8,1,2026-01-21,2026-01-21
976,Female,Gen Z,one_and_done,1,1,2026-05-11,2026-05-11
977,Male,Gen X,regular,5,17,2025-07-24,2026-07-02
978,Male,Boomer,one_and_done,1,1,2026-03-19,2026-03-19
979,Male,Gen Z,occasional,1,5,2025-07-29,2026-01-07
980,Male,Millennial,occasional,1,7,2025-08-31,2026-04-18
981,Female,Gen Z,regular,1,14,2025-07-03,2026-05-19
982,Male,Gen X,occasional,4,6,2025-09-09,2026-06-28
983,Male,Millennial,occasional,4,7,2025-10-01,2026-07-07
984,Male,Gen Z,regular,1,15,2025-07-31,2026-07-04
985,Male,Gen Z,one_and_done,1,1,2026-06-03,2026-06-03
986,Female,Millennial,loyal,1,27,2025-07-03,2026-05-20
987,Male,Millennial,occasional,1,7,2025-07-17,2026-06-15
988,Male,Gen Z,one_and_done,6,1,2025-07-13,2025-07-13
989,Male,Gen Z,occasional,4,5,2025-09-02,2026-02-26
990,Male,Millennial,one_and_done,1,1,2026-04-11,2026-04-11
991,Male,Gen Z,one_and_done,2,1,2026-02-03,2026-02-03
992,Male,Gen X,occasional,1,6,2025-09-19,2026-07-08
993,Male,Boomer,one_and_done,1,1,2026-06-30,2026-06-30
994,Female,Gen Z,one_and_done,1,1,2025-10-02,2025-10-02
995,Male,Boomer,one_and_done,1,1,2026-01-26,2026-01-26
996,Male,Millennial,one_and_done,1,1,2026-02-09,2026-02-09
997,Male,Millennial,one_and_done,1,1,2025-11-23,2025-11-23
998,Male,Millennial,regular,1,22,2025-07-07,2026-05-23
999,Male,Gen X,one_and_done,7,1,2025-11-29,2025-11-29
1000,Male,Boomer,occasional,9,4,2025-08-15,2025-11-06
1001,Male,Millennial,one_and_done,2,1,2026-06-27,2026-06-27
1002,Male,Gen X,one_and_done,3,1,2026-06-25,2026-06-25
1003,Female,Millennial,regular,8,18,2025-07-11,2026-06-08
1004,Male,Gen Z,one_and_done,1,1,2026-02-13,2026-02-13
1005,Female,Gen X,loyal,2,23,2025-09-04,2026-06-25
1006,Female,Millennial,loyal,1,27,2025-07-06,2026-07-08
1007,Male,Millennial,loyal,1,32,2025-07-11,2026-07-03
1008,Female,Millennial,occasional,5,6,2025-12-09,2026-05-26
1009,Male,Gen Z,loyal,2,23,2025-07-06,2026-06-27
1010,Female,Gen X,one_and_done,1,1,2025-10-15,2025-10-15
1011,Male,Millennial,occasional,6,7,2025-11-06,2026-07-08
1012,Female,Gen X,one_and_done,2,1,2025-11-11,2025-11-11
1013,Male,Millennial,occasional,4,7,2025-08-14,2026-05-30
1014,Male,Millennial,one_and_done,1,1,2025-12-27,2025-12-27
1015,Female,Gen Z,one_and_done,1,1,2025-11-14,2025-11-14
1016,Male,Millennial,one_and_done,1,1,2026-05-13,2026-05-13
1017,Female,Millennial,loyal,6,27,2025-07-02,2026-07-07
1018,Female,Millennial,one_and_done,2,1,2026-02-26,2026-02-26
1019,Female,Millennial,regular,1,18,2025-07-21,2026-07-09
1020,Male,Millennial,occasional,2,7,2025-12-05,2026-07-07
1021,Female,Gen Z,one_and_done,5,1,2025-12-15,2025-12-15
1022,Female,Millennial,one_and_done,6,1,2025-08-03,2025-08-03
1023,Male,Gen X,regular,4,17,2025-08-17,2026-06-17
1024,Female,Gen X,one_and_done,2,1,2026-01-30,2026-01-30
1025,Female,Millennial,one_and_done,4,1,2025-08-08,2025-08-08
1026,Male,Gen Z,regular,5,15,2025-07-12,2026-07-06
1027,Male,Millennial,one_and_done,1,1,2026-03-20,2026-03-20
1028,Male,Gen X,loyal,3,25,2025-07-11,2026-07-07
1029,Male,Millennial,one_and_done,3,1,2026-03-10,2026-03-10
1030,Female,Gen Z,occasional,5,5,2025-07-12,2026-07-05
1031,Male,Gen Z,occasional,2,5,2025-10-09,2026-06-22
1032,Female,Gen X,regular,1,15,2025-07-26,2026-05-28
1033,Male,Millennial,one_and_done,1,1,2026-05-08,2026-05-08
1034,Male,Gen Z,occasional,2,5,2025-08-10,2026-04-10
1035,Male,Millennial,regular,1,22,2025-07-15,2026-07-02
1036,Male,Millennial,one_and_done,1,1,2026-03-04,2026-03-04
1037,Male,Boomer,occasional,2,4,2025-07-08,2025-10-13
1038,Female,Gen Z,occasional,5,5,2025-10-08,2026-05-23
1039,Male,Millennial,one_and_done,1,1,2025-12-23,2025-12-23
1040,Female,Gen Z,one_and_done,1,1,2025-08-30,2025-08-30
1041,Male,Boomer,loyal,1,18,2025-07-07,2026-05-22
1042,Male,Gen Z,one_and_done,4,1,2026-02-24,2026-02-24
1043,Male,Millennial,one_and_done,1,1,2026-01-01,2026-01-01
1044,Male,Millennial,one_and_done,3,1,2026-04-04,2026-04-04
1045,Male,Millennial,regular,1,22,2025-07-27,2026-06-11
1046,Male,Millennial,occasional,3,7,2025-08-08,2026-05-04
1047,Female,Gen Z,occasional,1,5,2026-01-30,2026-05-25
1048,Female,Gen Z,regular,1,14,2025-08-02,2026-06-20
1049,Female,Gen X,occasional,4,5,2025-10-11,2026-04-11
1050,Male,Gen X,one_and_done,2,1,2025-10-18,2025-10-18
1051,Male,Gen X,one_and_done,9,1,2025-12-20,2025-12-20
1052,Male,Millennial,occasional,1,7,2025-09-13,2026-06-09
1053,Female,Boomer,one_and_done,1,1,2026-04-10,2026-04-10
1054,Male,Gen X,one_and_done,7,1,2026-06-06,2026-06-06
1055,Male,Millennial,one_and_done,3,1,2025-10-25,2025-10-25
1056,Male,Gen Z,one_and_done,1,1,2025-12-26,2025-12-26
1057,Male,Gen Z,regular,3,15,2025-07-06,2026-06-23
1058,Female,Gen X,one_and_done,3,1,2026-04-19,2026-04-19
1059,Female,Boomer,one_and_done,3,1,2026-02-06,2026-02-06
1060,Male,Gen Z,loyal,1,23,2025-07-01,2026-07-08
1061,Male,Millennial,one_and_done,1,1,2025-09-24,2025-09-24
1062,Female,Gen X,regular,1,15,2025-08-21,2026-06-22
1063,Female,Millennial,one_and_done,1,1,2026-02-03,2026-02-03
1064,Male,Boomer,regular,2,12,2025-10-17,2026-06-28
1065,Male,Gen Z,loyal,2,23,2025-07-01,2026-06-18
1066,Male,Gen Z,one_and_done,1,1,2026-05-17,2026-05-17
1067,Female,Millennial,loyal,4,27,2025-07-11,2026-06-08
1068,Male,Gen Z,one_and_done,3,1,2026-01-23,2026-01-23
1069,Female,Gen X,one_and_done,1,1,2025-11-21,2025-11-21
1070,Male,Gen X,occasional,5,6,2025-07-26,2026-06-26
1071,Male,Millennial,occasional,4,7,2025-08-27,2026-04-20
1072,Male,Millennial,one_and_done,1,1,2026-02-18,2026-02-18
1073,Male,Millennial,one_and_done,2,1,2026-03-27,2026-03-27
1074,Male,Gen Z,occasional,3,5,2025-09-24,2026-06-23
1075,Male,Millennial,one_and_done,1,1,2025-10-11,2025-10-11
1076,Female,Gen Z,regular,1,14,2025-07-28,2026-06-26
1077,Female,Millennial,regular,1,18,2025-07-05,2026-04-08
1078,Female,Boomer,occasional,1,4,2025-10-16,2026-07-09
1079,Male,Boomer,regular,1,12,2025-07-19,2026-07-01
1080,Female,Gen Z,one_and_done,1,1,2026-03-22,2026-03-22
1081,Male,Millennial,regular,4,22,2025-07-11,2026-07-09
1082,Male,Gen Z,regular,2,15,2025-08-09,2026-07-04
1083,Male,Millennial,regular,2,22,2025-07-03,2026-07-05
1084,Male,Gen X,loyal,2,25,2025-07-10,2026-06-06
1085,Male,Gen X,occasional,3,6,2025-11-03,2026-02-05
1086,Female,Millennial,occasional,1,6,2025-08-11,2026-04-07
1087,Female,Millennial,one_and_done,1,1,2026-07-03,2026-07-03
1088,Female,Gen Z,one_and_done,1,1,2026-03-27,2026-03-27
1089,Male,Millennial,occasional,1,7,2025-07-09,2026-03-05
1090,Male,Boomer,occasional,3,4,2025-10-15,2026-05-08
1091,Female,Millennial,one_and_done,3,1,2025-12-26,2025-12-26
1092,Female,Millennial,one_and_done,1,1,2026-06-20,2026-06-20
1093,Male,Millennial,regular,4,22,2025-07-31,2026-07-09
1094,Female,Gen X,occasional,1,5,2025-10-10,2026-06-19
1095,Female,Gen Z,regular,1,14,2025-07-08,2026-06-27
1096,Female,Gen Z,one_and_done,1,1,2026-04-01,2026-04-01
1097,Male,Gen Z,occasional,1,5,2025-07-03,2025-12-22
1098,Male,Millennial,one_and_done,10,1,2025-12-19,2025-12-19
1099,Female,Gen X,one_and_done,6,1,2025-08-06,2025-08-06
1100,Male,Gen X,regular,1,17,2025-07-23,2026-06-26
1101,Female,Millennial,one_and_done,7,1,2026-04-12,2026-04-12
1102,Male,Millennial,one_and_done,1,1,2025-07-13,2025-07-13
1103,Male,Gen Z,one_and_done,6,1,2026-03-27,2026-03-27
1104,Female,Boomer,regular,1,11,2025-07-10,2026-04-24
1105,Male,Gen Z,one_and_done,1,1,2026-01-16,2026-01-16
1106,Female,Millennial,one_and_done,1,1,2026-04-11,2026-04-11
1107,Female,Millennial,one_and_done,1,1,2025-10-24,2025-10-24
1108,Male,Millennial,regular,1,22,2025-08-05,2026-06-28
1109,Female,Gen X,regular,1,15,2025-07-14,2026-06-05
1110,Male,Gen Z,one_and_done,1,1,2025-08-22,2025-08-22
1111,Male,Boomer,one_and_done,5,1,2026-02-05,2026-02-05
1112,Male,Millennial,one_and_done,4,1,2025-07-26,2025-07-26
1113,Male,Gen Z,one_and_done,1,1,2025-09-05,2025-09-05
1114,Male,Gen Z,loyal,2,23,2025-07-04,2026-06-26
1115,Male,Millennial,one_and_done,1,1,2026-05-21,2026-05-21
1116,Female,Gen X,one_and_done,1,1,2026-05-23,2026-05-23
1117,Male,Gen X,occasional,1,6,2025-10-13,2026-06-26
1118,Male,Boomer,one_and_done,1,1,2025-08-18,2025-08-18
1119,Male,Millennial,one_and_done,4,1,2025-11-17,2025-11-17
1120,Male,Gen X,regular,1,17,2025-08-01,2026-06-30
1121,Female,Gen Z,one_and_done,1,1,2026-02-23,2026-02-23
1122,Male,Millennial,regular,5,22,2025-07-17,2026-07-01
1123,Female,Gen X,one_and_done,8,1,2025-09-18,2025-09-18
1124,Male,Millennial,one_and_done,1,1,2025-07-24,2025-07-24
1125,Male,Gen Z,one_and_done,1,1,2026-07-05,2026-07-05
1126,Male,Millennial,one_and_done,2,1,2025-07-05,2025-07-05
1127,Female,Millennial,regular,5,18,2025-07-08,2026-05-04
1128,Female,Millennial,occasional,3,6,2025-07-20,2025-12-10
1129,Male,Boomer,one_and_done,1,1,2025-12-02,2025-12-02
1130,Male,Boomer,occasional,1,4,2025-08-22,2026-06-15
1131,Female,Millennial,regular,1,18,2025-07-06,2026-07-08
1132,Male,Gen Z,one_and_done,1,1,2026-06-02,2026-06-02
1133,Male,Millennial,loyal,1,32,2025-08-11,2026-06-24
1134,Female,Gen Z,regular,1,14,2025-07-04,2026-06-26
1135,Male,Millennial,one_and_done,4,1,2025-11-23,2025-11-23
1136,Male,Millennial,loyal,1,32,2025-07-21,2026-07-09
1137,Male,Gen Z,regular,1,15,2025-08-06,2026-06-20
1138,Male,Millennial,occasional,1,7,2025-09-29,2026-05-29
1139,Female,Millennial,one_and_done,3,1,2025-08-23,2025-08-23
1140,Male,Gen Z,regular,5,15,2025-07-14,2026-07-09
1141,Male,Millennial,regular,1,22,2025-07-16,2026-07-04
1142,Male,Millennial,occasional,2,7,2025-11-01,2026-05-28
1143,Female,Gen Z,one_and_done,3,1,2026-06-19,2026-06-19
1144,Male,Gen X,one_and_done,1,1,2026-05-07,2026-05-07
1145,Male,Gen Z,occasional,2,5,2025-07-01,2025-12-10
1146,Male,Millennial,one_and_done,10,1,2025-10-25,2025-10-25
1147,Male,Millennial,one_and_done,1,1,2025-09-11,2025-09-11
1148,Female,Gen X,regular,1,15,2025-07-15,2026-06-30
1149,Male,Millennial,loyal,1,32,2025-07-10,2026-07-08
1150,Male,Millennial,occasional,1,7,2025-10-14,2026-07-08
1151,Female,Gen Z,occasional,1,5,2025-10-21,2026-05-07
1152,Male,Gen Z,occasional,1,5,2025-07-05,2026-03-28
1153,Male,Gen Z,regular,5,15,2025-07-21,2026-06-23
1154,Male,Gen Z,regular,4,15,2025-07-15,2026-06-30
1155,Male,Gen Z,one_and_done,4,1,2025-12-17,2025-12-17
1156,Female,Gen X,occasional,5,5,2025-12-08,2026-06-12
1157,Male,Millennial,one_and_done,8,1,2025-07-16,2025-07-16
1158,Male,Millennial,loyal,5,32,2025-07-04,2026-07-06
1159,Female,Gen X,one_and_done,1,1,2026-03-23,2026-03-23
1160,Male,Millennial,one_and_done,5,1,2025-07-02,2025-07-02
1161,Female,Millennial,one_and_done,1,1,2026-03-10,2026-03-10
1162,Female,Gen X,one_and_done,1,1,2025-08-12,2025-08-12
1163,Female,Millennial,occasional,4,6,2025-10-08,2026-05-03
1164,Male,Gen Z,one_and_done,1,1,2025-08-30,2025-08-30
1165,Male,Gen Z,one_and_done,5,1,2026-04-09,2026-04-09
1166,Female,Gen X,occasional,2,5,2025-09-02,2026-05-04
1167,Male,Millennial,one_and_done,2,1,2025-09-12,2025-09-12
1168,Male,Millennial,one_and_done,2,1,2026-05-29,2026-05-29
1169,Male,Millennial,one_and_done,8,1,2025-07-14,2025-07-14
1170,Female,Gen Z,one_and_done,7,1,2026-03-20,2026-03-20
1171,Female,Millennial,occasional,1,6,2025-08-11,2026-04-27
1172,Male,Boomer,one_and_done,1,1,2026-01-01,2026-01-01
1173,Female,Boomer,one_and_done,1,1,2026-02-12,2026-02-12
1174,Male,Gen X,one_and_done,1,1,2025-09-22,2025-09-22
1175,Female,Millennial,one_and_done,6,1,2025-10-11,2025-10-11
1176,Male,Gen Z,regular,4,15,2025-07-29,2026-07-09
1177,Male,Gen X,loyal,7,25,2025-07-21,2026-06-16
1178,Female,Millennial,occasional,1,6,2025-09-13,2026-06-10
1179,Male,Gen X,occasional,1,6,2025-08-28,2026-06-05
1180,Male,Gen X,loyal,5,25,2025-07-15,2026-07-06
1181,Female,Millennial,occasional,1,6,2025-11-28,2026-06-28
1182,Male,Millennial,one_and_done,1,1,2026-01-15,2026-01-15
1183,Female,Boomer,regular,5,11,2025-08-09,2026-02-25
1184,Male,Millennial,occasional,2,7,2025-07-17,2026-07-05
1185,Male,Millennial,regular,1,22,2025-07-27,2026-07-09
1186,Female,Gen X,one_and_done,1,1,2025-09-04,2025-09-04
1187,Female,Millennial,one_and_done,1,1,2026-07-09,2026-07-09
1188,Male,Millennial,one_and_done,1,1,2026-01-05,2026-01-05
1189,Male,Millennial,one_and_done,1,1,2025-08-28,2025-08-28
1190,Male,Gen X,one_and_done,1,1,2026-05-02,2026-05-02
1191,Female,Millennial,regular,4,18,2025-07-11,2026-06-06
1192,Male,Millennial,one_and_done,3,1,2025-10-18,2025-10-18
1193,Male,Gen Z,occasional,1,5,2025-08-27,2026-05-19
1194,Female,Boomer,occasional,3,4,2025-08-22,2026-05-29
1195,Male,Millennial,one_and_done,1,1,2025-10-25,2025-10-25
1196,Female,Gen X,regular,1,15,2025-07-04,2026-07-07
1197,Male,Gen Z,one_and_done,1,1,2026-03-25,2026-03-25
1198,Female,Millennial,one_and_done,1,1,2026-02-17,2026-02-17
1199,Male,Millennial,one_and_done,8,1,2025-10-22,2025-10-22
1200,Female,Gen Z,occasional,1,5,2025-11-01,2026-06-23
1201,Female,Millennial,one_and_done,1,1,2026-02-17,2026-02-17
1202,Female,Gen Z,regular,1,14,2025-08-08,2026-05-21
1203,Male,Gen Z,one_and_done,1,1,2025-12-02,2025-12-02
1204,Male,Gen Z,loyal,5,23,2025-07-11,2026-06-08
1205,Male,Millennial,one_and_done,1,1,2026-06-16,2026-06-16
1206,Female,Gen Z,loyal,1,20,2025-07-14,2026-06-16
1207,Female,Gen X,one_and_done,3,1,2026-05-22,2026-05-22
1208,Male,Millennial,regular,4,22,2025-07-30,2026-06-25
1209,Female,Millennial,regular,3,18,2025-07-05,2026-06-26
1210,Female,Gen Z,occasional,1,5,2025-07-29,2026-03-12
1211,Male,Boomer,occasional,1,4,2025-10-03,2026-06-20
1212,Male,Gen Z,one_and_done,1,1,2025-10-06,2025-10-06
1213,Male,Gen Z,one_and_done,7,1,2025-11-16,2025-11-16
1214,Male,Millennial,one_and_done,1,1,2025-12-24,2025-12-24
1215,Male,Gen X,one_and_done,1,1,2025-09-19,2025-09-19
1216,Male,Boomer,one_and_done,1,1,2025-12-22,2025-12-22
1217,Male,Gen Z,one_and_done,1,1,2026-05-15,2026-05-15
1218,Female,Millennial,loyal,1,27,2025-07-11,2026-07-01
1219,Male,Millennial,one_and_done,1,1,2026-05-09,2026-05-09
1220,Female,Gen Z,occasional,2,5,2025-07-09,2026-06-29
1221,Male,Gen X,occasional,2,6,2025-10-18,2026-05-21
1222,Male,Millennial,occasional,1,7,2025-08-02,2026-07-09
1223,Male,Gen Z,occasional,5,5,2025-11-25,2026-06-17
1224,Male,Gen Z,occasional,1,5,2025-09-10,2026-05-27
1225,Male,Millennial,occasional,1,7,2025-09-06,2026-06-30
1226,Female,Gen Z,occasional,1,5,2025-07-28,2026-02-21
1227,Male,Gen X,loyal,5,25,2025-07-09,2026-06-15
1228,Male,Millennial,one_and_done,2,1,2025-09-12,2025-09-12
1229,Male,Millennial,one_and_done,6,1,2025-10-31,2025-10-31
1230,Female,Gen Z,one_and_done,1,1,2025-12-01,2025-12-01
1231,Male,Gen Z,regular,3,15,2025-08-09,2026-06-26
1232,Female,Gen X,one_and_done,1,1,2026-02-23,2026-02-23
1233,Female,Millennial,one_and_done,1,1,2025-12-12,2025-12-12
1234,Male,Boomer,occasional,2,4,2025-07-15,2026-07-06
1235,Male,Millennial,regular,4,22,2025-07-29,2026-07-08
1236,Male,Gen X,occasional,1,6,2025-07-08,2026-04-09
1237,Male,Boomer,occasional,3,4,2025-09-26,2026-05-13
1238,Female,Gen X,one_and_done,5,1,2025-12-19,2025-12-19
1239,Female,Gen X,one_and_done,3,1,2025-08-11,2025-08-11
1240,Male,Millennial,regular,2,22,2025-07-05,2026-05-25
1241,Male,Gen Z,loyal,2,23,2025-07-20,2026-06-11
1242,Female,Millennial,regular,1,18,2025-07-05,2026-06-17
1243,Male,Gen X,loyal,3,25,2025-07-01,2026-07-05
1244,Male,Gen X,regular,4,17,2025-07-09,2026-07-01
1245,Male,Gen X,one_and_done,7,1,2026-03-19,2026-03-19
1246,Male,Millennial,one_and_done,6,1,2026-05-23,2026-05-23
1247,Male,Millennial,one_and_done,1,1,2025-08-02,2025-08-02
1248,Female,Gen X,one_and_done,9,1,2025-07-08,2025-07-08
1249,Female,Gen Z,one_and_done,7,1,2026-06-11,2026-06-11
1250,Male,Boomer,one_and_done,2,1,2026-03-01,2026-03-01
1251,Male,Boomer,loyal,2,18,2025-07-11,2026-06-26
1252,Male,Millennial,regular,1,22,2025-07-04,2026-06-25
1253,Female,Millennial,one_and_done,2,1,2025-09-08,2025-09-08
1254,Male,Gen Z,regular,3,15,2025-07-09,2026-05-03
1255,Female,Millennial,occasional,1,6,2025-07-06,2026-06-14
1256,Male,Gen X,one_and_done,1,1,2025-12-04,2025-12-04
1257,Male,Gen X,regular,4,17,2025-08-02,2026-05-14
1258,Female,Gen X,regular,1,15,2025-08-16,2026-06-09
1259,Male,Gen Z,regular,7,15,2025-07-03,2026-05-21
1260,Female,Gen Z,occasional,2,5,2025-07-21,2025-12-29
1261,Male,Millennial,one_and_done,1,1,2026-06-29,2026-06-29
1262,Female,Millennial,regular,1,18,2025-07-29,2026-06-04
1263,Male,Gen Z,occasional,3,5,2025-07-04,2026-07-08
1264,Female,Millennial,one_and_done,8,1,2026-03-20,2026-03-20
1265,Female,Gen Z,occasional,4,5,2026-01-03,2026-05-29
1266,Female,Gen Z,regular,1,14,2025-07-19,2026-05-23
1267,Male,Boomer,loyal,1,18,2025-07-13,2026-06-26
1268,Female,Gen Z,one_and_done,1,1,2025-08-22,2025-08-22
1269,Male,Gen X,regular,6,17,2025-07-09,2026-06-23
1270,Male,Boomer,occasional,1,4,2026-01-17,2026-06-06
1271,Female,Millennial,one_and_done,5,1,2025-08-19,2025-08-19
1272,Male,Millennial,one_and_done,1,1,2026-06-09,2026-06-09
1273,Female,Millennial,occasional,1,6,2025-07-07,2026-04-21
1274,Female,Millennial,one_and_done,1,1,2026-03-04,2026-03-04
1275,Male,Millennial,loyal,3,32,2025-07-01,2026-07-07
1276,Male,Gen X,one_and_done,2,1,2026-01-28,2026-01-28
1277,Male,Millennial,loyal,1,32,2025-07-04,2026-07-09
1278,Male,Millennial,regular,4,22,2025-08-29,2026-05-30
1279,Male,Millennial,occasional,1,7,2025-09-16,2026-06-25
1280,Male,Gen X,one_and_done,1,1,2025-07-14,2025-07-14
1281,Male,Millennial,one_and_done,1,1,2025-10-22,2025-10-22
1282,Male,Millennial,one_and_done,1,1,2026-02-16,2026-02-16
1283,Male,Gen Z,regular,3,15,2025-08-01,2026-06-12
1284,Male,Millennial,loyal,1,32,2025-07-24,2026-07-04
1285,Male,Millennial,occasional,9,7,2025-08-25,2026-06-02
1286,Male,Boomer,regular,1,12,2025-07-11,2026-07-06
1287,Male,Gen X,one_and_done,1,1,2025-09-27,2025-09-27
1288,Male,Millennial,one_and_done,1,1,2025-12-16,2025-12-16
1289,Female,Millennial,occasional,6,6,2025-10-03,2026-06-26
1290,Female,Millennial,one_and_done,1,1,2025-12-18,2025-12-18
1291,Male,Gen X,occasional,4,6,2025-09-14,2026-03-07
1292,Male,Millennial,one_and_done,2,1,2025-12-19,2025-12-19
1293,Female,Gen X,one_and_done,5,1,2025-09-29,2025-09-29
1294,Male,Millennial,one_and_done,5,1,2026-04-25,2026-04-25
1295,Male,Millennial,one_and_done,1,1,2026-03-07,2026-03-07
1296,Male,Boomer,one_and_done,8,1,2025-09-04,2025-09-04
1297,Male,Millennial,one_and_done,1,1,2025-09-03,2025-09-03
1298,Male,Boomer,regular,1,12,2025-07-10,2026-06-21
1299,Male,Gen Z,one_and_done,1,1,2026-03-23,2026-03-23
1300,Male,Boomer,one_and_done,9,1,2026-04-04,2026-04-04
1301,Male,Gen Z,occasional,3,5,2025-08-19,2026-04-24
1302,Male,Gen Z,occasional,5,5,2025-09-21,2026-06-27
1303,Male,Gen X,one_and_done,2,1,2025-08-06,2025-08-06
1304,Male,Millennial,one_and_done,1,1,2025-08-25,2025-08-25
1305,Female,Boomer,regular,1,11,2025-07-18,2026-04-23
1306,Female,Millennial,regular,5,18,2025-07-26,2026-06-25
1307,Male,Boomer,one_and_done,5,1,2025-10-07,2025-10-07
1308,Male,Gen Z,occasional,1,5,2025-08-06,2026-06-22
1309,Male,Boomer,occasional,1,4,2026-01-21,2026-03-24
1310,Male,Boomer,loyal,3,18,2025-07-11,2026-07-01
1311,Female,Millennial,one_and_done,4,1,2026-04-15,2026-04-15
1312,Female,Millennial,one_and_done,4,1,2026-03-20,2026-03-20
1313,Female,Gen Z,one_and_done,7,1,2026-05-05,2026-05-05
1314,Female,Gen Z,occasional,3,5,2025-08-30,2026-03-16
1315,Male,Gen Z,regular,5,15,2025-07-21,2026-05-16
1316,Female,Gen X,regular,1,15,2025-07-01,2026-06-25
1317,Female,Gen Z,regular,2,14,2025-07-28,2026-06-15
1318,Male,Millennial,one_and_done,1,1,2025-12-08,2025-12-08
1319,Female,Millennial,one_and_done,2,1,2026-05-05,2026-05-05
1320,Male,Gen Z,one_and_done,1,1,2026-02-27,2026-02-27
1321,Female,Gen Z,regular,1,14,2025-07-05,2026-07-07
1322,Female,Millennial,one_and_done,1,1,2026-04-10,2026-04-10
1323,Female,Gen X,occasional,2,5,2025-10-01,2026-07-07
1324,Female,Millennial,one_and_done,5,1,2026-01-13,2026-01-13
1325,Male,Millennial,loyal,4,32,2025-07-01,2026-07-08
1326,Male,Gen Z,one_and_done,1,1,2025-11-09,2025-11-09
1327,Female,Gen Z,occasional,4,5,2025-09-30,2026-07-03
1328,Female,Millennial,one_and_done,3,1,2026-07-09,2026-07-09
1329,Male,Millennial,occasional,4,7,2025-07-30,2026-06-17
1330,Male,Millennial,one_and_done,8,1,2026-06-30,2026-06-30
1331,Female,Gen X,loyal,2,23,2025-08-02,2026-06-21
1332,Male,Millennial,one_and_done,1,1,2025-07-04,2025-07-04
1333,Female,Millennial,loyal,1,27,2025-07-03,2026-07-08
1334,Female,Gen X,loyal,2,23,2025-07-06,2026-07-08
1335,Female,Gen Z,one_and_done,5,1,2026-03-18,2026-03-18
1336,Male,Gen Z,one_and_done,3,1,2025-09-20,2025-09-20
1337,Male,Gen X,one_and_done,1,1,2025-10-17,2025-10-17
1338,Female,Boomer,one_and_done,4,1,2025-12-30,2025-12-30
1339,Female,Gen Z,one_and_done,1,1,2025-10-16,2025-10-16
1340,Male,Gen X,regular,4,17,2025-08-09,2026-07-08
1341,Female,Gen X,occasional,5,5,2025-08-05,2026-02-21
1342,Male,Millennial,loyal,1,32,2025-07-11,2026-06-25
1343,Male,Millennial,one_and_done,4,1,2025-07-30,2025-07-30
1344,Male,Millennial,occasional,1,7,2025-09-21,2026-07-02
1345,Male,Gen X,regular,4,17,2025-07-06,2026-07-03
1346,Female,Millennial,one_and_done,1,1,2026-02-12,2026-02-12
1347,Female,Millennial,one_and_done,2,1,2025-08-15,2025-08-15
1348,Male,Millennial,one_and_done,1,1,2025-10-08,2025-10-08
1349,Male,Gen X,one_and_done,4,1,2026-06-20,2026-06-20
1350,Male,Millennial,one_and_done,3,1,2025-12-01,2025-12-01
1351,Male,Millennial,one_and_done,1,1,2026-03-12,2026-03-12
1352,Female,Millennial,one_and_done,1,1,2025-07-27,2025-07-27
1353,Male,Gen Z,occasional,1,5,2025-08-12,2026-06-13
1354,Male,Millennial,regular,1,22,2025-07-03,2026-06-19
1355,Female,Millennial,one_and_done,4,1,2025-10-18,2025-10-18
1356,Male,Gen Z,one_and_done,9,1,2025-11-21,2025-11-21
1357,Male,Gen Z,loyal,2,23,2025-07-26,2026-07-09
1358,Male,Gen X,occasional,1,6,2025-11-23,2026-06-25
1359,Male,Millennial,one_and_done,1,1,2025-07-01,2025-07-01
1360,Male,Millennial,one_and_done,1,1,2025-08-12,2025-08-12
1361,Male,Millennial,one_and_done,6,1,2025-12-19,2025-12-19
1362,Male,Gen X,one_and_done,1,1,2026-03-10,2026-03-10
1363,Female,Gen X,one_and_done,1,1,2025-07-22,2025-07-22
1364,Female,Millennial,regular,1,18,2025-07-02,2026-06-16
1365,Male,Millennial,regular,1,22,2025-07-18,2026-04-17
1366,Male,Millennial,one_and_done,1,1,2026-02-10,2026-02-10
1367,Female,Gen X,occasional,2,5,2025-12-23,2026-06-25
1368,Male,Gen Z,one_and_done,1,1,2026-02-11,2026-02-11
1369,Male,Millennial,occasional,5,7,2025-10-10,2026-05-09
1370,Male,Millennial,one_and_done,6,1,2026-01-17,2026-01-17
1371,Male,Millennial,regular,5,22,2025-07-04,2026-04-10
1372,Female,Gen Z,occasional,6,5,2025-07-04,2026-05-09
1373,Female,Boomer,regular,1,11,2025-07-30,2026-07-08
1374,Male,Boomer,occasional,2,4,2025-12-07,2026-07-06
1375,Male,Millennial,regular,1,22,2025-07-06,2026-06-12
1376,Female,Gen Z,one_and_done,4,1,2026-01-15,2026-01-15
1377,Male,Millennial,regular,2,22,2025-07-10,2026-07-08
1378,Male,Gen X,one_and_done,6,1,2025-07-23,2025-07-23
1379,Male,Boomer,loyal,1,18,2025-07-01,2026-06-29
1380,Male,Millennial,one_and_done,1,1,2026-02-07,2026-02-07
1381,Male,Gen Z,occasional,4,5,2025-10-28,2026-07-04
1382,Female,Gen X,one_and_done,1,1,2025-11-08,2025-11-08
1383,Male,Millennial,occasional,4,7,2025-08-07,2026-04-21
1384,Male,Millennial,one_and_done,1,1,2025-11-01,2025-11-01
1385,Female,Gen Z,one_and_done,3,1,2026-02-10,2026-02-10
1386,Male,Gen X,one_and_done,1,1,2026-05-15,2026-05-15
1387,Female,Millennial,occasional,7,6,2025-07-14,2026-06-28
1388,Male,Gen Z,regular,6,15,2025-07-09,2026-07-05
1389,Male,Gen Z,one_and_done,1,1,2026-05-06,2026-05-06
1390,Male,Millennial,regular,1,22,2025-07-26,2026-06-19
1391,Male,Millennial,one_and_done,4,1,2025-08-09,2025-08-09
1392,Female,Millennial,one_and_done,1,1,2026-01-30,2026-01-30
1393,Male,Gen X,one_and_done,5,1,2026-02-28,2026-02-28
1394,Male,Millennial,one_and_done,5,1,2026-04-19,2026-04-19
1395,Male,Gen X,occasional,1,6,2025-08-30,2026-06-20
1396,Female,Millennial,occasional,3,6,2025-07-26,2026-01-30
1397,Male,Gen X,one_and_done,1,1,2025-11-14,2025-11-14
1398,Male,Gen Z,loyal,4,23,2025-07-15,2026-06-28
1399,Female,Millennial,regular,1,18,2025-07-16,2026-05-21
1400,Female,Gen Z,regular,3,14,2025-08-22,2026-06-27
1401,Male,Boomer,occasional,3,4,2025-07-31,2026-03-25
1402,Male,Millennial,regular,1,22,2025-07-31,2026-07-03
1403,Male,Millennial,one_and_done,1,1,2026-03-27,2026-03-27
1404,Male,Millennial,one_and_done,1,1,2026-06-23,2026-06-23
1405,Male,Millennial,loyal,1,32,2025-08-02,2026-07-03
1406,Male,Millennial,loyal,2,32,2025-07-01,2026-07-02
1407,Male,Millennial,regular,4,22,2025-07-15,2026-06-24
1408,Male,Millennial,occasional,1,7,2025-07-19,2026-03-08
1409,Female,Millennial,regular,1,18,2025-08-14,2026-07-07
1410,Male,Millennial,one_and_done,2,1,2025-08-17,2025-08-17
1411,Male,Millennial,regular,2,22,2025-07-24,2026-07-08
1412,Female,Millennial,one_and_done,6,1,2025-10-27,2025-10-27
1413,Male,Millennial,regular,1,22,2025-07-18,2026-07-07
1414,Male,Millennial,occasional,5,7,2025-09-14,2026-06-29
1415,Female,Gen X,occasional,2,5,2025-08-28,2026-04-26
1416,Female,Millennial,one_and_done,1,1,2026-05-04,2026-05-04
1417,Male,Millennial,regular,2,22,2025-07-15,2026-06-25
1418,Male,Gen X,one_and_done,4,1,2026-03-19,2026-03-19
1419,Male,Gen X,one_and_done,1,1,2026-05-19,2026-05-19
1420,Male,Gen X,one_and_done,6,1,2026-04-29,2026-04-29
1421,Male,Gen Z,loyal,8,23,2025-07-19,2026-07-05
1422,Male,Gen X,one_and_done,4,1,2026-05-24,2026-05-24
1423,Male,Boomer,loyal,1,18,2025-08-13,2026-06-28
1424,Male,Gen Z,regular,2,15,2025-07-22,2026-05-27
1425,Male,Millennial,regular,1,22,2025-08-07,2026-07-01
1426,Female,Boomer,occasional,1,4,2025-08-08,2026-01-15
1427,Female,Gen Z,loyal,1,20,2025-07-06,2026-07-08
1428,Male,Gen Z,regular,3,15,2025-07-29,2026-05-21
1429,Male,Millennial,one_and_done,4,1,2025-07-15,2025-07-15
1430,Female,Millennial,one_and_done,1,1,2026-05-07,2026-05-07
1431,Male,Millennial,occasional,3,7,2025-09-02,2026-06-29
1432,Female,Millennial,occasional,2,6,2025-08-24,2026-04-01
1433,Female,Gen Z,regular,4,14,2025-08-27,2026-05-02
1434,Male,Millennial,one_and_done,3,1,2026-02-25,2026-02-25
1435,Male,Millennial,one_and_done,1,1,2026-05-01,2026-05-01
1436,Male,Boomer,one_and_done,1,1,2026-05-27,2026-05-27
1437,Female,Millennial,occasional,1,6,2025-07-07,2026-06-26
1438,Male,Millennial,regular,1,22,2025-07-09,2026-07-09
1439,Male,Millennial,occasional,3,7,2025-08-01,2026-06-02
1440,Male,Gen Z,one_and_done,1,1,2026-03-27,2026-03-27
1441,Male,Millennial,one_and_done,1,1,2025-11-03,2025-11-03
1442,Male,Gen Z,one_and_done,1,1,2026-05-14,2026-05-14
1443,Male,Gen X,occasional,3,6,2025-08-18,2026-04-08
1444,Male,Millennial,one_and_done,1,1,2026-01-22,2026-01-22
1445,Male,Boomer,one_and_done,3,1,2026-01-26,2026-01-26
1446,Male,Millennial,occasional,2,7,2025-08-28,2026-07-09
1447,Female,Boomer,occasional,2,4,2025-10-26,2026-06-16
1448,Female,Millennial,one_and_done,5,1,2025-09-10,2025-09-10
1449,Male,Boomer,one_and_done,5,1,2026-05-01,2026-05-01
1450,Male,Millennial,loyal,7,32,2025-07-22,2026-07-09
1451,Male,Gen Z,regular,1,15,2025-07-05,2026-04-10
1452,Male,Millennial,one_and_done,5,1,2025-10-21,2025-10-21
1453,Male,Gen Z,one_and_done,4,1,2025-10-12,2025-10-12
1454,Female,Millennial,one_and_done,1,1,2026-03-28,2026-03-28
1455,Male,Gen Z,one_and_done,5,1,2025-09-17,2025-09-17
1456,Male,Millennial,one_and_done,2,1,2025-11-16,2025-11-16
1457,Male,Millennial,one_and_done,1,1,2025-12-24,2025-12-24
1458,Male,Boomer,one_and_done,1,1,2025-11-14,2025-11-14
1459,Male,Millennial,one_and_done,3,1,2026-05-06,2026-05-06
1460,Female,Millennial,occasional,5,6,2025-09-18,2026-06-11
1461,Female,Gen Z,one_and_done,1,1,2026-04-12,2026-04-12
1462,Male,Millennial,loyal,1,32,2025-07-03,2026-07-04
1463,Male,Millennial,regular,7,22,2025-07-13,2026-07-04
1464,Male,Millennial,one_and_done,2,1,2026-04-13,2026-04-13
1465,Male,Gen X,one_and_done,1,1,2026-07-05,2026-07-05
1466,Male,Millennial,occasional,1,7,2025-07-09,2026-07-09
1467,Male,Millennial,occasional,4,7,2025-11-03,2026-07-07
1468,Female,Gen Z,one_and_done,5,1,2025-08-22,2025-08-22
1469,Male,Millennial,regular,1,22,2025-07-15,2026-07-09
1470,Male,Gen X,one_and_done,1,1,2025-08-16,2025-08-16
1471,Female,Gen Z,one_and_done,1,1,2026-03-06,2026-03-06
1472,Male,Gen Z,occasional,5,5,2025-09-24,2026-02-27
1473,Male,Gen X,one_and_done,1,1,2026-05-08,2026-05-08
1474,Male,Millennial,one_and_done,5,1,2026-06-20,2026-06-20
1475,Male,Gen Z,regular,4,15,2025-09-02,2026-06-12
1476,Male,Gen Z,occasional,1,5,2025-08-20,2026-05-27
1477,Male,Millennial,regular,10,22,2025-07-15,2026-06-20
1478,Male,Gen Z,occasional,1,5,2025-08-07,2026-06-21
1479,Male,Millennial,one_and_done,1,1,2026-01-21,2026-01-21
1480,Female,Millennial,one_and_done,1,1,2026-02-01,2026-02-01
1481,Male,Millennial,occasional,3,7,2025-07-21,2026-01-26
1482,Female,Gen X,loyal,1,23,2025-07-14,2026-06-24
1483,Male,Gen Z,one_and_done,3,1,2025-09-10,2025-09-10
1484,Male,Millennial,one_and_done,1,1,2025-09-05,2025-09-05
1485,Male,Gen X,occasional,2,6,2025-07-28,2026-06-17
1486,Female,Millennial,one_and_done,1,1,2026-03-14,2026-03-14
1487,Female,Gen X,one_and_done,1,1,2025-09-09,2025-09-09
1488,Male,Boomer,one_and_done,1,1,2025-12-08,2025-12-08
1489,Male,Gen X,one_and_done,2,1,2026-02-17,2026-02-17
1490,Male,Gen Z,regular,1,15,2025-08-09,2026-06-27
1491,Male,Millennial,one_and_done,1,1,2025-09-09,2025-09-09
1492,Female,Gen X,one_and_done,8,1,2025-12-26,2025-12-26
1493,Male,Millennial,regular,6,22,2025-07-29,2026-07-03
1494,Female,Millennial,one_and_done,1,1,2026-06-15,2026-06-15
1495,Male,Gen Z,loyal,3,23,2025-07-06,2026-06-27
1496,Male,Gen X,regular,3,17,2025-07-09,2026-06-06
1497,Male,Gen X,one_and_done,1,1,2025-11-01,2025-11-01
1498,Female,Boomer,occasional,1,4,2025-07-15,2026-02-26
1499,Male,Millennial,one_and_done,1,1,2025-08-09,2025-08-09
1500,Female,Millennial,occasional,1,6,2025-08-11,2026-07-03
1501,Female,Millennial,regular,1,18,2025-07-04,2026-06-24
1502,Female,Gen X,occasional,4,5,2025-08-06,2025-11-15
1503,Male,Millennial,regular,3,22,2025-07-01,2026-07-03
1504,Male,Gen X,occasional,5,6,2025-10-13,2026-04-09
1505,Male,Gen X,occasional,2,6,2025-10-21,2026-05-18
1506,Male,Millennial,one_and_done,5,1,2025-08-14,2025-08-14
1507,Male,Gen X,loyal,1,25,2025-07-12,2026-06-23
1508,Male,Millennial,one_and_done,1,1,2026-04-25,2026-04-25
1509,Male,Gen X,occasional,1,6,2025-07-01,2026-07-04
1510,Male,Millennial,occasional,1,7,2025-08-09,2026-06-07
1511,Male,Gen Z,occasional,4,5,2025-08-13,2026-05-02
1512,Female,Gen Z,loyal,1,20,2025-07-07,2026-06-30
1513,Male,Gen X,regular,8,17,2025-07-15,2026-06-07
1514,Male,Millennial,occasional,2,7,2025-09-07,2026-06-24
1515,Male,Gen Z,occasional,1,5,2025-08-21,2026-03-30
1516,Male,Gen X,loyal,5,25,2025-07-03,2026-07-04
1517,Male,Millennial,loyal,1,32,2025-07-03,2026-07-06
1518,Male,Gen Z,one_and_done,1,1,2026-06-19,2026-06-19
1519,Male,Millennial,one_and_done,1,1,2026-01-29,2026-01-29
1520,Male,Millennial,occasional,6,7,2025-08-31,2026-05-01
1521,Female,Gen Z,one_and_done,6,1,2025-10-18,2025-10-18
1522,Male,Millennial,occasional,1,7,2025-09-20,2026-05-23
1523,Male,Millennial,one_and_done,2,1,2025-07-17,2025-07-17
1524,Male,Millennial,occasional,2,7,2025-07-03,2026-06-05
1525,Male,Gen Z,one_and_done,1,1,2025-09-24,2025-09-24
1526,Male,Millennial,occasional,5,7,2025-09-03,2026-05-13
1527,Male,Millennial,regular,1,22,2025-07-08,2026-06-20
1528,Male,Millennial,occasional,2,7,2025-07-17,2026-06-20
1529,Female,Gen X,occasional,1,5,2025-07-16,2026-06-12
1530,Male,Millennial,one_and_done,1,1,2025-08-05,2025-08-05
1531,Female,Millennial,loyal,10,27,2025-07-15,2026-07-06
1532,Female,Gen X,regular,4,15,2025-07-23,2026-06-28
1533,Male,Millennial,one_and_done,7,1,2026-05-02,2026-05-02
1534,Female,Millennial,occasional,1,6,2025-07-17,2026-07-05
1535,Male,Millennial,occasional,1,7,2025-08-01,2026-04-25
1536,Female,Millennial,one_and_done,2,1,2026-05-28,2026-05-28
1537,Male,Gen X,one_and_done,1,1,2026-04-17,2026-04-17
1538,Female,Millennial,one_and_done,1,1,2025-08-30,2025-08-30
1539,Male,Millennial,one_and_done,1,1,2026-03-21,2026-03-21
1540,Male,Boomer,occasional,3,4,2026-02-14,2026-05-09
1541,Male,Gen Z,loyal,2,23,2025-07-01,2026-06-26
1542,Female,Gen Z,one_and_done,2,1,2025-11-26,2025-11-26
1543,Female,Millennial,one_and_done,1,1,2026-01-30,2026-01-30
1544,Female,Millennial,one_and_done,1,1,2025-12-12,2025-12-12
1545,Male,Millennial,one_and_done,2,1,2026-03-18,2026-03-18
1546,Male,Boomer,one_and_done,1,1,2026-03-05,2026-03-05
1547,Male,Gen X,one_and_done,2,1,2025-07-14,2025-07-14
1548,Male,Boomer,loyal,1,18,2025-07-19,2026-07-07
1549,Female,Millennial,one_and_done,5,1,2026-03-27,2026-03-27
1550,Female,Millennial,one_and_done,2,1,2025-11-14,2025-11-14
1551,Female,Millennial,one_and_done,1,1,2026-05-15,2026-05-15
1552,Female,Boomer,one_and_done,1,1,2026-01-24,2026-01-24
1553,Male,Millennial,one_and_done,2,1,2025-09-13,2025-09-13
1554,Male,Gen X,regular,2,17,2025-07-03,2026-06-19
1555,Female,Millennial,regular,1,18,2025-07-14,2026-06-27
1556,Female,Millennial,regular,4,18,2025-07-29,2026-06-06
1557,Male,Gen Z,occasional,1,5,2025-11-27,2026-06-25
1558,Male,Gen Z,regular,3,15,2025-07-19,2026-06-01
1559,Male,Millennial,occasional,1,7,2025-07-01,2026-04-24
1560,Male,Gen X,loyal,1,25,2025-07-15,2026-07-04
1561,Male,Millennial,regular,4,22,2025-08-02,2026-06-30
1562,Female,Millennial,regular,2,18,2025-07-09,2026-07-08
1563,Male,Millennial,one_and_done,8,1,2025-10-31,2025-10-31
1564,Male,Gen Z,regular,2,15,2025-07-18,2026-06-18
1565,Female,Millennial,one_and_done,1,1,2026-04-29,2026-04-29
1566,Male,Millennial,loyal,2,32,2025-07-04,2026-07-03
1567,Female,Gen Z,regular,3,14,2025-07-08,2026-06-12
1568,Male,Millennial,occasional,1,7,2025-09-20,2026-04-28
1569,Male,Millennial,one_and_done,3,1,2026-04-24,2026-04-24
1570,Male,Gen X,one_and_done,4,1,2025-08-22,2025-08-22
1571,Male,Millennial,occasional,1,7,2025-07-08,2026-05-29
1572,Female,Gen Z,regular,1,14,2025-07-30,2026-05-27
1573,Female,Millennial,occasional,3,6,2025-07-11,2026-05-02
1574,Female,Boomer,regular,4,11,2025-07-13,2026-06-09
1575,Female,Gen Z,one_and_done,1,1,2025-07-17,2025-07-17
1576,Male,Boomer,one_and_done,1,1,2026-02-20,2026-02-20
1577,Female,Gen X,occasional,5,5,2025-08-21,2026-06-15
1578,Male,Millennial,regular,3,22,2025-07-04,2026-07-05
1579,Male,Gen X,one_and_done,4,1,2026-05-09,2026-05-09
1580,Male,Gen X,occasional,5,6,2025-10-02,2026-06-11
1581,Male,Gen X,regular,1,17,2025-07-08,2026-06-15
1582,Male,Millennial,one_and_done,1,1,2026-05-24,2026-05-24
1583,Male,Gen X,one_and_done,5,1,2025-07-10,2025-07-10
1584,Female,Millennial,one_and_done,1,1,2025-07-28,2025-07-28
1585,Female,Millennial,regular,4,18,2025-07-15,2026-07-07
1586,Female,Millennial,loyal,1,27,2025-07-04,2026-06-29
1587,Female,Gen X,loyal,1,23,2025-07-11,2026-07-09
1588,Female,Millennial,one_and_done,1,1,2026-06-28,2026-06-28
1589,Female,Millennial,one_and_done,3,1,2025-07-02,2025-07-02
1590,Female,Millennial,one_and_done,1,1,2026-01-31,2026-01-31
1591,Female,Millennial,occasional,6,6,2025-07-09,2026-03-28
1592,Male,Gen X,one_and_done,2,1,2025-12-12,2025-12-12
1593,Female,Gen Z,occasional,3,5,2025-07-03,2026-06-11
1594,Female,Millennial,regular,1,18,2025-07-15,2026-06-25
1595,Male,Millennial,regular,1,22,2025-07-14,2026-07-08
1596,Male,Millennial,one_and_done,1,1,2026-05-13,2026-05-13
1597,Male,Gen X,loyal,1,25,2025-07-01,2026-07-09
1598,Male,Millennial,occasional,6,7,2025-10-30,2026-04-17
1599,Male,Gen X,one_and_done,1,1,2026-04-24,2026-04-24
1600,Male,Millennial,occasional,2,7,2025-07-29,2026-05-22
1601,Female,Gen Z,one_and_done,6,1,2026-05-13,2026-05-13
1602,Female,Gen Z,regular,1,14,2025-07-04,2026-06-07
1603,Male,Millennial,occasional,1,7,2025-11-06,2026-06-14
1604,Male,Gen Z,regular,1,15,2025-07-22,2026-06-09
1605,Female,Millennial,regular,2,18,2025-07-08,2026-06-19
1606,Female,Millennial,one_and_done,1,1,2026-02-28,2026-02-28
1607,Male,Gen X,loyal,5,25,2025-07-13,2026-06-10
1608,Male,Gen X,one_and_done,1,1,2026-04-22,2026-04-22
1609,Male,Gen X,one_and_done,7,1,2025-10-14,2025-10-14
1610,Male,Millennial,regular,1,22,2025-07-20,2026-06-20
1611,Female,Boomer,one_and_done,3,1,2025-07-31,2025-07-31
1612,Male,Gen Z,regular,7,15,2025-07-14,2026-06-25
1613,Male,Gen X,regular,5,17,2025-07-10,2026-06-27
1614,Male,Millennial,one_and_done,2,1,2025-11-28,2025-11-28
1615,Male,Gen X,loyal,2,25,2025-07-19,2026-06-27
1616,Male,Millennial,one_and_done,1,1,2026-05-20,2026-05-20
1617,Male,Gen Z,loyal,5,23,2025-07-03,2026-06-30
1618,Female,Gen Z,loyal,2,20,2025-07-16,2026-07-02
1619,Female,Millennial,regular,2,18,2025-07-09,2026-07-03
1620,Male,Gen Z,one_and_done,1,1,2025-07-31,2025-07-31
1621,Male,Boomer,one_and_done,10,1,2026-01-02,2026-01-02
1622,Male,Gen Z,occasional,1,5,2025-07-31,2026-03-19
1623,Male,Millennial,occasional,4,7,2025-07-28,2026-07-06
1624,Female,Millennial,occasional,2,6,2025-08-20,2026-05-08
1625,Male,Millennial,regular,6,22,2025-08-17,2026-06-25
1626,Female,Millennial,one_and_done,1,1,2026-02-02,2026-02-02
1627,Male,Millennial,occasional,1,7,2025-08-01,2026-06-12
1628,Male,Boomer,occasional,1,4,2025-11-17,2026-06-20
1629,Male,Millennial,occasional,2,7,2025-08-23,2026-06-23
1630,Male,Gen Z,occasional,3,5,2025-09-22,2026-05-07
1631,Male,Millennial,occasional,4,7,2025-09-27,2026-06-24
1632,Male,Gen Z,regular,1,15,2025-07-11,2026-05-29
1633,Male,Millennial,one_and_done,3,1,2026-03-03,2026-03-03
1634,Female,Millennial,one_and_done,1,1,2025-09-25,2025-09-25
1635,Male,Gen Z,one_and_done,3,1,2025-07-27,2025-07-27
1636,Male,Gen X,loyal,1,25,2025-07-06,2026-06-26
1637,Male,Millennial,regular,1,22,2025-09-02,2026-07-09
1638,Male,Millennial,occasional,1,7,2025-08-15,2026-07-02
1639,Male,Millennial,occasional,1,7,2025-07-04,2026-03-01
1640,Male,Millennial,occasional,1,7,2025-09-11,2026-06-18
1641,Female,Boomer,regular,1,11,2025-08-23,2026-07-06
1642,Male,Gen X,regular,1,17,2025-08-20,2026-06-29
1643,Male,Millennial,one_and_done,1,1,2026-03-05,2026-03-05
1644,Female,Millennial,one_and_done,2,1,2025-07-18,2025-07-18
1645,Female,Millennial,one_and_done,3,1,2026-04-28,2026-04-28
1646,Male,Millennial,occasional,2,7,2025-07-11,2026-05-05
1647,Male,Millennial,occasional,2,7,2025-09-19,2026-07-06
1648,Male,Boomer,regular,1,12,2025-07-11,2026-07-03
1649,Male,Millennial,occasional,3,7,2025-08-07,2026-06-29
1650,Male,Gen X,occasional,3,6,2025-12-22,2026-07-05
1651,Male,Millennial,regular,2,22,2025-08-17,2026-07-05
1652,Male,Gen X,one_and_done,3,1,2026-06-19,2026-06-19
1653,Male,Gen Z,one_and_done,2,1,2025-09-12,2025-09-12
1654,Male,Millennial,regular,2,22,2025-08-23,2026-06-29
1655,Male,Millennial,one_and_done,4,1,2026-05-11,2026-05-11
1656,Male,Millennial,one_and_done,1,1,2026-01-31,2026-01-31
1657,Male,Millennial,occasional,3,7,2025-09-16,2026-06-30
1658,Female,Gen X,regular,3,15,2025-07-11,2026-06-26
1659,Male,Millennial,occasional,2,7,2025-07-31,2026-05-22
1660,Male,Gen X,occasional,4,6,2025-07-05,2026-06-12
1661,Male,Millennial,occasional,7,7,2025-08-02,2026-05-19
1662,Female,Boomer,one_and_done,1,1,2025-07-23,2025-07-23
1663,Male,Millennial,loyal,1,32,2025-07-18,2026-07-05
1664,Female,Gen X,regular,2,15,2025-07-25,2026-05-31
1665,Male,Millennial,regular,1,22,2025-07-18,2026-05-27
1666,Male,Gen X,one_and_done,2,1,2025-08-12,2025-08-12
1667,Female,Gen Z,one_and_done,1,1,2025-11-10,2025-11-10
1668,Male,Millennial,regular,1,22,2025-07-15,2026-06-14
1669,Male,Gen Z,one_and_done,1,1,2025-07-05,2025-07-05
1670,Female,Gen X,occasional,1,5,2025-11-13,2026-06-19
1671,Female,Millennial,one_and_done,1,1,2025-08-11,2025-08-11
1672,Male,Millennial,one_and_done,1,1,2025-07-31,2025-07-31
1673,Male,Gen Z,one_and_done,1,1,2026-03-14,2026-03-14
1674,Female,Gen Z,one_and_done,1,1,2026-04-09,2026-04-09
1675,Female,Millennial,one_and_done,5,1,2025-11-12,2025-11-12
1676,Male,Millennial,occasional,4,7,2025-07-24,2026-06-26
1677,Female,Gen Z,one_and_done,2,1,2026-06-04,2026-06-04
1678,Female,Gen Z,regular,6,14,2025-07-25,2026-07-09
1679,Female,Gen Z,one_and_done,5,1,2026-03-22,2026-03-22
1680,Female,Gen Z,loyal,1,20,2025-07-05,2026-07-05
1681,Female,Gen X,loyal,1,23,2025-08-05,2026-07-04
1682,Male,Gen X,one_and_done,1,1,2025-10-21,2025-10-21
1683,Male,Millennial,loyal,1,32,2025-07-20,2026-06-30
1684,Male,Gen Z,one_and_done,1,1,2025-10-31,2025-10-31
1685,Male,Gen X,occasional,2,6,2025-10-18,2026-03-31
1686,Male,Gen Z,regular,1,15,2025-08-01,2026-06-07
1687,Male,Boomer,one_and_done,1,1,2026-01-02,2026-01-02
1688,Female,Gen Z,one_and_done,5,1,2026-05-23,2026-05-23
1689,Female,Gen Z,one_and_done,6,1,2025-11-13,2025-11-13
1690,Male,Millennial,occasional,1,7,2025-10-07,2026-05-29
1691,Male,Millennial,regular,8,22,2025-07-31,2026-07-04
1692,Male,Millennial,one_and_done,1,1,2026-05-25,2026-05-25
1693,Female,Millennial,one_and_done,3,1,2025-10-13,2025-10-13
1694,Female,Millennial,occasional,1,6,2025-09-05,2026-07-04
1695,Male,Gen X,regular,3,17,2025-07-19,2026-06-07
1696,Male,Gen X,one_and_done,3,1,2026-04-04,2026-04-04
1697,Male,Gen X,loyal,4,25,2025-07-04,2026-07-02
1698,Male,Millennial,one_and_done,4,1,2025-12-08,2025-12-08
1699,Female,Millennial,occasional,4,6,2025-07-04,2026-04-17
1700,Male,Millennial,regular,7,22,2025-07-03,2026-06-08
1701,Male,Gen Z,regular,1,15,2025-07-08,2026-06-21
1702,Male,Boomer,regular,9,12,2025-07-29,2026-05-30
1703,Male,Millennial,regular,1,22,2025-07-06,2026-07-09
1704,Female,Millennial,occasional,6,6,2025-07-27,2026-01-23
1705,Female,Gen Z,one_and_done,2,1,2026-02-12,2026-02-12
1706,Male,Millennial,one_and_done,3,1,2026-04-29,2026-04-29
1707,Male,Millennial,loyal,1,32,2025-07-15,2026-07-05
1708,Male,Millennial,one_and_done,3,1,2025-07-02,2025-07-02
1709,Female,Millennial,one_and_done,3,1,2025-12-10,2025-12-10
1710,Male,Millennial,one_and_done,1,1,2025-09-26,2025-09-26
1711,Male,Gen Z,regular,2,15,2025-07-22,2026-06-13
1712,Male,Millennial,occasional,1,7,2025-07-02,2026-04-07
1713,Male,Gen Z,one_and_done,2,1,2026-05-13,2026-05-13
1714,Female,Millennial,regular,1,18,2025-07-20,2026-07-07
1715,Male,Millennial,regular,3,22,2025-07-26,2026-06-20
1716,Female,Millennial,one_and_done,1,1,2026-04-06,2026-04-06
1717,Male,Gen Z,regular,5,15,2025-07-05,2026-05-12
1718,Male,Millennial,one_and_done,6,1,2026-03-17,2026-03-17
1719,Male,Gen X,one_and_done,3,1,2025-09-16,2025-09-16
1720,Male,Gen Z,occasional,1,5,2025-09-04,2026-05-30
1721,Female,Gen X,regular,6,15,2025-07-25,2026-06-11
1722,Female,Gen Z,regular,5,14,2025-07-13,2026-06-08
1723,Male,Millennial,one_and_done,1,1,2025-11-09,2025-11-09
1724,Male,Millennial,one_and_done,1,1,2026-02-20,2026-02-20
1725,Female,Millennial,occasional,1,6,2025-07-16,2026-06-10
1726,Female,Millennial,one_and_done,1,1,2025-11-08,2025-11-08
1727,Male,Millennial,one_and_done,1,1,2025-12-17,2025-12-17
1728,Male,Millennial,regular,2,22,2025-07-04,2026-07-05
1729,Female,Millennial,one_and_done,6,1,2026-05-09,2026-05-09
1730,Female,Gen Z,loyal,3,20,2025-07-11,2026-06-22
1731,Male,Millennial,occasional,1,7,2025-08-05,2026-07-04
1732,Male,Gen Z,regular,1,15,2025-07-09,2026-05-03
1733,Male,Gen X,one_and_done,2,1,2026-07-01,2026-07-01
1734,Male,Gen X,one_and_done,1,1,2025-12-21,2025-12-21
1735,Male,Millennial,one_and_done,5,1,2025-12-13,2025-12-13
1736,Female,Gen Z,one_and_done,7,1,2026-05-04,2026-05-04
1737,Male,Gen X,one_and_done,1,1,2026-07-04,2026-07-04
1738,Male,Boomer,regular,1,12,2025-08-03,2026-04-16
1739,Male,Gen Z,one_and_done,4,1,2026-07-03,2026-07-03
1740,Female,Millennial,occasional,8,6,2025-11-01,2026-06-09
1741,Male,Millennial,one_and_done,1,1,2025-12-27,2025-12-27
1742,Male,Gen X,occasional,1,6,2025-10-14,2026-06-18
1743,Male,Gen Z,one_and_done,3,1,2025-11-09,2025-11-09
1744,Male,Gen X,regular,6,17,2025-08-02,2026-07-09
1745,Female,Millennial,regular,1,18,2025-07-15,2026-05-31
1746,Female,Millennial,occasional,1,6,2025-07-24,2026-04-16
1747,Female,Gen Z,regular,1,14,2025-09-27,2026-07-01
1748,Female,Gen X,regular,1,15,2025-07-04,2026-06-05
1749,Male,Millennial,regular,1,22,2025-07-17,2026-07-07
1750,Female,Gen X,one_and_done,1,1,2025-09-16,2025-09-16
1751,Female,Gen X,loyal,1,23,2025-07-01,2026-06-24
1752,Male,Millennial,regular,1,22,2025-07-11,2026-06-12
1753,Male,Gen Z,occasional,1,5,2026-03-25,2026-06-15
1754,Male,Millennial,one_and_done,1,1,2026-02-22,2026-02-22
1755,Male,Millennial,occasional,4,7,2025-08-01,2026-02-07
1756,Male,Gen X,regular,1,17,2025-08-02,2026-07-06
1757,Male,Millennial,one_and_done,6,1,2025-08-17,2025-08-17
1758,Male,Gen X,loyal,2,25,2025-07-28,2026-07-02
1759,Male,Millennial,regular,2,22,2025-07-02,2026-05-30
1760,Female,Gen Z,one_and_done,3,1,2025-08-23,2025-08-23
1761,Female,Gen Z,occasional,1,5,2025-09-09,2026-05-22
1762,Female,Gen Z,one_and_done,1,1,2026-04-18,2026-04-18
1763,Male,Gen Z,one_and_done,6,1,2025-09-27,2025-09-27
1764,Male,Millennial,occasional,6,7,2025-07-14,2026-06-14
1765,Male,Millennial,one_and_done,1,1,2026-06-12,2026-06-12
1766,Male,Millennial,one_and_done,3,1,2026-05-27,2026-05-27
1767,Male,Millennial,one_and_done,1,1,2025-09-12,2025-09-12
1768,Female,Gen Z,occasional,1,5,2025-08-23,2026-05-10
1769,Male,Gen X,one_and_done,4,1,2025-09-15,2025-09-15
1770,Male,Gen X,one_and_done,1,1,2025-11-01,2025-11-01
1771,Male,Gen Z,regular,2,15,2025-07-01,2026-06-07
1772,Male,Millennial,regular,2,22,2025-07-27,2026-06-22
1773,Male,Gen X,regular,8,17,2025-07-21,2026-06-05
1774,Female,Millennial,occasional,1,6,2025-07-13,2026-05-22
1775,Female,Millennial,regular,8,18,2025-07-06,2026-06-26
1776,Male,Millennial,occasional,4,7,2025-09-13,2026-03-20
1777,Female,Millennial,one_and_done,6,1,2026-05-29,2026-05-29
1778,Male,Millennial,occasional,1,7,2025-08-05,2026-06-06
1779,Male,Boomer,regular,1,12,2025-08-03,2026-06-20
1780,Male,Millennial,regular,4,22,2025-07-12,2026-07-08
1781,Male,Millennial,loyal,1,32,2025-07-10,2026-06-23
1782,Female,Gen Z,occasional,2,5,2025-09-17,2026-03-21
1783,Male,Millennial,one_and_done,1,1,2026-02-01,2026-02-01
1784,Male,Millennial,one_and_done,1,1,2026-03-07,2026-03-07
1785,Female,Gen Z,one_and_done,6,1,2025-09-28,2025-09-28
1786,Female,Millennial,one_and_done,2,1,2025-10-17,2025-10-17
1787,Female,Millennial,one_and_done,1,1,2025-12-13,2025-12-13
1788,Male,Gen X,one_and_done,1,1,2026-06-28,2026-06-28
1789,Male,Millennial,one_and_done,5,1,2026-01-30,2026-01-30
1790,Female,Millennial,one_and_done,1,1,2026-02-18,2026-02-18
1791,Male,Gen X,regular,1,17,2025-07-09,2026-06-30
1792,Male,Gen Z,regular,3,15,2025-11-13,2026-07-06
1793,Male,Millennial,regular,3,22,2025-07-12,2026-06-25
1794,Male,Gen X,occasional,4,6,2025-07-08,2026-04-11
1795,Male,Boomer,occasional,2,4,2025-07-06,2026-03-22
1796,Male,Gen Z,regular,1,15,2025-07-03,2026-07-02
1797,Female,Millennial,occasional,1,6,2025-10-15,2026-04-23
1798,Male,Millennial,loyal,1,32,2025-07-05,2026-07-04
1799,Male,Gen Z,one_and_done,1,1,2026-01-09,2026-01-09
1800,Male,Millennial,regular,2,22,2025-07-09,2026-07-06
1801,Male,Millennial,occasional,8,7,2025-07-15,2026-06-07
1802,Male,Millennial,regular,4,22,2025-07-16,2026-06-29
1803,Male,Millennial,occasional,1,7,2025-07-02,2026-06-12
1804,Male,Millennial,occasional,4,7,2025-07-24,2026-06-23
1805,Male,Millennial,one_and_done,2,1,2025-08-30,2025-08-30
1806,Female,Gen Z,occasional,1,5,2025-07-02,2026-04-09
1807,Male,Millennial,occasional,1,7,2025-10-13,2026-04-18
1808,Female,Gen X,one_and_done,6,1,2025-08-14,2025-08-14
1809,Female,Millennial,one_and_done,1,1,2026-04-11,2026-04-11
1810,Female,Millennial,occasional,7,6,2025-10-09,2026-05-31
1811,Female,Millennial,occasional,1,6,2025-09-13,2026-06-18
1812,Male,Gen X,one_and_done,1,1,2026-02-09,2026-02-09
1813,Male,Millennial,one_and_done,3,1,2026-03-24,2026-03-24
1814,Male,Millennial,occasional,8,7,2025-09-02,2026-06-23
1815,Male,Millennial,loyal,6,32,2025-07-09,2026-07-09
1816,Male,Millennial,regular,1,22,2025-07-11,2026-06-26
1817,Male,Gen Z,regular,2,15,2025-07-01,2026-07-03
1818,Male,Boomer,one_and_done,1,1,2025-10-15,2025-10-15
1819,Female,Millennial,one_and_done,6,1,2025-11-01,2025-11-01
1820,Male,Boomer,occasional,1,4,2025-10-12,2026-06-20
1821,Male,Millennial,regular,1,22,2025-07-06,2026-07-03
1822,Male,Gen X,regular,1,17,2025-07-18,2026-07-09
1823,Male,Gen Z,one_and_done,6,1,2025-08-09,2025-08-09
1824,Male,Gen Z,one_and_done,2,1,2025-11-28,2025-11-28
1825,Male,Gen X,one_and_done,2,1,2026-07-03,2026-07-03
1826,Female,Millennial,regular,1,18,2025-07-08,2026-06-16
1827,Female,Millennial,one_and_done,4,1,2026-02-24,2026-02-24
1828,Male,Boomer,one_and_done,3,1,2025-10-21,2025-10-21
1829,Male,Millennial,occasional,4,7,2025-07-03,2026-06-11
1830,Male,Gen Z,regular,1,15,2025-07-09,2026-04-14
1831,Male,Boomer,regular,2,12,2025-07-28,2026-06-15
1832,Male,Gen X,regular,1,17,2025-08-25,2026-07-09
1833,Male,Gen Z,occasional,1,5,2025-07-04,2026-07-03
1834,Male,Millennial,occasional,1,7,2025-08-19,2026-05-07
1835,Male,Gen Z,regular,1,15,2025-07-23,2026-07-08
1836,Male,Millennial,one_and_done,3,1,2026-01-10,2026-01-10
1837,Male,Millennial,one_and_done,1,1,2025-08-21,2025-08-21
1838,Female,Millennial,one_and_done,1,1,2026-01-08,2026-01-08
1839,Female,Boomer,occasional,1,4,2025-10-04,2026-05-16
1840,Male,Gen Z,occasional,1,5,2025-08-03,2026-06-13
1841,Female,Gen X,occasional,2,5,2025-09-14,2026-07-02
1842,Male,Millennial,one_and_done,1,1,2026-03-16,2026-03-16
1843,Male,Gen Z,one_and_done,2,1,2025-12-14,2025-12-14
1844,Female,Gen Z,one_and_done,4,1,2025-12-13,2025-12-13
1845,Male,Gen X,loyal,1,25,2025-07-12,2026-06-12
1846,Male,Millennial,one_and_done,1,1,2026-06-08,2026-06-08
1847,Female,Gen Z,one_and_done,3,1,2025-11-21,2025-11-21
1848,Male,Millennial,one_and_done,1,1,2026-02-08,2026-02-08
1849,Male,Gen X,occasional,7,6,2025-10-10,2026-06-20
1850,Female,Gen X,loyal,1,23,2025-07-10,2026-07-09
1851,Male,Boomer,occasional,2,4,2025-07-28,2026-06-28
1852,Female,Gen X,occasional,1,5,2025-11-04,2026-07-01
1853,Male,Millennial,one_and_done,7,1,2025-07-24,2025-07-24
1854,Female,Millennial,one_and_done,4,1,2026-03-10,2026-03-10
1855,Male,Millennial,regular,5,22,2025-07-04,2026-06-20
1856,Female,Millennial,regular,1,18,2025-08-09,2026-07-06
1857,Female,Millennial,regular,4,18,2025-07-04,2026-05-19
1858,Male,Millennial,one_and_done,5,1,2026-01-20,2026-01-20
1859,Female,Gen Z,occasional,4,5,2025-09-30,2026-05-29
1860,Male,Gen X,occasional,2,6,2025-10-28,2026-07-07
1861,Male,Gen X,occasional,2,6,2025-12-12,2026-04-09
1862,Female,Millennial,occasional,1,6,2025-09-14,2026-05-10
1863,Male,Millennial,one_and_done,1,1,2025-11-02,2025-11-02
1864,Female,Gen Z,one_and_done,1,1,2026-04-23,2026-04-23
1865,Male,Gen Z,one_and_done,1,1,2025-08-28,2025-08-28
1866,Male,Millennial,occasional,1,7,2025-07-03,2026-06-25
1867,Male,Millennial,regular,1,22,2025-07-03,2026-07-09
1868,Male,Gen Z,occasional,5,5,2025-07-09,2026-04-05
1869,Male,Millennial,loyal,5,32,2025-07-08,2026-07-07
1870,Male,Millennial,regular,2,22,2025-07-03,2026-06-30
1871,Male,Gen Z,one_and_done,1,1,2026-01-27,2026-01-27
1872,Male,Millennial,occasional,1,7,2025-09-21,2026-05-23
1873,Female,Millennial,one_and_done,6,1,2026-05-02,2026-05-02
1874,Female,Gen Z,loyal,8,20,2025-08-01,2026-06-23
1875,Male,Millennial,one_and_done,8,1,2025-11-28,2025-11-28
1876,Male,Gen X,regular,5,17,2025-07-25,2026-06-26
1877,Male,Millennial,one_and_done,2,1,2026-04-17,2026-04-17
1878,Female,Gen X,one_and_done,1,1,2025-08-26,2025-08-26
1879,Male,Millennial,loyal,3,32,2025-07-10,2026-06-09
1880,Male,Gen Z,one_and_done,2,1,2026-01-16,2026-01-16
1881,Male,Millennial,loyal,1,32,2025-07-12,2026-06-04
1882,Male,Millennial,regular,1,22,2025-07-24,2026-05-21
1883,Male,Millennial,one_and_done,2,1,2026-04-04,2026-04-04
1884,Female,Millennial,regular,1,18,2025-07-19,2026-06-26
1885,Male,Millennial,occasional,5,7,2025-09-10,2026-05-17
1886,Male,Gen X,occasional,9,6,2025-07-25,2026-05-31
1887,Male,Millennial,one_and_done,1,1,2026-05-29,2026-05-29
1888,Male,Millennial,regular,1,22,2025-07-14,2026-06-06
1889,Male,Millennial,one_and_done,1,1,2026-03-08,2026-03-08
1890,Male,Millennial,regular,1,22,2025-07-09,2026-06-18
1891,Male,Boomer,one_and_done,3,1,2025-12-08,2025-12-08
1892,Male,Millennial,regular,9,22,2025-07-06,2026-06-11
1893,Male,Millennial,regular,1,22,2025-07-31,2026-06-09
1894,Male,Gen Z,regular,1,15,2025-07-11,2026-07-07
1895,Female,Millennial,occasional,1,6,2025-09-27,2026-06-03
1896,Male,Millennial,one_and_done,2,1,2025-08-28,2025-08-28
1897,Male,Millennial,occasional,1,7,2025-07-11,2026-05-18
1898,Male,Millennial,regular,6,22,2025-07-10,2026-06-10
1899,Female,Gen X,one_and_done,6,1,2025-08-04,2025-08-04
1900,Male,Gen Z,one_and_done,1,1,2026-02-06,2026-02-06
1901,Male,Gen X,occasional,1,6,2025-08-23,2026-05-06
1902,Male,Gen X,occasional,1,6,2025-07-29,2026-06-19
1903,Female,Millennial,loyal,2,27,2025-07-13,2026-07-04
1904,Male,Millennial,regular,4,22,2025-07-17,2026-06-25
1905,Male,Millennial,one_and_done,1,1,2025-10-14,2025-10-14
1906,Male,Millennial,one_and_done,1,1,2025-11-30,2025-11-30
1907,Female,Millennial,occasional,1,6,2025-08-21,2026-06-23
1908,Male,Millennial,one_and_done,5,1,2025-09-04,2025-09-04
1909,Male,Millennial,one_and_done,1,1,2025-08-30,2025-08-30
1910,Male,Millennial,one_and_done,5,1,2026-03-27,2026-03-27
1911,Male,Gen X,one_and_done,2,1,2026-03-02,2026-03-02
1912,Female,Millennial,regular,1,18,2025-07-07,2026-06-04
1913,Male,Millennial,loyal,9,32,2025-07-04,2026-06-15
1914,Male,Millennial,one_and_done,3,1,2025-10-27,2025-10-27
1915,Female,Millennial,one_and_done,1,1,2025-08-19,2025-08-19
1916,Male,Millennial,occasional,2,7,2025-10-26,2026-06-23
1917,Male,Millennial,one_and_done,1,1,2025-11-28,2025-11-28
1918,Male,Millennial,occasional,3,7,2025-09-07,2026-06-30
1919,Female,Millennial,one_and_done,3,1,2026-03-13,2026-03-13
1920,Male,Millennial,occasional,1,7,2025-11-28,2026-04-26
1921,Male,Millennial,one_and_done,1,1,2025-08-24,2025-08-24
1922,Male,Boomer,one_and_done,9,1,2025-09-23,2025-09-23
1923,Male,Millennial,one_and_done,1,1,2026-04-17,2026-04-17
1924,Male,Gen Z,one_and_done,6,1,2025-07-04,2025-07-04
1925,Male,Millennial,one_and_done,1,1,2025-11-07,2025-11-07
1926,Male,Gen Z,regular,7,15,2025-07-05,2026-05-18
1927,Female,Gen Z,one_and_done,1,1,2025-07-31,2025-07-31
1928,Male,Boomer,one_and_done,4,1,2025-08-11,2025-08-11
1929,Male,Millennial,one_and_done,1,1,2025-09-09,2025-09-09
1930,Male,Millennial,loyal,10,32,2025-07-03,2026-07-01
1931,Female,Millennial,occasional,1,6,2025-07-16,2026-06-14
1932,Male,Gen Z,one_and_done,2,1,2025-10-11,2025-10-11
1933,Male,Gen X,one_and_done,1,1,2025-08-24,2025-08-24
1934,Male,Boomer,one_and_done,1,1,2025-10-28,2025-10-28
1935,Female,Gen Z,regular,1,14,2025-07-03,2026-06-20
1936,Male,Millennial,loyal,1,32,2025-07-01,2026-07-09
1937,Male,Gen X,one_and_done,2,1,2026-02-25,2026-02-25
1938,Male,Gen X,one_and_done,1,1,2025-07-28,2025-07-28
1939,Female,Millennial,one_and_done,1,1,2026-07-04,2026-07-04
1940,Male,Boomer,occasional,6,4,2025-08-22,2026-04-23
1941,Female,Millennial,occasional,5,6,2025-09-03,2026-06-19
1942,Male,Millennial,one_and_done,1,1,2026-04-14,2026-04-14
1943,Male,Millennial,one_and_done,3,1,2026-04-30,2026-04-30
1944,Male,Millennial,loyal,3,32,2025-07-02,2026-07-07
1945,Female,Millennial,one_and_done,1,1,2025-11-27,2025-11-27
1946,Male,Gen Z,occasional,1,5,2026-01-13,2026-06-14
1947,Female,Gen Z,regular,6,14,2025-07-15,2026-07-08
1948,Male,Gen Z,regular,4,15,2025-07-21,2026-07-01
1949,Male,Millennial,occasional,1,7,2025-08-30,2026-06-26
1950,Male,Millennial,regular,5,22,2025-07-10,2026-06-19
1951,Male,Gen X,occasional,7,6,2025-09-29,2026-05-12
1952,Male,Millennial,one_and_done,2,1,2026-05-24,2026-05-24
1953,Male,Millennial,one_and_done,4,1,2025-10-18,2025-10-18
1954,Female,Millennial,regular,1,18,2025-08-23,2026-06-19
1955,Female,Millennial,one_and_done,2,1,2025-10-23,2025-10-23
1956,Male,Millennial,occasional,1,7,2025-08-15,2026-06-21
1957,Male,Millennial,loyal,1,32,2025-07-13,2026-07-02
1958,Female,Millennial,regular,7,18,2025-07-17,2026-07-04
1959,Female,Millennial,one_and_done,4,1,2026-06-10,2026-06-10
1960,Female,Millennial,regular,2,18,2025-07-22,2026-07-02
1961,Male,Millennial,one_and_done,1,1,2025-08-22,2025-08-22
1962,Male,Millennial,occasional,1,7,2025-10-15,2026-07-04
1963,Female,Millennial,occasional,1,6,2025-11-29,2026-04-01
1964,Male,Millennial,one_and_done,5,1,2026-05-07,2026-05-07
1965,Female,Millennial,one_and_done,1,1,2025-11-09,2025-11-09
1966,Female,Gen X,one_and_done,3,1,2025-12-02,2025-12-02
1967,Female,Gen X,occasional,6,5,2025-08-16,2026-05-02
1968,Female,Gen Z,one_and_done,1,1,2025-12-15,2025-12-15
1969,Male,Millennial,one_and_done,4,1,2026-07-06,2026-07-06
1970,Male,Millennial,occasional,1,7,2025-07-14,2026-06-14
1971,Male,Millennial,one_and_done,4,1,2025-12-13,2025-12-13
1972,Male,Gen Z,regular,1,15,2025-08-12,2026-06-24
1973,Female,Millennial,occasional,7,6,2025-08-18,2026-04-15
1974,Male,Millennial,occasional,4,7,2025-09-25,2026-03-29
1975,Female,Gen Z,regular,9,14,2025-07-02,2026-07-09
1976,Male,Millennial,occasional,2,7,2025-07-24,2026-03-14
1977,Male,Gen Z,one_and_done,1,1,2025-09-26,2025-09-26
1978,Male,Gen X,one_and_done,1,1,2025-12-03,2025-12-03
1979,Male,Gen Z,one_and_done,1,1,2026-06-10,2026-06-10
1980,Female,Boomer,occasional,1,4,2025-10-26,2026-05-12
1981,Male,Gen Z,regular,1,15,2025-08-17,2026-05-30
1982,Male,Gen Z,one_and_done,1,1,2025-07-05,2025-07-05
1983,Male,Millennial,regular,1,22,2025-07-11,2026-06-28
1984,Female,Millennial,one_and_done,1,1,2026-04-07,2026-04-07
1985,Male,Boomer,regular,6,12,2025-08-02,2026-07-08
1986,Male,Millennial,one_and_done,3,1,2025-11-21,2025-11-21
1987,Female,Millennial,one_and_done,1,1,2025-11-17,2025-11-17
1988,Male,Millennial,occasional,1,7,2025-07-25,2026-03-20
1989,Male,Gen X,loyal,1,25,2025-07-01,2026-05-30
1990,Male,Boomer,occasional,2,4,2025-12-24,2026-04-21
1991,Male,Millennial,occasional,1,7,2025-11-05,2026-07-07
1992,Male,Gen Z,occasional,3,5,2025-08-19,2026-06-18
1993,Male,Gen Z,loyal,3,23,2025-07-03,2026-06-03
1994,Male,Gen X,occasional,4,6,2025-07-28,2026-05-24
1995,Female,Boomer,one_and_done,4,1,2026-05-04,2026-05-04
1996,Male,Gen Z,one_and_done,10,1,2025-12-21,2025-12-21
1997,Male,Millennial,regular,3,22,2025-07-15,2026-07-06
1998,Female,Gen Z,loyal,5,20,2025-07-12,2026-07-08
1999,Female,Gen X,loyal,1,23,2025-07-12,2026-06-28
2000,Male,Millennial,regular,3,22,2025-07-01,2026-06-20
2001,Female,Gen Z,loyal,5,20,2025-07-04,2026-07-01
2002,Male,Millennial,occasional,7,7,2025-07-11,2026-05-06
2003,Male,Millennial,occasional,7,7,2025-11-26,2026-05-31
2004,Female,Gen X,occasional,2,5,2025-07-18,2026-06-24
2005,Male,Gen Z,loyal,2,23,2025-07-07,2026-05-27
2006,Male,Gen X,loyal,1,25,2025-07-29,2026-07-04
2007,Male,Millennial,one_and_done,5,1,2026-01-22,2026-01-22
2008,Male,Millennial,one_and_done,7,1,2026-06-05,2026-06-05
2009,Male,Boomer,regular,6,12,2025-08-28,2026-06-12
2010,Male,Gen Z,one_and_done,2,1,2026-01-21,2026-01-21
2011,Female,Millennial,occasional,1,6,2025-08-04,2026-06-26
2012,Male,Gen Z,loyal,2,23,2025-07-09,2026-07-04
2013,Male,Gen Z,one_and_done,1,1,2026-06-27,2026-06-27
2014,Female,Gen Z,one_and_done,1,1,2025-09-11,2025-09-11
2015,Female,Millennial,regular,1,18,2025-09-20,2026-05-26
2016,Male,Millennial,loyal,1,32,2025-07-05,2026-06-26
2017,Female,Gen Z,occasional,1,5,2025-12-18,2026-05-21
2018,Male,Millennial,one_and_done,4,1,2026-04-23,2026-04-23
2019,Male,Millennial,occasional,1,7,2025-07-01,2026-05-29
2020,Male,Millennial,one_and_done,2,1,2026-05-16,2026-05-16
2021,Male,Gen Z,one_and_done,2,1,2026-05-01,2026-05-01
2022,Male,Millennial,occasional,3,7,2025-08-21,2026-06-26
2023,Female,Millennial,one_and_done,4,1,2026-01-26,2026-01-26
2024,Female,Gen Z,loyal,1,20,2025-07-03,2026-07-07
2025,Male,Millennial,loyal,1,32,2025-07-08,2026-07-06
2026,Male,Gen X,regular,2,17,2025-07-08,2026-05-28
2027,Male,Millennial,one_and_done,8,1,2026-06-04,2026-06-04
2028,Male,Gen X,occasional,1,6,2025-09-23,2026-05-20
2029,Male,Gen X,one_and_done,1,1,2026-05-13,2026-05-13
2030,Male,Millennial,regular,1,22,2025-07-18,2026-07-01
2031,Male,Gen Z,one_and_done,1,1,2026-03-13,2026-03-13
2032,Female,Millennial,one_and_done,2,1,2026-05-21,2026-05-21
2033,Female,Boomer,loyal,4,16,2025-07-14,2026-06-26
2034,Female,Gen Z,regular,1,14,2025-07-18,2026-06-13
2035,Male,Millennial,loyal,1,32,2025-07-13,2026-06-24
2036,Female,Gen Z,one_and_done,2,1,2026-01-13,2026-01-13
2037,Male,Gen X,one_and_done,2,1,2026-04-29,2026-04-29
2038,Female,Gen Z,one_and_done,1,1,2026-04-28,2026-04-28
2039,Male,Gen X,regular,2,17,2025-07-11,2026-07-08
2040,Male,Gen X,one_and_done,1,1,2026-06-20,2026-06-20
2041,Male,Gen X,regular,1,17,2025-07-11,2026-06-20
2042,Male,Gen Z,regular,6,15,2025-07-05,2026-06-29
2043,Male,Millennial,regular,1,22,2025-07-05,2026-06-27
2044,Male,Millennial,regular,1,22,2025-07-16,2026-05-23
2045,Male,Gen Z,one_and_done,1,1,2025-09-05,2025-09-05
2046,Female,Gen Z,regular,1,14,2025-07-01,2026-06-13
2047,Male,Millennial,one_and_done,1,1,2025-07-06,2025-07-06
2048,Male,Gen Z,occasional,8,5,2025-09-10,2026-06-20
2049,Male,Millennial,occasional,2,7,2025-10-20,2026-06-13
2050,Male,Gen X,one_and_done,1,1,2026-06-12,2026-06-12
2051,Male,Gen Z,regular,1,15,2025-07-30,2026-06-13
2052,Male,Millennial,occasional,4,7,2025-07-11,2025-11-29
2053,Female,Gen X,regular,1,15,2025-08-23,2026-06-28
2054,Female,Gen Z,loyal,7,20,2025-07-10,2026-07-02
2055,Male,Gen Z,regular,6,15,2025-07-12,2026-07-04
2056,Male,Millennial,one_and_done,4,1,2025-08-05,2025-08-05
2057,Male,Boomer,occasional,4,4,2026-01-29,2026-05-01
2058,Female,Gen X,regular,3,15,2025-07-01,2026-06-26
2059,Male,Millennial,one_and_done,2,1,2026-06-18,2026-06-18
2060,Female,Gen X,one_and_done,1,1,2026-05-02,2026-05-02
2061,Female,Millennial,occasional,1,6,2025-11-07,2026-07-07
2062,Female,Gen Z,occasional,3,5,2025-11-15,2026-06-12
2063,Female,Millennial,regular,2,18,2025-07-05,2026-04-30
2064,Male,Gen X,one_and_done,1,1,2026-04-02,2026-04-02
2065,Male,Millennial,one_and_done,2,1,2025-12-05,2025-12-05
2066,Male,Millennial,one_and_done,1,1,2025-10-21,2025-10-21
2067,Female,Millennial,one_and_done,1,1,2025-07-03,2025-07-03
2068,Male,Gen Z,loyal,2,23,2025-07-26,2026-07-09
2069,Male,Gen Z,regular,3,15,2025-07-14,2026-06-13
2070,Female,Millennial,occasional,1,6,2025-08-03,2026-06-30
2071,Female,Boomer,one_and_done,1,1,2026-07-04,2026-07-04
2072,Male,Millennial,loyal,1,32,2025-07-07,2026-07-07
2073,Female,Gen X,one_and_done,1,1,2025-08-26,2025-08-26
2074,Male,Millennial,occasional,5,7,2025-08-19,2026-03-28
2075,Male,Gen X,occasional,2,6,2025-07-13,2026-06-22
2076,Female,Gen Z,regular,3,14,2025-07-01,2026-06-27
2077,Female,Millennial,one_and_done,6,1,2025-07-26,2025-07-26
2078,Male,Millennial,occasional,1,7,2025-07-26,2026-04-16
2079,Male,Millennial,regular,1,22,2025-07-12,2026-07-07
2080,Male,Boomer,regular,4,12,2025-07-27,2026-07-05
2081,Male,Millennial,one_and_done,5,1,2025-07-30,2025-07-30
2082,Female,Boomer,occasional,1,4,2025-10-09,2026-03-20
2083,Female,Millennial,one_and_done,5,1,2025-10-25,2025-10-25
2084,Female,Millennial,loyal,1,27,2025-08-21,2026-07-03
2085,Male,Millennial,regular,3,22,2025-08-01,2026-06-26
2086,Male,Millennial,one_and_done,1,1,2026-04-14,2026-04-14
2087,Male,Boomer,loyal,6,18,2025-07-04,2026-05-31
2088,Female,Gen Z,regular,1,14,2025-07-20,2026-07-02
2089,Male,Millennial,regular,8,22,2025-07-07,2026-06-12
2090,Female,Gen Z,one_and_done,1,1,2026-04-03,2026-04-03
2091,Male,Gen Z,regular,2,15,2025-07-07,2026-06-23
2092,Male,Millennial,one_and_done,1,1,2026-01-09,2026-01-09
2093,Female,Millennial,loyal,2,27,2025-07-11,2026-06-25
2094,Male,Millennial,one_and_done,3,1,2025-11-01,2025-11-01
2095,Male,Boomer,regular,3,12,2025-07-30,2026-05-27
2096,Female,Gen Z,loyal,1,20,2025-07-12,2026-06-23
2097,Male,Millennial,regular,1,22,2025-07-06,2026-07-09
2098,Male,Gen Z,regular,1,15,2025-07-11,2026-07-08
2099,Female,Boomer,one_and_done,1,1,2026-07-07,2026-07-07
2100,Male,Gen X,occasional,1,6,2025-07-23,2026-05-06
2101,Male,Gen X,occasional,1,6,2025-07-02,2026-05-08
2102,Female,Millennial,occasional,4,6,2025-07-18,2026-06-04
2103,Male,Millennial,one_and_done,2,1,2025-09-21,2025-09-21
2104,Male,Millennial,occasional,1,7,2025-08-19,2026-05-02
2105,Male,Millennial,one_and_done,1,1,2026-05-26,2026-05-26
2106,Male,Gen Z,occasional,1,5,2025-10-16,2026-05-26
2107,Male,Millennial,one_and_done,2,1,2026-04-09,2026-04-09
2108,Male,Boomer,one_and_done,8,1,2025-07-28,2025-07-28
2109,Female,Gen Z,one_and_done,2,1,2025-10-23,2025-10-23
2110,Male,Boomer,loyal,2,18,2025-08-21,2026-05-16
2111,Male,Gen Z,one_and_done,3,1,2025-10-09,2025-10-09
2112,Male,Gen Z,occasional,2,5,2025-07-17,2026-04-15
2113,Male,Boomer,regular,7,12,2025-09-02,2026-01-27
2114,Male,Millennial,occasional,1,7,2025-07-04,2026-05-18
2115,Male,Millennial,regular,9,22,2025-08-01,2026-07-07
2116,Female,Millennial,one_and_done,1,1,2025-11-24,2025-11-24
2117,Male,Millennial,regular,6,22,2025-07-21,2026-07-04
2118,Female,Gen X,regular,1,15,2025-08-10,2026-06-14
2119,Male,Millennial,one_and_done,1,1,2025-12-20,2025-12-20
2120,Male,Millennial,one_and_done,1,1,2026-01-09,2026-01-09
2121,Female,Gen Z,occasional,1,5,2025-08-05,2026-05-12
2122,Female,Millennial,one_and_done,1,1,2025-12-05,2025-12-05
2123,Female,Boomer,occasional,1,4,2025-10-17,2026-05-15
2124,Male,Millennial,one_and_done,4,1,2025-11-29,2025-11-29
2125,Male,Millennial,occasional,4,7,2025-07-17,2026-03-25
2126,Male,Millennial,regular,5,22,2025-07-12,2026-07-02
2127,Female,Gen X,regular,6,15,2025-07-27,2026-06-29
2128,Female,Gen Z,one_and_done,1,1,2026-02-07,2026-02-07
2129,Male,Millennial,regular,5,22,2025-07-11,2026-06-13
2130,Male,Gen Z,occasional,6,5,2025-07-11,2026-06-05
2131,Male,Millennial,occasional,1,7,2025-07-03,2026-04-16
2132,Male,Gen X,one_and_done,1,1,2025-08-15,2025-08-15
2133,Male,Gen Z,regular,8,15,2025-07-06,2026-06-23
2134,Male,Millennial,one_and_done,4,1,2025-07-21,2025-07-21
2135,Male,Millennial,occasional,3,7,2025-07-05,2026-05-23
2136,Male,Gen Z,occasional,1,5,2025-07-12,2026-04-25
2137,Female,Millennial,occasional,1,6,2025-08-10,2026-07-06
2138,Female,Gen Z,one_and_done,4,1,2025-08-01,2025-08-01
2139,Female,Gen Z,one_and_done,4,1,2025-11-28,2025-11-28
2140,Male,Gen Z,one_and_done,1,1,2025-10-11,2025-10-11
2141,Male,Gen X,one_and_done,1,1,2026-05-19,2026-05-19
2142,Male,Millennial,occasional,9,7,2025-07-11,2026-04-25
2143,Female,Millennial,one_and_done,1,1,2026-06-25,2026-06-25
2144,Female,Millennial,one_and_done,1,1,2026-05-22,2026-05-22
2145,Male,Millennial,occasional,1,7,2025-07-03,2026-06-30
2146,Female,Gen X,occasional,1,5,2026-01-03,2026-04-20
2147,Male,Millennial,regular,1,22,2025-08-28,2026-07-04
2148,Male,Gen Z,occasional,1,5,2026-01-26,2026-07-07
2149,Male,Millennial,one_and_done,1,1,2026-02-05,2026-02-05
2150,Male,Millennial,one_and_done,1,1,2026-02-21,2026-02-21
2151,Female,Millennial,loyal,5,27,2025-07-11,2026-06-02
2152,Male,Millennial,regular,1,22,2025-07-14,2026-07-06
2153,Male,Gen Z,occasional,1,5,2025-08-04,2026-03-12
2154,Male,Millennial,regular,3,22,2025-08-14,2026-07-07
2155,Female,Millennial,one_and_done,1,1,2026-02-06,2026-02-06
2156,Female,Gen Z,regular,1,14,2025-07-26,2026-04-24
2157,Male,Gen X,regular,1,17,2025-08-06,2026-06-08
2158,Male,Gen X,occasional,3,6,2025-08-13,2026-06-13
2159,Male,Gen Z,regular,1,15,2025-07-01,2026-07-08
2160,Male,Millennial,one_and_done,2,1,2026-06-07,2026-06-07
2161,Male,Gen X,occasional,3,6,2025-07-07,2026-02-12
2162,Male,Millennial,regular,9,22,2025-07-11,2026-06-26
2163,Male,Gen Z,one_and_done,3,1,2026-05-29,2026-05-29
2164,Male,Millennial,one_and_done,2,1,2026-02-28,2026-02-28
2165,Female,Millennial,one_and_done,6,1,2025-07-21,2025-07-21
2166,Male,Gen Z,one_and_done,1,1,2026-04-21,2026-04-21
2167,Female,Gen X,loyal,1,23,2025-07-25,2026-07-09
2168,Male,Millennial,regular,1,22,2025-07-21,2026-07-05
2169,Female,Gen Z,occasional,1,5,2025-08-11,2026-04-06
2170,Male,Gen Z,occasional,1,5,2025-07-21,2026-02-28
2171,Male,Gen X,one_and_done,6,1,2025-08-29,2025-08-29
2172,Female,Gen Z,one_and_done,1,1,2025-07-31,2025-07-31
2173,Male,Millennial,occasional,2,7,2025-10-01,2026-06-28
2174,Male,Millennial,one_and_done,6,1,2025-09-25,2025-09-25
2175,Male,Millennial,one_and_done,1,1,2025-11-30,2025-11-30
2176,Male,Gen Z,one_and_done,1,1,2025-12-01,2025-12-01
2177,Female,Millennial,one_and_done,1,1,2026-03-21,2026-03-21
2178,Female,Millennial,occasional,1,6,2025-09-02,2026-04-20
2179,Male,Millennial,one_and_done,4,1,2026-05-16,2026-05-16
2180,Male,Gen Z,one_and_done,2,1,2026-01-04,2026-01-04
2181,Female,Millennial,one_and_done,1,1,2025-09-23,2025-09-23
2182,Male,Boomer,regular,1,12,2025-08-13,2026-06-10
2183,Male,Gen Z,occasional,3,5,2025-08-05,2026-03-29
2184,Female,Millennial,one_and_done,1,1,2025-08-29,2025-08-29
2185,Male,Millennial,one_and_done,8,1,2026-02-01,2026-02-01
2186,Male,Millennial,regular,1,22,2025-07-04,2026-06-12
2187,Female,Gen Z,one_and_done,2,1,2026-04-30,2026-04-30
2188,Female,Millennial,one_and_done,1,1,2026-05-09,2026-05-09
2189,Male,Gen Z,one_and_done,7,1,2025-12-16,2025-12-16
2190,Female,Millennial,one_and_done,6,1,2025-11-20,2025-11-20
2191,Male,Boomer,occasional,4,4,2025-10-21,2026-02-13
2192,Male,Millennial,occasional,3,7,2025-07-30,2026-05-24
2193,Female,Millennial,regular,4,18,2025-07-15,2026-06-10
2194,Male,Gen X,one_and_done,3,1,2025-12-12,2025-12-12
2195,Female,Gen X,one_and_done,5,1,2026-01-17,2026-01-17
2196,Female,Boomer,loyal,6,16,2025-07-18,2026-07-09
2197,Male,Millennial,loyal,2,32,2025-07-08,2026-06-26
2198,Male,Gen X,one_and_done,4,1,2026-05-13,2026-05-13
2199,Male,Millennial,one_and_done,1,1,2025-12-02,2025-12-02
2200,Male,Millennial,one_and_done,3,1,2026-01-22,2026-01-22
2201,Male,Millennial,one_and_done,8,1,2025-07-07,2025-07-07
2202,Female,Millennial,one_and_done,1,1,2025-10-07,2025-10-07
2203,Male,Gen Z,one_and_done,1,1,2025-07-02,2025-07-02
2204,Male,Gen Z,one_and_done,1,1,2025-11-23,2025-11-23
2205,Male,Gen X,one_and_done,1,1,2025-12-15,2025-12-15
2206,Male,Millennial,occasional,1,7,2025-07-06,2026-05-15
2207,Female,Millennial,occasional,7,6,2025-11-25,2026-05-30
2208,Male,Millennial,regular,3,22,2025-07-10,2026-06-06
2209,Female,Millennial,loyal,2,27,2025-07-04,2026-07-08
2210,Male,Millennial,regular,2,22,2025-07-01,2026-07-09
2211,Male,Gen X,occasional,2,6,2025-09-26,2026-02-21
2212,Male,Millennial,one_and_done,1,1,2026-06-20,2026-06-20
2213,Male,Gen Z,one_and_done,5,1,2026-06-03,2026-06-03
2214,Male,Gen X,one_and_done,6,1,2025-09-16,2025-09-16
2215,Female,Millennial,occasional,1,6,2026-01-20,2026-06-21
2216,Female,Millennial,one_and_done,3,1,2026-06-01,2026-06-01
2217,Female,Millennial,one_and_done,7,1,2026-07-01,2026-07-01
2218,Male,Millennial,one_and_done,1,1,2025-09-12,2025-09-12
2219,Male,Gen Z,one_and_done,1,1,2026-01-16,2026-01-16
2220,Male,Millennial,one_and_done,1,1,2026-04-01,2026-04-01
2221,Male,Gen Z,occasional,1,5,2025-07-25,2025-12-07
2222,Male,Gen Z,occasional,1,5,2025-08-23,2026-06-16
2223,Female,Millennial,one_and_done,1,1,2026-02-01,2026-02-01
2224,Male,Gen Z,loyal,1,23,2025-08-03,2026-06-26
2225,Male,Millennial,one_and_done,1,1,2026-06-20,2026-06-20
2226,Female,Gen X,regular,3,15,2025-08-09,2026-06-02
2227,Male,Gen X,regular,2,17,2025-07-22,2026-07-05
2228,Male,Gen Z,one_and_done,5,1,2026-05-26,2026-05-26
2229,Female,Gen Z,loyal,2,20,2025-07-14,2026-07-01
2230,Male,Millennial,one_and_done,2,1,2026-02-25,2026-02-25
2231,Male,Millennial,one_and_done,4,1,2025-11-15,2025-11-15
2232,Male,Millennial,occasional,2,7,2025-08-07,2026-05-28
2233,Male,Millennial,one_and_done,1,1,2025-07-20,2025-07-20
2234,Female,Gen Z,one_and_done,2,1,2026-06-05,2026-06-05
2235,Male,Millennial,one_and_done,1,1,2025-12-25,2025-12-25
2236,Male,Millennial,one_and_done,1,1,2025-10-07,2025-10-07
2237,Male,Gen X,one_and_done,3,1,2025-11-24,2025-11-24
2238,Male,Gen Z,one_and_done,1,1,2025-09-17,2025-09-17
2239,Male,Millennial,one_and_done,2,1,2026-01-06,2026-01-06
2240,Male,Gen Z,occasional,3,5,2025-07-04,2026-05-23
2241,Male,Millennial,regular,1,22,2025-07-29,2026-06-30
2242,Male,Gen X,one_and_done,4,1,2025-09-13,2025-09-13
2243,Male,Boomer,regular,3,12,2025-07-05,2026-06-26
2244,Male,Millennial,regular,3,22,2025-07-10,2026-07-04
2245,Male,Gen Z,regular,1,15,2025-07-10,2026-07-07
2246,Female,Millennial,loyal,6,27,2025-07-04,2026-07-03
2247,Female,Millennial,one_and_done,1,1,2026-04-22,2026-04-22
2248,Male,Millennial,regular,3,22,2025-07-06,2026-06-29
2249,Male,Millennial,one_and_done,8,1,2025-09-08,2025-09-08
2250,Female,Millennial,one_and_done,6,1,2025-11-29,2025-11-29
2251,Female,Millennial,regular,4,18,2025-07-21,2026-06-10
2252,Female,Gen X,regular,1,15,2025-07-05,2026-06-25
2253,Female,Millennial,one_and_done,4,1,2026-04-10,2026-04-10
2254,Male,Millennial,one_and_done,6,1,2025-10-18,2025-10-18
2255,Male,Millennial,one_and_done,6,1,2025-09-17,2025-09-17
2256,Female,Millennial,regular,6,18,2025-07-16,2026-06-13
2257,Male,Millennial,one_and_done,1,1,2026-06-22,2026-06-22
2258,Male,Millennial,one_and_done,1,1,2025-08-08,2025-08-08
2259,Female,Millennial,one_and_done,5,1,2026-04-03,2026-04-03
2260,Male,Millennial,regular,1,22,2025-07-11,2026-06-25
2261,Male,Gen Z,occasional,3,5,2025-09-01,2026-05-04
2262,Female,Gen X,one_and_done,4,1,2026-06-06,2026-06-06
2263,Male,Millennial,regular,1,22,2025-07-01,2026-07-04
2264,Female,Gen Z,regular,7,14,2025-08-07,2026-07-05
2265,Female,Millennial,one_and_done,1,1,2025-12-05,2025-12-05
2266,Male,Millennial,loyal,1,32,2025-07-04,2026-07-06
2267,Female,Gen X,one_and_done,1,1,2025-08-04,2025-08-04
2268,Female,Millennial,one_and_done,1,1,2025-08-21,2025-08-21
2269,Male,Millennial,regular,1,22,2025-07-26,2026-06-27
2270,Female,Millennial,one_and_done,1,1,2026-04-29,2026-04-29
2271,Male,Gen Z,regular,2,15,2025-08-08,2026-07-04
2272,Female,Gen Z,loyal,1,20,2025-07-11,2026-07-05
2273,Male,Millennial,occasional,1,7,2025-09-20,2026-06-15
2274,Female,Millennial,loyal,1,27,2025-07-01,2026-07-05
2275,Female,Gen Z,one_and_done,1,1,2026-01-17,2026-01-17
2276,Male,Millennial,regular,1,22,2025-08-09,2026-06-12
2277,Male,Millennial,one_and_done,1,1,2025-07-29,2025-07-29
2278,Male,Millennial,occasional,5,7,2025-08-12,2026-07-02
2279,Male,Millennial,regular,3,22,2025-07-27,2026-06-28
2280,Male,Millennial,one_and_done,10,1,2025-12-24,2025-12-24
2281,Male,Boomer,occasional,1,4,2025-07-12,2026-01-14
2282,Male,Boomer,one_and_done,1,1,2025-07-28,2025-07-28
2283,Male,Millennial,occasional,4,7,2025-07-17,2026-06-23
2284,Female,Gen X,occasional,1,5,2025-11-20,2026-07-02
2285,Male,Millennial,regular,2,22,2025-08-02,2026-06-26
2286,Female,Gen Z,regular,2,14,2025-07-07,2026-06-20
2287,Female,Gen Z,one_and_done,4,1,2026-06-21,2026-06-21
2288,Female,Millennial,regular,1,18,2025-07-08,2026-06-16
2289,Female,Millennial,loyal,6,27,2025-07-01,2026-07-07
2290,Male,Millennial,one_and_done,4,1,2026-03-14,2026-03-14
2291,Male,Millennial,one_and_done,1,1,2026-01-30,2026-01-30
2292,Female,Gen Z,one_and_done,5,1,2026-06-20,2026-06-20
2293,Male,Gen Z,one_and_done,2,1,2026-05-18,2026-05-18
2294,Male,Gen Z,one_and_done,1,1,2026-05-02,2026-05-02
2295,Male,Millennial,loyal,1,32,2025-07-04,2026-07-07
2296,Male,Millennial,one_and_done,8,1,2026-03-08,2026-03-08
2297,Male,Millennial,one_and_done,3,1,2026-01-23,2026-01-23
2298,Male,Gen X,loyal,3,25,2025-07-02,2026-06-16
2299,Male,Gen Z,one_and_done,5,1,2026-04-13,2026-04-13
2300,Male,Millennial,occasional,1,7,2025-08-19,2026-07-09
2301,Male,Millennial,one_and_done,2,1,2025-10-10,2025-10-10
2302,Female,Millennial,regular,2,18,2025-07-19,2026-06-28
2303,Male,Gen X,regular,2,17,2025-09-01,2026-07-01
2304,Male,Gen X,occasional,1,6,2025-09-12,2026-06-08
2305,Male,Millennial,occasional,1,7,2025-07-15,2026-05-29
2306,Male,Gen Z,regular,4,15,2025-07-05,2026-04-23
2307,Male,Millennial,one_and_done,1,1,2026-06-03,2026-06-03
2308,Female,Millennial,occasional,2,6,2025-07-18,2026-07-07
2309,Male,Millennial,loyal,1,32,2025-07-04,2026-07-09
2310,Male,Millennial,one_and_done,6,1,2025-12-11,2025-12-11
2311,Male,Gen X,one_and_done,1,1,2025-07-25,2025-07-25
2312,Male,Millennial,one_and_done,1,1,2025-08-08,2025-08-08
2313,Male,Gen X,one_and_done,1,1,2026-04-28,2026-04-28
2314,Male,Millennial,occasional,1,7,2025-08-29,2026-06-03
2315,Male,Millennial,one_and_done,1,1,2025-11-21,2025-11-21
2316,Male,Gen X,regular,3,17,2025-07-08,2026-06-19
2317,Female,Millennial,regular,2,18,2025-07-11,2026-05-18
2318,Female,Gen Z,regular,5,14,2025-07-10,2026-07-09
2319,Female,Millennial,one_and_done,4,1,2025-11-02,2025-11-02
2320,Male,Millennial,one_and_done,5,1,2026-02-23,2026-02-23
2321,Male,Millennial,one_and_done,1,1,2025-10-17,2025-10-17
2322,Female,Millennial,one_and_done,3,1,2026-04-19,2026-04-19
2323,Male,Boomer,one_and_done,5,1,2026-04-23,2026-04-23
2324,Male,Millennial,regular,1,22,2025-07-12,2026-05-20
2325,Male,Gen X,one_and_done,5,1,2026-05-26,2026-05-26
2326,Male,Gen Z,one_and_done,1,1,2025-09-04,2025-09-04
2327,Male,Millennial,one_and_done,8,1,2026-06-12,2026-06-12
2328,Male,Millennial,regular,1,22,2025-07-18,2026-06-22
2329,Female,Millennial,regular,1,18,2025-08-07,2026-06-26
2330,Male,Gen X,regular,7,17,2025-07-17,2026-06-29
2331,Female,Millennial,occasional,1,6,2025-11-18,2026-04-10
2332,Male,Millennial,regular,2,22,2025-07-24,2026-06-03
2333,Male,Millennial,one_and_done,5,1,2025-12-31,2025-12-31
2334,Male,Gen Z,occasional,7,5,2025-08-10,2026-04-17
2335,Male,Gen Z,occasional,1,5,2025-08-01,2026-04-22
2336,Male,Gen Z,one_and_done,1,1,2025-12-12,2025-12-12
2337,Male,Gen Z,one_and_done,6,1,2025-08-29,2025-08-29
2338,Male,Gen X,loyal,2,25,2025-07-04,2026-06-27
2339,Male,Gen X,regular,5,17,2025-07-04,2026-06-21
2340,Male,Gen Z,regular,1,15,2025-07-01,2026-07-03
2341,Female,Gen X,occasional,6,5,2025-08-15,2026-01-09
2342,Male,Millennial,occasional,1,7,2025-10-15,2026-04-19
2343,Female,Millennial,regular,2,18,2025-07-04,2026-07-09
2344,Male,Boomer,loyal,1,18,2025-07-07,2026-06-25
2345,Male,Gen Z,regular,3,15,2025-07-06,2026-06-30
2346,Female,Millennial,one_and_done,2,1,2025-11-15,2025-11-15
2347,Male,Millennial,one_and_done,1,1,2025-12-31,2025-12-31
2348,Male,Boomer,one_and_done,1,1,2026-02-25,2026-02-25
2349,Female,Boomer,loyal,1,16,2025-07-03,2026-04-09
2350,Female,Millennial,loyal,1,27,2025-08-01,2026-06-18
2351,Male,Millennial,loyal,2,32,2025-07-23,2026-07-08
2352,Male,Gen X,occasional,1,6,2025-07-10,2026-02-21
2353,Male,Millennial,one_and_done,4,1,2026-06-11,2026-06-11
2354,Female,Millennial,one_and_done,7,1,2025-11-04,2025-11-04
2355,Male,Gen X,regular,1,17,2025-07-04,2026-07-06
2356,Male,Gen X,one_and_done,7,1,2025-07-05,2025-07-05
2357,Female,Millennial,one_and_done,8,1,2026-01-30,2026-01-30
2358,Male,Millennial,regular,5,22,2025-07-09,2026-06-25
2359,Male,Gen Z,regular,4,15,2025-07-08,2026-06-26
2360,Male,Millennial,one_and_done,6,1,2026-01-14,2026-01-14
2361,Female,Millennial,one_and_done,2,1,2025-12-06,2025-12-06
2362,Female,Gen X,one_and_done,4,1,2025-11-29,2025-11-29
2363,Male,Millennial,regular,1,22,2025-08-05,2026-06-01
2364,Female,Boomer,one_and_done,6,1,2026-03-17,2026-03-17
2365,Female,Millennial,one_and_done,3,1,2025-11-29,2025-11-29
2366,Female,Gen Z,loyal,2,20,2025-07-31,2026-06-30
2367,Male,Millennial,one_and_done,1,1,2026-04-30,2026-04-30
2368,Male,Millennial,one_and_done,7,1,2026-03-12,2026-03-12
2369,Female,Gen Z,loyal,5,20,2025-08-21,2026-06-13
2370,Male,Gen X,occasional,2,6,2025-07-18,2026-06-25
2371,Male,Millennial,one_and_done,1,1,2025-08-16,2025-08-16
2372,Male,Gen X,occasional,1,6,2025-08-07,2025-11-23
2373,Male,Millennial,loyal,1,32,2025-08-01,2026-06-26
2374,Male,Boomer,one_and_done,1,1,2025-08-23,2025-08-23
2375,Male,Gen X,one_and_done,1,1,2026-04-18,2026-04-18
2376,Female,Millennial,regular,1,18,2025-07-11,2026-07-08
2377,Male,Millennial,loyal,5,32,2025-07-19,2026-07-08
2378,Male,Millennial,regular,2,22,2025-07-09,2026-06-24
2379,Male,Millennial,one_and_done,1,1,2026-04-27,2026-04-27
2380,Male,Millennial,one_and_done,2,1,2026-01-21,2026-01-21
2381,Female,Gen Z,regular,1,14,2025-07-01,2026-07-09
2382,Female,Gen X,one_and_done,2,1,2026-03-13,2026-03-13
2383,Male,Millennial,one_and_done,4,1,2025-09-09,2025-09-09
2384,Male,Gen X,loyal,1,25,2025-07-26,2026-06-27
2385,Male,Millennial,one_and_done,6,1,2025-09-29,2025-09-29
2386,Male,Millennial,one_and_done,1,1,2026-03-14,2026-03-14
2387,Female,Millennial,occasional,1,6,2025-09-21,2026-05-27
2388,Female,Gen Z,regular,1,14,2025-07-12,2026-06-26
2389,Male,Millennial,regular,2,22,2025-07-28,2026-05-26
2390,Male,Gen Z,occasional,3,5,2025-07-18,2026-04-29
2391,Male,Millennial,one_and_done,2,1,2025-11-12,2025-11-12
2392,Female,Millennial,one_and_done,1,1,2025-12-18,2025-12-18
2393,Female,Millennial,one_and_done,1,1,2026-03-23,2026-03-23
2394,Male,Gen Z,occasional,1,5,2025-07-12,2026-05-26
2395,Male,Gen Z,one_and_done,1,1,2026-03-03,2026-03-03
2396,Female,Millennial,occasional,2,6,2025-07-06,2026-05-03
2397,Female,Millennial,one_and_done,1,1,2025-10-04,2025-10-04
2398,Female,Millennial,one_and_done,1,1,2025-08-03,2025-08-03
2399,Female,Millennial,regular,1,18,2025-07-13,2026-07-04
2400,Male,Gen Z,occasional,1,5,2025-09-28,2026-06-23
2401,Male,Gen Z,one_and_done,1,1,2026-01-06,2026-01-06
2402,Male,Millennial,occasional,3,7,2025-07-01,2026-06-21
2403,Female,Gen X,one_and_done,1,1,2025-11-30,2025-11-30
2404,Male,Gen X,one_and_done,4,1,2025-09-12,2025-09-12
2405,Female,Millennial,occasional,1,6,2025-08-11,2026-05-23
2406,Male,Gen X,regular,1,17,2025-07-03,2026-07-02
2407,Male,Gen Z,regular,5,15,2025-10-11,2026-06-25
2408,Male,Gen Z,occasional,1,5,2025-10-09,2026-05-31
2409,Male,Millennial,one_and_done,5,1,2026-07-04,2026-07-04
2410,Female,Millennial,regular,4,18,2025-07-02,2026-06-26
2411,Female,Gen Z,regular,3,14,2025-08-12,2026-07-07
2412,Female,Boomer,regular,5,11,2025-10-19,2026-07-04
2413,Female,Gen Z,loyal,1,20,2025-07-03,2026-07-06
2414,Male,Gen X,one_and_done,3,1,2025-10-18,2025-10-18
2415,Female,Gen Z,regular,7,14,2025-07-18,2026-07-03
2416,Male,Gen X,regular,1,17,2025-08-27,2026-06-16
2417,Male,Millennial,one_and_done,1,1,2026-05-18,2026-05-18
2418,Male,Gen X,loyal,5,25,2025-09-05,2026-05-29
2419,Female,Gen X,one_and_done,3,1,2026-01-07,2026-01-07
2420,Male,Boomer,one_and_done,1,1,2025-10-09,2025-10-09
2421,Male,Gen Z,regular,4,15,2025-08-31,2026-07-03
2422,Female,Millennial,regular,2,18,2025-07-24,2026-05-20
2423,Male,Millennial,one_and_done,1,1,2026-01-27,2026-01-27
2424,Male,Millennial,occasional,8,7,2025-09-18,2026-05-29
2425,Male,Millennial,one_and_done,1,1,2026-05-20,2026-05-20
2426,Male,Gen X,one_and_done,1,1,2026-03-20,2026-03-20
2427,Female,Millennial,one_and_done,1,1,2025-08-08,2025-08-08
2428,Male,Millennial,regular,2,22,2025-07-12,2026-06-08
2429,Female,Gen Z,one_and_done,5,1,2026-05-03,2026-05-03
2430,Male,Gen Z,one_and_done,5,1,2025-08-07,2025-08-07
2431,Male,Gen X,occasional,9,6,2025-12-09,2026-05-28
2432,Male,Boomer,one_and_done,3,1,2025-09-18,2025-09-18
2433,Male,Millennial,one_and_done,1,1,2026-03-10,2026-03-10
2434,Male,Gen Z,one_and_done,6,1,2025-10-14,2025-10-14
2435,Male,Millennial,occasional,1,7,2025-10-14,2026-06-17
2436,Male,Gen X,occasional,7,6,2025-07-25,2026-06-30
2437,Male,Millennial,one_and_done,1,1,2026-02-07,2026-02-07
2438,Male,Gen Z,regular,3,15,2025-07-29,2026-06-12
2439,Female,Gen X,occasional,2,5,2025-07-30,2026-06-12
2440,Male,Gen Z,one_and_done,1,1,2026-06-05,2026-06-05
2441,Female,Millennial,occasional,1,6,2025-10-04,2026-06-01
2442,Female,Millennial,regular,2,18,2025-07-17,2026-07-04
2443,Male,Gen X,one_and_done,3,1,2026-03-10,2026-03-10
2444,Male,Millennial,one_and_done,5,1,2026-06-19,2026-06-19
2445,Male,Millennial,one_and_done,6,1,2026-05-26,2026-05-26
2446,Male,Millennial,one_and_done,1,1,2026-06-26,2026-06-26
2447,Male,Gen Z,one_and_done,1,1,2026-06-27,2026-06-27
2448,Male,Millennial,loyal,4,32,2025-07-02,2026-07-09
2449,Male,Millennial,occasional,1,7,2025-07-18,2026-06-19
2450,Male,Gen Z,loyal,5,23,2025-07-18,2026-07-03
2451,Female,Gen Z,regular,1,14,2025-07-04,2026-05-29
2452,Female,Millennial,loyal,1,27,2025-07-12,2026-05-26
2453,Female,Boomer,loyal,5,16,2025-07-16,2026-06-29
2454,Female,Millennial,regular,1,18,2025-07-15,2026-06-29
2455,Female,Gen Z,one_and_done,3,1,2026-02-06,2026-02-06
2456,Male,Millennial,one_and_done,5,1,2026-02-21,2026-02-21
2457,Male,Millennial,regular,1,22,2025-07-15,2026-07-02
2458,Male,Millennial,one_and_done,1,1,2025-12-27,2025-12-27
2459,Female,Millennial,regular,9,18,2025-07-25,2026-06-25
2460,Male,Millennial,regular,1,22,2025-07-07,2026-06-22
2461,Male,Gen Z,one_and_done,1,1,2026-06-27,2026-06-27
2462,Male,Gen Z,one_and_done,1,1,2025-11-12,2025-11-12
2463,Male,Millennial,one_and_done,1,1,2025-11-01,2025-11-01
2464,Male,Gen Z,regular,1,15,2025-08-27,2026-07-02
2465,Female,Gen Z,one_and_done,1,1,2026-03-26,2026-03-26
2466,Female,Millennial,one_and_done,1,1,2025-10-10,2025-10-10
2467,Male,Millennial,occasional,4,7,2025-07-21,2026-05-30
2468,Male,Millennial,one_and_done,7,1,2025-07-01,2025-07-01
2469,Female,Gen X,regular,9,15,2025-07-09,2026-06-19
2470,Female,Boomer,occasional,9,4,2025-07-06,2026-05-17
2471,Male,Millennial,one_and_done,2,1,2026-04-10,2026-04-10
2472,Female,Millennial,one_and_done,2,1,2026-07-04,2026-07-04
2473,Male,Boomer,one_and_done,1,1,2026-05-04,2026-05-04
2474,Male,Millennial,regular,6,22,2025-07-04,2026-06-26
2475,Male,Gen X,one_and_done,1,1,2026-06-13,2026-06-13
2476,Male,Gen Z,loyal,4,23,2025-07-31,2026-06-12
2477,Male,Millennial,one_and_done,2,1,2026-05-10,2026-05-10
2478,Male,Millennial,loyal,1,32,2025-07-04,2026-06-18
2479,Male,Millennial,one_and_done,1,1,2026-05-25,2026-05-25
2480,Female,Millennial,one_and_done,1,1,2025-07-27,2025-07-27
2481,Male,Millennial,occasional,3,7,2025-07-11,2026-05-30
2482,Female,Millennial,one_and_done,5,1,2025-09-12,2025-09-12
2483,Male,Boomer,one_and_done,1,1,2025-07-11,2025-07-11
2484,Female,Gen Z,occasional,5,5,2025-08-13,2026-07-09
2485,Male,Gen X,regular,1,17,2025-07-22,2026-07-04
2486,Male,Gen Z,occasional,10,5,2025-08-13,2026-07-05
2487,Male,Gen X,one_and_done,1,1,2026-01-10,2026-01-10
2488,Male,Millennial,one_and_done,1,1,2025-08-07,2025-08-07
2489,Male,Gen X,one_and_done,1,1,2026-01-30,2026-01-30
2490,Male,Millennial,regular,1,22,2025-07-26,2026-06-20
2491,Male,Millennial,one_and_done,8,1,2025-12-15,2025-12-15
2492,Female,Millennial,regular,1,18,2025-07-09,2026-07-06
2493,Male,Millennial,regular,4,22,2025-07-08,2026-06-17
2494,Male,Gen Z,loyal,2,23,2025-07-10,2026-06-26
2495,Male,Gen X,one_and_done,7,1,2026-01-16,2026-01-16
2496,Male,Millennial,one_and_done,1,1,2025-11-26,2025-11-26
2497,Male,Gen X,one_and_done,1,1,2026-01-11,2026-01-11
2498,Male,Millennial,loyal,2,32,2025-07-09,2026-06-27
2499,Male,Gen X,one_and_done,1,1,2026-03-27,2026-03-27
2500,Male,Millennial,loyal,4,32,2025-07-20,2026-06-26
2501,Male,Millennial,one_and_done,3,1,2026-06-07,2026-06-07
2502,Male,Gen X,loyal,1,25,2025-07-06,2026-07-06
2503,Male,Millennial,one_and_done,1,1,2025-07-01,2025-07-01
2504,Male,Boomer,one_and_done,1,1,2026-01-10,2026-01-10
2505,Male,Gen X,regular,2,17,2025-08-15,2026-06-14
2506,Female,Millennial,loyal,4,27,2025-07-03,2026-07-03
2507,Male,Gen Z,one_and_done,1,1,2025-10-11,2025-10-11
2508,Male,Gen Z,occasional,2,5,2025-08-09,2026-03-03
2509,Male,Millennial,regular,1,22,2025-07-16,2026-06-27
2510,Female,Gen Z,regular,2,14,2025-07-02,2026-05-08
2511,Male,Millennial,occasional,7,7,2025-07-18,2026-04-30
2512,Male,Boomer,one_and_done,3,1,2026-03-24,2026-03-24
2513,Female,Gen Z,occasional,2,5,2025-07-25,2026-01-14
2514,Male,Millennial,regular,1,22,2025-07-12,2026-06-14
2515,Male,Millennial,one_and_done,2,1,2025-12-14,2025-12-14
2516,Male,Millennial,regular,6,22,2025-08-07,2026-06-25
2517,Female,Gen Z,one_and_done,1,1,2025-10-31,2025-10-31
2518,Female,Gen X,regular,1,15,2025-07-27,2026-07-09
2519,Male,Millennial,one_and_done,1,1,2026-01-17,2026-01-17
2520,Male,Millennial,regular,1,22,2025-08-06,2026-05-03
2521,Male,Gen X,one_and_done,1,1,2025-12-28,2025-12-28
2522,Male,Gen Z,one_and_done,2,1,2026-01-30,2026-01-30
2523,Male,Millennial,one_and_done,1,1,2026-02-25,2026-02-25
2524,Male,Gen X,occasional,3,6,2026-03-06,2026-07-04
2525,Male,Millennial,one_and_done,5,1,2026-05-22,2026-05-22
2526,Male,Gen Z,one_and_done,1,1,2025-11-16,2025-11-16
2527,Male,Millennial,occasional,1,7,2025-07-05,2026-07-05
2528,Male,Millennial,one_and_done,2,1,2025-07-22,2025-07-22
2529,Male,Gen Z,one_and_done,1,1,2026-03-13,2026-03-13
2530,Male,Millennial,occasional,1,7,2025-12-15,2026-04-08
2531,Male,Gen X,one_and_done,1,1,2026-03-05,2026-03-05
2532,Male,Millennial,regular,5,22,2025-07-21,2026-06-26
2533,Male,Millennial,regular,4,22,2025-07-07,2026-07-02
2534,Male,Millennial,occasional,1,7,2025-08-24,2026-05-17
2535,Male,Millennial,regular,2,22,2025-07-05,2026-07-03
2536,Female,Millennial,regular,2,18,2025-07-25,2026-06-28
2537,Male,Gen X,one_and_done,3,1,2026-05-14,2026-05-14
2538,Male,Gen X,regular,3,17,2025-07-10,2026-06-30
2539,Male,Boomer,one_and_done,2,1,2026-04-17,2026-04-17
2540,Female,Millennial,loyal,1,27,2025-07-08,2026-07-01
2541,Female,Gen Z,occasional,1,5,2026-02-28,2026-06-23
2542,Male,Gen Z,regular,2,15,2025-07-01,2026-07-06
2543,Female,Millennial,occasional,2,6,2025-07-16,2026-02-11
2544,Male,Gen Z,one_and_done,4,1,2026-02-12,2026-02-12
2545,Male,Millennial,regular,2,22,2025-07-01,2026-06-20
2546,Male,Millennial,occasional,1,7,2025-08-04,2026-06-26
2547,Female,Millennial,loyal,1,27,2025-07-12,2026-06-29
2548,Male,Millennial,regular,1,22,2025-07-03,2026-07-06
2549,Female,Millennial,one_and_done,4,1,2025-07-26,2025-07-26
2550,Male,Millennial,regular,4,22,2025-07-23,2026-07-08
2551,Male,Gen X,regular,1,17,2025-07-04,2026-07-05
2552,Female,Gen Z,one_and_done,1,1,2025-09-18,2025-09-18
2553,Male,Gen Z,one_and_done,1,1,2026-05-04,2026-05-04
2554,Female,Millennial,occasional,3,6,2025-10-17,2026-05-27
2555,Male,Millennial,one_and_done,1,1,2025-08-15,2025-08-15
2556,Male,Boomer,one_and_done,1,1,2026-05-12,2026-05-12
2557,Male,Millennial,one_and_done,8,1,2025-07-17,2025-07-17
2558,Male,Millennial,regular,1,22,2025-07-25,2026-07-03
2559,Male,Gen Z,one_and_done,1,1,2026-01-28,2026-01-28
2560,Male,Millennial,one_and_done,4,1,2025-09-24,2025-09-24
2561,Female,Millennial,loyal,2,27,2025-07-07,2026-06-26
2562,Male,Millennial,one_and_done,2,1,2026-05-09,2026-05-09
2563,Male,Millennial,one_and_done,1,1,2025-08-08,2025-08-08
2564,Female,Millennial,occasional,2,6,2025-08-12,2026-06-19
2565,Male,Millennial,occasional,6,7,2025-07-17,2026-04-18
2566,Female,Gen Z,occasional,4,5,2025-07-11,2025-12-24
2567,Female,Millennial,regular,4,18,2025-07-19,2026-06-03
2568,Male,Gen Z,regular,1,15,2025-07-04,2026-06-27
2569,Male,Millennial,loyal,2,32,2025-07-04,2026-07-06
2570,Male,Gen Z,loyal,1,23,2025-07-13,2026-06-07
2571,Male,Gen X,one_and_done,1,1,2026-04-03,2026-04-03
2572,Female,Millennial,one_and_done,2,1,2026-02-26,2026-02-26
2573,Female,Gen Z,occasional,8,5,2025-07-12,2026-06-01
2574,Male,Millennial,one_and_done,2,1,2026-04-28,2026-04-28
2575,Male,Millennial,regular,3,22,2025-07-10,2026-06-22
2576,Male,Gen Z,loyal,1,23,2025-07-09,2026-06-15
2577,Female,Millennial,one_and_done,1,1,2025-10-06,2025-10-06
2578,Male,Millennial,regular,1,22,2025-07-01,2026-06-21
2579,Male,Millennial,one_and_done,1,1,2026-01-03,2026-01-03
2580,Male,Gen Z,occasional,6,5,2025-10-30,2026-03-30
2581,Female,Millennial,one_and_done,2,1,2026-03-23,2026-03-23
2582,Female,Millennial,regular,1,18,2025-07-28,2026-07-07
2583,Male,Millennial,one_and_done,4,1,2025-09-29,2025-09-29
2584,Female,Millennial,one_and_done,3,1,2025-10-26,2025-10-26
2585,Female,Gen Z,occasional,2,5,2025-11-06,2026-07-01
2586,Female,Gen X,one_and_done,2,1,2026-02-11,2026-02-11
2587,Female,Gen X,loyal,5,23,2025-07-03,2026-06-12
2588,Female,Millennial,occasional,1,6,2025-07-31,2026-02-27
2589,Male,Gen Z,one_and_done,2,1,2025-12-05,2025-12-05
2590,Female,Millennial,one_and_done,1,1,2025-07-21,2025-07-21
2591,Male,Gen X,loyal,1,25,2025-07-03,2026-06-22
2592,Female,Gen Z,one_and_done,6,1,2026-05-15,2026-05-15
2593,Male,Boomer,occasional,3,4,2025-08-08,2026-05-08
2594,Male,Gen Z,one_and_done,1,1,2025-09-07,2025-09-07
2595,Male,Gen X,regular,2,17,2025-07-23,2026-06-22
2596,Female,Gen X,occasional,7,5,2025-09-02,2026-07-02
2597,Female,Gen Z,loyal,3,20,2025-07-03,2026-07-03
2598,Male,Gen Z,occasional,1,5,2025-08-21,2026-06-13
2599,Male,Millennial,loyal,5,32,2025-07-15,2026-06-05
2600,Male,Millennial,one_and_done,2,1,2025-07-08,2025-07-08
2601,Female,Gen X,regular,2,15,2025-07-04,2026-03-01
2602,Female,Gen Z,occasional,1,5,2025-07-09,2026-04-16
2603,Male,Millennial,one_and_done,1,1,2025-12-20,2025-12-20
2604,Male,Gen Z,one_and_done,2,1,2026-01-23,2026-01-23
2605,Male,Millennial,regular,1,22,2025-07-12,2026-04-20
2606,Female,Millennial,occasional,1,6,2025-11-02,2026-06-12
2607,Female,Gen Z,occasional,2,5,2025-09-29,2026-06-28
2608,Female,Millennial,one_and_done,1,1,2025-12-22,2025-12-22
2609,Female,Gen Z,one_and_done,8,1,2026-01-27,2026-01-27
2610,Male,Gen X,regular,2,17,2025-07-26,2026-07-06
2611,Male,Millennial,occasional,1,7,2025-08-16,2026-05-12
2612,Female,Millennial,occasional,1,6,2025-11-26,2026-05-13
2613,Male,Gen Z,occasional,3,5,2025-10-23,2026-05-19
2614,Female,Millennial,one_and_done,4,1,2025-09-11,2025-09-11
2615,Male,Gen Z,one_and_done,1,1,2026-03-27,2026-03-27
2616,Male,Gen X,one_and_done,1,1,2026-04-22,2026-04-22
2617,Male,Gen Z,regular,2,15,2025-07-15,2026-06-27
2618,Male,Millennial,one_and_done,4,1,2025-09-12,2025-09-12
2619,Male,Gen X,occasional,1,6,2025-07-26,2026-04-06
2620,Female,Boomer,loyal,1,16,2025-08-29,2026-07-09
2621,Male,Millennial,regular,3,22,2025-07-01,2026-06-22
2622,Male,Boomer,one_and_done,3,1,2026-02-06,2026-02-06
2623,Female,Gen Z,occasional,1,5,2025-07-27,2026-07-09
2624,Male,Millennial,occasional,2,7,2025-12-22,2026-06-15
2625,Female,Millennial,loyal,1,27,2025-07-01,2026-06-24
2626,Female,Gen X,regular,1,15,2025-08-01,2026-06-03
2627,Male,Gen Z,occasional,1,5,2025-07-16,2026-05-17
2628,Female,Boomer,one_and_done,8,1,2026-05-07,2026-05-07
2629,Male,Gen X,loyal,3,25,2025-07-11,2026-07-03
2630,Male,Gen X,one_and_done,1,1,2025-07-11,2025-07-11
2631,Male,Millennial,occasional,1,7,2025-07-11,2026-05-12
2632,Male,Gen Z,one_and_done,1,1,2026-02-02,2026-02-02
2633,Male,Gen X,occasional,1,6,2026-03-14,2026-05-06
2634,Female,Millennial,regular,1,18,2025-07-13,2026-06-27
2635,Female,Millennial,one_and_done,7,1,2025-08-20,2025-08-20
2636,Male,Millennial,one_and_done,1,1,2026-05-10,2026-05-10
2637,Male,Millennial,one_and_done,3,1,2025-08-17,2025-08-17
2638,Male,Millennial,regular,8,22,2025-07-04,2026-06-27
2639,Male,Millennial,regular,1,22,2025-07-17,2026-07-07
2640,Male,Gen Z,occasional,3,5,2025-07-11,2026-06-18
2641,Male,Gen Z,one_and_done,2,1,2026-02-16,2026-02-16
2642,Male,Gen Z,regular,5,15,2025-07-12,2026-07-01
2643,Male,Boomer,regular,4,12,2025-07-14,2026-05-20
2644,Female,Gen X,one_and_done,2,1,2025-12-27,2025-12-27
2645,Male,Gen Z,occasional,1,5,2025-09-15,2026-02-20
2646,Male,Gen X,one_and_done,2,1,2026-02-03,2026-02-03
2647,Male,Millennial,one_and_done,10,1,2026-02-24,2026-02-24
2648,Male,Millennial,one_and_done,3,1,2026-05-23,2026-05-23
2649,Male,Millennial,one_and_done,1,1,2025-09-29,2025-09-29
2650,Female,Gen X,occasional,2,5,2025-08-07,2026-05-21
2651,Male,Millennial,regular,2,22,2025-07-19,2026-07-08
2652,Female,Gen Z,one_and_done,1,1,2025-12-17,2025-12-17
2653,Male,Millennial,one_and_done,3,1,2026-06-06,2026-06-06
2654,Male,Gen X,occasional,1,6,2025-10-25,2026-04-03
2655,Male,Boomer,one_and_done,1,1,2025-07-25,2025-07-25
2656,Female,Millennial,one_and_done,2,1,2026-03-29,2026-03-29
2657,Male,Gen X,regular,8,17,2025-07-12,2026-06-26
2658,Male,Millennial,one_and_done,4,1,2025-12-12,2025-12-12
2659,Female,Millennial,one_and_done,3,1,2026-02-14,2026-02-14
2660,Female,Millennial,occasional,1,6,2025-08-23,2026-05-09
2661,Female,Gen Z,occasional,6,5,2025-07-25,2026-06-10
2662,Female,Gen Z,one_and_done,6,1,2026-05-17,2026-05-17
2663,Male,Gen Z,regular,6,15,2025-07-04,2026-06-05
2664,Male,Gen X,loyal,1,25,2025-07-27,2026-06-20
2665,Male,Millennial,occasional,1,7,2025-10-02,2026-05-26
2666,Female,Boomer,occasional,1,4,2025-11-29,2026-05-05
2667,Female,Millennial,one_and_done,1,1,2025-11-09,2025-11-09
2668,Female,Millennial,occasional,1,6,2025-08-26,2026-01-07
2669,Male,Gen X,occasional,9,6,2025-07-07,2026-05-03
2670,Female,Boomer,one_and_done,3,1,2025-10-15,2025-10-15
2671,Female,Gen Z,loyal,4,20,2025-08-12,2026-06-29
2672,Male,Millennial,one_and_done,6,1,2025-11-14,2025-11-14
2673,Male,Millennial,loyal,5,32,2025-07-04,2026-07-03
2674,Female,Gen X,regular,2,15,2025-07-27,2026-06-29
2675,Male,Gen Z,one_and_done,1,1,2025-09-26,2025-09-26
2676,Male,Gen X,one_and_done,1,1,2025-09-26,2025-09-26
2677,Male,Gen Z,regular,5,15,2025-07-19,2026-02-06
2678,Female,Millennial,one_and_done,7,1,2025-09-26,2025-09-26
2679,Male,Millennial,one_and_done,6,1,2025-12-28,2025-12-28
2680,Male,Gen Z,occasional,2,5,2025-07-17,2026-06-18
2681,Male,Gen Z,occasional,3,5,2025-08-18,2026-06-27
2682,Male,Millennial,loyal,1,32,2025-07-12,2026-07-09
2683,Male,Millennial,one_and_done,4,1,2025-08-15,2025-08-15
2684,Male,Millennial,occasional,4,7,2025-09-16,2026-05-26
2685,Female,Gen X,one_and_done,1,1,2025-08-28,2025-08-28
2686,Male,Millennial,one_and_done,2,1,2025-07-31,2025-07-31
2687,Male,Gen X,occasional,6,6,2025-09-22,2026-07-09
2688,Male,Millennial,occasional,1,7,2025-09-17,2026-05-03
2689,Male,Millennial,regular,1,22,2025-08-04,2026-07-04
2690,Male,Gen X,loyal,2,25,2025-07-06,2026-06-24
2691,Male,Millennial,regular,1,22,2025-07-05,2026-07-09
2692,Male,Millennial,regular,1,22,2025-07-05,2026-06-20
2693,Male,Millennial,regular,5,22,2025-07-03,2026-05-10
2694,Male,Gen Z,occasional,1,5,2025-11-16,2026-07-04
2695,Male,Millennial,one_and_done,9,1,2025-07-14,2025-07-14
2696,Male,Millennial,one_and_done,1,1,2026-03-29,2026-03-29
2697,Male,Millennial,one_and_done,3,1,2025-09-22,2025-09-22
2698,Male,Millennial,regular,1,22,2025-07-02,2026-07-01
2699,Male,Gen Z,one_and_done,1,1,2025-07-12,2025-07-12
2700,Female,Boomer,one_and_done,1,1,2026-05-22,2026-05-22
2701,Female,Gen Z,occasional,1,5,2025-08-04,2026-05-12
2702,Female,Gen X,one_and_done,2,1,2026-05-18,2026-05-18
2703,Male,Millennial,occasional,1,7,2025-07-24,2026-04-12
2704,Male,Gen Z,one_and_done,1,1,2025-09-29,2025-09-29
2705,Male,Millennial,one_and_done,1,1,2025-11-02,2025-11-02
2706,Male,Gen Z,occasional,1,5,2025-10-28,2026-02-25
2707,Male,Gen Z,one_and_done,4,1,2025-07-19,2025-07-19
2708,Male,Boomer,occasional,6,4,2025-07-18,2025-10-29
2709,Male,Millennial,occasional,1,7,2025-09-21,2026-05-02
2710,Male,Boomer,one_and_done,2,1,2026-05-22,2026-05-22
2711,Male,Millennial,regular,1,22,2025-07-11,2026-07-08
2712,Male,Gen Z,regular,1,15,2025-08-16,2026-06-07
2713,Male,Millennial,one_and_done,3,1,2026-03-01,2026-03-01
2714,Male,Gen X,one_and_done,6,1,2026-03-19,2026-03-19
2715,Male,Millennial,one_and_done,1,1,2025-11-22,2025-11-22
2716,Male,Millennial,one_and_done,3,1,2026-02-18,2026-02-18
2717,Male,Millennial,one_and_done,1,1,2026-01-03,2026-01-03
2718,Male,Millennial,regular,5,22,2025-07-21,2026-07-04
2719,Female,Millennial,one_and_done,1,1,2025-08-07,2025-08-07
2720,Male,Gen X,one_and_done,4,1,2025-10-16,2025-10-16
2721,Male,Millennial,occasional,1,7,2025-09-06,2026-03-07
2722,Female,Gen X,one_and_done,1,1,2026-04-25,2026-04-25
2723,Male,Gen X,regular,1,17,2025-07-07,2026-06-30
2724,Male,Gen Z,one_and_done,3,1,2026-04-10,2026-04-10
2725,Female,Millennial,one_and_done,1,1,2025-08-09,2025-08-09
2726,Male,Millennial,one_and_done,1,1,2025-10-14,2025-10-14
2727,Male,Millennial,occasional,1,7,2025-07-04,2025-12-01
2728,Female,Gen Z,occasional,7,5,2025-11-26,2026-07-03
2729,Female,Gen Z,one_and_done,5,1,2025-08-08,2025-08-08
2730,Male,Boomer,loyal,7,18,2025-07-03,2026-05-25
2731,Male,Gen Z,one_and_done,1,1,2025-08-21,2025-08-21
2732,Male,Gen Z,occasional,2,5,2025-08-22,2026-06-27
2733,Female,Gen Z,occasional,3,5,2025-07-06,2026-03-14
2734,Female,Gen Z,regular,1,14,2025-07-07,2026-03-27
2735,Female,Gen Z,one_and_done,1,1,2025-08-31,2025-08-31
2736,Male,Millennial,loyal,1,32,2025-07-03,2026-06-28
2737,Female,Boomer,one_and_done,1,1,2026-05-10,2026-05-10
2738,Male,Millennial,occasional,1,7,2025-09-10,2026-05-19
2739,Male,Gen X,one_and_done,1,1,2025-08-08,2025-08-08
2740,Male,Millennial,regular,1,22,2025-07-15,2026-06-30
2741,Female,Millennial,loyal,6,27,2025-07-25,2026-07-03
2742,Female,Boomer,regular,3,11,2025-07-31,2026-06-02
2743,Male,Millennial,occasional,1,7,2025-07-03,2026-03-21
2744,Male,Millennial,occasional,1,7,2025-07-04,2026-05-15
2745,Male,Millennial,one_and_done,1,1,2026-06-30,2026-06-30
2746,Male,Millennial,one_and_done,1,1,2025-07-23,2025-07-23
2747,Female,Millennial,one_and_done,1,1,2025-09-18,2025-09-18
2748,Male,Millennial,one_and_done,7,1,2025-10-15,2025-10-15
2749,Male,Gen X,one_and_done,3,1,2025-11-29,2025-11-29
2750,Male,Gen Z,one_and_done,10,1,2026-05-21,2026-05-21
2751,Male,Millennial,one_and_done,1,1,2026-03-22,2026-03-22
2752,Male,Millennial,regular,4,22,2025-07-01,2026-07-09
2753,Male,Gen X,regular,1,17,2025-07-06,2026-07-04
2754,Male,Millennial,occasional,3,7,2025-07-30,2026-05-16
2755,Male,Gen Z,loyal,1,23,2025-07-03,2026-07-02
2756,Female,Gen X,occasional,1,5,2025-09-09,2026-06-22
2757,Female,Millennial,loyal,1,27,2025-07-04,2026-06-09
2758,Male,Millennial,occasional,4,7,2025-07-16,2026-06-25
2759,Male,Millennial,occasional,1,7,2025-11-08,2026-04-24
2760,Male,Gen X,one_and_done,4,1,2025-08-23,2025-08-23
2761,Male,Millennial,one_and_done,3,1,2026-01-08,2026-01-08
2762,Male,Millennial,one_and_done,1,1,2026-05-25,2026-05-25
2763,Male,Gen Z,occasional,1,5,2025-07-17,2026-05-15
2764,Male,Millennial,one_and_done,2,1,2026-06-01,2026-06-01
2765,Male,Gen X,loyal,1,25,2025-08-11,2026-07-09
2766,Female,Gen X,occasional,3,5,2025-08-19,2026-06-20
2767,Male,Boomer,loyal,1,18,2025-07-03,2026-06-14
2768,Female,Millennial,occasional,2,6,2025-08-22,2026-06-26
2769,Male,Millennial,one_and_done,6,1,2026-06-03,2026-06-03
2770,Male,Millennial,regular,1,22,2025-09-02,2026-07-03
2771,Male,Gen X,one_and_done,5,1,2026-07-08,2026-07-08
2772,Female,Gen Z,one_and_done,10,1,2026-05-14,2026-05-14
2773,Male,Gen X,occasional,1,6,2025-09-26,2026-06-15
2774,Male,Millennial,one_and_done,6,1,2026-02-26,2026-02-26
2775,Male,Gen Z,occasional,1,5,2025-07-21,2026-06-06
2776,Female,Millennial,occasional,1,6,2025-09-02,2026-06-19
2777,Female,Millennial,one_and_done,2,1,2026-04-05,2026-04-05
2778,Male,Millennial,occasional,1,7,2025-09-19,2026-07-05
2779,Male,Millennial,regular,3,22,2025-07-08,2026-06-16
2780,Male,Gen Z,one_and_done,3,1,2026-01-16,2026-01-16
2781,Female,Gen X,regular,1,15,2025-07-11,2026-07-02
2782,Male,Gen X,regular,10,17,2025-07-03,2026-06-20
2783,Male,Millennial,one_and_done,4,1,2025-07-12,2025-07-12
2784,Male,Gen Z,one_and_done,6,1,2025-10-11,2025-10-11
2785,Female,Gen X,occasional,1,5,2025-07-06,2026-05-04
2786,Female,Millennial,occasional,1,6,2025-07-20,2026-06-24
2787,Male,Millennial,occasional,3,7,2025-11-11,2026-06-25
2788,Female,Gen X,loyal,4,23,2025-07-01,2026-06-14
2789,Male,Millennial,loyal,4,32,2025-07-09,2026-07-09
2790,Male,Gen Z,one_and_done,1,1,2025-11-07,2025-11-07
2791,Male,Gen X,regular,1,17,2025-08-08,2026-07-02
2792,Female,Gen X,occasional,1,5,2025-07-30,2026-05-23
2793,Male,Millennial,one_and_done,2,1,2025-08-05,2025-08-05
2794,Female,Boomer,loyal,1,16,2025-07-03,2026-06-26
2795,Male,Millennial,one_and_done,2,1,2025-08-31,2025-08-31
2796,Female,Millennial,one_and_done,2,1,2025-10-01,2025-10-01
2797,Female,Gen X,regular,5,15,2025-08-07,2026-06-26
2798,Female,Millennial,one_and_done,1,1,2026-01-16,2026-01-16
2799,Male,Gen Z,one_and_done,1,1,2026-05-21,2026-05-21
2800,Male,Millennial,occasional,1,7,2025-08-13,2026-05-23
2801,Male,Boomer,one_and_done,6,1,2026-03-05,2026-03-05
2802,Male,Gen Z,occasional,1,5,2026-03-07,2026-06-23
2803,Male,Millennial,one_and_done,4,1,2025-11-03,2025-11-03
2804,Male,Millennial,loyal,1,32,2025-07-14,2026-07-04
2805,Male,Gen Z,one_and_done,1,1,2025-08-13,2025-08-13
2806,Male,Millennial,one_and_done,2,1,2026-01-07,2026-01-07
2807,Female,Millennial,occasional,1,6,2025-07-26,2026-05-29
2808,Male,Millennial,regular,3,22,2025-07-21,2026-06-11
2809,Male,Millennial,one_and_done,1,1,2025-08-29,2025-08-29
2810,Female,Boomer,regular,2,11,2025-08-09,2026-06-22
2811,Male,Millennial,one_and_done,2,1,2025-09-29,2025-09-29
2812,Male,Gen X,one_and_done,6,1,2025-10-06,2025-10-06
2813,Male,Gen X,one_and_done,6,1,2025-08-02,2025-08-02
2814,Male,Millennial,one_and_done,5,1,2025-10-20,2025-10-20
2815,Male,Gen Z,regular,1,15,2025-07-08,2026-06-27
2816,Female,Millennial,regular,1,18,2025-08-14,2026-07-09
2817,Female,Millennial,one_and_done,7,1,2025-09-05,2025-09-05
2818,Male,Gen Z,one_and_done,3,1,2026-03-03,2026-03-03
2819,Male,Millennial,occasional,1,7,2025-12-19,2026-07-07
2820,Male,Gen Z,regular,1,15,2025-07-02,2026-07-07
2821,Female,Millennial,regular,1,18,2025-07-12,2026-07-08
2822,Male,Millennial,occasional,6,7,2025-07-30,2026-04-16
2823,Male,Gen X,regular,1,17,2025-07-04,2026-06-19
2824,Male,Millennial,loyal,1,32,2025-07-19,2026-07-06
2825,Female,Gen X,one_and_done,2,1,2026-04-24,2026-04-24
2826,Male,Gen Z,occasional,10,5,2025-07-28,2026-02-22
2827,Male,Gen Z,one_and_done,1,1,2026-02-07,2026-02-07
2828,Male,Gen Z,occasional,7,5,2025-07-07,2026-04-14
2829,Male,Millennial,occasional,2,7,2025-08-08,2026-02-12
2830,Male,Millennial,loyal,3,32,2025-07-09,2026-06-21
2831,Male,Gen X,occasional,1,6,2025-07-25,2026-04-04
2832,Female,Millennial,occasional,1,6,2025-07-02,2026-06-04
2833,Female,Boomer,regular,6,11,2025-09-09,2026-06-13
2834,Male,Millennial,one_and_done,1,1,2026-02-06,2026-02-06
2835,Male,Boomer,one_and_done,2,1,2026-03-26,2026-03-26
2836,Female,Gen Z,one_and_done,2,1,2026-04-28,2026-04-28
2837,Male,Millennial,occasional,1,7,2025-11-14,2026-07-01
2838,Male,Gen X,regular,1,17,2025-07-22,2026-04-21
2839,Male,Gen Z,loyal,5,23,2025-07-31,2026-07-07
2840,Male,Gen Z,one_and_done,3,1,2025-07-27,2025-07-27
2841,Female,Millennial,occasional,1,6,2025-08-26,2026-05-10
2842,Female,Millennial,one_and_done,1,1,2026-03-24,2026-03-24
2843,Male,Millennial,one_and_done,4,1,2025-08-21,2025-08-21
2844,Male,Millennial,one_and_done,1,1,2026-03-28,2026-03-28
2845,Female,Millennial,one_and_done,1,1,2025-08-19,2025-08-19
2846,Male,Gen X,one_and_done,1,1,2026-07-01,2026-07-01
2847,Male,Millennial,one_and_done,1,1,2026-04-26,2026-04-26
2848,Female,Gen X,loyal,1,23,2025-07-26,2026-06-26
2849,Male,Millennial,one_and_done,1,1,2025-12-29,2025-12-29
2850,Female,Millennial,regular,2,18,2025-07-05,2026-06-23
2851,Male,Gen Z,occasional,2,5,2025-08-13,2025-12-15
2852,Male,Gen X,one_and_done,3,1,2025-09-26,2025-09-26
2853,Male,Gen Z,occasional,3,5,2025-08-02,2026-06-19
2854,Female,Gen Z,one_and_done,1,1,2025-12-21,2025-12-21
2855,Male,Millennial,one_and_done,1,1,2025-10-06,2025-10-06
2856,Male,Millennial,one_and_done,5,1,2026-05-21,2026-05-21
2857,Female,Millennial,loyal,2,27,2025-07-19,2026-07-04
2858,Female,Gen Z,loyal,3,20,2025-07-22,2026-06-30
2859,Male,Millennial,one_and_done,1,1,2025-12-22,2025-12-22
2860,Male,Millennial,one_and_done,4,1,2026-02-25,2026-02-25
2861,Male,Gen Z,one_and_done,1,1,2025-07-18,2025-07-18
2862,Male,Millennial,one_and_done,1,1,2026-05-09,2026-05-09
2863,Male,Boomer,loyal,5,18,2025-07-03,2026-06-27
2864,Male,Millennial,loyal,2,32,2025-07-06,2026-07-09
2865,Female,Millennial,loyal,1,27,2025-07-12,2026-07-03
2866,Female,Millennial,occasional,1,6,2025-08-23,2026-05-08
2867,Male,Gen Z,loyal,1,23,2025-07-18,2026-06-24
2868,Male,Millennial,one_and_done,1,1,2025-12-17,2025-12-17
2869,Male,Millennial,one_and_done,1,1,2025-08-25,2025-08-25
2870,Male,Millennial,loyal,10,32,2025-07-04,2026-06-19
2871,Female,Millennial,one_and_done,1,1,2026-04-27,2026-04-27
2872,Male,Gen Z,occasional,3,5,2025-07-05,2026-04-11
2873,Male,Gen X,regular,7,17,2025-07-09,2026-06-26
2874,Female,Millennial,occasional,1,6,2025-07-31,2026-04-27
2875,Female,Millennial,one_and_done,1,1,2026-06-26,2026-06-26
2876,Male,Gen Z,one_and_done,1,1,2025-12-11,2025-12-11
2877,Male,Millennial,loyal,2,32,2025-07-02,2026-07-03
2878,Male,Millennial,occasional,1,7,2025-07-30,2026-06-26
2879,Male,Gen X,occasional,1,6,2025-07-06,2026-04-22
2880,Female,Millennial,occasional,3,6,2025-08-11,2026-05-30
2881,Female,Millennial,one_and_done,1,1,2026-06-13,2026-06-13
2882,Female,Millennial,regular,5,18,2025-07-18,2026-05-29
2883,Female,Gen X,occasional,1,5,2025-10-19,2026-03-26
2884,Male,Boomer,occasional,1,4,2025-11-21,2026-06-21
2885,Male,Millennial,occasional,3,7,2025-10-06,2026-03-08
2886,Male,Millennial,occasional,3,7,2025-09-08,2026-05-29
2887,Male,Millennial,one_and_done,6,1,2025-12-14,2025-12-14
2888,Male,Millennial,occasional,4,7,2025-08-16,2026-07-03
2889,Male,Boomer,occasional,1,4,2025-11-08,2026-05-29
2890,Male,Boomer,loyal,1,18,2025-07-02,2026-06-27
2891,Male,Gen Z,one_and_done,5,1,2026-06-08,2026-06-08
2892,Male,Gen Z,regular,2,15,2025-08-12,2026-07-03
2893,Female,Gen Z,loyal,1,20,2025-07-11,2026-06-13
2894,Female,Gen X,regular,4,15,2025-07-03,2026-06-25
2895,Male,Gen Z,occasional,1,5,2025-08-08,2026-06-02
2896,Female,Millennial,occasional,3,6,2025-08-23,2026-07-02
2897,Female,Gen X,regular,2,15,2025-07-09,2026-07-01
2898,Male,Gen X,occasional,2,6,2025-09-30,2026-05-08
2899,Male,Boomer,regular,1,12,2025-07-05,2026-06-29
2900,Male,Gen Z,occasional,1,5,2025-12-30,2026-05-14
2901,Male,Gen X,one_and_done,3,1,2026-01-18,2026-01-18
2902,Male,Gen X,one_and_done,1,1,2025-12-16,2025-12-16
2903,Female,Boomer,one_and_done,4,1,2026-01-25,2026-01-25
2904,Female,Gen X,regular,10,15,2025-07-27,2026-06-28
2905,Female,Gen Z,one_and_done,2,1,2026-06-22,2026-06-22
2906,Female,Boomer,one_and_done,1,1,2026-02-06,2026-02-06
2907,Male,Boomer,one_and_done,1,1,2026-05-27,2026-05-27
2908,Male,Millennial,occasional,2,7,2025-07-05,2026-02-26
2909,Male,Millennial,occasional,2,7,2025-08-16,2026-06-30
2910,Male,Millennial,one_and_done,1,1,2026-05-16,2026-05-16
2911,Male,Gen Z,occasional,1,5,2025-08-21,2026-06-01
2912,Male,Millennial,loyal,2,32,2025-08-08,2026-07-04
2913,Male,Gen Z,one_and_done,9,1,2026-05-05,2026-05-05
2914,Female,Gen X,loyal,7,23,2025-07-01,2026-06-15
2915,Male,Gen Z,occasional,1,5,2025-08-08,2026-05-14
2916,Male,Gen X,one_and_done,4,1,2026-01-30,2026-01-30
2917,Male,Gen X,occasional,7,6,2025-07-10,2026-05-08
2918,Female,Gen X,one_and_done,1,1,2026-05-24,2026-05-24
2919,Male,Gen Z,one_and_done,3,1,2025-08-27,2025-08-27
2920,Male,Gen X,regular,4,17,2025-07-19,2026-07-04
2921,Female,Gen Z,occasional,2,5,2025-07-25,2026-07-02
2922,Male,Millennial,loyal,2,32,2025-07-11,2026-06-30
2923,Female,Gen Z,occasional,1,5,2025-07-28,2026-04-16
2924,Male,Boomer,occasional,1,4,2025-08-28,2026-05-02
2925,Female,Millennial,occasional,1,6,2025-08-15,2026-05-28
2926,Female,Gen Z,occasional,1,5,2025-08-12,2026-06-15
2927,Male,Gen X,one_and_done,6,1,2026-05-09,2026-05-09
2928,Female,Millennial,occasional,7,6,2025-08-19,2026-06-04
2929,Male,Gen Z,one_and_done,5,1,2026-06-29,2026-06-29
2930,Female,Millennial,one_and_done,4,1,2025-10-10,2025-10-10
2931,Male,Millennial,one_and_done,1,1,2025-11-15,2025-11-15
2932,Female,Boomer,one_and_done,1,1,2026-01-28,2026-01-28
2933,Male,Millennial,occasional,4,7,2025-07-19,2026-06-28
2934,Female,Gen Z,regular,2,14,2025-07-11,2026-06-05
2935,Male,Millennial,one_and_done,6,1,2026-04-11,2026-04-11
2936,Male,Gen Z,one_and_done,1,1,2025-08-09,2025-08-09
2937,Male,Millennial,one_and_done,2,1,2026-03-19,2026-03-19
2938,Male,Gen Z,one_and_done,1,1,2026-07-01,2026-07-01
2939,Male,Millennial,one_and_done,1,1,2025-09-30,2025-09-30
2940,Female,Gen X,one_and_done,1,1,2025-07-25,2025-07-25
2941,Male,Gen Z,regular,1,15,2025-07-08,2026-06-30
2942,Male,Gen Z,one_and_done,1,1,2025-09-29,2025-09-29
2943,Male,Gen X,occasional,4,6,2025-10-07,2026-05-30
2944,Male,Millennial,loyal,1,32,2025-07-01,2026-04-18
2945,Female,Millennial,one_and_done,2,1,2025-09-16,2025-09-16
2946,Female,Gen Z,one_and_done,1,1,2025-08-23,2025-08-23
2947,Male,Millennial,one_and_done,1,1,2026-02-26,2026-02-26
2948,Male,Gen Z,one_and_done,6,1,2025-09-08,2025-09-08
2949,Male,Gen Z,one_and_done,1,1,2025-08-21,2025-08-21
2950,Female,Millennial,one_and_done,2,1,2026-06-22,2026-06-22
2951,Male,Gen Z,regular,5,15,2025-07-14,2026-05-29
2952,Male,Gen Z,one_and_done,1,1,2025-11-10,2025-11-10
2953,Female,Gen Z,one_and_done,7,1,2026-06-30,2026-06-30
2954,Male,Gen X,regular,1,17,2025-07-03,2026-06-22
2955,Female,Millennial,one_and_done,5,1,2025-09-30,2025-09-30
2956,Male,Millennial,regular,5,22,2025-07-12,2026-06-21
2957,Female,Millennial,occasional,1,6,2025-08-20,2026-05-08
2958,Male,Gen Z,one_and_done,3,1,2026-06-20,2026-06-20
2959,Male,Gen X,occasional,1,6,2025-10-06,2026-05-21
2960,Male,Millennial,occasional,1,7,2025-08-31,2026-06-13
2961,Male,Millennial,occasional,5,7,2025-07-15,2026-03-13
2962,Male,Gen Z,occasional,9,5,2025-11-06,2026-05-22
2963,Male,Millennial,one_and_done,1,1,2026-02-19,2026-02-19
2964,Male,Millennial,regular,2,22,2025-07-26,2026-07-06
2965,Female,Gen X,one_and_done,9,1,2025-11-25,2025-11-25
2966,Male,Millennial,one_and_done,1,1,2025-09-12,2025-09-12
2967,Male,Millennial,one_and_done,1,1,2025-10-01,2025-10-01
2968,Male,Gen Z,occasional,1,5,2025-10-10,2026-04-29
2969,Male,Millennial,regular,6,22,2025-07-03,2026-06-22
2970,Male,Boomer,occasional,1,4,2025-07-29,2026-06-11
2971,Male,Millennial,one_and_done,4,1,2025-12-11,2025-12-11
2972,Male,Gen Z,occasional,1,5,2025-09-02,2026-05-23
2973,Female,Millennial,one_and_done,2,1,2025-07-05,2025-07-05
2974,Male,Gen X,one_and_done,8,1,2026-06-19,2026-06-19
2975,Male,Millennial,regular,3,22,2025-07-25,2026-06-25
2976,Male,Gen Z,occasional,1,5,2026-01-02,2026-04-25
2977,Male,Millennial,one_and_done,1,1,2026-05-29,2026-05-29
2978,Male,Gen X,one_and_done,9,1,2026-05-19,2026-05-19
2979,Female,Millennial,one_and_done,6,1,2025-12-06,2025-12-06
2980,Male,Millennial,one_and_done,1,1,2026-02-14,2026-02-14
2981,Male,Millennial,loyal,1,32,2025-07-07,2026-06-24
2982,Male,Gen X,one_and_done,2,1,2026-06-06,2026-06-06
2983,Male,Gen X,regular,1,17,2025-08-08,2026-06-19
2984,Male,Gen Z,regular,1,15,2025-07-30,2026-05-28
2985,Male,Boomer,one_and_done,4,1,2026-06-18,2026-06-18
2986,Male,Gen Z,one_and_done,3,1,2026-07-08,2026-07-08
2987,Male,Millennial,loyal,4,32,2025-07-20,2026-06-07
2988,Female,Gen Z,one_and_done,1,1,2025-12-19,2025-12-19
2989,Male,Millennial,occasional,1,7,2025-08-03,2026-06-06
2990,Male,Millennial,regular,3,22,2025-07-15,2026-06-27
2991,Female,Gen Z,occasional,1,5,2025-08-26,2026-03-11
2992,Male,Millennial,one_and_done,1,1,2025-10-19,2025-10-19
2993,Female,Millennial,occasional,1,6,2025-09-13,2026-06-29
2994,Male,Millennial,one_and_done,1,1,2025-11-03,2025-11-03
2995,Male,Gen Z,occasional,3,5,2025-08-24,2026-02-12
2996,Male,Gen Z,loyal,1,23,2025-07-02,2026-07-06
2997,Female,Millennial,one_and_done,6,1,2025-08-16,2025-08-16
2998,Male,Gen Z,one_and_done,5,1,2026-04-02,2026-04-02
2999,Female,Gen Z,regular,2,14,2025-08-15,2026-05-21
3000,Male,Millennial,regular,1,22,2025-07-04,2026-07-04
3001,Male,Gen Z,occasional,1,5,2025-08-19,2026-05-27
3002,Male,Gen Z,occasional,7,5,2025-08-16,2026-05-29
3003,Female,Gen Z,loyal,10,20,2025-08-27,2026-06-03
3004,Male,Gen Z,one_and_done,1,1,2026-04-03,2026-04-03
3005,Male,Boomer,occasional,1,4,2025-08-07,2026-05-26
3006,Female,Millennial,occasional,1,6,2025-08-28,2026-06-12
3007,Male,Gen Z,one_and_done,1,1,2025-12-12,2025-12-12
3008,Female,Gen Z,occasional,1,5,2025-12-09,2026-06-12
3009,Male,Gen X,regular,2,17,2025-07-04,2026-07-05
3010,Male,Gen X,one_and_done,4,1,2026-01-09,2026-01-09
3011,Female,Millennial,occasional,4,6,2025-08-31,2026-06-13
3012,Male,Millennial,occasional,2,7,2025-08-29,2026-04-23
3013,Male,Millennial,one_and_done,5,1,2026-03-14,2026-03-14
3014,Female,Gen X,occasional,2,5,2026-01-13,2026-04-16
3015,Female,Millennial,regular,2,18,2025-08-17,2026-07-03
3016,Male,Gen Z,one_and_done,1,1,2026-04-22,2026-04-22
3017,Female,Gen X,regular,5,15,2025-07-31,2026-06-07
3018,Male,Boomer,regular,3,12,2025-09-18,2026-05-25
3019,Male,Millennial,regular,7,22,2025-07-21,2026-06-25
3020,Male,Millennial,occasional,1,7,2025-10-03,2026-06-26
3021,Male,Millennial,occasional,1,7,2025-09-06,2026-05-16
3022,Male,Millennial,regular,1,22,2025-07-07,2026-06-19
3023,Male,Gen X,occasional,1,6,2025-10-31,2026-02-14
3024,Male,Gen X,occasional,2,6,2025-09-24,2026-05-05
3025,Male,Gen X,regular,3,17,2025-07-04,2026-07-01
3026,Female,Millennial,one_and_done,1,1,2025-08-26,2025-08-26
3027,Male,Gen Z,one_and_done,5,1,2025-09-23,2025-09-23
3028,Female,Millennial,one_and_done,5,1,2026-03-03,2026-03-03
3029,Female,Gen Z,one_and_done,3,1,2026-06-06,2026-06-06
3030,Male,Millennial,one_and_done,6,1,2025-08-27,2025-08-27
3031,Male,Millennial,occasional,1,7,2025-08-11,2026-06-04
3032,Male,Gen X,occasional,1,6,2025-07-12,2026-06-03
3033,Male,Millennial,occasional,1,7,2025-08-07,2026-04-19
3034,Male,Millennial,one_and_done,3,1,2026-04-25,2026-04-25
3035,Male,Millennial,loyal,9,32,2025-07-15,2026-07-01
3036,Female,Millennial,loyal,3,27,2025-07-03,2026-07-01
3037,Female,Gen X,occasional,7,5,2025-07-13,2026-06-06
3038,Female,Millennial,regular,1,18,2025-08-05,2026-07-01
3039,Male,Gen Z,loyal,2,23,2025-07-19,2026-06-26
3040,Male,Gen X,one_and_done,1,1,2025-07-16,2025-07-16
3041,Female,Gen Z,one_and_done,1,1,2025-11-21,2025-11-21
3042,Male,Millennial,one_and_done,1,1,2025-12-04,2025-12-04
3043,Male,Millennial,one_and_done,4,1,2026-02-18,2026-02-18
3044,Male,Gen X,regular,4,17,2025-07-05,2026-05-11
3045,Male,Gen X,occasional,6,6,2025-08-07,2026-05-24
3046,Male,Gen Z,loyal,1,23,2025-07-08,2026-06-22
3047,Female,Gen X,occasional,1,5,2025-11-05,2026-07-01
3048,Female,Millennial,occasional,1,6,2025-08-18,2026-05-13
3049,Male,Gen Z,one_and_done,7,1,2026-04-23,2026-04-23
3050,Male,Millennial,one_and_done,8,1,2025-09-07,2025-09-07
3051,Male,Millennial,one_and_done,1,1,2025-11-28,2025-11-28
3052,Male,Millennial,regular,4,22,2025-07-04,2026-06-28
3053,Male,Gen Z,one_and_done,1,1,2025-11-08,2025-11-08
3054,Male,Gen Z,one_and_done,1,1,2025-07-29,2025-07-29
3055,Male,Millennial,occasional,3,7,2025-08-08,2026-05-20
3056,Male,Millennial,one_and_done,1,1,2025-10-13,2025-10-13
3057,Female,Millennial,one_and_done,1,1,2026-01-23,2026-01-23
3058,Male,Millennial,regular,4,22,2025-07-01,2026-06-14
3059,Female,Gen X,occasional,1,5,2025-07-18,2026-05-04
3060,Male,Millennial,occasional,5,7,2025-09-20,2026-03-23
3061,Male,Millennial,occasional,1,7,2025-09-10,2026-05-28
3062,Male,Millennial,occasional,5,7,2025-08-26,2026-06-30
3063,Female,Gen Z,occasional,1,5,2025-09-02,2026-06-11
3064,Male,Gen X,loyal,4,25,2025-07-12,2026-07-06
3065,Male,Gen X,one_and_done,1,1,2026-03-29,2026-03-29
3066,Male,Millennial,occasional,5,7,2025-07-25,2026-06-05
3067,Male,Millennial,occasional,1,7,2025-09-09,2026-06-13
3068,Female,Millennial,occasional,2,6,2025-07-17,2026-07-06
3069,Female,Gen Z,loyal,2,20,2025-08-08,2026-05-28
3070,Male,Gen X,one_and_done,2,1,2026-01-02,2026-01-02
3071,Male,Millennial,one_and_done,1,1,2026-01-12,2026-01-12
3072,Male,Millennial,one_and_done,1,1,2026-01-12,2026-01-12
3073,Male,Boomer,loyal,3,18,2025-07-28,2026-07-03
3074,Male,Gen Z,occasional,6,5,2025-12-13,2026-07-05
3075,Male,Boomer,regular,1,12,2025-07-31,2026-06-09
3076,Female,Gen Z,one_and_done,1,1,2026-01-30,2026-01-30
3077,Female,Gen X,regular,1,15,2025-07-06,2026-07-05
3078,Male,Gen Z,loyal,5,23,2025-07-25,2026-06-23
3079,Male,Millennial,one_and_done,3,1,2026-04-18,2026-04-18
3080,Male,Millennial,regular,6,22,2025-07-01,2026-06-19
3081,Female,Millennial,one_and_done,6,1,2026-01-19,2026-01-19
3082,Male,Gen X,regular,1,17,2025-07-02,2026-06-10
3083,Female,Millennial,occasional,6,6,2025-09-26,2026-05-11
3084,Male,Gen X,one_and_done,9,1,2025-10-15,2025-10-15
3085,Male,Millennial,loyal,7,32,2025-07-13,2026-07-06
3086,Female,Millennial,one_and_done,1,1,2026-04-09,2026-04-09
3087,Male,Millennial,one_and_done,3,1,2026-04-04,2026-04-04
3088,Male,Millennial,loyal,1,32,2025-08-01,2026-06-18
3089,Male,Boomer,one_and_done,1,1,2025-12-17,2025-12-17
3090,Male,Millennial,regular,4,22,2025-07-22,2026-06-28
3091,Male,Millennial,occasional,1,7,2025-09-12,2026-06-19
3092,Female,Gen X,occasional,7,5,2025-07-20,2026-05-03
3093,Male,Gen Z,regular,1,15,2025-07-22,2026-07-02
3094,Male,Boomer,regular,2,12,2025-07-10,2026-06-27
3095,Male,Millennial,loyal,1,32,2025-07-14,2026-07-07
3096,Male,Millennial,one_and_done,1,1,2026-05-18,2026-05-18
3097,Male,Gen X,occasional,1,6,2025-07-14,2026-04-28
3098,Female,Gen Z,one_and_done,5,1,2025-12-18,2025-12-18
3099,Female,Boomer,one_and_done,1,1,2026-06-20,2026-06-20
3100,Male,Millennial,occasional,1,7,2025-08-25,2026-06-22
3101,Male,Millennial,one_and_done,1,1,2026-05-30,2026-05-30
3102,Male,Gen Z,loyal,1,23,2025-07-16,2026-06-24
3103,Female,Millennial,regular,3,18,2025-08-28,2026-07-01
3104,Female,Gen Z,loyal,5,20,2025-07-06,2026-06-16
3105,Female,Gen X,one_and_done,3,1,2025-08-13,2025-08-13
3106,Female,Millennial,loyal,3,27,2025-07-05,2026-06-19
3107,Male,Gen Z,one_and_done,3,1,2026-05-26,2026-05-26
3108,Female,Gen Z,one_and_done,1,1,2026-04-30,2026-04-30
3109,Female,Millennial,regular,1,18,2025-07-22,2026-06-25
3110,Male,Boomer,one_and_done,2,1,2026-03-20,2026-03-20
3111,Male,Millennial,one_and_done,2,1,2026-03-07,2026-03-07
3112,Male,Millennial,occasional,3,7,2025-08-08,2026-05-05
3113,Male,Millennial,regular,1,22,2025-07-15,2026-05-17
3114,Male,Gen Z,regular,5,15,2025-07-28,2026-06-21
3115,Male,Millennial,regular,2,22,2025-08-18,2026-06-18
3116,Male,Gen Z,one_and_done,1,1,2025-08-05,2025-08-05
3117,Female,Millennial,one_and_done,1,1,2026-06-13,2026-06-13
3118,Female,Millennial,one_and_done,1,1,2026-01-25,2026-01-25
3119,Male,Millennial,occasional,2,7,2025-09-11,2026-07-05
3120,Male,Gen Z,one_and_done,1,1,2025-09-03,2025-09-03
3121,Male,Gen X,occasional,8,6,2025-08-11,2026-06-16
3122,Male,Gen Z,one_and_done,2,1,2025-08-06,2025-08-06
3123,Male,Gen X,occasional,5,6,2025-07-23,2026-05-03
3124,Male,Millennial,one_and_done,1,1,2025-09-29,2025-09-29
3125,Male,Gen Z,loyal,2,23,2025-07-26,2026-07-01
3126,Male,Gen X,one_and_done,1,1,2026-01-10,2026-01-10
3127,Male,Gen Z,one_and_done,2,1,2025-08-26,2025-08-26
3128,Male,Millennial,one_and_done,2,1,2025-09-24,2025-09-24
3129,Female,Millennial,occasional,1,6,2025-09-03,2026-06-22
3130,Male,Millennial,occasional,2,7,2025-08-28,2026-03-30
3131,Male,Gen X,loyal,1,25,2025-08-28,2026-06-15
3132,Female,Gen Z,one_and_done,3,1,2025-10-02,2025-10-02
3133,Male,Millennial,occasional,1,7,2025-09-05,2026-05-27
3134,Male,Gen X,loyal,2,25,2025-07-01,2026-06-28
3135,Male,Millennial,occasional,6,7,2025-10-10,2026-06-30
3136,Female,Millennial,one_and_done,1,1,2025-07-04,2025-07-04
3137,Female,Millennial,loyal,2,27,2025-07-13,2026-07-05
3138,Female,Millennial,one_and_done,2,1,2025-10-06,2025-10-06
3139,Male,Millennial,one_and_done,2,1,2025-11-08,2025-11-08
3140,Male,Millennial,regular,1,22,2025-07-01,2026-06-07
3141,Male,Millennial,one_and_done,3,1,2026-06-30,2026-06-30
3142,Female,Gen Z,occasional,1,5,2025-07-12,2026-05-15
3143,Male,Gen X,regular,2,17,2025-08-11,2026-07-01
3144,Male,Gen Z,regular,1,15,2025-07-11,2026-05-31
3145,Male,Gen Z,occasional,1,5,2025-07-28,2026-03-23
3146,Male,Millennial,one_and_done,2,1,2025-12-05,2025-12-05
3147,Male,Millennial,loyal,2,32,2025-07-24,2026-07-01
3148,Male,Gen X,occasional,2,6,2025-07-07,2026-07-06
3149,Female,Millennial,occasional,7,6,2025-08-15,2026-07-01
3150,Female,Gen X,one_and_done,5,1,2026-05-09,2026-05-09
3151,Female,Gen Z,occasional,2,5,2025-07-29,2026-03-22
3152,Male,Gen Z,loyal,1,23,2025-07-08,2026-06-29
3153,Male,Millennial,one_and_done,5,1,2026-01-13,2026-01-13
3154,Male,Millennial,regular,1,22,2025-07-30,2026-06-24
3155,Male,Gen Z,occasional,1,5,2026-04-24,2026-07-07
3156,Male,Millennial,regular,1,22,2025-07-05,2026-06-12
3157,Male,Gen X,occasional,2,6,2025-08-15,2026-05-14
3158,Male,Boomer,one_and_done,2,1,2026-04-29,2026-04-29
3159,Male,Millennial,occasional,5,7,2025-09-01,2026-06-05
3160,Female,Gen X,loyal,1,23,2025-07-02,2026-07-04
3161,Female,Millennial,regular,2,18,2025-07-30,2026-07-03
3162,Female,Millennial,one_and_done,2,1,2025-10-11,2025-10-11
3163,Male,Gen Z,regular,2,15,2025-07-02,2026-07-08
3164,Male,Gen Z,loyal,4,23,2025-07-06,2026-07-04
3165,Female,Millennial,regular,1,18,2025-07-25,2026-07-04
3166,Female,Boomer,one_and_done,1,1,2025-08-12,2025-08-12
3167,Male,Millennial,loyal,3,32,2025-07-11,2026-07-04
3168,Male,Gen X,regular,1,17,2025-07-04,2026-06-20
3169,Female,Millennial,one_and_done,1,1,2026-03-27,2026-03-27
3170,Male,Gen Z,occasional,3,5,2025-08-17,2026-06-02
3171,Male,Millennial,occasional,3,7,2025-11-04,2026-05-07
3172,Male,Millennial,one_and_done,1,1,2025-10-25,2025-10-25
3173,Male,Gen Z,one_and_done,1,1,2026-03-20,2026-03-20
3174,Male,Gen X,occasional,2,6,2025-08-16,2026-06-23
3175,Male,Millennial,one_and_done,7,1,2025-08-04,2025-08-04
3176,Female,Millennial,one_and_done,6,1,2025-12-30,2025-12-30
3177,Female,Gen Z,one_and_done,4,1,2026-04-18,2026-04-18
3178,Male,Gen Z,occasional,1,5,2025-09-01,2026-06-08
3179,Male,Millennial,one_and_done,6,1,2025-10-05,2025-10-05
3180,Male,Millennial,loyal,1,32,2025-07-01,2026-07-05
3181,Male,Millennial,regular,1,22,2025-07-01,2026-06-05
3182,Female,Millennial,occasional,1,6,2025-08-10,2025-11-15
3183,Female,Gen Z,one_and_done,2,1,2026-02-19,2026-02-19
3184,Male,Gen Z,one_and_done,1,1,2025-10-21,2025-10-21
3185,Male,Gen Z,one_and_done,3,1,2025-12-05,2025-12-05
3186,Male,Gen Z,one_and_done,1,1,2026-05-24,2026-05-24
3187,Male,Gen Z,occasional,2,5,2025-12-11,2026-06-21
3188,Male,Millennial,one_and_done,1,1,2026-03-22,2026-03-22
3189,Male,Gen X,regular,1,17,2025-07-17,2026-06-20
3190,Male,Millennial,one_and_done,1,1,2026-06-25,2026-06-25
3191,Male,Millennial,regular,2,22,2025-07-23,2026-05-23
3192,Female,Boomer,one_and_done,1,1,2025-12-25,2025-12-25
3193,Male,Millennial,occasional,1,7,2025-07-14,2026-06-15
3194,Male,Gen X,one_and_done,1,1,2026-04-10,2026-04-10
3195,Male,Millennial,occasional,1,7,2025-07-21,2026-06-26
3196,Female,Millennial,loyal,8,27,2025-08-03,2026-07-06
3197,Male,Millennial,occasional,2,7,2025-07-04,2026-03-21
3198,Male,Gen X,loyal,1,25,2025-07-08,2026-06-24
3199,Female,Millennial,regular,4,18,2025-07-25,2026-06-30
3200,Male,Boomer,one_and_done,2,1,2025-12-14,2025-12-14
3201,Female,Gen Z,occasional,1,5,2025-08-12,2026-03-21
3202,Female,Gen X,regular,4,15,2025-07-10,2026-06-07
3203,Female,Gen Z,occasional,1,5,2025-11-03,2026-05-26
3204,Male,Gen Z,one_and_done,8,1,2026-06-08,2026-06-08
3205,Male,Gen Z,one_and_done,3,1,2025-07-05,2025-07-05
3206,Male,Millennial,loyal,2,32,2025-07-01,2026-06-20
3207,Female,Gen X,occasional,1,5,2025-09-24,2026-06-23
3208,Male,Millennial,one_and_done,7,1,2025-08-19,2025-08-19
3209,Male,Millennial,one_and_done,5,1,2025-08-04,2025-08-04
3210,Male,Gen X,one_and_done,1,1,2025-10-22,2025-10-22
3211,Male,Millennial,occasional,1,7,2025-07-15,2026-07-02
3212,Male,Millennial,loyal,1,32,2025-07-14,2026-06-29
3213,Male,Boomer,regular,3,12,2025-07-01,2026-05-15
3214,Female,Millennial,one_and_done,4,1,2026-04-21,2026-04-21
3215,Male,Millennial,occasional,1,7,2025-09-27,2026-06-09
3216,Male,Millennial,regular,3,22,2025-07-27,2026-07-07
3217,Male,Millennial,loyal,8,32,2025-07-02,2026-07-09
3218,Male,Gen Z,one_and_done,1,1,2025-10-16,2025-10-16
3219,Male,Gen Z,one_and_done,4,1,2025-11-14,2025-11-14
3220,Female,Millennial,occasional,1,6,2025-07-10,2026-06-09
3221,Male,Millennial,occasional,4,7,2025-07-05,2026-05-29
3222,Male,Gen Z,occasional,2,5,2025-07-04,2026-03-06
3223,Female,Gen Z,regular,4,14,2025-09-29,2026-05-20
3224,Male,Gen Z,occasional,8,5,2025-10-29,2025-12-27
3225,Male,Boomer,one_and_done,1,1,2025-11-17,2025-11-17
3226,Male,Gen Z,one_and_done,1,1,2026-05-28,2026-05-28
3227,Male,Millennial,one_and_done,3,1,2026-03-16,2026-03-16
3228,Female,Gen X,regular,5,15,2025-07-10,2026-05-15
3229,Female,Millennial,one_and_done,2,1,2025-10-18,2025-10-18
3230,Female,Boomer,one_and_done,1,1,2025-10-01,2025-10-01
3231,Female,Millennial,one_and_done,1,1,2026-03-06,2026-03-06
3232,Male,Millennial,occasional,4,7,2025-08-04,2026-06-02
3233,Male,Millennial,occasional,2,7,2025-07-11,2025-12-13
3234,Male,Millennial,one_and_done,1,1,2026-05-20,2026-05-20
3235,Male,Millennial,one_and_done,1,1,2026-06-01,2026-06-01
3236,Female,Gen Z,one_and_done,1,1,2025-08-03,2025-08-03
3237,Male,Millennial,one_and_done,3,1,2026-06-12,2026-06-12
3238,Male,Millennial,regular,1,22,2025-07-21,2026-06-05
3239,Male,Millennial,one_and_done,1,1,2025-11-20,2025-11-20
3240,Male,Millennial,occasional,1,7,2025-07-18,2026-07-05
3241,Female,Millennial,one_and_done,7,1,2025-10-08,2025-10-08
3242,Male,Millennial,occasional,1,7,2025-07-10,2026-07-05
3243,Male,Gen Z,one_and_done,2,1,2025-08-19,2025-08-19
3244,Male,Gen X,occasional,2,6,2025-08-19,2026-05-30
3245,Male,Millennial,occasional,1,7,2025-07-21,2026-07-09
3246,Male,Gen X,loyal,2,25,2025-08-06,2026-07-05
3247,Female,Millennial,one_and_done,1,1,2026-05-01,2026-05-01
3248,Female,Boomer,one_and_done,6,1,2025-11-04,2025-11-04
3249,Female,Millennial,regular,2,18,2025-07-17,2026-06-15
3250,Female,Gen Z,regular,2,14,2025-07-09,2026-07-01
3251,Male,Millennial,loyal,1,32,2025-07-03,2026-06-30
3252,Male,Millennial,one_and_done,3,1,2026-01-09,2026-01-09
3253,Male,Millennial,one_and_done,1,1,2026-05-04,2026-05-04
3254,Male,Millennial,one_and_done,2,1,2025-09-26,2025-09-26
3255,Female,Millennial,occasional,1,6,2025-07-27,2026-03-13
3256,Male,Millennial,loyal,1,32,2025-08-19,2026-06-26
3257,Female,Gen X,occasional,1,5,2025-07-11,2026-07-02
3258,Female,Millennial,one_and_done,7,1,2026-01-23,2026-01-23
3259,Male,Millennial,one_and_done,1,1,2025-12-27,2025-12-27
3260,Female,Gen Z,one_and_done,2,1,2025-11-02,2025-11-02
3261,Male,Gen Z,loyal,2,23,2025-07-06,2026-06-26
3262,Male,Gen X,one_and_done,1,1,2025-12-05,2025-12-05
3263,Male,Gen Z,regular,5,15,2025-07-01,2026-06-21
3264,Male,Gen Z,one_and_done,1,1,2026-01-15,2026-01-15
3265,Male,Gen X,regular,1,17,2025-08-16,2026-06-02
3266,Male,Millennial,loyal,1,32,2025-07-04,2026-07-09
3267,Female,Gen X,occasional,2,5,2025-07-22,2026-07-04
3268,Female,Boomer,occasional,7,4,2025-08-14,2026-07-01
3269,Male,Millennial,one_and_done,1,1,2026-04-01,2026-04-01
3270,Male,Millennial,one_and_done,2,1,2025-12-22,2025-12-22
3271,Male,Millennial,one_and_done,4,1,2026-03-12,2026-03-12
3272,Male,Millennial,one_and_done,1,1,2025-10-14,2025-10-14
3273,Male,Millennial,one_and_done,5,1,2026-05-21,2026-05-21
3274,Female,Gen Z,occasional,2,5,2025-07-18,2025-11-16
3275,Female,Gen X,one_and_done,1,1,2026-05-01,2026-05-01
3276,Female,Gen Z,regular,3,14,2025-08-12,2026-06-23
3277,Male,Millennial,one_and_done,3,1,2026-01-20,2026-01-20
3278,Female,Millennial,regular,1,18,2025-07-14,2026-05-11
3279,Female,Millennial,one_and_done,1,1,2025-07-03,2025-07-03
3280,Female,Millennial,occasional,1,6,2025-09-10,2026-06-01
3281,Male,Millennial,one_and_done,3,1,2025-07-30,2025-07-30
3282,Male,Gen Z,one_and_done,1,1,2025-08-26,2025-08-26
3283,Male,Millennial,loyal,5,32,2025-07-19,2026-06-16
3284,Male,Millennial,occasional,3,7,2025-07-18,2026-03-08
3285,Female,Gen Z,one_and_done,1,1,2025-08-24,2025-08-24
3286,Male,Millennial,occasional,2,7,2025-07-11,2026-06-06
3287,Male,Gen X,one_and_done,3,1,2025-12-01,2025-12-01
3288,Female,Millennial,one_and_done,1,1,2026-03-17,2026-03-17
3289,Male,Gen Z,one_and_done,1,1,2026-01-02,2026-01-02
3290,Female,Millennial,loyal,1,27,2025-07-12,2026-06-29
3291,Male,Millennial,one_and_done,7,1,2025-10-24,2025-10-24
3292,Male,Millennial,one_and_done,4,1,2026-06-01,2026-06-01
3293,Male,Millennial,occasional,5,7,2025-07-16,2026-07-09
3294,Female,Millennial,loyal,6,27,2025-07-05,2026-06-02
3295,Male,Millennial,regular,4,22,2025-07-06,2026-06-27
3296,Female,Gen Z,one_and_done,6,1,2025-07-15,2025-07-15
3297,Male,Boomer,one_and_done,1,1,2025-08-06,2025-08-06
3298,Male,Boomer,one_and_done,3,1,2026-05-19,2026-05-19
3299,Female,Gen Z,one_and_done,1,1,2025-08-29,2025-08-29
3300,Female,Millennial,one_and_done,1,1,2026-03-20,2026-03-20
3301,Female,Boomer,regular,4,11,2025-10-16,2026-07-08
3302,Male,Millennial,occasional,1,7,2025-07-19,2026-06-22
3303,Male,Gen Z,regular,3,15,2025-07-10,2026-07-08
3304,Male,Millennial,loyal,5,32,2025-07-01,2026-07-01
3305,Female,Millennial,regular,1,18,2025-07-02,2026-06-29
3306,Male,Gen Z,one_and_done,3,1,2025-08-10,2025-08-10
3307,Female,Millennial,regular,3,18,2025-07-17,2026-06-23
3308,Female,Gen Z,loyal,1,20,2025-07-07,2026-07-01
3309,Male,Gen Z,one_and_done,1,1,2025-09-27,2025-09-27
3310,Male,Gen Z,one_and_done,1,1,2026-05-22,2026-05-22
3311,Male,Boomer,regular,1,12,2025-07-10,2026-07-05
3312,Male,Millennial,loyal,3,32,2025-07-22,2026-07-04
3313,Male,Millennial,one_and_done,1,1,2026-04-19,2026-04-19
3314,Male,Gen Z,occasional,1,5,2025-08-12,2026-07-02
3315,Female,Gen X,one_and_done,2,1,2025-11-06,2025-11-06
3316,Male,Gen Z,one_and_done,1,1,2026-07-03,2026-07-03
3317,Female,Gen X,occasional,2,5,2025-12-16,2026-06-18
3318,Male,Gen X,one_and_done,1,1,2025-12-01,2025-12-01
3319,Male,Millennial,one_and_done,3,1,2026-05-01,2026-05-01
3320,Male,Millennial,loyal,1,32,2025-07-02,2026-06-27
3321,Male,Gen Z,occasional,5,5,2025-08-16,2026-04-17
3322,Female,Millennial,one_and_done,5,1,2025-07-29,2025-07-29
3323,Male,Gen Z,one_and_done,4,1,2025-09-12,2025-09-12
3324,Male,Millennial,loyal,1,32,2025-07-06,2026-06-29
3325,Female,Gen Z,loyal,1,20,2025-07-01,2026-07-07
3326,Male,Millennial,occasional,10,7,2025-07-05,2026-02-19
3327,Female,Millennial,one_and_done,1,1,2026-02-11,2026-02-11
3328,Male,Millennial,loyal,1,32,2025-07-29,2026-07-06
3329,Female,Millennial,regular,1,18,2025-07-17,2026-07-01
3330,Female,Millennial,regular,1,18,2025-07-28,2026-07-04
3331,Female,Millennial,one_and_done,2,1,2025-09-19,2025-09-19
3332,Male,Gen Z,regular,5,15,2025-07-04,2026-06-30
3333,Male,Gen X,one_and_done,1,1,2026-05-12,2026-05-12
3334,Male,Gen X,one_and_done,1,1,2026-01-31,2026-01-31
3335,Male,Gen Z,occasional,2,5,2025-09-03,2026-05-30
3336,Male,Millennial,regular,1,22,2025-07-24,2026-07-03
3337,Male,Millennial,one_and_done,1,1,2025-11-11,2025-11-11
3338,Male,Millennial,regular,4,22,2025-07-13,2026-06-12
3339,Male,Millennial,one_and_done,1,1,2026-07-04,2026-07-04
3340,Male,Millennial,one_and_done,10,1,2026-02-12,2026-02-12
3341,Female,Millennial,one_and_done,1,1,2025-09-01,2025-09-01
3342,Female,Gen X,one_and_done,4,1,2025-10-17,2025-10-17
3343,Male,Gen Z,occasional,1,5,2025-10-29,2026-05-13
3344,Male,Millennial,regular,5,22,2025-07-07,2026-07-04
3345,Female,Gen Z,one_and_done,8,1,2025-10-15,2025-10-15
3346,Male,Millennial,regular,4,22,2025-07-03,2026-07-07
3347,Male,Millennial,occasional,1,7,2025-07-11,2026-07-01
3348,Male,Gen Z,regular,3,15,2025-07-08,2026-06-07
3349,Male,Gen Z,occasional,1,5,2025-08-02,2026-05-12
3350,Male,Gen X,occasional,4,6,2025-07-16,2026-05-15
3351,Male,Gen Z,regular,1,15,2025-07-23,2026-06-26
3352,Male,Gen Z,regular,5,15,2025-07-25,2026-07-01
3353,Female,Gen X,one_and_done,2,1,2025-08-18,2025-08-18
3354,Male,Millennial,one_and_done,1,1,2026-05-17,2026-05-17
3355,Male,Millennial,one_and_done,1,1,2025-12-04,2025-12-04
3356,Male,Millennial,one_and_done,1,1,2026-02-21,2026-02-21
3357,Male,Millennial,occasional,1,7,2025-07-01,2026-07-09
3358,Female,Millennial,one_and_done,5,1,2025-07-29,2025-07-29
3359,Male,Millennial,regular,1,22,2025-07-16,2026-06-19
3360,Male,Millennial,occasional,10,7,2025-07-12,2026-05-12
3361,Female,Millennial,regular,5,18,2025-07-04,2026-06-04
3362,Male,Millennial,regular,4,22,2025-07-21,2026-07-07
3363,Male,Millennial,occasional,2,7,2025-08-05,2026-06-18
3364,Female,Millennial,regular,1,18,2025-07-04,2026-06-23
3365,Male,Millennial,one_and_done,1,1,2026-03-04,2026-03-04
3366,Male,Gen X,loyal,1,25,2025-07-12,2026-06-24
3367,Female,Millennial,occasional,1,6,2025-08-11,2026-06-21
3368,Male,Gen X,regular,1,17,2025-07-03,2026-06-07
3369,Male,Millennial,one_and_done,6,1,2026-04-10,2026-04-10
3370,Female,Millennial,one_and_done,1,1,2025-12-23,2025-12-23
3371,Male,Gen Z,one_and_done,2,1,2026-01-23,2026-01-23
3372,Male,Boomer,one_and_done,6,1,2026-01-16,2026-01-16
3373,Male,Gen X,occasional,1,6,2025-09-03,2026-06-01
3374,Male,Millennial,regular,3,22,2025-07-05,2026-06-19
3375,Female,Gen Z,one_and_done,1,1,2026-03-31,2026-03-31
3376,Male,Millennial,regular,10,22,2025-07-09,2026-06-08
3377,Female,Gen Z,occasional,4,5,2025-10-14,2026-05-11
3378,Male,Millennial,one_and_done,1,1,2026-06-06,2026-06-06
3379,Male,Boomer,regular,1,12,2025-08-02,2026-06-08
3380,Male,Millennial,occasional,7,7,2025-07-04,2026-05-11
3381,Male,Gen Z,one_and_done,1,1,2026-02-08,2026-02-08
3382,Male,Gen Z,occasional,1,5,2025-07-30,2026-07-03
3383,Female,Gen Z,one_and_done,1,1,2025-12-18,2025-12-18
3384,Male,Millennial,one_and_done,5,1,2025-08-14,2025-08-14
3385,Male,Gen X,occasional,1,6,2025-10-28,2026-02-09
3386,Male,Gen Z,occasional,1,5,2025-07-01,2026-05-07
3387,Male,Gen Z,occasional,1,5,2025-08-05,2026-04-28
3388,Female,Millennial,one_and_done,8,1,2025-12-26,2025-12-26
3389,Female,Gen Z,occasional,1,5,2025-08-08,2026-05-03
3390,Male,Millennial,occasional,2,7,2025-09-25,2026-07-08
3391,Male,Millennial,occasional,1,7,2025-08-22,2026-03-28
3392,Male,Millennial,loyal,1,32,2025-07-14,2026-07-09
3393,Female,Millennial,occasional,1,6,2025-07-25,2026-06-11
3394,Male,Millennial,one_and_done,4,1,2026-01-19,2026-01-19
3395,Female,Millennial,occasional,1,6,2025-07-11,2026-03-23
3396,Female,Gen Z,one_and_done,1,1,2026-07-07,2026-07-07
3397,Female,Gen X,one_and_done,1,1,2026-03-28,2026-03-28
3398,Female,Millennial,occasional,4,6,2025-07-25,2026-06-25
3399,Female,Millennial,one_and_done,1,1,2025-09-11,2025-09-11
3400,Male,Millennial,loyal,6,32,2025-07-12,2026-06-14
3401,Male,Boomer,one_and_done,1,1,2026-05-14,2026-05-14
3402,Male,Millennial,loyal,1,32,2025-07-05,2026-06-06
3403,Female,Gen Z,loyal,1,20,2025-07-17,2026-06-29
3404,Female,Millennial,one_and_done,3,1,2025-11-03,2025-11-03
3405,Female,Millennial,occasional,6,6,2025-07-06,2026-07-08
3406,Male,Gen Z,one_and_done,1,1,2025-07-07,2025-07-07
3407,Male,Millennial,regular,1,22,2025-07-19,2026-06-30
3408,Male,Gen Z,loyal,1,23,2025-07-01,2026-05-29
3409,Male,Gen X,one_and_done,1,1,2026-04-06,2026-04-06
3410,Female,Gen X,occasional,1,5,2025-09-27,2026-05-20
3411,Male,Boomer,one_and_done,1,1,2026-04-25,2026-04-25
3412,Male,Millennial,occasional,6,7,2025-07-13,2026-06-01
3413,Male,Millennial,one_and_done,1,1,2026-01-12,2026-01-12
3414,Female,Millennial,one_and_done,2,1,2025-09-18,2025-09-18
3415,Female,Gen X,regular,3,15,2025-07-23,2026-05-16
3416,Female,Millennial,one_and_done,2,1,2026-02-21,2026-02-21
3417,Male,Millennial,one_and_done,1,1,2025-08-10,2025-08-10
3418,Female,Millennial,one_and_done,2,1,2025-08-17,2025-08-17
3419,Female,Boomer,occasional,1,4,2025-10-15,2026-05-10
3420,Male,Millennial,regular,4,22,2025-07-23,2026-07-03
3421,Male,Gen X,regular,1,17,2025-07-27,2026-06-12
3422,Male,Gen Z,regular,1,15,2025-07-02,2026-06-12
3423,Male,Gen Z,one_and_done,8,1,2026-06-23,2026-06-23
3424,Female,Millennial,one_and_done,5,1,2025-10-08,2025-10-08
3425,Male,Millennial,one_and_done,1,1,2025-12-20,2025-12-20
3426,Male,Millennial,one_and_done,1,1,2026-02-06,2026-02-06
3427,Male,Millennial,regular,2,22,2025-07-07,2026-07-09
3428,Female,Gen X,occasional,2,5,2025-11-16,2026-06-09
3429,Male,Millennial,occasional,1,7,2025-09-12,2026-06-01
3430,Male,Gen X,one_and_done,4,1,2025-10-31,2025-10-31
3431,Male,Millennial,loyal,1,32,2025-07-10,2026-07-02
3432,Female,Millennial,one_and_done,4,1,2026-02-02,2026-02-02
3433,Male,Millennial,regular,1,22,2025-07-11,2026-07-08
3434,Male,Millennial,one_and_done,5,1,2026-06-03,2026-06-03
3435,Female,Millennial,one_and_done,2,1,2026-05-03,2026-05-03
3436,Male,Millennial,occasional,1,7,2025-08-15,2026-04-26
3437,Male,Millennial,one_and_done,3,1,2026-04-30,2026-04-30
3438,Male,Millennial,one_and_done,1,1,2026-04-25,2026-04-25
3439,Male,Gen Z,one_and_done,2,1,2026-07-07,2026-07-07
3440,Male,Millennial,occasional,1,7,2025-08-14,2026-04-24
3441,Female,Millennial,occasional,1,6,2025-07-31,2026-05-31
3442,Male,Millennial,occasional,1,7,2025-08-23,2026-02-13
3443,Female,Millennial,regular,3,18,2025-07-12,2026-07-07
3444,Male,Millennial,one_and_done,1,1,2025-08-27,2025-08-27
3445,Male,Gen X,occasional,5,6,2025-08-30,2026-03-26
3446,Male,Gen Z,regular,1,15,2025-07-05,2026-06-16
3447,Male,Millennial,one_and_done,5,1,2026-06-11,2026-06-11
3448,Female,Gen X,occasional,1,5,2025-11-10,2026-04-24
3449,Male,Millennial,one_and_done,1,1,2026-05-20,2026-05-20
3450,Female,Gen Z,regular,3,14,2025-08-02,2026-04-19
3451,Male,Gen Z,one_and_done,5,1,2026-04-18,2026-04-18
3452,Female,Millennial,one_and_done,3,1,2025-12-19,2025-12-19
3453,Male,Gen X,one_and_done,3,1,2026-02-09,2026-02-09
3454,Male,Millennial,occasional,2,7,2025-07-24,2026-06-20
3455,Male,Millennial,one_and_done,10,1,2025-10-21,2025-10-21
3456,Male,Gen Z,occasional,4,5,2025-08-03,2026-07-08
3457,Male,Millennial,occasional,7,7,2025-07-15,2026-06-13
3458,Male,Gen Z,occasional,1,5,2025-07-14,2026-05-26
3459,Male,Millennial,occasional,1,7,2025-07-22,2026-05-20
3460,Male,Gen Z,one_and_done,9,1,2026-05-08,2026-05-08
3461,Male,Gen X,one_and_done,1,1,2026-04-07,2026-04-07
3462,Female,Millennial,regular,7,18,2025-08-08,2026-06-23
3463,Male,Boomer,occasional,4,4,2025-10-08,2026-05-12
3464,Female,Gen Z,one_and_done,1,1,2026-04-09,2026-04-09
3465,Female,Gen Z,regular,4,14,2025-07-14,2026-05-11
3466,Female,Millennial,occasional,7,6,2025-07-03,2026-06-26
3467,Male,Gen Z,loyal,1,23,2025-08-01,2026-07-09
3468,Female,Gen Z,one_and_done,1,1,2026-02-19,2026-02-19
3469,Female,Millennial,occasional,7,6,2025-08-16,2026-07-08
3470,Male,Millennial,one_and_done,1,1,2026-07-05,2026-07-05
3471,Male,Millennial,one_and_done,7,1,2025-07-16,2025-07-16
3472,Male,Gen Z,one_and_done,2,1,2025-10-18,2025-10-18
3473,Female,Gen Z,one_and_done,3,1,2026-01-09,2026-01-09
3474,Male,Millennial,one_and_done,6,1,2025-12-31,2025-12-31
3475,Male,Millennial,one_and_done,3,1,2025-12-13,2025-12-13
3476,Male,Millennial,occasional,2,7,2025-08-12,2026-01-02
3477,Male,Gen X,regular,7,17,2025-08-26,2026-06-27
3478,Female,Millennial,loyal,1,27,2025-07-15,2026-07-03
3479,Male,Millennial,loyal,3,32,2025-07-26,2026-07-01
3480,Female,Millennial,occasional,1,6,2025-08-07,2026-06-03
3481,Male,Millennial,regular,1,22,2025-08-28,2026-06-16
3482,Female,Gen Z,regular,1,14,2025-07-17,2026-06-27
3483,Male,Gen Z,one_and_done,1,1,2026-06-21,2026-06-21
3484,Female,Gen Z,one_and_done,4,1,2025-12-26,2025-12-26
3485,Female,Millennial,one_and_done,1,1,2025-12-01,2025-12-01
3486,Female,Millennial,one_and_done,4,1,2026-05-28,2026-05-28
3487,Female,Millennial,one_and_done,3,1,2026-03-10,2026-03-10
3488,Female,Boomer,regular,2,11,2025-08-19,2026-07-04
3489,Female,Gen X,regular,1,15,2025-07-01,2026-05-30
3490,Female,Millennial,occasional,1,6,2025-07-24,2026-07-08
3491,Female,Gen Z,regular,5,14,2025-09-07,2026-05-21
3492,Female,Millennial,one_and_done,1,1,2025-11-06,2025-11-06
3493,Female,Gen Z,occasional,1,5,2025-08-19,2026-04-08
3494,Male,Gen X,one_and_done,5,1,2025-12-04,2025-12-04
3495,Female,Gen Z,loyal,1,20,2025-07-31,2026-06-16
3496,Male,Boomer,one_and_done,6,1,2026-02-27,2026-02-27
3497,Male,Gen Z,occasional,1,5,2025-12-09,2026-07-01
3498,Male,Gen X,regular,1,17,2025-07-23,2026-06-29
3499,Female,Millennial,regular,1,18,2025-08-08,2026-06-19
3500,Female,Gen Z,regular,1,14,2025-07-16,2026-07-06
3501,Male,Millennial,one_and_done,2,1,2026-04-07,2026-04-07
3502,Female,Gen X,one_and_done,1,1,2026-03-11,2026-03-11
3503,Female,Gen Z,regular,1,14,2025-07-08,2026-06-25
3504,Male,Gen X,occasional,1,6,2025-08-28,2026-05-22
3505,Male,Gen Z,occasional,1,5,2025-09-08,2026-05-25
3506,Male,Millennial,occasional,1,7,2025-08-30,2026-06-29
3507,Female,Gen Z,one_and_done,1,1,2025-07-02,2025-07-02
3508,Male,Boomer,occasional,6,4,2025-08-31,2026-05-18
3509,Male,Gen X,occasional,1,6,2025-08-23,2026-05-19
3510,Female,Gen Z,occasional,1,5,2026-01-04,2026-06-01
3511,Male,Millennial,regular,2,22,2025-08-23,2026-06-29
3512,Male,Millennial,occasional,1,7,2025-09-11,2026-07-01
3513,Male,Gen Z,occasional,1,5,2025-08-16,2026-06-10
3514,Female,Millennial,one_and_done,2,1,2025-09-20,2025-09-20
3515,Female,Millennial,loyal,5,27,2025-07-07,2026-07-08
3516,Female,Boomer,occasional,2,4,2025-08-20,2026-04-16
3517,Male,Millennial,occasional,1,7,2025-07-05,2026-06-03
3518,Male,Gen Z,one_and_done,1,1,2025-07-25,2025-07-25
3519,Male,Millennial,one_and_done,3,1,2026-02-13,2026-02-13
3520,Male,Gen Z,occasional,1,5,2025-12-04,2026-06-23
3521,Male,Gen X,one_and_done,1,1,2025-09-05,2025-09-05
3522,Male,Millennial,occasional,2,7,2025-10-14,2026-04-29
3523,Female,Boomer,one_and_done,3,1,2025-08-30,2025-08-30
3524,Male,Gen X,one_and_done,6,1,2026-06-03,2026-06-03
3525,Male,Gen X,regular,1,17,2025-07-03,2026-06-19
3526,Male,Millennial,occasional,3,7,2025-09-15,2026-06-05
3527,Male,Gen Z,one_and_done,1,1,2026-01-21,2026-01-21
3528,Female,Gen X,occasional,2,5,2025-07-25,2026-06-28
3529,Male,Millennial,one_and_done,3,1,2026-05-09,2026-05-09
3530,Male,Millennial,regular,3,22,2025-07-12,2026-07-07
3531,Female,Millennial,loyal,1,27,2025-07-04,2026-06-26
3532,Male,Gen Z,one_and_done,1,1,2026-03-04,2026-03-04
3533,Female,Millennial,one_and_done,1,1,2025-08-25,2025-08-25
3534,Female,Gen Z,loyal,1,20,2025-07-19,2026-07-08
3535,Female,Millennial,regular,3,18,2025-07-18,2026-07-09
3536,Female,Gen Z,one_and_done,2,1,2025-08-15,2025-08-15
3537,Male,Millennial,occasional,1,7,2025-07-21,2026-05-31
3538,Female,Boomer,occasional,1,4,2025-11-10,2026-05-07
3539,Male,Gen X,regular,6,17,2025-07-20,2026-06-25
3540,Male,Gen X,occasional,1,6,2025-11-13,2026-03-18
3541,Male,Millennial,one_and_done,1,1,2026-05-02,2026-05-02
3542,Male,Millennial,loyal,7,32,2025-07-07,2026-07-06
3543,Male,Gen Z,one_and_done,1,1,2025-09-10,2025-09-10
3544,Male,Millennial,occasional,1,7,2025-09-20,2026-07-02
3545,Male,Gen X,regular,1,17,2025-07-10,2026-07-06
3546,Female,Gen X,occasional,8,5,2026-01-17,2026-04-27
3547,Male,Gen Z,occasional,6,5,2025-08-23,2026-05-02
3548,Male,Millennial,regular,6,22,2025-07-12,2026-07-08
3549,Female,Gen X,regular,1,15,2025-07-09,2026-05-11
3550,Female,Millennial,one_and_done,1,1,2026-06-30,2026-06-30
3551,Male,Gen X,occasional,1,6,2025-08-07,2026-04-15
3552,Male,Millennial,loyal,4,32,2025-07-01,2026-06-25
3553,Male,Gen X,one_and_done,1,1,2025-07-20,2025-07-20
3554,Male,Gen X,one_and_done,1,1,2025-09-08,2025-09-08
3555,Male,Millennial,occasional,2,7,2025-07-07,2026-06-27
3556,Male,Millennial,one_and_done,4,1,2026-06-16,2026-06-16
3557,Male,Gen Z,one_and_done,6,1,2026-06-14,2026-06-14
3558,Male,Millennial,one_and_done,1,1,2025-08-11,2025-08-11
3559,Male,Gen Z,one_and_done,3,1,2026-05-27,2026-05-27
3560,Male,Millennial,one_and_done,1,1,2026-05-25,2026-05-25
3561,Male,Millennial,occasional,2,7,2025-07-10,2026-04-15
3562,Male,Millennial,one_and_done,1,1,2026-07-02,2026-07-02
3563,Male,Millennial,regular,5,22,2025-07-04,2026-07-06
3564,Female,Gen X,regular,2,15,2025-07-19,2026-07-01
3565,Female,Boomer,loyal,6,16,2025-07-01,2026-05-11
3566,Male,Millennial,occasional,1,7,2025-10-17,2026-06-26
3567,Male,Gen X,one_and_done,1,1,2025-10-20,2025-10-20
3568,Female,Millennial,occasional,1,6,2025-10-07,2026-03-13
3569,Female,Boomer,regular,1,11,2025-07-19,2026-06-11
3570,Male,Gen Z,one_and_done,2,1,2026-03-24,2026-03-24
3571,Female,Gen Z,regular,2,14,2025-07-02,2026-04-28
3572,Female,Gen Z,occasional,2,5,2025-08-31,2026-07-02
3573,Female,Millennial,occasional,1,6,2025-10-03,2026-05-03
3574,Male,Gen Z,one_and_done,1,1,2026-02-24,2026-02-24
3575,Female,Millennial,regular,4,18,2025-07-09,2026-06-12
3576,Female,Millennial,one_and_done,3,1,2025-08-13,2025-08-13
3577,Male,Millennial,loyal,1,32,2025-07-03,2026-07-02
3578,Male,Gen X,regular,1,17,2025-07-06,2026-07-04
3579,Male,Gen Z,one_and_done,1,1,2025-08-05,2025-08-05
3580,Male,Gen Z,loyal,1,23,2025-07-11,2026-06-26
3581,Female,Millennial,occasional,3,6,2025-07-02,2026-07-08
3582,Female,Gen Z,regular,1,14,2025-07-31,2026-06-20
3583,Female,Millennial,occasional,1,6,2025-07-20,2026-06-24
3584,Male,Millennial,occasional,1,7,2025-07-01,2026-04-16
3585,Male,Boomer,regular,2,12,2025-10-10,2026-07-02
3586,Male,Millennial,occasional,1,7,2025-08-22,2026-01-28
3587,Female,Gen Z,one_and_done,1,1,2025-09-18,2025-09-18
3588,Male,Millennial,one_and_done,1,1,2025-07-12,2025-07-12
3589,Male,Gen X,one_and_done,2,1,2026-06-19,2026-06-19
3590,Male,Gen X,occasional,1,6,2025-10-17,2026-06-05
3591,Male,Gen X,regular,1,17,2025-07-17,2026-06-18
3592,Male,Gen Z,one_and_done,10,1,2026-06-05,2026-06-05
3593,Male,Gen Z,occasional,4,5,2025-08-05,2026-03-14
3594,Female,Boomer,occasional,1,4,2025-08-03,2026-05-20
3595,Male,Millennial,occasional,1,7,2025-09-01,2026-05-03
3596,Male,Millennial,one_and_done,1,1,2026-05-04,2026-05-04
3597,Male,Millennial,regular,4,22,2025-08-22,2026-06-09
3598,Male,Millennial,one_and_done,1,1,2026-05-16,2026-05-16
3599,Male,Millennial,one_and_done,2,1,2026-05-21,2026-05-21
3600,Male,Gen X,occasional,1,6,2025-07-25,2026-06-29
3601,Male,Gen Z,loyal,1,23,2025-07-03,2026-06-08
3602,Male,Gen Z,regular,2,15,2025-07-04,2026-07-02
3603,Male,Millennial,occasional,1,7,2025-07-24,2026-04-11
3604,Male,Millennial,occasional,5,7,2025-07-18,2026-06-13
3605,Male,Millennial,one_and_done,1,1,2026-02-02,2026-02-02
3606,Male,Gen Z,regular,5,15,2025-07-11,2026-06-30
3607,Female,Millennial,occasional,10,6,2025-09-02,2026-06-04
3608,Female,Gen X,occasional,4,5,2025-07-19,2026-06-17
3609,Male,Gen X,regular,4,17,2025-07-12,2026-07-06
3610,Male,Millennial,occasional,1,7,2025-10-12,2026-05-23
3611,Female,Millennial,one_and_done,7,1,2026-06-06,2026-06-06
3612,Female,Gen Z,one_and_done,2,1,2026-01-20,2026-01-20
3613,Male,Millennial,regular,2,22,2025-07-06,2026-07-03
3614,Male,Gen X,occasional,1,6,2025-07-10,2026-05-23
3615,Male,Gen Z,one_and_done,1,1,2025-07-03,2025-07-03
3616,Female,Gen Z,one_and_done,3,1,2025-12-02,2025-12-02
3617,Female,Millennial,regular,1,18,2025-08-18,2026-06-18
3618,Female,Gen Z,one_and_done,1,1,2026-02-19,2026-02-19
3619,Female,Millennial,one_and_done,2,1,2025-12-01,2025-12-01
3620,Male,Millennial,regular,1,22,2025-08-08,2026-06-19
3621,Female,Gen Z,one_and_done,5,1,2026-05-09,2026-05-09
3622,Male,Millennial,one_and_done,1,1,2025-10-03,2025-10-03
3623,Female,Gen X,occasional,1,5,2025-10-02,2026-03-12
3624,Male,Millennial,one_and_done,3,1,2025-11-06,2025-11-06
3625,Male,Millennial,regular,2,22,2025-07-17,2026-07-05
3626,Female,Millennial,regular,1,18,2025-07-07,2026-07-05
3627,Female,Millennial,one_and_done,2,1,2026-01-04,2026-01-04
3628,Male,Millennial,one_and_done,1,1,2025-12-07,2025-12-07
3629,Male,Millennial,one_and_done,1,1,2025-12-30,2025-12-30
3630,Male,Gen X,one_and_done,2,1,2026-07-09,2026-07-09
3631,Female,Millennial,one_and_done,3,1,2025-08-08,2025-08-08
3632,Male,Millennial,one_and_done,1,1,2026-04-22,2026-04-22
3633,Male,Millennial,regular,1,22,2025-07-03,2026-05-22
3634,Female,Gen X,occasional,4,5,2025-07-16,2026-05-18
3635,Male,Gen Z,occasional,3,5,2025-07-24,2026-03-13
3636,Male,Millennial,loyal,1,32,2025-07-05,2026-07-06
3637,Male,Gen X,one_and_done,1,1,2026-03-17,2026-03-17
3638,Male,Gen X,loyal,4,25,2025-07-04,2026-06-24
3639,Female,Gen Z,one_and_done,1,1,2025-08-29,2025-08-29
3640,Male,Millennial,regular,1,22,2025-07-30,2026-07-03
3641,Female,Millennial,occasional,3,6,2025-09-25,2026-07-07
3642,Male,Millennial,occasional,6,7,2025-10-24,2026-05-15
3643,Male,Gen Z,one_and_done,1,1,2025-09-20,2025-09-20
3644,Female,Millennial,occasional,1,6,2025-09-17,2026-06-28
3645,Female,Millennial,occasional,1,6,2025-08-21,2026-06-03
3646,Male,Millennial,regular,6,22,2025-07-05,2026-07-06
3647,Male,Millennial,regular,1,22,2025-07-02,2026-05-25
3648,Female,Gen X,regular,1,15,2025-09-06,2026-05-25
3649,Female,Millennial,loyal,1,27,2025-07-03,2026-07-09
3650,Male,Millennial,occasional,2,7,2025-08-22,2026-06-06
3651,Male,Gen Z,loyal,1,23,2025-07-12,2026-07-09
3652,Female,Millennial,regular,1,18,2025-07-12,2026-06-21
3653,Female,Millennial,occasional,2,6,2025-08-05,2026-06-11
3654,Female,Millennial,regular,2,18,2025-07-14,2026-06-02
3655,Male,Gen Z,occasional,1,5,2025-07-21,2026-05-30
3656,Female,Gen X,one_and_done,3,1,2026-01-06,2026-01-06
3657,Male,Millennial,regular,5,22,2025-09-11,2026-07-04
3658,Male,Gen Z,one_and_done,1,1,2026-05-17,2026-05-17
3659,Male,Millennial,one_and_done,1,1,2026-03-11,2026-03-11
3660,Female,Millennial,occasional,1,6,2025-08-13,2026-06-16
3661,Male,Gen X,one_and_done,1,1,2026-05-26,2026-05-26
3662,Male,Millennial,occasional,1,7,2025-10-05,2026-06-24
3663,Male,Millennial,one_and_done,1,1,2025-08-04,2025-08-04
3664,Male,Millennial,one_and_done,5,1,2025-11-17,2025-11-17
3665,Female,Millennial,one_and_done,8,1,2025-09-03,2025-09-03
3666,Female,Millennial,one_and_done,6,1,2025-08-20,2025-08-20
3667,Female,Millennial,regular,1,18,2025-07-02,2026-07-09
3668,Male,Gen Z,regular,3,15,2025-08-29,2026-06-26
3669,Female,Millennial,occasional,3,6,2025-07-29,2026-05-27
3670,Male,Boomer,occasional,1,4,2025-08-23,2026-04-21
3671,Male,Millennial,one_and_done,1,1,2026-02-06,2026-02-06
3672,Male,Gen Z,regular,1,15,2025-07-08,2026-07-08
3673,Male,Boomer,loyal,1,18,2025-07-15,2026-06-19
3674,Female,Gen Z,one_and_done,4,1,2026-05-05,2026-05-05
3675,Male,Gen Z,one_and_done,6,1,2025-07-06,2025-07-06
3676,Male,Gen X,occasional,5,6,2025-07-02,2026-03-28
3677,Male,Gen Z,occasional,2,5,2025-07-25,2026-06-26
3678,Male,Millennial,one_and_done,1,1,2025-09-15,2025-09-15
3679,Male,Gen X,one_and_done,1,1,2026-03-02,2026-03-02
3680,Female,Gen Z,loyal,6,20,2025-07-18,2026-05-07
3681,Male,Gen X,one_and_done,3,1,2026-06-04,2026-06-04
3682,Male,Gen X,occasional,4,6,2025-07-08,2026-06-15
3683,Male,Gen Z,one_and_done,1,1,2026-03-01,2026-03-01
3684,Male,Millennial,regular,1,22,2025-07-06,2026-07-05
3685,Male,Gen Z,regular,2,15,2025-09-03,2026-05-30
3686,Male,Gen X,occasional,5,6,2025-07-31,2026-05-14
3687,Female,Millennial,one_and_done,8,1,2025-11-19,2025-11-19
3688,Male,Gen Z,one_and_done,2,1,2026-07-03,2026-07-03
3689,Male,Gen Z,regular,3,15,2025-09-04,2026-06-23
3690,Male,Boomer,regular,5,12,2025-07-08,2026-05-29
3691,Female,Millennial,occasional,1,6,2025-09-13,2026-06-03
3692,Female,Gen X,regular,5,15,2025-07-08,2026-05-23
3693,Male,Gen X,one_and_done,2,1,2026-04-08,2026-04-08
3694,Male,Millennial,one_and_done,1,1,2026-06-17,2026-06-17
3695,Male,Gen Z,one_and_done,1,1,2026-04-10,2026-04-10
3696,Male,Gen X,one_and_done,4,1,2025-07-25,2025-07-25
3697,Male,Boomer,occasional,2,4,2025-07-30,2026-06-11
3698,Female,Millennial,regular,1,18,2025-07-05,2026-07-07
3699,Male,Millennial,one_and_done,6,1,2025-12-13,2025-12-13
3700,Female,Millennial,regular,4,18,2025-07-11,2026-06-26
3701,Male,Gen Z,regular,6,15,2025-08-08,2026-07-02
3702,Male,Millennial,occasional,1,7,2025-08-04,2026-07-07
3703,Male,Gen X,loyal,1,25,2025-07-31,2026-07-04
3704,Male,Gen X,one_and_done,2,1,2025-10-27,2025-10-27
3705,Male,Millennial,regular,1,22,2025-08-24,2026-06-25
3706,Male,Millennial,occasional,2,7,2025-07-14,2026-05-19
3707,Male,Gen X,loyal,1,25,2025-07-05,2026-07-05
3708,Male,Millennial,one_and_done,7,1,2025-08-22,2025-08-22
3709,Male,Gen Z,one_and_done,5,1,2025-10-24,2025-10-24
3710,Male,Millennial,one_and_done,1,1,2025-12-10,2025-12-10
3711,Male,Millennial,regular,3,22,2025-07-02,2026-07-03
3712,Female,Gen X,occasional,1,5,2025-10-08,2026-05-17
3713,Male,Millennial,regular,1,22,2025-07-08,2026-06-19
3714,Male,Millennial,occasional,6,7,2025-07-06,2026-05-26
3715,Male,Millennial,regular,1,22,2025-07-19,2026-07-07
3716,Male,Gen Z,regular,1,15,2025-07-01,2026-06-22
3717,Male,Boomer,loyal,1,18,2025-10-02,2026-07-09
3718,Female,Millennial,one_and_done,6,1,2026-05-13,2026-05-13
3719,Male,Millennial,occasional,1,7,2025-08-11,2026-07-03
3720,Female,Gen X,one_and_done,1,1,2025-07-27,2025-07-27
3721,Male,Gen X,one_and_done,3,1,2026-04-24,2026-04-24
3722,Male,Millennial,one_and_done,1,1,2025-07-04,2025-07-04
3723,Male,Gen Z,one_and_done,1,1,2026-06-19,2026-06-19
3724,Female,Gen X,occasional,1,5,2025-07-28,2026-07-04
3725,Male,Gen Z,loyal,1,23,2025-07-14,2026-06-13
3726,Male,Millennial,occasional,1,7,2025-07-19,2026-05-20
3727,Female,Gen Z,occasional,2,5,2025-08-11,2026-06-22
3728,Female,Gen Z,occasional,1,5,2025-10-16,2026-03-05
3729,Female,Millennial,occasional,1,6,2025-11-24,2026-06-23
3730,Male,Millennial,loyal,1,32,2025-07-09,2026-06-24
3731,Male,Gen X,occasional,2,6,2025-10-02,2026-06-06
3732,Male,Millennial,one_and_done,1,1,2025-09-09,2025-09-09
3733,Male,Millennial,one_and_done,1,1,2025-08-20,2025-08-20
3734,Female,Gen X,one_and_done,1,1,2025-07-08,2025-07-08
3735,Male,Millennial,one_and_done,1,1,2025-12-26,2025-12-26
3736,Female,Boomer,one_and_done,1,1,2026-05-01,2026-05-01
3737,Male,Gen Z,one_and_done,1,1,2026-04-26,2026-04-26
3738,Male,Gen X,one_and_done,1,1,2025-07-05,2025-07-05
3739,Male,Gen Z,one_and_done,1,1,2025-10-02,2025-10-02
3740,Male,Millennial,loyal,1,32,2025-07-15,2026-06-24
3741,Male,Millennial,occasional,1,7,2025-10-09,2026-06-30
3742,Female,Gen X,one_and_done,1,1,2026-07-09,2026-07-09
3743,Male,Millennial,regular,5,22,2025-07-03,2026-06-23
3744,Female,Millennial,occasional,3,6,2025-10-14,2026-06-15
3745,Male,Millennial,regular,3,22,2025-07-06,2026-06-30
3746,Male,Gen X,occasional,1,6,2025-08-07,2026-02-20
3747,Female,Gen Z,one_and_done,1,1,2025-12-18,2025-12-18
3748,Male,Gen Z,regular,1,15,2025-07-04,2026-06-30
3749,Male,Millennial,one_and_done,1,1,2026-01-12,2026-01-12
3750,Male,Millennial,one_and_done,1,1,2026-05-08,2026-05-08
3751,Male,Millennial,occasional,1,7,2025-09-20,2026-06-09
3752,Male,Millennial,one_and_done,2,1,2025-07-10,2025-07-10
3753,Male,Gen Z,loyal,1,23,2025-07-12,2026-07-02
3754,Female,Millennial,one_and_done,4,1,2026-04-06,2026-04-06
3755,Male,Millennial,one_and_done,1,1,2026-03-21,2026-03-21
3756,Male,Gen Z,regular,4,15,2025-07-06,2026-06-28
3757,Male,Gen X,one_and_done,1,1,2025-10-17,2025-10-17
3758,Male,Millennial,occasional,1,7,2025-09-21,2026-06-19
3759,Male,Millennial,one_and_done,1,1,2025-08-27,2025-08-27
3760,Male,Gen X,loyal,1,25,2025-08-01,2026-06-27
3761,Male,Millennial,one_and_done,5,1,2026-05-04,2026-05-04
3762,Female,Gen Z,one_and_done,4,1,2026-04-22,2026-04-22
3763,Male,Millennial,loyal,1,32,2025-07-06,2026-07-01
3764,Male,Gen Z,occasional,10,5,2025-08-12,2026-04-26
3765,Female,Millennial,regular,2,18,2025-07-02,2026-06-10
3766,Male,Boomer,regular,3,12,2025-08-12,2026-06-29
3767,Male,Gen Z,occasional,4,5,2025-11-09,2026-05-23
3768,Male,Millennial,regular,1,22,2025-07-07,2026-07-04
3769,Male,Millennial,occasional,2,7,2025-07-12,2026-06-13
3770,Male,Millennial,regular,2,22,2025-07-02,2026-06-11
3771,Male,Gen Z,regular,1,15,2025-08-22,2026-07-06
3772,Female,Millennial,one_and_done,1,1,2026-06-15,2026-06-15
3773,Male,Gen Z,regular,5,15,2025-07-04,2026-07-02
3774,Male,Gen Z,one_and_done,2,1,2025-11-09,2025-11-09
3775,Female,Millennial,loyal,1,27,2025-07-01,2026-07-09
3776,Male,Millennial,loyal,1,32,2025-07-16,2026-06-26
3777,Male,Millennial,regular,4,22,2025-07-12,2026-07-05
3778,Male,Gen X,regular,2,17,2025-08-02,2026-06-02
3779,Male,Gen Z,one_and_done,1,1,2026-03-12,2026-03-12
3780,Female,Millennial,regular,1,18,2025-07-23,2026-05-08
3781,Male,Millennial,one_and_done,1,1,2025-11-06,2025-11-06
3782,Male,Gen Z,regular,1,15,2025-07-19,2026-06-27
3783,Male,Gen X,one_and_done,1,1,2026-04-25,2026-04-25
3784,Male,Gen X,occasional,1,6,2025-08-15,2026-06-08
3785,Male,Millennial,regular,7,22,2025-07-28,2026-07-07
3786,Male,Gen Z,loyal,3,23,2025-08-26,2026-07-04
3787,Male,Millennial,occasional,1,7,2025-10-31,2026-05-12
3788,Male,Gen X,one_and_done,1,1,2025-10-06,2025-10-06
3789,Male,Millennial,one_and_done,3,1,2026-05-23,2026-05-23
3790,Female,Gen X,one_and_done,4,1,2025-08-07,2025-08-07
3791,Female,Gen Z,loyal,3,20,2025-07-29,2026-06-18
3792,Male,Gen X,one_and_done,2,1,2025-09-01,2025-09-01
3793,Male,Boomer,occasional,1,4,2025-08-08,2026-04-16
3794,Male,Millennial,loyal,3,32,2025-07-09,2026-06-06
3795,Female,Millennial,occasional,1,6,2025-10-30,2026-06-06
3796,Male,Millennial,occasional,1,7,2025-12-27,2026-04-28
3797,Female,Millennial,regular,3,18,2025-07-25,2026-06-27
3798,Male,Gen Z,one_and_done,1,1,2025-08-02,2025-08-02
3799,Male,Millennial,one_and_done,1,1,2025-12-11,2025-12-11
3800,Male,Millennial,one_and_done,5,1,2025-08-01,2025-08-01
3801,Male,Millennial,occasional,1,7,2025-09-13,2026-05-23
3802,Female,Millennial,one_and_done,1,1,2026-01-06,2026-01-06
3803,Male,Gen X,regular,1,17,2025-07-09,2026-07-01
3804,Male,Gen X,loyal,1,25,2025-07-20,2026-07-05
3805,Female,Millennial,occasional,6,6,2025-09-12,2026-06-29
3806,Male,Millennial,occasional,2,7,2025-08-13,2026-07-04
3807,Female,Millennial,loyal,6,27,2025-08-31,2026-07-02
3808,Female,Millennial,one_and_done,1,1,2025-11-04,2025-11-04
3809,Female,Millennial,one_and_done,1,1,2025-07-28,2025-07-28
3810,Male,Millennial,one_and_done,2,1,2026-07-05,2026-07-05
3811,Male,Millennial,occasional,9,7,2025-07-28,2026-01-24
3812,Male,Millennial,one_and_done,4,1,2025-12-14,2025-12-14
3813,Female,Millennial,occasional,2,6,2025-08-18,2026-05-09
3814,Male,Millennial,one_and_done,10,1,2025-11-01,2025-11-01
3815,Female,Gen X,one_and_done,1,1,2025-10-29,2025-10-29
3816,Male,Millennial,one_and_done,1,1,2026-03-23,2026-03-23
3817,Male,Gen Z,one_and_done,7,1,2025-10-29,2025-10-29
3818,Female,Gen X,one_and_done,3,1,2025-12-23,2025-12-23
3819,Male,Millennial,occasional,2,7,2025-10-10,2026-04-16
3820,Male,Gen Z,occasional,1,5,2025-07-31,2026-02-11
3821,Male,Millennial,one_and_done,8,1,2026-03-13,2026-03-13
3822,Female,Gen Z,one_and_done,5,1,2026-04-14,2026-04-14
3823,Male,Millennial,regular,1,22,2025-07-11,2026-06-15
3824,Female,Millennial,one_and_done,2,1,2026-04-08,2026-04-08
3825,Male,Millennial,one_and_done,3,1,2025-09-22,2025-09-22
3826,Male,Millennial,loyal,3,32,2025-07-01,2026-06-20
3827,Female,Millennial,occasional,6,6,2025-08-20,2026-04-21
3828,Female,Millennial,one_and_done,2,1,2026-04-19,2026-04-19
3829,Male,Gen Z,one_and_done,1,1,2026-03-21,2026-03-21
3830,Female,Gen Z,one_and_done,3,1,2026-05-18,2026-05-18
3831,Male,Millennial,regular,3,22,2025-08-15,2026-07-03
3832,Male,Gen Z,one_and_done,6,1,2025-12-04,2025-12-04
3833,Female,Millennial,one_and_done,1,1,2025-10-09,2025-10-09
3834,Male,Gen X,one_and_done,7,1,2026-05-07,2026-05-07
3835,Female,Gen Z,regular,1,14,2025-07-17,2026-07-04
3836,Male,Gen Z,one_and_done,1,1,2026-04-02,2026-04-02
3837,Male,Boomer,occasional,5,4,2025-10-17,2026-04-21
3838,Female,Millennial,regular,1,18,2025-08-02,2026-06-30
3839,Male,Gen Z,occasional,2,5,2025-11-07,2026-06-30
3840,Female,Gen X,occasional,2,5,2025-08-02,2026-05-05
3841,Female,Millennial,occasional,5,6,2025-08-08,2026-06-23
3842,Female,Millennial,loyal,1,27,2025-07-17,2026-06-10
3843,Female,Boomer,one_and_done,1,1,2026-05-02,2026-05-02
3844,Female,Millennial,occasional,3,6,2025-10-18,2026-05-22
3845,Female,Gen X,one_and_done,2,1,2026-03-12,2026-03-12
3846,Female,Millennial,occasional,5,6,2025-07-08,2026-05-04
3847,Male,Gen Z,one_and_done,3,1,2025-09-18,2025-09-18
3848,Male,Gen X,occasional,7,6,2025-08-05,2026-04-05
3849,Female,Boomer,occasional,3,4,2025-10-01,2025-10-21
3850,Male,Gen X,loyal,6,25,2025-08-21,2026-07-02
3851,Male,Millennial,one_and_done,3,1,2026-06-30,2026-06-30
3852,Female,Gen X,one_and_done,5,1,2026-01-31,2026-01-31
3853,Male,Gen Z,one_and_done,1,1,2026-01-10,2026-01-10
3854,Male,Millennial,loyal,1,32,2025-07-04,2026-06-29
3855,Female,Millennial,one_and_done,1,1,2025-08-23,2025-08-23
3856,Female,Gen X,regular,2,15,2025-07-01,2026-07-07
3857,Male,Millennial,occasional,1,7,2025-08-14,2026-07-01
3858,Female,Millennial,one_and_done,1,1,2025-07-26,2025-07-26
3859,Male,Millennial,occasional,7,7,2025-08-04,2026-06-26
3860,Male,Gen Z,one_and_done,1,1,2026-03-22,2026-03-22
3861,Male,Millennial,loyal,2,32,2025-07-03,2026-06-20
3862,Male,Millennial,one_and_done,3,1,2025-08-01,2025-08-01
3863,Female,Millennial,one_and_done,9,1,2025-07-01,2025-07-01
3864,Male,Gen Z,loyal,6,23,2025-07-04,2026-06-03
3865,Male,Millennial,regular,1,22,2025-07-01,2026-06-28
3866,Male,Gen Z,one_and_done,6,1,2026-04-08,2026-04-08
3867,Male,Boomer,occasional,3,4,2025-07-09,2025-08-30
3868,Male,Millennial,occasional,1,7,2025-08-13,2026-02-19
3869,Male,Millennial,occasional,1,7,2025-07-11,2026-05-08
3870,Female,Millennial,occasional,1,6,2025-07-12,2026-06-01
3871,Male,Boomer,one_and_done,1,1,2026-05-05,2026-05-05
3872,Male,Millennial,one_and_done,1,1,2025-08-19,2025-08-19
3873,Male,Boomer,one_and_done,3,1,2025-08-29,2025-08-29
3874,Female,Millennial,one_and_done,3,1,2025-09-17,2025-09-17
3875,Female,Millennial,one_and_done,1,1,2026-03-13,2026-03-13
3876,Male,Millennial,occasional,1,7,2025-07-22,2026-06-08
3877,Female,Millennial,one_and_done,1,1,2025-09-06,2025-09-06
3878,Male,Gen Z,loyal,2,23,2025-07-01,2026-07-06
3879,Male,Millennial,loyal,7,32,2025-07-01,2026-07-09
3880,Male,Gen Z,regular,1,15,2025-07-10,2026-05-28
3881,Male,Millennial,regular,10,22,2025-07-26,2026-07-07
3882,Male,Gen Z,one_and_done,5,1,2026-02-14,2026-02-14
3883,Female,Boomer,regular,1,11,2025-07-07,2026-06-28
3884,Female,Boomer,one_and_done,5,1,2026-06-23,2026-06-23
3885,Male,Boomer,one_and_done,3,1,2025-07-29,2025-07-29
3886,Female,Gen X,one_and_done,3,1,2026-06-05,2026-06-05
3887,Female,Gen Z,regular,2,14,2025-07-19,2026-05-08
3888,Male,Gen Z,occasional,1,5,2025-10-10,2026-06-27
3889,Male,Boomer,regular,1,12,2025-07-11,2026-06-27
3890,Male,Gen X,one_and_done,2,1,2026-05-09,2026-05-09
3891,Male,Gen Z,loyal,1,23,2025-07-17,2026-06-18
3892,Male,Boomer,one_and_done,2,1,2026-07-01,2026-07-01
3893,Female,Millennial,one_and_done,5,1,2025-11-24,2025-11-24
3894,Male,Millennial,occasional,3,7,2025-07-11,2026-05-05
3895,Male,Gen Z,regular,6,15,2025-08-07,2026-07-06
3896,Male,Millennial,regular,1,22,2025-07-01,2026-06-07
3897,Female,Gen X,occasional,1,5,2025-10-09,2026-06-24
3898,Male,Millennial,regular,2,22,2025-07-22,2026-07-09
3899,Male,Boomer,one_and_done,3,1,2025-07-19,2025-07-19
3900,Male,Gen X,occasional,1,6,2025-11-22,2026-07-02
3901,Male,Gen Z,one_and_done,5,1,2026-02-23,2026-02-23
3902,Male,Gen X,regular,1,17,2025-07-13,2026-06-25
3903,Male,Millennial,one_and_done,2,1,2025-12-27,2025-12-27
3904,Female,Gen Z,loyal,1,20,2025-07-13,2026-07-09
3905,Male,Millennial,occasional,1,7,2025-08-22,2026-06-12
3906,Male,Millennial,one_and_done,7,1,2026-01-17,2026-01-17
3907,Male,Gen X,one_and_done,3,1,2025-08-23,2025-08-23
3908,Female,Gen X,regular,1,15,2025-07-04,2026-06-10
3909,Female,Millennial,regular,4,18,2025-07-10,2026-07-03
3910,Male,Millennial,regular,3,22,2025-07-09,2026-06-19
3911,Male,Millennial,occasional,1,7,2025-08-11,2026-06-15
3912,Male,Boomer,occasional,1,4,2025-07-26,2026-03-19
3913,Female,Millennial,regular,1,18,2025-07-15,2026-07-06
3914,Male,Gen Z,regular,5,15,2025-07-05,2026-05-17
3915,Male,Millennial,occasional,5,7,2025-07-16,2026-05-28
3916,Male,Millennial,one_and_done,3,1,2026-07-04,2026-07-04
3917,Male,Boomer,one_and_done,2,1,2025-12-06,2025-12-06
3918,Male,Millennial,loyal,1,32,2025-07-03,2026-07-09
3919,Male,Millennial,occasional,1,7,2025-08-16,2026-05-17
3920,Female,Gen Z,one_and_done,6,1,2025-12-18,2025-12-18
3921,Male,Gen Z,one_and_done,10,1,2025-10-17,2025-10-17
3922,Male,Gen X,occasional,4,6,2025-08-15,2026-06-02
3923,Male,Gen Z,loyal,1,23,2025-07-13,2026-06-21
3924,Female,Millennial,occasional,5,6,2025-11-02,2026-06-03
3925,Male,Millennial,one_and_done,1,1,2025-12-27,2025-12-27
3926,Male,Millennial,one_and_done,1,1,2025-12-04,2025-12-04
3927,Male,Gen X,regular,1,17,2025-07-12,2026-05-29
3928,Male,Millennial,loyal,4,32,2025-07-12,2026-06-22
3929,Male,Gen Z,one_and_done,1,1,2026-06-11,2026-06-11
3930,Male,Millennial,regular,1,22,2025-07-23,2026-06-18
3931,Male,Gen X,one_and_done,5,1,2026-03-02,2026-03-02
3932,Female,Millennial,one_and_done,1,1,2025-07-14,2025-07-14
3933,Male,Millennial,one_and_done,1,1,2025-09-27,2025-09-27
3934,Male,Gen X,regular,2,17,2025-07-04,2026-07-09
3935,Male,Millennial,one_and_done,5,1,2026-04-27,2026-04-27
3936,Female,Gen X,loyal,5,23,2025-07-13,2026-06-20
3937,Female,Millennial,occasional,1,6,2025-08-21,2026-06-01
3938,Male,Millennial,regular,3,22,2025-07-07,2026-06-30
3939,Male,Gen X,occasional,1,6,2025-09-05,2026-07-04
3940,Male,Millennial,occasional,1,7,2025-07-16,2026-07-03
3941,Female,Gen Z,one_and_done,1,1,2025-08-26,2025-08-26
3942,Female,Millennial,one_and_done,2,1,2025-09-20,2025-09-20
3943,Male,Gen X,one_and_done,5,1,2025-09-16,2025-09-16
3944,Male,Millennial,occasional,1,7,2025-08-22,2026-07-03
3945,Male,Millennial,occasional,5,7,2025-07-01,2026-06-10
3946,Male,Millennial,one_and_done,1,1,2025-12-05,2025-12-05
3947,Male,Millennial,occasional,2,7,2025-07-31,2026-06-29
3948,Female,Millennial,regular,1,18,2025-07-13,2026-06-18
3949,Male,Gen X,regular,3,17,2025-07-25,2026-06-28
3950,Male,Gen Z,one_and_done,1,1,2026-01-30,2026-01-30
3951,Male,Millennial,regular,1,22,2025-07-06,2026-06-20
3952,Female,Gen X,one_and_done,2,1,2025-07-18,2025-07-18
3953,Male,Millennial,regular,3,22,2025-07-13,2026-06-29
3954,Male,Millennial,one_and_done,4,1,2025-10-16,2025-10-16
3955,Male,Millennial,one_and_done,1,1,2026-05-25,2026-05-25
3956,Female,Gen X,one_and_done,8,1,2026-05-11,2026-05-11
3957,Male,Gen Z,loyal,2,23,2025-07-25,2026-07-04
3958,Male,Boomer,occasional,1,4,2025-07-01,2026-03-13
3959,Male,Gen X,one_and_done,1,1,2026-02-14,2026-02-14
3960,Male,Millennial,one_and_done,1,1,2026-01-24,2026-01-24
3961,Female,Millennial,occasional,1,6,2026-01-31,2026-06-20
3962,Female,Gen Z,occasional,1,5,2025-08-07,2026-04-15
3963,Female,Millennial,regular,1,18,2025-07-05,2026-06-03
3964,Male,Millennial,occasional,6,7,2025-07-09,2026-01-15
3965,Male,Gen X,regular,1,17,2025-07-16,2026-06-27
3966,Male,Boomer,regular,1,12,2025-08-01,2026-06-10
3967,Male,Millennial,one_and_done,7,1,2026-06-21,2026-06-21
3968,Male,Gen Z,occasional,1,5,2025-07-05,2026-06-08
3969,Male,Millennial,occasional,4,7,2025-07-15,2026-04-30
3970,Female,Gen X,occasional,1,5,2025-08-18,2026-06-25
3971,Female,Millennial,loyal,1,27,2025-07-06,2026-07-05
3972,Male,Millennial,regular,8,22,2025-07-24,2026-06-15
3973,Male,Millennial,regular,1,22,2025-07-23,2026-07-09
3974,Male,Gen X,regular,1,17,2025-07-18,2026-05-21
3975,Male,Gen X,occasional,2,6,2025-09-25,2026-06-12
3976,Male,Gen Z,regular,2,15,2025-08-04,2026-06-28
3977,Male,Gen X,one_and_done,1,1,2025-12-03,2025-12-03
3978,Male,Gen Z,one_and_done,4,1,2026-03-27,2026-03-27
3979,Male,Millennial,occasional,1,7,2026-01-16,2026-06-26
3980,Female,Millennial,regular,1,18,2025-07-04,2026-06-30
3981,Female,Millennial,one_and_done,1,1,2025-07-22,2025-07-22
3982,Female,Millennial,regular,1,18,2025-07-31,2026-06-30
3983,Male,Gen X,occasional,2,6,2025-11-10,2026-06-15
3984,Male,Millennial,regular,8,22,2025-07-04,2026-07-09
3985,Male,Gen X,one_and_done,1,1,2026-04-01,2026-04-01
3986,Male,Boomer,regular,1,12,2025-08-15,2026-06-27
3987,Female,Millennial,regular,2,18,2025-07-14,2026-06-18
3988,Female,Millennial,one_and_done,3,1,2025-12-21,2025-12-21
3989,Female,Gen Z,occasional,1,5,2025-07-26,2026-04-18
3990,Female,Millennial,one_and_done,2,1,2026-04-23,2026-04-23
3991,Female,Millennial,one_and_done,1,1,2026-05-12,2026-05-12
3992,Male,Millennial,one_and_done,2,1,2025-07-13,2025-07-13
3993,Female,Gen X,occasional,8,5,2025-08-30,2026-05-15
3994,Male,Gen Z,one_and_done,1,1,2026-04-03,2026-04-03
3995,Male,Millennial,one_and_done,1,1,2026-06-18,2026-06-18
3996,Male,Gen Z,one_and_done,2,1,2025-07-21,2025-07-21
3997,Male,Gen X,loyal,1,25,2025-07-19,2026-06-28
3998,Male,Millennial,one_and_done,2,1,2026-06-11,2026-06-11
3999,Male,Gen X,occasional,3,6,2025-07-16,2026-06-18
4000,Male,Gen Z,one_and_done,5,1,2025-10-13,2025-10-13
4001,Male,Gen Z,occasional,4,5,2025-07-27,2026-07-08
4002,Male,Millennial,one_and_done,1,1,2026-05-26,2026-05-26
4003,Female,Millennial,one_and_done,3,1,2025-12-04,2025-12-04
4004,Male,Millennial,one_and_done,1,1,2026-06-08,2026-06-08
4005,Female,Gen Z,regular,4,14,2025-07-27,2026-06-30
4006,Male,Millennial,occasional,5,7,2025-09-28,2026-05-13
4007,Male,Millennial,one_and_done,1,1,2025-07-20,2025-07-20
4008,Male,Millennial,one_and_done,1,1,2026-06-26,2026-06-26
4009,Male,Gen Z,occasional,1,5,2025-08-29,2026-06-06
4010,Male,Gen X,one_and_done,5,1,2026-04-17,2026-04-17
4011,Female,Gen Z,one_and_done,1,1,2025-10-29,2025-10-29
4012,Female,Gen X,regular,4,15,2025-07-01,2026-05-28
4013,Male,Millennial,one_and_done,1,1,2025-09-11,2025-09-11
4014,Male,Millennial,occasional,1,7,2025-08-16,2026-04-23
4015,Male,Millennial,occasional,7,7,2025-07-02,2026-06-19
4016,Female,Millennial,one_and_done,1,1,2026-03-12,2026-03-12
4017,Female,Boomer,occasional,7,4,2025-09-21,2026-01-03
4018,Female,Millennial,regular,1,18,2025-07-12,2026-06-27
4019,Female,Millennial,occasional,2,6,2025-07-04,2026-05-14
4020,Male,Millennial,loyal,2,32,2025-07-03,2026-07-06
4021,Male,Boomer,one_and_done,2,1,2026-06-09,2026-06-09
4022,Male,Millennial,loyal,1,32,2025-07-05,2026-06-28
4023,Male,Gen Z,regular,1,15,2025-07-20,2026-07-08
4024,Male,Millennial,one_and_done,3,1,2025-11-04,2025-11-04
4025,Male,Gen X,occasional,1,6,2025-07-11,2026-06-01
4026,Female,Gen Z,one_and_done,7,1,2025-08-07,2025-08-07
4027,Female,Millennial,one_and_done,3,1,2026-04-13,2026-04-13
4028,Male,Millennial,one_and_done,2,1,2026-06-27,2026-06-27
4029,Male,Gen Z,loyal,1,23,2025-07-28,2026-07-09
4030,Male,Gen Z,one_and_done,1,1,2025-10-04,2025-10-04
4031,Male,Millennial,regular,1,22,2025-07-04,2026-07-06
4032,Female,Millennial,one_and_done,1,1,2025-10-02,2025-10-02
4033,Male,Millennial,one_and_done,1,1,2025-09-20,2025-09-20
4034,Female,Gen Z,occasional,1,5,2025-07-31,2026-06-09
4035,Female,Gen Z,one_and_done,4,1,2026-05-25,2026-05-25
4036,Male,Millennial,one_and_done,1,1,2025-08-26,2025-08-26
4037,Female,Millennial,one_and_done,5,1,2026-04-30,2026-04-30
4038,Male,Gen Z,one_and_done,1,1,2025-08-18,2025-08-18
4039,Female,Gen X,one_and_done,3,1,2025-11-21,2025-11-21
4040,Female,Gen X,one_and_done,1,1,2025-11-29,2025-11-29
4041,Male,Millennial,regular,1,22,2025-07-02,2026-06-28
4042,Male,Boomer,occasional,1,4,2025-07-25,2026-04-07
4043,Female,Millennial,regular,4,18,2025-07-26,2026-07-07
4044,Female,Millennial,one_and_done,5,1,2025-09-27,2025-09-27
4045,Female,Millennial,one_and_done,1,1,2026-02-01,2026-02-01
4046,Male,Gen Z,one_and_done,2,1,2025-08-26,2025-08-26
4047,Male,Millennial,regular,4,22,2025-07-04,2026-07-07
4048,Female,Millennial,occasional,2,6,2025-07-31,2026-06-20
4049,Male,Gen X,one_and_done,7,1,2026-05-31,2026-05-31
4050,Male,Gen X,regular,4,17,2025-07-04,2026-06-10
4051,Male,Gen Z,occasional,2,5,2025-10-16,2026-07-05
4052,Male,Millennial,loyal,1,32,2025-07-08,2026-06-28
4053,Female,Millennial,one_and_done,1,1,2025-09-26,2025-09-26
4054,Female,Millennial,regular,4,18,2025-07-05,2026-05-30
4055,Male,Boomer,one_and_done,3,1,2026-02-03,2026-02-03
4056,Female,Gen Z,occasional,8,5,2025-07-23,2026-06-24
4057,Male,Millennial,one_and_done,2,1,2025-07-27,2025-07-27
4058,Male,Gen Z,regular,2,15,2025-09-10,2026-06-21
4059,Male,Gen Z,occasional,1,5,2025-11-15,2026-05-30
4060,Male,Millennial,occasional,2,7,2025-08-04,2026-06-05
4061,Female,Millennial,loyal,1,27,2025-07-30,2026-06-26
4062,Male,Millennial,occasional,2,7,2025-10-22,2026-04-20
4063,Male,Millennial,occasional,2,7,2025-10-03,2026-05-29
4064,Female,Gen Z,regular,10,14,2025-08-09,2026-07-01
4065,Male,Millennial,regular,1,22,2025-07-08,2026-05-12
4066,Male,Millennial,occasional,1,7,2025-08-09,2026-06-23
4067,Male,Boomer,one_and_done,2,1,2025-12-28,2025-12-28
4068,Female,Gen X,one_and_done,6,1,2025-11-30,2025-11-30
4069,Male,Millennial,one_and_done,1,1,2026-05-23,2026-05-23
4070,Male,Millennial,occasional,2,7,2025-07-29,2026-05-12
4071,Male,Millennial,occasional,1,7,2025-08-06,2026-07-02
4072,Female,Millennial,one_and_done,6,1,2025-08-14,2025-08-14
4073,Male,Millennial,occasional,1,7,2025-07-12,2026-05-28
4074,Male,Millennial,one_and_done,7,1,2025-09-27,2025-09-27
4075,Female,Millennial,occasional,1,6,2025-11-14,2026-06-18
4076,Male,Gen X,one_and_done,5,1,2025-10-21,2025-10-21
4077,Female,Millennial,occasional,3,6,2025-07-24,2026-06-11
4078,Male,Gen Z,occasional,6,5,2026-01-19,2026-06-04
4079,Female,Millennial,one_and_done,2,1,2025-08-15,2025-08-15
4080,Male,Gen Z,one_and_done,1,1,2026-06-27,2026-06-27
4081,Male,Gen Z,one_and_done,5,1,2025-12-17,2025-12-17
4082,Female,Boomer,one_and_done,1,1,2025-12-28,2025-12-28
4083,Female,Millennial,one_and_done,1,1,2025-09-26,2025-09-26
4084,Male,Millennial,one_and_done,1,1,2025-10-17,2025-10-17
4085,Female,Millennial,occasional,1,6,2025-08-01,2026-06-09
4086,Male,Millennial,one_and_done,5,1,2026-01-22,2026-01-22
4087,Male,Gen Z,one_and_done,1,1,2026-02-23,2026-02-23
4088,Male,Millennial,one_and_done,1,1,2026-01-10,2026-01-10
4089,Male,Millennial,one_and_done,1,1,2025-11-17,2025-11-17
4090,Male,Gen Z,regular,2,15,2025-07-18,2026-06-10
4091,Male,Millennial,one_and_done,8,1,2025-07-04,2025-07-04
4092,Female,Gen X,loyal,1,23,2025-07-18,2026-06-17
4093,Female,Gen Z,one_and_done,2,1,2026-04-18,2026-04-18
4094,Male,Millennial,loyal,2,32,2025-08-02,2026-07-03
4095,Male,Boomer,occasional,1,4,2025-07-16,2026-02-27
4096,Female,Millennial,regular,3,18,2025-07-06,2026-06-20
4097,Male,Millennial,one_and_done,1,1,2025-09-24,2025-09-24
4098,Male,Millennial,loyal,3,32,2025-07-22,2026-06-20
4099,Male,Millennial,regular,1,22,2025-07-18,2026-07-09
4100,Male,Millennial,one_and_done,2,1,2026-06-26,2026-06-26
4101,Female,Gen X,occasional,1,5,2025-08-17,2026-05-30
4102,Female,Millennial,loyal,3,27,2025-07-24,2026-06-23
4103,Male,Gen X,one_and_done,7,1,2025-10-11,2025-10-11
4104,Male,Gen Z,occasional,1,5,2025-07-04,2026-06-15
4105,Female,Millennial,occasional,3,6,2025-07-07,2026-05-07
4106,Female,Millennial,occasional,1,6,2025-07-30,2026-03-07
4107,Female,Gen Z,loyal,1,20,2025-07-05,2026-06-25
4108,Male,Millennial,loyal,1,32,2025-07-04,2026-06-30
4109,Female,Millennial,regular,5,18,2025-07-06,2026-06-27
4110,Male,Millennial,occasional,3,7,2025-08-22,2026-06-15
4111,Male,Millennial,one_and_done,4,1,2026-02-24,2026-02-24
4112,Male,Millennial,one_and_done,2,1,2025-11-01,2025-11-01
4113,Male,Millennial,occasional,1,7,2025-07-10,2026-05-23
4114,Female,Gen X,occasional,1,5,2026-02-04,2026-07-02
4115,Male,Boomer,occasional,4,4,2025-07-30,2026-06-22
4116,Male,Gen Z,occasional,2,5,2025-08-02,2026-07-06
4117,Male,Millennial,one_and_done,1,1,2026-05-19,2026-05-19
4118,Female,Millennial,occasional,5,6,2025-07-19,2026-07-02
4119,Male,Millennial,one_and_done,2,1,2026-07-09,2026-07-09
4120,Male,Millennial,one_and_done,1,1,2025-08-24,2025-08-24
4121,Male,Gen Z,one_and_done,1,1,2025-11-14,2025-11-14
4122,Male,Gen Z,one_and_done,6,1,2025-10-11,2025-10-11
4123,Male,Gen X,one_and_done,3,1,2025-08-05,2025-08-05
4124,Male,Boomer,loyal,3,18,2025-07-17,2026-06-26
4125,Female,Millennial,one_and_done,3,1,2026-02-23,2026-02-23
4126,Male,Gen Z,one_and_done,1,1,2025-09-09,2025-09-09
4127,Male,Gen X,one_and_done,2,1,2025-08-19,2025-08-19
4128,Female,Gen X,regular,1,15,2025-07-11,2026-06-22
4129,Female,Millennial,loyal,1,27,2025-07-03,2026-07-05
4130,Female,Millennial,one_and_done,1,1,2025-09-28,2025-09-28
4131,Female,Gen X,loyal,1,23,2025-07-01,2026-06-13
4132,Male,Gen Z,regular,1,15,2025-07-02,2026-06-29
4133,Female,Boomer,loyal,3,16,2025-09-03,2026-07-07
4134,Female,Millennial,one_and_done,7,1,2026-03-21,2026-03-21
4135,Male,Gen X,one_and_done,1,1,2026-02-19,2026-02-19
4136,Male,Gen X,regular,4,17,2025-07-09,2026-05-29
4137,Female,Gen Z,regular,1,14,2025-08-19,2026-07-02
4138,Male,Gen X,occasional,5,6,2025-08-10,2026-07-09
4139,Male,Gen Z,occasional,4,5,2025-10-08,2026-07-05
4140,Female,Millennial,loyal,1,27,2025-07-21,2026-07-07
4141,Male,Millennial,one_and_done,1,1,2025-11-22,2025-11-22
4142,Female,Millennial,one_and_done,2,1,2026-06-21,2026-06-21
4143,Male,Boomer,regular,1,12,2025-07-07,2026-06-25
4144,Male,Gen X,one_and_done,1,1,2025-12-13,2025-12-13
4145,Female,Millennial,one_and_done,1,1,2025-08-21,2025-08-21
4146,Male,Gen Z,one_and_done,1,1,2026-04-02,2026-04-02
4147,Male,Gen X,one_and_done,1,1,2026-01-02,2026-01-02
4148,Female,Millennial,one_and_done,9,1,2025-07-29,2025-07-29
4149,Male,Millennial,regular,1,22,2025-07-03,2026-06-23
4150,Male,Millennial,one_and_done,2,1,2025-09-19,2025-09-19
4151,Male,Millennial,occasional,1,7,2025-09-10,2026-06-09
4152,Male,Millennial,regular,1,22,2025-07-05,2026-07-09
4153,Female,Millennial,one_and_done,2,1,2025-12-19,2025-12-19
4154,Male,Millennial,one_and_done,1,1,2025-08-27,2025-08-27
4155,Female,Gen X,loyal,2,23,2025-07-09,2026-06-23
4156,Male,Gen X,occasional,8,6,2025-08-02,2026-02-28
4157,Male,Millennial,one_and_done,6,1,2026-06-22,2026-06-22
4158,Male,Millennial,occasional,2,7,2025-08-22,2026-06-24
4159,Male,Millennial,one_and_done,1,1,2026-05-19,2026-05-19
4160,Male,Gen X,occasional,10,6,2025-11-29,2026-06-12
4161,Male,Millennial,occasional,1,7,2025-08-27,2026-05-02
4162,Female,Gen Z,one_and_done,2,1,2025-07-02,2025-07-02
4163,Male,Gen X,one_and_done,3,1,2026-01-29,2026-01-29
4164,Female,Gen X,one_and_done,2,1,2026-02-04,2026-02-04
4165,Male,Millennial,occasional,2,7,2025-10-18,2026-06-30
4166,Male,Gen Z,occasional,1,5,2025-08-26,2026-02-02
4167,Male,Gen X,occasional,1,6,2026-01-22,2026-05-18
4168,Male,Gen Z,occasional,1,5,2025-08-01,2026-07-05
4169,Male,Gen X,loyal,1,25,2025-07-19,2026-07-03
4170,Male,Millennial,one_and_done,2,1,2026-03-14,2026-03-14
4171,Male,Millennial,loyal,1,32,2025-08-31,2026-07-07
4172,Female,Gen Z,one_and_done,1,1,2026-06-07,2026-06-07
4173,Male,Millennial,regular,1,22,2025-08-09,2026-07-04
4174,Male,Gen Z,one_and_done,3,1,2026-04-13,2026-04-13
4175,Female,Millennial,one_and_done,1,1,2026-06-15,2026-06-15
4176,Female,Gen Z,loyal,1,20,2025-08-08,2026-07-08
4177,Female,Millennial,one_and_done,1,1,2025-12-03,2025-12-03
4178,Male,Millennial,one_and_done,1,1,2025-08-05,2025-08-05
4179,Male,Millennial,one_and_done,1,1,2026-01-16,2026-01-16
4180,Female,Gen X,one_and_done,4,1,2025-09-25,2025-09-25
4181,Male,Millennial,regular,3,22,2025-07-03,2026-04-24
4182,Female,Millennial,one_and_done,4,1,2026-05-29,2026-05-29
4183,Male,Millennial,one_and_done,1,1,2025-12-08,2025-12-08
4184,Male,Gen X,one_and_done,1,1,2025-10-17,2025-10-17
4185,Female,Millennial,one_and_done,1,1,2026-01-21,2026-01-21
4186,Male,Millennial,one_and_done,1,1,2025-09-06,2025-09-06
4187,Male,Millennial,one_and_done,3,1,2025-09-12,2025-09-12
4188,Female,Gen Z,one_and_done,1,1,2026-02-24,2026-02-24
4189,Female,Millennial,one_and_done,1,1,2026-02-21,2026-02-21
4190,Male,Gen X,occasional,2,6,2025-07-20,2026-06-21
4191,Male,Millennial,regular,5,22,2025-07-04,2026-05-26
4192,Female,Gen Z,one_and_done,1,1,2026-05-22,2026-05-22
4193,Male,Gen X,regular,2,17,2025-07-16,2026-06-26
4194,Male,Boomer,loyal,1,18,2025-07-14,2026-07-04
4195,Male,Gen Z,regular,2,15,2025-07-04,2026-06-27
4196,Male,Millennial,one_and_done,4,1,2026-03-19,2026-03-19
4197,Male,Millennial,regular,1,22,2025-07-05,2026-05-18
4198,Female,Millennial,occasional,4,6,2025-09-02,2026-05-06
4199,Male,Millennial,regular,1,22,2025-07-13,2026-07-07
4200,Male,Gen Z,one_and_done,1,1,2025-12-26,2025-12-26
4201,Male,Gen Z,regular,2,15,2025-09-08,2026-06-30
4202,Male,Millennial,occasional,1,7,2025-07-26,2026-07-09
4203,Female,Millennial,one_and_done,2,1,2025-11-12,2025-11-12
4204,Female,Millennial,one_and_done,2,1,2025-10-24,2025-10-24
4205,Female,Millennial,regular,2,18,2025-07-13,2026-07-03
4206,Male,Millennial,occasional,1,7,2025-07-11,2026-06-23
4207,Female,Millennial,one_and_done,1,1,2026-02-02,2026-02-02
4208,Male,Gen X,occasional,6,6,2025-09-09,2026-06-28
4209,Male,Gen Z,occasional,3,5,2025-11-27,2026-03-17
4210,Female,Millennial,regular,1,18,2025-08-06,2026-05-30
4211,Male,Gen X,occasional,1,6,2025-10-28,2026-05-07
4212,Male,Boomer,regular,2,12,2025-07-19,2026-07-01
4213,Male,Gen Z,regular,6,15,2025-07-04,2026-05-24
4214,Male,Gen X,one_and_done,7,1,2025-08-24,2025-08-24
4215,Female,Millennial,loyal,1,27,2025-07-12,2026-07-01
4216,Female,Gen Z,occasional,9,5,2025-09-17,2026-03-28
4217,Male,Millennial,loyal,4,32,2025-07-05,2026-06-28
4218,Female,Gen Z,one_and_done,1,1,2025-09-15,2025-09-15
4219,Male,Gen X,regular,6,17,2025-07-11,2026-06-25
4220,Male,Millennial,one_and_done,1,1,2026-02-20,2026-02-20
4221,Male,Gen Z,occasional,10,5,2026-02-23,2026-06-13
4222,Male,Millennial,occasional,1,7,2025-08-06,2026-06-07
4223,Male,Gen X,one_and_done,1,1,2025-10-13,2025-10-13
4224,Male,Gen Z,one_and_done,1,1,2026-04-14,2026-04-14
4225,Male,Gen Z,loyal,1,23,2025-08-22,2026-07-03
4226,Male,Millennial,loyal,1,32,2025-07-03,2026-06-19
4227,Male,Millennial,one_and_done,1,1,2026-03-29,2026-03-29
4228,Male,Millennial,one_and_done,3,1,2025-12-22,2025-12-22
4229,Male,Gen Z,one_and_done,7,1,2026-02-25,2026-02-25
4230,Male,Millennial,occasional,1,7,2025-07-11,2026-03-08
4231,Male,Millennial,occasional,6,7,2025-07-30,2026-05-15
4232,Male,Gen Z,loyal,8,23,2025-07-14,2026-06-26
4233,Male,Gen X,occasional,8,6,2025-10-06,2026-07-09
4234,Male,Gen Z,one_and_done,3,1,2026-02-10,2026-02-10
4235,Female,Millennial,loyal,4,27,2025-07-08,2026-07-04
4236,Male,Millennial,regular,1,22,2025-07-09,2026-07-01
4237,Female,Gen Z,one_and_done,1,1,2026-01-19,2026-01-19
4238,Male,Millennial,one_and_done,6,1,2025-08-26,2025-08-26
4239,Male,Millennial,regular,4,22,2025-07-03,2026-06-16
4240,Female,Gen Z,one_and_done,5,1,2026-04-10,2026-04-10
4241,Female,Boomer,one_and_done,1,1,2025-08-28,2025-08-28
4242,Female,Gen Z,occasional,1,5,2025-07-11,2026-02-13
4243,Female,Gen X,occasional,4,5,2025-07-24,2026-06-23
4244,Male,Millennial,one_and_done,1,1,2026-05-26,2026-05-26
4245,Male,Millennial,occasional,1,7,2025-07-11,2026-05-10
4246,Male,Millennial,loyal,2,32,2025-07-24,2026-06-25
4247,Male,Millennial,one_and_done,3,1,2026-02-19,2026-02-19
4248,Male,Millennial,loyal,3,32,2025-07-02,2026-07-07
4249,Female,Gen X,regular,1,15,2025-07-25,2026-07-08
4250,Male,Gen X,regular,5,17,2025-07-01,2026-07-03
4251,Male,Millennial,occasional,1,7,2025-08-22,2026-06-02
4252,Male,Gen Z,one_and_done,1,1,2025-07-15,2025-07-15
4253,Male,Millennial,one_and_done,1,1,2026-02-21,2026-02-21
4254,Male,Millennial,one_and_done,4,1,2025-07-20,2025-07-20
4255,Male,Millennial,occasional,2,7,2025-07-26,2026-06-11
4256,Male,Gen Z,one_and_done,2,1,2025-10-15,2025-10-15
4257,Male,Millennial,one_and_done,1,1,2026-03-01,2026-03-01
4258,Female,Gen Z,one_and_done,6,1,2026-06-17,2026-06-17
4259,Male,Millennial,one_and_done,1,1,2026-01-06,2026-01-06
4260,Male,Gen X,regular,5,17,2025-07-12,2026-07-03
4261,Female,Millennial,one_and_done,8,1,2026-01-10,2026-01-10
4262,Male,Millennial,occasional,1,7,2025-10-18,2026-06-30
4263,Female,Gen Z,one_and_done,3,1,2025-10-10,2025-10-10
4264,Male,Gen Z,one_and_done,3,1,2026-03-06,2026-03-06
4265,Male,Millennial,regular,1,22,2025-07-21,2026-07-04
4266,Male,Millennial,one_and_done,5,1,2025-10-03,2025-10-03
4267,Male,Millennial,one_and_done,1,1,2026-06-12,2026-06-12
4268,Female,Millennial,occasional,3,6,2025-09-14,2026-06-11
4269,Male,Gen Z,one_and_done,4,1,2026-02-15,2026-02-15
4270,Male,Gen Z,one_and_done,1,1,2026-05-06,2026-05-06
4271,Male,Millennial,one_and_done,7,1,2026-01-11,2026-01-11
4272,Female,Gen X,one_and_done,1,1,2025-10-23,2025-10-23
4273,Female,Millennial,regular,2,18,2025-07-06,2026-06-10
4274,Male,Millennial,one_and_done,8,1,2025-09-06,2025-09-06
4275,Male,Gen Z,regular,1,15,2025-08-29,2026-07-07
4276,Male,Millennial,occasional,2,7,2025-07-06,2026-04-07
4277,Female,Gen X,occasional,3,5,2025-10-05,2026-06-29
4278,Male,Gen X,one_and_done,3,1,2026-04-17,2026-04-17
4279,Female,Millennial,one_and_done,1,1,2025-08-26,2025-08-26
4280,Male,Gen X,one_and_done,1,1,2025-10-20,2025-10-20
4281,Male,Boomer,occasional,1,4,2025-07-02,2025-11-14
4282,Male,Millennial,regular,1,22,2025-07-11,2026-06-24
4283,Male,Millennial,loyal,1,32,2025-07-02,2026-06-27
4284,Female,Millennial,one_and_done,3,1,2025-12-05,2025-12-05
4285,Male,Millennial,occasional,2,7,2025-09-06,2026-06-09
4286,Female,Millennial,regular,1,18,2025-07-17,2026-06-09
4287,Male,Boomer,one_and_done,3,1,2025-11-28,2025-11-28
4288,Female,Millennial,occasional,1,6,2025-11-02,2026-06-19
4289,Female,Gen Z,one_and_done,2,1,2026-02-22,2026-02-22
4290,Female,Millennial,occasional,1,6,2025-07-09,2026-01-24
4291,Male,Gen Z,loyal,6,23,2025-07-05,2026-06-29
4292,Female,Gen Z,regular,3,14,2025-07-01,2026-07-08
4293,Female,Millennial,loyal,3,27,2025-07-10,2026-07-02
4294,Male,Gen X,one_and_done,1,1,2026-06-18,2026-06-18
4295,Female,Boomer,occasional,1,4,2025-12-23,2026-07-06
4296,Male,Gen X,occasional,1,6,2025-08-02,2026-04-06
4297,Male,Gen X,one_and_done,6,1,2025-09-18,2025-09-18
4298,Male,Millennial,one_and_done,3,1,2025-11-28,2025-11-28
4299,Male,Gen Z,one_and_done,1,1,2026-02-09,2026-02-09
4300,Female,Gen X,one_and_done,1,1,2025-07-19,2025-07-19
4301,Female,Millennial,regular,1,18,2025-07-28,2026-06-29
4302,Male,Millennial,loyal,10,32,2025-07-10,2026-06-16
4303,Male,Millennial,loyal,1,32,2025-07-02,2026-06-16
4304,Female,Millennial,occasional,1,6,2025-07-09,2026-06-21
4305,Male,Gen Z,loyal,3,23,2025-07-07,2026-06-26
4306,Male,Gen Z,one_and_done,6,1,2026-02-07,2026-02-07
4307,Male,Millennial,occasional,2,7,2025-08-06,2026-05-15
4308,Male,Gen X,occasional,5,6,2025-09-15,2026-06-18
4309,Male,Millennial,one_and_done,2,1,2025-08-23,2025-08-23
4310,Female,Millennial,one_and_done,1,1,2025-07-12,2025-07-12
4311,Male,Gen Z,one_and_done,1,1,2026-07-07,2026-07-07
4312,Female,Millennial,one_and_done,1,1,2025-08-21,2025-08-21
4313,Female,Gen X,regular,3,15,2025-07-03,2026-06-27
4314,Male,Gen Z,occasional,1,5,2025-07-17,2026-06-22
4315,Male,Gen Z,regular,5,15,2025-07-04,2026-06-22
4316,Male,Gen X,regular,2,17,2025-07-17,2026-06-17
4317,Male,Millennial,occasional,1,7,2025-07-02,2026-06-27
4318,Male,Millennial,one_and_done,2,1,2026-03-22,2026-03-22
4319,Male,Gen X,regular,6,17,2025-07-24,2026-06-14
4320,Male,Millennial,regular,4,22,2025-07-03,2026-07-07
4321,Male,Millennial,regular,5,22,2025-08-10,2026-06-25
4322,Male,Gen Z,one_and_done,1,1,2025-09-27,2025-09-27
4323,Male,Millennial,occasional,1,7,2025-08-28,2026-07-02
4324,Male,Gen Z,one_and_done,2,1,2026-04-22,2026-04-22
4325,Male,Millennial,regular,5,22,2025-07-04,2026-06-11
4326,Male,Gen X,one_and_done,2,1,2026-01-16,2026-01-16
4327,Male,Millennial,one_and_done,5,1,2026-06-28,2026-06-28
4328,Male,Gen Z,loyal,1,23,2025-07-10,2026-07-03
4329,Male,Gen Z,occasional,1,5,2025-08-30,2026-05-27
4330,Male,Millennial,regular,2,22,2025-08-07,2026-06-06
4331,Male,Millennial,regular,1,22,2025-07-07,2026-06-20
4332,Male,Boomer,one_and_done,1,1,2025-07-25,2025-07-25
4333,Female,Gen X,occasional,2,5,2025-07-11,2026-05-08
4334,Female,Gen X,occasional,1,5,2025-07-09,2026-04-27
4335,Female,Gen X,occasional,6,5,2025-10-10,2026-06-30
4336,Female,Millennial,one_and_done,1,1,2026-04-16,2026-04-16
4337,Female,Millennial,occasional,1,6,2025-07-11,2026-06-29
4338,Female,Gen Z,loyal,1,20,2025-07-29,2026-07-07
4339,Male,Gen Z,one_and_done,1,1,2025-10-16,2025-10-16
4340,Male,Gen Z,loyal,4,23,2025-07-13,2026-06-25
4341,Male,Millennial,one_and_done,7,1,2026-05-02,2026-05-02
4342,Male,Gen Z,one_and_done,1,1,2025-09-01,2025-09-01
4343,Male,Millennial,occasional,7,7,2025-10-01,2026-05-03
4344,Male,Millennial,one_and_done,4,1,2026-03-04,2026-03-04
4345,Male,Millennial,one_and_done,2,1,2026-01-23,2026-01-23
4346,Male,Millennial,one_and_done,1,1,2026-03-19,2026-03-19
4347,Male,Millennial,one_and_done,1,1,2026-02-03,2026-02-03
4348,Female,Gen Z,occasional,1,5,2025-07-11,2026-03-08
4349,Male,Gen X,occasional,1,6,2026-01-03,2026-06-22
4350,Male,Gen X,one_and_done,3,1,2026-01-25,2026-01-25
4351,Male,Millennial,occasional,1,7,2025-08-22,2026-05-16
4352,Male,Gen Z,loyal,1,23,2025-07-01,2026-06-13
4353,Male,Gen Z,occasional,1,5,2025-07-15,2026-05-28
4354,Male,Millennial,one_and_done,1,1,2026-03-21,2026-03-21
4355,Male,Gen X,one_and_done,1,1,2026-02-20,2026-02-20
4356,Male,Gen Z,occasional,1,5,2025-09-10,2026-06-17
4357,Female,Gen X,occasional,1,5,2025-12-31,2026-07-02
4358,Male,Millennial,occasional,1,7,2025-07-18,2026-06-29
4359,Male,Gen X,occasional,1,6,2025-10-02,2026-07-07
4360,Male,Millennial,occasional,8,7,2025-09-16,2026-06-26
4361,Male,Gen Z,occasional,5,5,2025-09-19,2026-02-28
4362,Male,Boomer,occasional,1,4,2025-07-24,2026-04-29
4363,Male,Gen X,loyal,3,25,2025-08-04,2026-06-21
4364,Male,Millennial,regular,1,22,2025-07-04,2026-06-13
4365,Female,Millennial,occasional,6,6,2025-09-10,2025-12-24
4366,Male,Millennial,regular,7,22,2025-07-12,2026-07-04
4367,Male,Millennial,one_and_done,1,1,2026-05-26,2026-05-26
4368,Male,Gen Z,occasional,6,5,2025-09-25,2026-05-20
4369,Male,Millennial,one_and_done,3,1,2026-01-25,2026-01-25
4370,Male,Millennial,one_and_done,1,1,2026-05-23,2026-05-23
4371,Female,Millennial,regular,1,18,2025-07-18,2026-07-05
4372,Female,Millennial,one_and_done,2,1,2025-11-04,2025-11-04
4373,Male,Millennial,one_and_done,1,1,2025-10-20,2025-10-20
4374,Female,Millennial,one_and_done,1,1,2025-12-01,2025-12-01
4375,Male,Gen Z,regular,1,15,2025-07-15,2026-07-02
4376,Male,Millennial,one_and_done,1,1,2025-09-29,2025-09-29
4377,Male,Millennial,occasional,1,7,2025-10-14,2026-07-07
4378,Female,Millennial,one_and_done,1,1,2025-09-05,2025-09-05
4379,Male,Millennial,regular,2,22,2025-07-08,2026-06-28
4380,Male,Gen X,one_and_done,2,1,2025-07-15,2025-07-15
4381,Male,Millennial,regular,1,22,2025-07-18,2026-06-28
4382,Female,Millennial,one_and_done,1,1,2026-03-21,2026-03-21
4383,Female,Gen X,one_and_done,1,1,2026-04-02,2026-04-02
4384,Male,Gen Z,loyal,1,23,2025-07-16,2026-07-04
4385,Female,Gen X,one_and_done,4,1,2025-10-20,2025-10-20
4386,Male,Gen Z,occasional,10,5,2025-08-16,2026-05-19
4387,Female,Millennial,one_and_done,1,1,2025-12-16,2025-12-16
4388,Male,Millennial,one_and_done,1,1,2026-06-26,2026-06-26
4389,Female,Gen Z,one_and_done,1,1,2025-11-30,2025-11-30
4390,Male,Gen X,occasional,7,6,2025-09-16,2026-07-03
4391,Male,Millennial,loyal,4,32,2025-07-01,2026-06-11
4392,Male,Gen Z,one_and_done,4,1,2025-11-25,2025-11-25
4393,Male,Boomer,one_and_done,6,1,2025-07-07,2025-07-07
4394,Male,Millennial,occasional,1,7,2025-08-16,2026-05-22
4395,Female,Millennial,occasional,4,6,2026-01-14,2026-06-26
4396,Male,Gen Z,one_and_done,2,1,2025-08-01,2025-08-01
4397,Male,Millennial,occasional,1,7,2025-07-10,2026-06-04
4398,Male,Millennial,regular,7,22,2025-07-11,2026-06-20
4399,Male,Millennial,one_and_done,1,1,2025-10-14,2025-10-14
4400,Female,Gen Z,one_and_done,1,1,2026-02-21,2026-02-21
4401,Female,Gen Z,regular,1,14,2025-07-15,2026-06-14
4402,Male,Millennial,occasional,5,7,2025-10-07,2026-07-05
4403,Male,Gen X,one_and_done,8,1,2026-06-28,2026-06-28
4404,Male,Millennial,one_and_done,3,1,2025-08-21,2025-08-21
4405,Male,Millennial,one_and_done,4,1,2025-10-19,2025-10-19
4406,Male,Millennial,one_and_done,8,1,2025-09-28,2025-09-28
4407,Male,Millennial,regular,1,22,2025-07-15,2026-05-30
4408,Female,Gen X,occasional,3,5,2025-08-02,2026-05-24
4409,Male,Gen X,occasional,1,6,2025-07-12,2026-07-04
4410,Male,Gen Z,one_and_done,1,1,2026-05-12,2026-05-12
4411,Male,Millennial,loyal,1,32,2025-07-01,2026-07-04
4412,Female,Millennial,one_and_done,6,1,2025-10-09,2025-10-09
4413,Female,Boomer,regular,2,11,2025-07-17,2026-06-22
4414,Male,Gen Z,one_and_done,7,1,2026-05-09,2026-05-09
4415,Female,Gen X,one_and_done,1,1,2025-08-21,2025-08-21
4416,Male,Millennial,loyal,1,32,2025-07-02,2026-07-09
4417,Female,Gen Z,one_and_done,7,1,2025-11-17,2025-11-17
4418,Male,Millennial,one_and_done,2,1,2026-03-28,2026-03-28
4419,Male,Millennial,occasional,4,7,2025-07-01,2026-04-11
4420,Female,Millennial,one_and_done,6,1,2025-10-28,2025-10-28
4421,Male,Gen X,one_and_done,1,1,2025-11-10,2025-11-10
4422,Male,Millennial,occasional,1,7,2025-07-16,2026-03-24
4423,Male,Millennial,one_and_done,1,1,2025-07-29,2025-07-29
4424,Female,Millennial,occasional,6,6,2025-09-06,2026-04-03
4425,Female,Gen X,occasional,1,5,2025-08-22,2026-02-17
4426,Female,Millennial,regular,3,18,2025-07-02,2026-05-23
4427,Male,Gen Z,occasional,3,5,2025-08-06,2026-06-23
4428,Male,Millennial,one_and_done,1,1,2025-07-22,2025-07-22
4429,Female,Millennial,occasional,1,6,2025-07-16,2025-10-28
4430,Male,Gen Z,one_and_done,1,1,2025-09-29,2025-09-29
4431,Male,Millennial,one_and_done,1,1,2026-06-22,2026-06-22
4432,Female,Gen X,one_and_done,4,1,2026-01-02,2026-01-02
4433,Male,Millennial,occasional,2,7,2025-07-04,2026-04-07
4434,Male,Millennial,one_and_done,1,1,2025-08-25,2025-08-25
4435,Female,Gen Z,one_and_done,1,1,2025-08-11,2025-08-11
4436,Male,Gen Z,one_and_done,1,1,2025-11-19,2025-11-19
4437,Male,Millennial,occasional,2,7,2025-07-01,2026-05-10
4438,Male,Millennial,regular,2,22,2025-07-03,2026-07-07
4439,Male,Millennial,one_and_done,1,1,2026-04-18,2026-04-18
4440,Male,Gen Z,regular,1,15,2025-08-06,2026-07-06
4441,Male,Millennial,one_and_done,3,1,2025-07-19,2025-07-19
4442,Male,Millennial,loyal,1,32,2025-07-12,2026-07-03
4443,Female,Gen X,one_and_done,1,1,2025-09-17,2025-09-17
4444,Male,Millennial,occasional,1,7,2025-07-19,2026-07-06
4445,Female,Millennial,regular,2,18,2025-07-11,2026-06-29
4446,Female,Gen Z,one_and_done,1,1,2026-05-02,2026-05-02
4447,Female,Gen X,regular,3,15,2025-09-05,2026-07-08
4448,Male,Millennial,regular,1,22,2025-08-10,2026-06-27
4449,Female,Gen X,occasional,8,5,2025-07-04,2026-05-05
4450,Female,Millennial,regular,4,18,2025-07-20,2026-06-12
4451,Male,Millennial,occasional,9,7,2025-08-25,2026-07-09
4452,Male,Millennial,one_and_done,1,1,2025-12-07,2025-12-07
4453,Male,Millennial,occasional,1,7,2025-07-19,2026-07-01
4454,Male,Gen Z,occasional,1,5,2025-07-17,2026-06-27
4455,Male,Gen X,regular,4,17,2025-07-18,2026-06-20
4456,Male,Millennial,one_and_done,1,1,2026-05-21,2026-05-21
4457,Male,Gen X,occasional,7,6,2025-12-04,2026-06-25
4458,Male,Boomer,one_and_done,1,1,2025-10-07,2025-10-07
4459,Male,Gen Z,one_and_done,2,1,2026-04-25,2026-04-25
4460,Female,Gen Z,one_and_done,1,1,2025-12-31,2025-12-31
4461,Male,Gen Z,occasional,3,5,2025-08-02,2026-06-25
4462,Male,Millennial,one_and_done,5,1,2025-07-29,2025-07-29
4463,Female,Gen Z,regular,1,14,2025-07-28,2026-06-14
4464,Male,Millennial,regular,5,22,2025-07-05,2026-07-08
4465,Male,Millennial,occasional,1,7,2025-07-12,2026-04-16
4466,Male,Gen Z,occasional,1,5,2025-09-02,2026-06-29
4467,Male,Gen X,one_and_done,1,1,2026-01-20,2026-01-20
4468,Male,Millennial,one_and_done,1,1,2025-11-23,2025-11-23
4469,Female,Gen Z,one_and_done,3,1,2025-09-22,2025-09-22
4470,Male,Gen X,one_and_done,4,1,2026-05-19,2026-05-19
4471,Female,Millennial,one_and_done,1,1,2025-08-01,2025-08-01
4472,Female,Millennial,occasional,1,6,2025-07-04,2026-06-19
4473,Female,Boomer,loyal,1,16,2025-08-29,2026-05-22
4474,Female,Millennial,occasional,5,6,2025-07-05,2026-06-04
4475,Male,Gen X,loyal,1,25,2025-07-07,2026-06-20
4476,Female,Millennial,one_and_done,1,1,2026-02-18,2026-02-18
4477,Male,Gen X,one_and_done,1,1,2025-11-26,2025-11-26
4478,Male,Millennial,occasional,4,7,2025-08-21,2026-07-03
4479,Male,Gen X,loyal,3,25,2025-07-03,2026-06-01
4480,Male,Millennial,one_and_done,1,1,2026-03-03,2026-03-03
4481,Male,Millennial,occasional,9,7,2025-07-12,2026-07-07
4482,Female,Gen X,loyal,1,23,2025-08-08,2026-07-07
4483,Male,Millennial,occasional,7,7,2025-09-05,2026-06-10
4484,Female,Gen Z,occasional,1,5,2025-10-01,2026-03-21
4485,Male,Millennial,one_and_done,1,1,2026-04-26,2026-04-26
4486,Female,Millennial,one_and_done,1,1,2026-01-25,2026-01-25
4487,Male,Millennial,regular,1,22,2025-08-09,2026-05-08
4488,Male,Gen Z,one_and_done,2,1,2025-11-24,2025-11-24
4489,Male,Millennial,one_and_done,1,1,2026-03-08,2026-03-08
4490,Male,Millennial,one_and_done,1,1,2025-10-07,2025-10-07
4491,Male,Millennial,regular,2,22,2025-07-19,2026-06-17
4492,Male,Millennial,occasional,2,7,2025-09-23,2026-05-11
4493,Male,Millennial,one_and_done,1,1,2025-07-01,2025-07-01
4494,Male,Millennial,occasional,1,7,2025-07-14,2026-06-18
4495,Female,Boomer,occasional,1,4,2025-07-01,2025-12-06
4496,Male,Boomer,regular,1,12,2025-09-02,2026-06-25
4497,Female,Millennial,regular,1,18,2025-07-01,2026-06-13
4498,Male,Gen X,one_and_done,4,1,2025-08-06,2025-08-06
4499,Male,Gen Z,one_and_done,4,1,2025-07-16,2025-07-16
4500,Male,Boomer,occasional,1,4,2025-08-06,2026-04-11
4501,Male,Millennial,occasional,2,7,2025-07-05,2026-06-30
4502,Male,Gen Z,loyal,4,23,2025-07-25,2026-07-03
4503,Male,Millennial,regular,1,22,2025-07-25,2026-07-07
4504,Male,Gen Z,one_and_done,2,1,2026-03-16,2026-03-16
4505,Male,Gen X,regular,1,17,2025-07-20,2026-06-23
4506,Male,Millennial,occasional,1,7,2025-10-17,2026-05-28
4507,Male,Millennial,occasional,3,7,2025-07-05,2026-05-30
4508,Female,Gen Z,regular,1,14,2025-08-02,2026-06-17
4509,Male,Millennial,occasional,1,7,2025-07-05,2026-03-23
4510,Male,Gen Z,loyal,1,23,2025-07-30,2026-07-02
4511,Male,Gen X,one_and_done,1,1,2025-12-20,2025-12-20
4512,Male,Gen X,one_and_done,2,1,2026-01-13,2026-01-13
4513,Female,Millennial,one_and_done,5,1,2025-10-30,2025-10-30
4514,Female,Millennial,regular,1,18,2025-08-18,2026-06-27
4515,Male,Gen X,regular,10,17,2025-07-05,2026-07-04
4516,Female,Boomer,one_and_done,1,1,2026-03-25,2026-03-25
4517,Male,Millennial,one_and_done,2,1,2025-12-14,2025-12-14
4518,Male,Gen Z,loyal,1,23,2025-07-06,2026-06-21
4519,Male,Gen Z,regular,6,15,2025-07-06,2026-07-07
4520,Male,Millennial,loyal,1,32,2025-07-11,2026-07-06
4521,Male,Gen Z,one_and_done,1,1,2025-09-06,2025-09-06
4522,Male,Millennial,occasional,1,7,2025-08-15,2026-04-08
4523,Female,Millennial,regular,2,18,2025-07-01,2026-07-09
4524,Male,Millennial,one_and_done,4,1,2026-01-02,2026-01-02
4525,Male,Gen X,one_and_done,3,1,2025-08-08,2025-08-08
4526,Male,Millennial,one_and_done,2,1,2025-09-07,2025-09-07
4527,Male,Gen Z,loyal,3,23,2025-07-05,2026-07-04
4528,Female,Gen X,one_and_done,3,1,2026-06-09,2026-06-09
4529,Female,Millennial,one_and_done,2,1,2026-07-06,2026-07-06
4530,Male,Gen Z,occasional,1,5,2025-08-30,2026-02-02
4531,Male,Gen X,loyal,1,25,2025-07-26,2026-07-06
4532,Male,Gen X,one_and_done,4,1,2026-02-20,2026-02-20
4533,Female,Millennial,one_and_done,1,1,2026-01-29,2026-01-29
4534,Male,Millennial,one_and_done,6,1,2025-09-25,2025-09-25
4535,Male,Gen X,one_and_done,8,1,2026-05-26,2026-05-26
4536,Male,Gen Z,regular,5,15,2025-08-09,2026-05-18
4537,Female,Millennial,occasional,3,6,2025-09-26,2026-04-24
4538,Male,Gen X,one_and_done,1,1,2025-07-20,2025-07-20
4539,Male,Boomer,one_and_done,3,1,2026-04-20,2026-04-20
4540,Male,Boomer,regular,3,12,2025-07-09,2026-04-26
4541,Male,Gen Z,one_and_done,1,1,2026-04-28,2026-04-28
4542,Male,Gen Z,occasional,2,5,2025-09-08,2026-05-05
4543,Male,Boomer,one_and_done,3,1,2026-01-01,2026-01-01
4544,Male,Gen Z,regular,8,15,2025-07-19,2026-06-27
4545,Male,Gen X,loyal,1,25,2025-07-02,2026-06-30
4546,Male,Millennial,occasional,1,7,2025-07-25,2026-03-13
4547,Male,Millennial,regular,3,22,2025-08-14,2026-06-23
4548,Male,Gen Z,one_and_done,1,1,2026-04-02,2026-04-02
4549,Female,Gen Z,one_and_done,1,1,2026-05-18,2026-05-18
4550,Male,Millennial,regular,2,22,2025-07-08,2026-06-24
4551,Male,Gen X,one_and_done,1,1,2026-06-15,2026-06-15
4552,Male,Gen Z,occasional,3,5,2025-07-27,2026-03-02
4553,Female,Gen Z,regular,1,14,2025-07-11,2026-06-19
4554,Male,Millennial,one_and_done,1,1,2025-12-17,2025-12-17
4555,Male,Millennial,regular,2,22,2025-07-10,2026-06-19
4556,Female,Gen X,occasional,3,5,2025-08-24,2025-12-16
4557,Male,Gen Z,occasional,1,5,2025-08-04,2026-04-03
4558,Male,Gen Z,occasional,1,5,2025-08-09,2026-07-02
4559,Female,Millennial,one_and_done,1,1,2026-01-27,2026-01-27
4560,Female,Gen Z,one_and_done,1,1,2026-06-23,2026-06-23
4561,Male,Gen Z,occasional,1,5,2025-07-25,2026-04-02
4562,Male,Millennial,one_and_done,1,1,2025-12-19,2025-12-19
4563,Male,Gen X,one_and_done,1,1,2026-07-06,2026-07-06
4564,Female,Gen X,one_and_done,4,1,2026-06-05,2026-06-05
4565,Female,Millennial,occasional,1,6,2025-07-29,2026-05-29
4566,Male,Millennial,regular,5,22,2025-08-06,2026-07-06
4567,Male,Gen X,loyal,6,25,2025-07-08,2026-07-05
4568,Male,Millennial,one_and_done,6,1,2026-04-23,2026-04-23
4569,Male,Millennial,one_and_done,6,1,2026-06-17,2026-06-17
4570,Female,Millennial,one_and_done,4,1,2025-07-09,2025-07-09
4571,Female,Millennial,one_and_done,9,1,2025-07-28,2025-07-28
4572,Male,Millennial,regular,1,22,2025-07-07,2026-06-07
4573,Female,Gen Z,one_and_done,1,1,2026-01-25,2026-01-25
4574,Male,Millennial,regular,1,22,2025-07-05,2026-06-26
4575,Female,Millennial,one_and_done,1,1,2026-04-10,2026-04-10
4576,Male,Millennial,regular,4,22,2025-07-02,2026-07-08
4577,Female,Gen X,one_and_done,6,1,2025-08-22,2025-08-22
4578,Male,Gen X,one_and_done,1,1,2025-09-20,2025-09-20
4579,Female,Boomer,one_and_done,1,1,2026-04-19,2026-04-19
4580,Female,Millennial,occasional,1,6,2025-07-23,2026-07-07
4581,Female,Gen Z,one_and_done,2,1,2026-01-29,2026-01-29
4582,Male,Millennial,occasional,3,7,2025-10-16,2026-06-18
4583,Female,Millennial,regular,1,18,2025-08-18,2026-07-06
4584,Male,Gen X,occasional,1,6,2025-07-14,2026-06-08
4585,Male,Gen X,one_and_done,1,1,2026-04-02,2026-04-02
4586,Male,Gen Z,loyal,4,23,2025-07-17,2026-07-08
4587,Female,Millennial,loyal,1,27,2025-07-18,2026-06-28
4588,Male,Millennial,one_and_done,1,1,2026-06-16,2026-06-16
4589,Male,Gen X,regular,3,17,2025-07-24,2026-06-20
4590,Male,Gen Z,occasional,2,5,2025-10-17,2026-06-11
4591,Female,Millennial,regular,2,18,2025-07-04,2026-07-04
4592,Male,Millennial,one_and_done,5,1,2026-05-08,2026-05-08
4593,Male,Millennial,occasional,2,7,2025-08-25,2026-05-30
4594,Female,Gen X,one_and_done,1,1,2026-01-03,2026-01-03
4595,Male,Millennial,one_and_done,9,1,2025-12-05,2025-12-05
4596,Male,Millennial,one_and_done,4,1,2026-03-04,2026-03-04
4597,Female,Millennial,one_and_done,2,1,2026-03-05,2026-03-05
4598,Female,Gen X,regular,1,15,2025-08-10,2026-06-08
4599,Male,Millennial,one_and_done,4,1,2026-01-09,2026-01-09
4600,Male,Gen Z,one_and_done,4,1,2025-12-25,2025-12-25
4601,Female,Millennial,one_and_done,2,1,2025-12-06,2025-12-06
4602,Female,Gen Z,occasional,6,5,2025-08-12,2026-05-25
4603,Female,Millennial,occasional,2,6,2025-07-01,2026-04-27
4604,Male,Millennial,one_and_done,1,1,2025-11-07,2025-11-07
4605,Male,Millennial,regular,1,22,2025-07-07,2026-06-12
4606,Male,Millennial,loyal,8,32,2025-07-23,2026-06-12
4607,Female,Millennial,one_and_done,1,1,2025-09-26,2025-09-26
4608,Male,Gen Z,occasional,1,5,2025-10-06,2026-02-03
4609,Male,Millennial,one_and_done,7,1,2026-03-06,2026-03-06
4610,Female,Gen X,occasional,1,5,2025-07-08,2026-06-03
4611,Male,Millennial,one_and_done,6,1,2026-04-26,2026-04-26
4612,Male,Millennial,one_and_done,1,1,2025-08-28,2025-08-28
4613,Male,Gen Z,one_and_done,4,1,2026-05-29,2026-05-29
4614,Female,Gen Z,one_and_done,1,1,2025-07-18,2025-07-18
4615,Female,Millennial,regular,5,18,2025-07-01,2026-07-04
4616,Male,Millennial,occasional,1,7,2025-09-04,2026-02-22
4617,Male,Gen X,one_and_done,1,1,2025-11-06,2025-11-06
4618,Female,Millennial,occasional,1,6,2025-07-07,2026-05-19
4619,Male,Gen X,loyal,2,25,2025-07-04,2026-06-16
4620,Male,Gen Z,regular,1,15,2025-08-14,2026-07-08
4621,Male,Millennial,regular,7,22,2025-07-01,2026-06-20
4622,Male,Gen Z,one_and_done,1,1,2025-12-11,2025-12-11
4623,Female,Gen Z,one_and_done,1,1,2025-10-11,2025-10-11
4624,Male,Gen X,regular,1,17,2025-07-25,2026-06-21
4625,Male,Millennial,one_and_done,2,1,2025-08-31,2025-08-31
4626,Female,Gen X,regular,1,15,2025-07-26,2026-05-16
4627,Male,Boomer,one_and_done,5,1,2026-07-05,2026-07-05
4628,Female,Gen Z,loyal,1,20,2025-07-11,2026-06-29
4629,Male,Millennial,occasional,2,7,2025-09-09,2026-06-13
4630,Male,Millennial,loyal,1,32,2025-07-09,2026-07-09
4631,Male,Gen X,loyal,1,25,2025-07-19,2026-07-02
4632,Male,Gen Z,loyal,1,23,2025-07-02,2026-06-13
4633,Male,Gen X,one_and_done,4,1,2026-04-29,2026-04-29
4634,Male,Millennial,one_and_done,3,1,2025-09-18,2025-09-18
4635,Male,Gen X,loyal,2,25,2025-07-01,2026-06-11
4636,Male,Gen X,one_and_done,1,1,2026-03-16,2026-03-16
4637,Male,Millennial,one_and_done,1,1,2026-06-22,2026-06-22
4638,Male,Millennial,occasional,1,7,2025-07-09,2026-06-14
4639,Female,Millennial,one_and_done,1,1,2025-08-10,2025-08-10
4640,Female,Gen Z,occasional,3,5,2025-09-30,2026-05-21
4641,Male,Gen Z,one_and_done,3,1,2025-12-29,2025-12-29
4642,Male,Millennial,occasional,2,7,2025-07-01,2026-06-17
4643,Male,Millennial,occasional,5,7,2025-08-21,2026-06-25
4644,Male,Gen Z,loyal,1,23,2025-07-21,2026-06-17
4645,Male,Gen Z,one_and_done,1,1,2026-02-01,2026-02-01
4646,Female,Gen X,occasional,1,5,2025-09-11,2026-04-04
4647,Male,Gen Z,one_and_done,8,1,2025-08-13,2025-08-13
4648,Male,Millennial,regular,2,22,2025-07-07,2026-06-16
4649,Male,Millennial,regular,2,22,2025-07-22,2026-07-08
4650,Male,Millennial,loyal,8,32,2025-07-12,2026-07-08
4651,Male,Gen X,one_and_done,8,1,2026-02-04,2026-02-04
4652,Female,Gen Z,one_and_done,2,1,2025-12-18,2025-12-18
4653,Female,Gen Z,regular,6,14,2025-07-12,2026-07-04
4654,Male,Gen X,regular,6,17,2025-07-05,2026-05-26
4655,Male,Millennial,occasional,3,7,2025-07-09,2026-06-20
4656,Male,Gen Z,occasional,1,5,2025-08-14,2026-07-07
4657,Male,Boomer,one_and_done,3,1,2025-12-22,2025-12-22
4658,Female,Gen X,regular,3,15,2025-07-29,2026-04-24
4659,Male,Millennial,loyal,1,32,2025-07-03,2026-06-26
4660,Female,Gen Z,one_and_done,1,1,2025-10-18,2025-10-18
4661,Male,Millennial,occasional,2,7,2025-07-04,2026-05-18
4662,Female,Boomer,one_and_done,1,1,2026-04-04,2026-04-04
4663,Male,Millennial,one_and_done,5,1,2026-05-29,2026-05-29
4664,Male,Boomer,loyal,7,18,2025-07-09,2026-06-12
4665,Male,Millennial,loyal,1,32,2025-07-17,2026-07-07
4666,Male,Millennial,one_and_done,7,1,2025-09-23,2025-09-23
4667,Male,Millennial,regular,3,22,2025-07-23,2026-06-06
4668,Male,Boomer,occasional,6,4,2025-07-21,2026-05-27
4669,Male,Boomer,occasional,1,4,2025-08-27,2026-05-05
4670,Male,Gen X,one_and_done,2,1,2026-05-13,2026-05-13
4671,Male,Gen Z,occasional,1,5,2025-07-04,2026-06-20
4672,Male,Gen X,one_and_done,1,1,2026-03-26,2026-03-26
4673,Male,Gen Z,one_and_done,1,1,2025-12-23,2025-12-23
4674,Male,Gen Z,regular,1,15,2025-07-01,2026-06-27
4675,Male,Millennial,regular,1,22,2025-08-25,2026-07-03
4676,Male,Boomer,loyal,4,18,2025-07-31,2026-07-02
4677,Male,Millennial,one_and_done,1,1,2026-06-05,2026-06-05
4678,Male,Gen Z,occasional,1,5,2025-07-21,2026-05-22
4679,Female,Millennial,one_and_done,2,1,2025-08-28,2025-08-28
4680,Female,Millennial,one_and_done,1,1,2026-03-25,2026-03-25
4681,Male,Millennial,occasional,1,7,2025-07-27,2026-06-08
4682,Male,Boomer,regular,8,12,2025-07-08,2026-06-02
4683,Female,Millennial,one_and_done,5,1,2026-04-15,2026-04-15
4684,Male,Millennial,one_and_done,7,1,2025-09-23,2025-09-23
4685,Female,Boomer,one_and_done,4,1,2026-03-31,2026-03-31
4686,Male,Gen Z,occasional,3,5,2025-11-27,2026-04-09
4687,Male,Gen Z,occasional,4,5,2025-07-22,2026-07-02
4688,Female,Millennial,occasional,5,6,2025-09-17,2026-07-05
4689,Male,Millennial,occasional,1,7,2025-09-12,2026-05-20
4690,Male,Gen Z,regular,3,15,2025-07-23,2026-06-20
4691,Male,Millennial,occasional,4,7,2025-07-16,2026-06-07
4692,Male,Gen Z,one_and_done,3,1,2025-12-12,2025-12-12
4693,Male,Gen X,one_and_done,5,1,2026-03-24,2026-03-24
4694,Male,Gen Z,one_and_done,4,1,2025-11-24,2025-11-24
4695,Male,Gen X,loyal,1,25,2025-07-13,2026-06-15
4696,Female,Millennial,regular,1,18,2025-09-27,2026-06-22
4697,Male,Gen X,occasional,4,6,2025-08-22,2026-06-16
4698,Male,Boomer,loyal,7,18,2025-09-03,2026-07-05
4699,Female,Gen Z,occasional,1,5,2025-08-15,2026-06-20
4700,Male,Gen Z,one_and_done,1,1,2026-05-12,2026-05-12
4701,Male,Millennial,one_and_done,5,1,2026-04-03,2026-04-03
4702,Female,Millennial,one_and_done,2,1,2026-05-21,2026-05-21
4703,Male,Gen X,one_and_done,2,1,2026-03-27,2026-03-27
4704,Male,Gen Z,one_and_done,2,1,2025-09-05,2025-09-05
4705,Male,Millennial,occasional,1,7,2025-09-07,2026-06-07
4706,Male,Gen Z,regular,1,15,2025-07-08,2026-05-23
4707,Male,Millennial,loyal,1,32,2025-07-19,2026-07-04
4708,Male,Millennial,loyal,5,32,2025-07-02,2026-06-27
4709,Male,Millennial,one_and_done,4,1,2026-07-08,2026-07-08
4710,Female,Gen Z,occasional,6,5,2025-07-19,2026-02-26
4711,Male,Gen Z,occasional,7,5,2025-12-22,2026-07-09
4712,Male,Gen Z,regular,6,15,2025-07-31,2026-06-26
4713,Male,Gen X,one_and_done,1,1,2025-08-19,2025-08-19
4714,Male,Millennial,one_and_done,1,1,2026-06-04,2026-06-04
4715,Male,Millennial,loyal,2,32,2025-07-05,2026-07-08
4716,Female,Millennial,one_and_done,1,1,2026-04-05,2026-04-05
4717,Female,Gen Z,loyal,4,20,2025-07-03,2026-06-10
4718,Male,Millennial,one_and_done,4,1,2025-11-21,2025-11-21
4719,Female,Millennial,one_and_done,2,1,2025-12-03,2025-12-03
4720,Male,Gen X,regular,2,17,2025-07-04,2026-05-28
4721,Male,Gen Z,occasional,1,5,2025-09-22,2026-02-26
4722,Male,Millennial,one_and_done,1,1,2026-04-30,2026-04-30
4723,Female,Boomer,one_and_done,7,1,2025-12-19,2025-12-19
4724,Male,Millennial,one_and_done,8,1,2025-07-27,2025-07-27
4725,Male,Gen Z,one_and_done,1,1,2026-04-03,2026-04-03
4726,Male,Gen Z,occasional,1,5,2025-07-10,2026-05-15
4727,Male,Millennial,occasional,1,7,2025-10-12,2026-07-07
4728,Male,Millennial,regular,1,22,2025-07-13,2026-07-05
4729,Male,Millennial,occasional,1,7,2025-07-11,2026-06-18
4730,Male,Gen X,occasional,1,6,2025-07-24,2026-07-03
4731,Male,Millennial,occasional,2,7,2025-07-02,2026-07-01
4732,Male,Millennial,one_and_done,2,1,2026-06-25,2026-06-25
4733,Female,Gen Z,one_and_done,5,1,2026-04-12,2026-04-12
4734,Male,Boomer,loyal,1,18,2025-07-07,2026-06-30
4735,Male,Gen Z,occasional,5,5,2025-08-21,2026-06-30
4736,Male,Gen Z,one_and_done,1,1,2025-12-12,2025-12-12
4737,Male,Millennial,occasional,1,7,2025-08-11,2026-07-09
4738,Male,Gen Z,loyal,3,23,2025-07-02,2026-07-07
4739,Female,Millennial,one_and_done,1,1,2025-08-11,2025-08-11
4740,Female,Millennial,one_and_done,3,1,2026-04-04,2026-04-04
4741,Male,Gen Z,occasional,1,5,2025-11-22,2026-06-19
4742,Male,Boomer,one_and_done,1,1,2025-12-26,2025-12-26
4743,Male,Gen Z,occasional,2,5,2025-08-23,2026-04-30
4744,Male,Millennial,one_and_done,3,1,2026-02-11,2026-02-11
4745,Female,Gen X,loyal,1,23,2025-07-15,2026-06-20
4746,Male,Gen Z,occasional,2,5,2025-09-12,2026-04-10
4747,Male,Gen X,one_and_done,1,1,2025-10-24,2025-10-24
4748,Male,Boomer,loyal,1,18,2025-07-05,2026-07-09
4749,Male,Millennial,loyal,7,32,2025-07-11,2026-06-12
4750,Male,Millennial,one_and_done,5,1,2025-07-12,2025-07-12
4751,Male,Millennial,one_and_done,1,1,2026-05-27,2026-05-27
4752,Male,Gen X,one_and_done,4,1,2025-09-07,2025-09-07
4753,Male,Millennial,occasional,3,7,2025-08-03,2026-04-19
4754,Female,Gen X,one_and_done,2,1,2025-09-07,2025-09-07
4755,Male,Gen X,one_and_done,1,1,2026-03-21,2026-03-21
4756,Male,Gen Z,occasional,6,5,2025-11-06,2026-06-12
4757,Male,Millennial,regular,1,22,2025-08-07,2026-05-27
4758,Female,Millennial,regular,1,18,2025-08-13,2026-07-03
4759,Male,Gen X,occasional,1,6,2025-07-16,2026-04-20
4760,Male,Gen X,one_and_done,1,1,2026-06-28,2026-06-28
4761,Female,Gen X,occasional,5,5,2025-11-03,2026-07-09
4762,Male,Millennial,one_and_done,1,1,2025-10-05,2025-10-05
4763,Male,Gen Z,regular,4,15,2025-07-15,2026-06-03
4764,Female,Millennial,loyal,5,27,2025-07-12,2026-06-30
4765,Male,Boomer,regular,3,12,2025-09-05,2026-06-21
4766,Female,Gen Z,regular,1,14,2025-07-19,2026-06-17
4767,Male,Gen Z,regular,1,15,2025-07-08,2026-06-17
4768,Male,Millennial,regular,3,22,2025-07-14,2026-05-31
4769,Male,Boomer,one_and_done,2,1,2026-01-02,2026-01-02
4770,Male,Millennial,one_and_done,5,1,2026-06-05,2026-06-05
4771,Male,Gen Z,regular,1,15,2025-07-19,2026-06-05
4772,Male,Boomer,one_and_done,2,1,2025-09-29,2025-09-29
4773,Male,Millennial,one_and_done,1,1,2026-05-29,2026-05-29
4774,Female,Boomer,one_and_done,2,1,2025-11-27,2025-11-27
4775,Female,Boomer,regular,1,11,2025-08-30,2026-06-12
4776,Male,Millennial,one_and_done,1,1,2025-10-25,2025-10-25
4777,Male,Gen Z,one_and_done,1,1,2025-09-26,2025-09-26
4778,Male,Gen X,one_and_done,2,1,2025-07-27,2025-07-27
4779,Male,Millennial,one_and_done,8,1,2025-09-10,2025-09-10
4780,Male,Millennial,one_and_done,1,1,2025-10-03,2025-10-03
4781,Female,Millennial,occasional,2,6,2025-07-28,2026-03-05
4782,Female,Millennial,regular,6,18,2025-07-27,2026-06-29
4783,Male,Millennial,regular,3,22,2025-07-26,2026-05-12
4784,Male,Millennial,loyal,5,32,2025-07-02,2026-07-09
4785,Female,Gen X,regular,1,15,2025-07-07,2026-05-18
4786,Male,Gen Z,one_and_done,2,1,2025-10-27,2025-10-27
4787,Female,Millennial,regular,1,18,2025-07-17,2026-05-26
4788,Female,Millennial,one_and_done,1,1,2025-10-31,2025-10-31
4789,Male,Gen X,regular,4,17,2025-07-27,2026-07-01
4790,Male,Millennial,one_and_done,1,1,2025-11-08,2025-11-08
4791,Male,Gen X,regular,1,17,2025-07-24,2026-06-21
4792,Male,Millennial,one_and_done,1,1,2025-09-13,2025-09-13
4793,Male,Gen Z,loyal,4,23,2025-07-13,2026-06-25
4794,Female,Millennial,one_and_done,1,1,2026-04-20,2026-04-20
4795,Female,Gen X,occasional,3,5,2025-10-13,2026-05-11
4796,Female,Gen X,one_and_done,1,1,2025-08-30,2025-08-30
4797,Male,Millennial,regular,7,22,2025-07-18,2026-07-04
4798,Female,Gen Z,regular,1,14,2025-08-05,2026-06-16
4799,Female,Millennial,occasional,7,6,2025-08-26,2026-05-11
4800,Male,Gen X,one_and_done,6,1,2025-07-20,2025-07-20
4801,Female,Millennial,one_and_done,1,1,2026-03-24,2026-03-24
4802,Male,Gen X,occasional,6,6,2025-12-04,2026-06-18
4803,Female,Gen X,one_and_done,2,1,2025-10-11,2025-10-11
4804,Male,Gen Z,occasional,2,5,2026-01-23,2026-05-13
4805,Female,Gen X,regular,4,15,2025-08-21,2026-05-01
4806,Male,Millennial,one_and_done,1,1,2025-10-07,2025-10-07
4807,Male,Millennial,one_and_done,1,1,2025-07-26,2025-07-26
4808,Male,Gen Z,one_and_done,1,1,2025-11-03,2025-11-03
4809,Male,Millennial,loyal,2,32,2025-07-01,2026-06-20
4810,Male,Gen X,regular,1,17,2025-08-25,2026-07-02
4811,Male,Gen Z,one_and_done,5,1,2026-02-20,2026-02-20
4812,Male,Millennial,regular,1,22,2025-07-26,2026-07-01
4813,Male,Gen X,one_and_done,1,1,2026-01-08,2026-01-08
4814,Male,Gen Z,one_and_done,8,1,2025-10-10,2025-10-10
4815,Male,Millennial,occasional,2,7,2025-11-13,2026-05-27
4816,Male,Gen Z,occasional,1,5,2025-07-19,2025-12-04
4817,Male,Gen Z,one_and_done,2,1,2025-07-24,2025-07-24
4818,Male,Gen Z,regular,2,15,2025-07-06,2026-06-13
4819,Female,Gen Z,one_and_done,6,1,2026-02-20,2026-02-20
4820,Male,Gen Z,one_and_done,2,1,2026-06-10,2026-06-10
4821,Male,Gen X,one_and_done,1,1,2025-09-08,2025-09-08
4822,Female,Millennial,occasional,6,6,2025-10-03,2026-06-19
4823,Female,Millennial,one_and_done,2,1,2026-02-09,2026-02-09
4824,Male,Gen Z,one_and_done,1,1,2025-07-23,2025-07-23
4825,Female,Millennial,regular,2,18,2025-07-18,2026-07-01
4826,Female,Millennial,one_and_done,1,1,2025-07-26,2025-07-26
4827,Female,Gen Z,one_and_done,8,1,2026-04-03,2026-04-03
4828,Male,Gen X,regular,2,17,2025-07-12,2026-07-09
4829,Male,Millennial,regular,1,22,2025-07-19,2026-07-04
4830,Male,Millennial,one_and_done,1,1,2026-01-19,2026-01-19
4831,Female,Boomer,one_and_done,1,1,2026-02-24,2026-02-24
4832,Female,Gen Z,regular,1,14,2025-07-10,2026-06-14
4833,Male,Boomer,regular,1,12,2025-09-04,2026-04-13
4834,Male,Gen Z,one_and_done,1,1,2025-12-19,2025-12-19
4835,Male,Millennial,one_and_done,1,1,2026-04-30,2026-04-30
4836,Male,Millennial,one_and_done,6,1,2026-02-20,2026-02-20
4837,Male,Gen Z,loyal,1,23,2025-07-06,2026-05-01
4838,Male,Millennial,occasional,3,7,2025-08-06,2026-06-21
4839,Male,Millennial,occasional,1,7,2025-07-03,2026-06-06
4840,Male,Millennial,loyal,1,32,2025-07-08,2026-07-04
4841,Male,Gen Z,occasional,1,5,2025-12-10,2026-06-30
4842,Male,Gen Z,one_and_done,1,1,2026-04-13,2026-04-13
4843,Female,Millennial,loyal,2,27,2025-07-04,2026-07-02
4844,Male,Gen Z,one_and_done,6,1,2026-05-14,2026-05-14
4845,Male,Gen X,occasional,2,6,2025-07-06,2026-06-02
4846,Male,Gen Z,regular,1,15,2025-07-04,2026-06-30
4847,Male,Millennial,one_and_done,7,1,2026-04-27,2026-04-27
4848,Female,Millennial,one_and_done,1,1,2026-05-23,2026-05-23
4849,Male,Gen X,regular,1,17,2025-07-14,2026-06-25
4850,Male,Gen X,regular,2,17,2025-07-02,2026-05-11
4851,Male,Gen Z,loyal,2,23,2025-07-13,2026-07-03
4852,Female,Millennial,one_and_done,3,1,2025-08-16,2025-08-16
4853,Male,Millennial,loyal,2,32,2025-07-13,2026-06-05
4854,Female,Gen X,occasional,3,5,2025-07-03,2026-04-02
4855,Male,Millennial,loyal,2,32,2025-07-04,2026-06-29
4856,Male,Gen X,regular,1,17,2025-07-08,2026-05-20
4857,Male,Gen Z,one_and_done,2,1,2025-09-06,2025-09-06
4858,Male,Millennial,one_and_done,1,1,2025-08-07,2025-08-07
4859,Female,Gen Z,one_and_done,1,1,2026-06-11,2026-06-11
4860,Male,Gen Z,occasional,4,5,2025-08-19,2026-03-26
4861,Male,Millennial,one_and_done,1,1,2026-04-25,2026-04-25
4862,Female,Millennial,one_and_done,1,1,2026-03-23,2026-03-23
4863,Female,Gen X,loyal,1,23,2025-07-01,2026-06-28
4864,Male,Gen X,occasional,1,6,2025-10-18,2026-05-09
4865,Female,Gen Z,occasional,1,5,2025-09-15,2026-03-02
4866,Male,Gen X,loyal,3,25,2025-07-20,2026-06-25
4867,Male,Millennial,one_and_done,4,1,2025-08-21,2025-08-21
4868,Female,Boomer,one_and_done,3,1,2026-06-25,2026-06-25
4869,Male,Gen Z,one_and_done,1,1,2025-11-22,2025-11-22
4870,Female,Millennial,one_and_done,1,1,2025-08-01,2025-08-01
4871,Male,Millennial,one_and_done,6,1,2026-06-13,2026-06-13
4872,Female,Millennial,occasional,1,6,2025-08-05,2026-04-18
4873,Male,Gen Z,loyal,1,23,2025-07-04,2026-06-15
4874,Male,Millennial,regular,1,22,2025-08-03,2026-07-06
4875,Male,Gen X,loyal,3,25,2025-07-13,2026-06-26
4876,Male,Gen Z,regular,1,15,2025-07-17,2026-06-25
4877,Male,Gen X,one_and_done,2,1,2025-12-30,2025-12-30
4878,Male,Gen X,one_and_done,9,1,2025-08-28,2025-08-28
4879,Male,Gen X,one_and_done,2,1,2026-06-05,2026-06-05
4880,Male,Gen Z,one_and_done,1,1,2025-10-30,2025-10-30
4881,Male,Gen X,occasional,1,6,2025-08-07,2026-06-15
4882,Female,Gen Z,one_and_done,1,1,2025-08-13,2025-08-13
4883,Male,Millennial,one_and_done,3,1,2025-09-14,2025-09-14
4884,Male,Gen Z,one_and_done,6,1,2025-08-24,2025-08-24
4885,Male,Millennial,occasional,4,7,2025-07-21,2026-04-13
4886,Male,Millennial,one_and_done,1,1,2025-09-05,2025-09-05
4887,Female,Millennial,occasional,1,6,2025-07-06,2026-06-14
4888,Male,Millennial,one_and_done,1,1,2025-10-10,2025-10-10
4889,Female,Millennial,one_and_done,5,1,2025-10-08,2025-10-08
4890,Male,Gen X,occasional,1,6,2025-07-02,2026-01-22
4891,Male,Gen Z,regular,1,15,2025-07-02,2026-05-21
4892,Male,Gen X,one_and_done,1,1,2026-06-13,2026-06-13
4893,Male,Millennial,occasional,4,7,2025-07-25,2026-05-09
4894,Female,Gen Z,regular,2,14,2025-07-09,2026-07-03
4895,Female,Gen X,loyal,4,23,2025-07-26,2026-07-03
4896,Female,Millennial,one_and_done,6,1,2025-08-30,2025-08-30
4897,Female,Boomer,occasional,2,4,2026-01-01,2026-05-07
4898,Male,Millennial,occasional,8,7,2025-08-19,2026-07-06
4899,Male,Gen X,one_and_done,1,1,2026-02-01,2026-02-01
4900,Female,Millennial,occasional,1,6,2025-08-28,2026-06-24
4901,Male,Gen Z,one_and_done,1,1,2026-03-26,2026-03-26
4902,Male,Millennial,one_and_done,1,1,2026-06-03,2026-06-03
4903,Male,Gen Z,one_and_done,1,1,2025-08-26,2025-08-26
4904,Female,Gen X,one_and_done,3,1,2025-07-11,2025-07-11
4905,Male,Gen Z,regular,3,15,2025-07-06,2026-05-30
4906,Male,Millennial,one_and_done,3,1,2025-07-16,2025-07-16
4907,Female,Millennial,regular,1,18,2025-07-04,2026-07-04
4908,Male,Gen X,one_and_done,1,1,2025-11-14,2025-11-14
4909,Male,Millennial,one_and_done,2,1,2025-12-11,2025-12-11
4910,Male,Boomer,one_and_done,2,1,2025-12-04,2025-12-04
4911,Male,Millennial,one_and_done,1,1,2025-09-26,2025-09-26
4912,Male,Millennial,regular,5,22,2025-07-11,2026-06-20
4913,Male,Millennial,one_and_done,1,1,2025-12-22,2025-12-22
4914,Male,Boomer,one_and_done,7,1,2026-04-06,2026-04-06
4915,Male,Millennial,regular,7,22,2025-07-01,2026-06-30
4916,Female,Millennial,one_and_done,1,1,2025-09-21,2025-09-21
4917,Female,Gen X,one_and_done,1,1,2026-05-18,2026-05-18
4918,Male,Millennial,one_and_done,5,1,2026-03-12,2026-03-12
4919,Male,Millennial,occasional,1,7,2025-08-15,2026-03-26
4920,Female,Millennial,one_and_done,3,1,2025-08-31,2025-08-31
4921,Female,Millennial,one_and_done,1,1,2026-04-13,2026-04-13
4922,Female,Boomer,occasional,5,4,2025-10-23,2026-02-06
4923,Male,Millennial,one_and_done,5,1,2025-08-08,2025-08-08
4924,Female,Gen Z,one_and_done,1,1,2026-02-09,2026-02-09
4925,Female,Boomer,one_and_done,2,1,2025-11-27,2025-11-27
4926,Male,Gen Z,one_and_done,1,1,2025-07-15,2025-07-15
4927,Female,Boomer,occasional,1,4,2025-07-23,2026-05-01
4928,Female,Millennial,loyal,3,27,2025-07-30,2026-07-09
4929,Male,Millennial,occasional,1,7,2025-09-01,2026-05-14
4930,Male,Millennial,loyal,8,32,2025-07-02,2026-06-22
4931,Male,Gen Z,one_and_done,7,1,2026-06-07,2026-06-07
4932,Male,Millennial,one_and_done,1,1,2025-10-19,2025-10-19
4933,Male,Millennial,one_and_done,1,1,2026-01-02,2026-01-02
4934,Male,Millennial,regular,10,22,2025-07-05,2026-06-29
4935,Male,Millennial,one_and_done,1,1,2025-07-29,2025-07-29
4936,Male,Millennial,occasional,1,7,2025-08-22,2026-05-09
4937,Female,Gen Z,occasional,1,5,2025-11-13,2026-06-09
4938,Male,Millennial,occasional,1,7,2025-07-13,2026-06-09
4939,Male,Gen Z,occasional,2,5,2025-07-12,2026-05-26
4940,Male,Gen X,one_and_done,3,1,2025-12-28,2025-12-28
4941,Male,Boomer,regular,1,12,2025-07-16,2026-06-26
4942,Male,Gen X,loyal,8,25,2025-07-02,2026-05-30
4943,Female,Gen Z,occasional,2,5,2025-09-05,2026-06-26
4944,Male,Millennial,one_and_done,1,1,2026-02-07,2026-02-07
4945,Female,Millennial,loyal,1,27,2025-07-10,2026-06-21
4946,Female,Gen X,occasional,1,5,2025-11-28,2026-05-29
4947,Male,Millennial,regular,1,22,2025-07-19,2026-06-25
4948,Male,Millennial,one_and_done,1,1,2026-05-07,2026-05-07
4949,Male,Millennial,one_and_done,5,1,2026-06-22,2026-06-22
4950,Male,Millennial,regular,1,22,2025-07-15,2026-06-12
4951,Male,Gen X,regular,3,17,2025-07-24,2026-07-02
4952,Male,Millennial,occasional,1,7,2025-09-15,2026-05-11
4953,Female,Millennial,regular,3,18,2025-09-21,2026-06-30
4954,Male,Millennial,one_and_done,2,1,2025-11-24,2025-11-24
4955,Male,Millennial,occasional,1,7,2025-07-17,2026-06-02
4956,Male,Millennial,one_and_done,2,1,2025-08-17,2025-08-17
4957,Female,Gen Z,loyal,1,20,2025-08-02,2026-07-03
4958,Male,Boomer,loyal,5,18,2025-07-21,2026-07-05
4959,Male,Boomer,regular,1,12,2025-07-30,2026-06-28
4960,Male,Gen Z,occasional,5,5,2025-08-03,2026-03-09
4961,Male,Gen X,one_and_done,1,1,2026-06-15,2026-06-15
4962,Male,Millennial,occasional,2,7,2025-07-01,2026-07-07
4963,Male,Gen Z,regular,4,15,2025-07-02,2026-05-29
4964,Male,Gen X,one_and_done,1,1,2025-09-29,2025-09-29
4965,Male,Gen X,one_and_done,3,1,2025-08-23,2025-08-23
4966,Male,Millennial,one_and_done,3,1,2025-11-01,2025-11-01
4967,Male,Millennial,one_and_done,1,1,2026-04-18,2026-04-18
4968,Male,Gen X,loyal,1,25,2025-07-03,2026-06-24
4969,Female,Boomer,one_and_done,9,1,2025-12-29,2025-12-29
4970,Male,Boomer,one_and_done,6,1,2026-05-19,2026-05-19
4971,Male,Gen X,loyal,4,25,2025-07-18,2026-06-13
4972,Female,Millennial,one_and_done,1,1,2025-07-31,2025-07-31
4973,Male,Millennial,loyal,1,32,2025-07-01,2026-07-09
4974,Female,Millennial,occasional,1,6,2025-08-15,2026-06-18
4975,Female,Gen X,occasional,6,5,2025-10-01,2026-06-15
4976,Female,Gen Z,occasional,6,5,2025-07-02,2026-06-19
4977,Female,Gen X,one_and_done,2,1,2026-07-07,2026-07-07
4978,Male,Millennial,one_and_done,4,1,2026-02-05,2026-02-05
4979,Male,Millennial,loyal,7,32,2025-07-13,2026-07-08
4980,Male,Gen Z,one_and_done,6,1,2025-12-16,2025-12-16
4981,Male,Boomer,occasional,1,4,2025-09-06,2026-05-11
4982,Male,Millennial,occasional,3,7,2025-08-07,2026-05-11
4983,Male,Gen Z,regular,3,15,2025-07-21,2026-07-09
4984,Female,Gen Z,one_and_done,8,1,2026-01-21,2026-01-21
4985,Female,Gen X,regular,1,15,2025-07-14,2026-06-30
4986,Male,Millennial,occasional,2,7,2025-09-02,2026-05-23
4987,Male,Gen X,occasional,2,6,2025-09-24,2026-06-18
4988,Female,Millennial,regular,1,18,2025-07-05,2026-06-23
4989,Female,Millennial,regular,9,18,2025-08-18,2026-07-07
4990,Female,Millennial,loyal,2,27,2025-07-03,2026-06-23
4991,Male,Gen X,one_and_done,5,1,2026-01-23,2026-01-23
4992,Female,Millennial,one_and_done,1,1,2025-07-13,2025-07-13
4993,Male,Millennial,one_and_done,1,1,2026-06-27,2026-06-27
4994,Male,Millennial,loyal,4,32,2025-07-02,2026-06-26
4995,Male,Millennial,regular,1,22,2025-07-07,2026-07-09
4996,Female,Millennial,one_and_done,3,1,2026-02-14,2026-02-14
4997,Female,Millennial,one_and_done,1,1,2026-01-28,2026-01-28
4998,Male,Millennial,one_and_done,5,1,2025-09-29,2025-09-29
4999,Female,Millennial,one_and_done,1,1,2026-07-09,2026-07-09
5000,Female,Millennial,loyal,3,27,2025-07-04,2026-07-02
5001,Female,Millennial,regular,1,18,2025-07-02,2026-05-27
5002,Female,Gen Z,loyal,1,20,2025-07-23,2026-07-04
5003,Male,Millennial,regular,1,22,2025-07-16,2026-07-02
5004,Male,Millennial,regular,3,22,2025-07-10,2026-07-05
5005,Male,Millennial,one_and_done,1,1,2026-04-17,2026-04-17
5006,Male,Gen X,loyal,3,25,2025-07-11,2026-06-17
5007,Male,Gen X,one_and_done,2,1,2025-10-01,2025-10-01
5008,Male,Millennial,occasional,8,7,2025-07-23,2026-02-18
5009,Female,Gen Z,occasional,1,5,2026-01-17,2026-04-12
5010,Female,Millennial,one_and_done,1,1,2026-03-18,2026-03-18
5011,Male,Gen Z,regular,1,15,2025-09-08,2026-06-23
5012,Male,Millennial,occasional,3,7,2025-09-02,2026-05-06
5013,Female,Gen Z,one_and_done,7,1,2025-12-03,2025-12-03
5014,Male,Gen Z,one_and_done,1,1,2025-08-06,2025-08-06
5015,Male,Gen Z,one_and_done,1,1,2025-09-12,2025-09-12
5016,Male,Millennial,one_and_done,1,1,2026-02-23,2026-02-23
5017,Female,Millennial,loyal,1,27,2025-07-18,2026-06-29
5018,Female,Millennial,occasional,1,6,2025-07-30,2026-02-04
5019,Female,Millennial,one_and_done,6,1,2025-11-07,2025-11-07
5020,Male,Millennial,occasional,1,7,2025-08-11,2026-04-27
5021,Male,Millennial,one_and_done,4,1,2026-04-08,2026-04-08
5022,Male,Millennial,one_and_done,2,1,2025-09-18,2025-09-18
5023,Male,Millennial,regular,2,22,2025-07-10,2026-06-22
5024,Female,Gen X,one_and_done,1,1,2025-12-25,2025-12-25
5025,Male,Millennial,occasional,7,7,2025-08-22,2026-05-17
5026,Male,Millennial,occasional,1,7,2025-08-01,2026-06-26
5027,Female,Gen Z,occasional,3,5,2025-08-01,2026-03-28
5028,Female,Gen X,one_and_done,1,1,2025-09-12,2025-09-12
5029,Male,Gen Z,regular,1,15,2025-07-16,2026-06-17
5030,Male,Gen X,regular,1,17,2025-07-12,2026-07-08
5031,Male,Millennial,occasional,8,7,2025-07-08,2026-07-07
5032,Male,Gen Z,occasional,4,5,2025-07-11,2025-12-21
5033,Female,Gen X,regular,1,15,2025-07-12,2026-07-03
5034,Male,Millennial,one_and_done,7,1,2026-01-06,2026-01-06
5035,Male,Gen X,occasional,1,6,2025-10-15,2026-06-06
5036,Male,Millennial,regular,1,22,2025-07-13,2026-07-05
5037,Male,Gen X,regular,1,17,2025-07-24,2026-06-23
5038,Female,Boomer,one_and_done,6,1,2026-06-28,2026-06-28
5039,Male,Boomer,regular,4,12,2025-07-01,2026-06-17
5040,Female,Boomer,one_and_done,1,1,2026-05-01,2026-05-01
5041,Female,Millennial,regular,1,18,2025-07-26,2026-07-09
5042,Female,Millennial,one_and_done,1,1,2025-08-13,2025-08-13
5043,Female,Gen Z,occasional,1,5,2025-07-31,2026-02-19
5044,Male,Millennial,loyal,7,32,2025-07-18,2026-06-17
5045,Male,Millennial,one_and_done,1,1,2026-06-11,2026-06-11
5046,Male,Gen X,regular,1,17,2025-07-18,2026-07-05
5047,Male,Millennial,occasional,3,7,2025-11-22,2026-05-25
5048,Female,Millennial,occasional,1,6,2025-07-01,2026-06-11
5049,Male,Gen Z,regular,7,15,2025-07-05,2026-05-05
5050,Male,Millennial,one_and_done,4,1,2026-04-07,2026-04-07
5051,Male,Gen Z,occasional,1,5,2025-09-05,2025-12-01
5052,Male,Gen X,regular,1,17,2025-07-09,2026-06-26
5053,Male,Millennial,regular,1,22,2025-07-09,2026-07-02
5054,Male,Gen X,occasional,5,6,2025-11-13,2026-06-27
5055,Male,Millennial,one_and_done,1,1,2026-05-06,2026-05-06
5056,Male,Millennial,occasional,3,7,2025-08-09,2026-02-15
5057,Female,Millennial,one_and_done,1,1,2025-11-10,2025-11-10
5058,Male,Gen Z,one_and_done,8,1,2026-02-14,2026-02-14
5059,Female,Gen X,one_and_done,1,1,2026-07-07,2026-07-07
5060,Male,Gen X,one_and_done,1,1,2025-10-19,2025-10-19
5061,Male,Gen Z,regular,1,15,2025-07-27,2026-06-25
5062,Male,Gen Z,one_and_done,5,1,2026-06-07,2026-06-07
5063,Male,Millennial,one_and_done,2,1,2026-04-25,2026-04-25
5064,Male,Millennial,loyal,2,32,2025-07-05,2026-06-15
5065,Male,Millennial,occasional,2,7,2025-07-04,2026-07-05
5066,Female,Millennial,loyal,1,27,2025-07-04,2026-05-12
5067,Female,Millennial,occasional,1,6,2025-07-11,2026-05-31
5068,Female,Millennial,one_and_done,4,1,2026-03-23,2026-03-23
5069,Female,Millennial,occasional,1,6,2025-07-18,2026-05-18
5070,Female,Gen X,one_and_done,1,1,2026-05-02,2026-05-02
5071,Male,Millennial,one_and_done,3,1,2026-05-31,2026-05-31
5072,Male,Millennial,occasional,1,7,2025-10-16,2026-06-21
5073,Female,Boomer,one_and_done,5,1,2025-08-26,2025-08-26
5074,Male,Gen Z,one_and_done,2,1,2026-06-06,2026-06-06
5075,Male,Millennial,regular,3,22,2025-07-04,2026-07-07
5076,Male,Gen X,occasional,7,6,2025-10-04,2026-05-24
5077,Male,Gen Z,occasional,1,5,2025-07-15,2026-04-30
5078,Female,Millennial,occasional,3,6,2025-09-12,2026-07-03
5079,Female,Gen X,occasional,5,5,2025-08-06,2026-06-11
5080,Male,Millennial,occasional,4,7,2025-07-12,2025-11-24
5081,Female,Millennial,one_and_done,1,1,2025-09-10,2025-09-10
5082,Male,Millennial,occasional,2,7,2025-09-07,2026-06-18
5083,Male,Millennial,one_and_done,1,1,2026-01-07,2026-01-07
5084,Male,Gen Z,regular,1,15,2025-07-03,2026-06-09
5085,Female,Millennial,one_and_done,2,1,2025-09-28,2025-09-28
5086,Female,Millennial,regular,2,18,2025-07-08,2026-06-23
5087,Female,Millennial,one_and_done,1,1,2026-06-09,2026-06-09
5088,Female,Gen X,one_and_done,1,1,2025-11-02,2025-11-02
5089,Female,Millennial,one_and_done,5,1,2026-01-27,2026-01-27
5090,Male,Gen X,regular,2,17,2025-07-23,2026-07-09
5091,Male,Millennial,one_and_done,7,1,2026-01-28,2026-01-28
5092,Male,Millennial,loyal,9,32,2025-07-05,2026-07-01
5093,Male,Gen X,loyal,1,25,2025-07-18,2026-06-26
5094,Male,Millennial,one_and_done,4,1,2026-04-11,2026-04-11
5095,Male,Gen X,one_and_done,3,1,2026-03-28,2026-03-28
5096,Female,Gen Z,one_and_done,3,1,2026-02-11,2026-02-11
5097,Male,Gen Z,occasional,1,5,2025-10-03,2026-07-08
5098,Male,Gen Z,loyal,2,23,2025-07-06,2026-06-08
5099,Male,Gen Z,regular,5,15,2025-09-02,2026-06-20
5100,Male,Millennial,regular,1,22,2025-07-19,2026-06-29
5101,Female,Gen Z,one_and_done,3,1,2025-08-09,2025-08-09
5102,Male,Millennial,occasional,1,7,2025-07-16,2026-04-14
5103,Male,Gen Z,one_and_done,1,1,2026-04-14,2026-04-14
5104,Male,Gen X,one_and_done,2,1,2025-09-08,2025-09-08
5105,Male,Millennial,one_and_done,8,1,2025-09-28,2025-09-28
5106,Male,Millennial,one_and_done,1,1,2025-09-29,2025-09-29
5107,Male,Millennial,regular,1,22,2025-08-04,2026-06-12
5108,Male,Gen Z,regular,4,15,2025-07-13,2026-07-08
5109,Male,Millennial,one_and_done,8,1,2026-05-04,2026-05-04
5110,Female,Millennial,occasional,2,6,2025-10-01,2026-06-22
5111,Male,Millennial,one_and_done,4,1,2025-12-22,2025-12-22
5112,Male,Gen Z,regular,1,15,2025-07-09,2026-06-29
5113,Male,Millennial,one_and_done,1,1,2026-05-14,2026-05-14
5114,Female,Millennial,regular,3,18,2025-07-05,2026-05-20
5115,Male,Millennial,one_and_done,2,1,2026-05-26,2026-05-26
5116,Female,Gen Z,occasional,1,5,2025-07-22,2026-07-06
5117,Male,Gen Z,regular,5,15,2025-07-09,2026-07-04
5118,Male,Millennial,one_and_done,6,1,2026-05-08,2026-05-08
5119,Female,Boomer,loyal,1,16,2025-07-11,2026-06-26
5120,Male,Gen X,occasional,2,6,2025-11-26,2026-06-23
5121,Female,Gen Z,one_and_done,1,1,2026-01-29,2026-01-29
5122,Female,Gen X,loyal,2,23,2025-08-06,2026-06-20
5123,Female,Gen X,regular,2,15,2025-07-02,2026-05-06
5124,Male,Gen X,one_and_done,1,1,2026-04-21,2026-04-21
5125,Female,Gen X,one_and_done,4,1,2025-08-25,2025-08-25
5126,Female,Millennial,one_and_done,2,1,2026-04-24,2026-04-24
5127,Male,Gen Z,occasional,1,5,2026-01-30,2026-07-02
5128,Male,Gen X,one_and_done,1,1,2026-01-28,2026-01-28
5129,Female,Gen Z,regular,2,14,2025-07-01,2026-06-27
5130,Male,Boomer,one_and_done,1,1,2026-01-02,2026-01-02
5131,Female,Gen Z,one_and_done,2,1,2025-08-30,2025-08-30
5132,Female,Millennial,occasional,1,6,2025-08-05,2026-05-17
5133,Female,Millennial,one_and_done,1,1,2025-12-06,2025-12-06
5134,Female,Boomer,one_and_done,7,1,2025-10-16,2025-10-16
5135,Male,Gen Z,loyal,5,23,2025-07-01,2026-06-10
5136,Male,Gen Z,occasional,2,5,2025-09-06,2026-03-29
5137,Male,Millennial,loyal,4,32,2025-07-08,2026-06-24
5138,Male,Millennial,one_and_done,9,1,2026-04-14,2026-04-14
5139,Male,Millennial,one_and_done,1,1,2025-09-01,2025-09-01
5140,Female,Millennial,one_and_done,2,1,2026-06-25,2026-06-25
5141,Male,Gen X,one_and_done,1,1,2026-02-21,2026-02-21
5142,Female,Millennial,one_and_done,3,1,2025-11-16,2025-11-16
5143,Female,Gen X,loyal,6,23,2025-07-21,2026-06-29
5144,Female,Gen Z,occasional,2,5,2025-09-23,2026-04-06
5145,Male,Gen Z,one_and_done,1,1,2025-11-05,2025-11-05
5146,Male,Millennial,one_and_done,1,1,2026-03-10,2026-03-10
5147,Male,Millennial,regular,1,22,2025-07-01,2026-06-23
5148,Male,Gen Z,regular,1,15,2025-07-14,2026-07-08
5149,Male,Gen X,one_and_done,1,1,2026-02-06,2026-02-06
5150,Female,Millennial,occasional,2,6,2026-01-07,2026-06-24
5151,Female,Millennial,one_and_done,1,1,2026-01-28,2026-01-28
5152,Male,Gen Z,one_and_done,1,1,2025-10-06,2025-10-06
5153,Female,Gen Z,one_and_done,2,1,2026-03-17,2026-03-17
5154,Male,Millennial,one_and_done,7,1,2025-10-13,2025-10-13
5155,Female,Millennial,one_and_done,1,1,2025-12-01,2025-12-01
5156,Male,Gen Z,loyal,3,23,2025-07-04,2026-07-09
5157,Male,Gen Z,occasional,5,5,2025-11-27,2026-06-09
5158,Female,Millennial,occasional,1,6,2025-08-21,2026-06-26
5159,Male,Gen Z,occasional,6,5,2025-07-07,2026-05-13
5160,Female,Gen Z,one_and_done,1,1,2025-08-14,2025-08-14
5161,Female,Boomer,regular,2,11,2025-08-14,2026-06-02
5162,Male,Millennial,loyal,4,32,2025-08-01,2026-06-30
5163,Male,Millennial,loyal,1,32,2025-07-01,2026-07-06
5164,Female,Millennial,one_and_done,7,1,2025-07-27,2025-07-27
5165,Female,Millennial,one_and_done,1,1,2026-06-11,2026-06-11
5166,Male,Millennial,one_and_done,1,1,2025-08-18,2025-08-18
5167,Male,Millennial,occasional,1,7,2025-07-10,2026-04-28
5168,Male,Millennial,regular,2,22,2025-07-05,2026-06-19
5169,Female,Millennial,occasional,1,6,2025-07-11,2026-06-05
5170,Male,Gen X,regular,1,17,2025-07-03,2026-05-29
5171,Male,Gen Z,one_and_done,1,1,2025-11-07,2025-11-07
5172,Male,Millennial,occasional,1,7,2025-09-08,2026-05-31
5173,Male,Millennial,regular,1,22,2025-07-07,2026-06-24
5174,Male,Millennial,occasional,3,7,2025-07-10,2025-11-29
5175,Female,Millennial,regular,1,18,2025-07-18,2026-06-15
5176,Male,Millennial,one_and_done,7,1,2026-02-28,2026-02-28
5177,Female,Gen X,regular,1,15,2025-07-06,2026-06-18
5178,Female,Millennial,regular,8,18,2025-07-25,2026-06-11
5179,Female,Gen Z,occasional,3,5,2025-10-09,2026-07-09
5180,Female,Millennial,one_and_done,7,1,2026-01-11,2026-01-11
5181,Male,Gen Z,occasional,1,5,2025-07-04,2026-03-31
5182,Female,Millennial,loyal,4,27,2025-07-03,2026-07-08
5183,Female,Millennial,occasional,1,6,2025-08-02,2026-04-14
5184,Female,Millennial,regular,5,18,2025-07-19,2026-07-03
5185,Male,Millennial,loyal,3,32,2025-07-31,2026-07-02
5186,Male,Millennial,loyal,5,32,2025-07-08,2026-06-30
5187,Female,Boomer,occasional,1,4,2025-07-16,2026-07-06
5188,Female,Millennial,one_and_done,8,1,2026-06-30,2026-06-30
5189,Male,Millennial,one_and_done,4,1,2025-10-18,2025-10-18
5190,Male,Millennial,one_and_done,1,1,2025-12-26,2025-12-26
5191,Female,Gen X,occasional,4,5,2025-11-02,2026-05-09
5192,Female,Gen X,one_and_done,4,1,2026-04-01,2026-04-01
5193,Female,Millennial,regular,3,18,2025-07-02,2026-07-04
5194,Male,Gen Z,one_and_done,4,1,2026-03-16,2026-03-16
5195,Female,Gen X,one_and_done,3,1,2026-06-22,2026-06-22
5196,Male,Gen Z,regular,3,15,2025-07-11,2026-05-20
5197,Male,Gen Z,regular,1,15,2025-07-10,2026-07-07
5198,Male,Boomer,occasional,4,4,2025-11-08,2026-06-11
5199,Male,Gen Z,occasional,1,5,2025-08-14,2026-01-09
5200,Female,Gen X,regular,1,15,2025-07-20,2026-06-19
5201,Male,Gen Z,loyal,1,23,2025-07-12,2026-06-23
5202,Male,Millennial,occasional,1,7,2025-08-24,2026-04-11
5203,Male,Millennial,occasional,3,7,2025-07-25,2026-06-17
5204,Male,Gen X,occasional,1,6,2025-08-22,2026-05-05
5205,Female,Millennial,one_and_done,4,1,2026-03-23,2026-03-23
5206,Male,Millennial,one_and_done,1,1,2025-10-06,2025-10-06
5207,Male,Gen X,regular,2,17,2025-07-18,2026-07-09
5208,Male,Millennial,one_and_done,1,1,2025-08-15,2025-08-15
5209,Male,Gen Z,one_and_done,1,1,2026-06-07,2026-06-07
5210,Male,Millennial,one_and_done,6,1,2025-10-01,2025-10-01
5211,Male,Gen Z,regular,1,15,2025-07-01,2026-06-19
5212,Female,Boomer,one_and_done,3,1,2025-12-01,2025-12-01
5213,Male,Millennial,one_and_done,1,1,2025-07-30,2025-07-30
5214,Male,Millennial,occasional,6,7,2025-11-04,2026-07-06
5215,Male,Gen Z,regular,6,15,2025-07-05,2026-04-21
5216,Male,Gen X,regular,1,17,2025-07-07,2026-07-09
5217,Female,Gen X,one_and_done,3,1,2026-01-16,2026-01-16
5218,Male,Gen Z,loyal,5,23,2025-07-17,2026-07-09
5219,Male,Millennial,one_and_done,5,1,2025-08-14,2025-08-14
5220,Male,Millennial,regular,5,22,2025-07-04,2026-07-05
5221,Female,Millennial,regular,4,18,2025-07-01,2026-06-13
5222,Male,Gen Z,occasional,1,5,2025-07-26,2026-06-26
5223,Female,Gen X,one_and_done,1,1,2026-02-04,2026-02-04
5224,Male,Millennial,loyal,3,32,2025-07-06,2026-07-07
5225,Male,Millennial,regular,1,22,2025-07-16,2026-06-12
5226,Male,Millennial,regular,1,22,2025-07-15,2026-06-22
5227,Female,Gen Z,occasional,5,5,2025-08-25,2026-07-09
5228,Female,Gen X,one_and_done,5,1,2026-06-25,2026-06-25
5229,Male,Gen Z,one_and_done,1,1,2026-01-14,2026-01-14
5230,Male,Millennial,regular,1,22,2025-08-03,2026-06-15
5231,Male,Boomer,occasional,2,4,2025-09-05,2026-06-05
5232,Male,Gen Z,regular,4,15,2025-07-22,2026-05-22
5233,Male,Millennial,regular,4,22,2025-07-15,2026-06-11
5234,Male,Gen X,regular,2,17,2025-07-02,2026-07-08
5235,Female,Millennial,occasional,1,6,2025-08-07,2026-07-05
5236,Male,Millennial,regular,1,22,2025-07-26,2026-06-05
5237,Male,Millennial,occasional,3,7,2025-07-03,2026-02-07
5238,Male,Millennial,occasional,8,7,2025-07-20,2026-06-02
5239,Female,Millennial,regular,1,18,2025-07-12,2026-07-02
5240,Male,Gen Z,occasional,5,5,2025-07-24,2026-07-04
5241,Male,Millennial,loyal,3,32,2025-07-04,2026-07-09
5242,Male,Millennial,occasional,3,7,2025-12-29,2026-05-22
5243,Male,Millennial,one_and_done,2,1,2026-05-07,2026-05-07
5244,Female,Millennial,one_and_done,1,1,2026-03-17,2026-03-17
5245,Female,Gen X,one_and_done,1,1,2026-06-11,2026-06-11
5246,Female,Gen X,occasional,1,5,2025-07-14,2026-06-07
5247,Female,Millennial,occasional,1,6,2025-07-13,2026-05-06
5248,Female,Boomer,one_and_done,4,1,2025-08-17,2025-08-17
5249,Male,Gen X,regular,1,17,2025-07-08,2026-05-16
5250,Male,Millennial,occasional,1,7,2025-07-04,2026-06-06
5251,Female,Gen Z,regular,1,14,2025-08-22,2026-06-17
5252,Male,Millennial,one_and_done,3,1,2026-03-04,2026-03-04
5253,Male,Gen Z,occasional,2,5,2025-08-06,2026-06-19
5254,Female,Millennial,occasional,1,6,2025-07-29,2026-05-28
5255,Female,Gen X,regular,1,15,2025-07-23,2026-07-09
5256,Male,Gen Z,regular,3,15,2025-09-06,2026-06-02
5257,Male,Millennial,one_and_done,1,1,2025-11-03,2025-11-03
5258,Male,Gen X,one_and_done,9,1,2026-05-25,2026-05-25
5259,Male,Gen Z,one_and_done,4,1,2025-10-11,2025-10-11
5260,Male,Millennial,regular,4,22,2025-07-24,2026-06-20
5261,Female,Gen Z,occasional,1,5,2025-09-20,2026-04-10
5262,Male,Gen Z,one_and_done,4,1,2025-07-15,2025-07-15
5263,Male,Gen Z,loyal,1,23,2025-07-12,2026-06-29
5264,Male,Gen Z,regular,1,15,2025-07-12,2026-06-21
5265,Male,Millennial,occasional,2,7,2025-07-25,2026-03-29
5266,Male,Millennial,one_and_done,2,1,2025-07-30,2025-07-30
5267,Male,Gen X,regular,1,17,2025-08-01,2026-06-10
5268,Male,Gen Z,one_and_done,5,1,2026-01-04,2026-01-04
5269,Male,Gen Z,regular,2,15,2025-07-26,2026-06-23
5270,Male,Boomer,one_and_done,1,1,2026-07-02,2026-07-02
5271,Male,Millennial,occasional,3,7,2025-08-22,2026-07-01
5272,Male,Millennial,occasional,5,7,2025-10-02,2026-06-21
5273,Male,Boomer,regular,2,12,2025-07-03,2026-06-27
5274,Male,Millennial,one_and_done,1,1,2025-08-20,2025-08-20
5275,Female,Millennial,one_and_done,2,1,2025-07-04,2025-07-04
5276,Female,Boomer,loyal,1,16,2025-07-20,2026-06-17
5277,Female,Gen X,regular,2,15,2025-07-07,2026-05-10
5278,Male,Millennial,regular,3,22,2025-07-29,2026-07-03
5279,Male,Gen X,occasional,8,6,2025-08-30,2026-05-31
5280,Male,Millennial,one_and_done,4,1,2025-07-07,2025-07-07
5281,Male,Millennial,one_and_done,1,1,2026-05-10,2026-05-10
5282,Male,Millennial,one_and_done,1,1,2026-02-13,2026-02-13
5283,Male,Gen Z,regular,1,15,2025-08-22,2026-07-03
5284,Male,Gen X,one_and_done,4,1,2025-10-16,2025-10-16
5285,Male,Boomer,loyal,7,18,2025-07-15,2026-07-06
5286,Female,Millennial,occasional,1,6,2025-08-08,2026-06-13
5287,Male,Gen Z,occasional,3,5,2025-07-28,2026-07-05
5288,Male,Millennial,regular,1,22,2025-07-03,2026-06-19
5289,Male,Millennial,occasional,2,7,2025-10-17,2026-05-31
5290,Male,Millennial,one_and_done,2,1,2025-12-16,2025-12-16
5291,Male,Gen Z,one_and_done,1,1,2025-12-20,2025-12-20
5292,Male,Millennial,occasional,1,7,2025-09-19,2026-06-13
5293,Male,Millennial,one_and_done,2,1,2025-07-04,2025-07-04
5294,Male,Millennial,loyal,1,32,2025-07-01,2026-07-07
5295,Male,Millennial,loyal,9,32,2025-07-11,2026-06-16
5296,Male,Millennial,occasional,2,7,2025-09-19,2026-06-05
5297,Male,Millennial,one_and_done,1,1,2025-08-17,2025-08-17
5298,Female,Millennial,one_and_done,6,1,2025-11-18,2025-11-18
5299,Male,Millennial,one_and_done,1,1,2026-07-03,2026-07-03
5300,Male,Gen Z,one_and_done,2,1,2025-08-03,2025-08-03
5301,Female,Millennial,occasional,1,6,2025-07-08,2026-04-30
5302,Male,Gen Z,one_and_done,5,1,2025-07-09,2025-07-09
5303,Female,Millennial,one_and_done,1,1,2025-09-11,2025-09-11
5304,Female,Gen Z,occasional,1,5,2025-08-23,2026-07-07
5305,Male,Gen X,one_and_done,1,1,2026-02-26,2026-02-26
5306,Male,Gen X,one_and_done,6,1,2025-12-10,2025-12-10
5307,Male,Millennial,regular,8,22,2025-07-02,2026-06-28
5308,Female,Gen X,regular,1,15,2025-07-23,2026-07-09
5309,Male,Millennial,one_and_done,6,1,2025-09-17,2025-09-17
5310,Male,Gen Z,regular,1,15,2025-07-12,2026-06-13
5311,Male,Millennial,one_and_done,1,1,2026-06-25,2026-06-25
5312,Female,Millennial,one_and_done,1,1,2025-11-29,2025-11-29
5313,Male,Millennial,one_and_done,1,1,2026-07-01,2026-07-01
5314,Male,Gen X,occasional,2,6,2025-09-13,2026-02-07
5315,Male,Gen Z,occasional,2,5,2025-07-02,2026-05-12
5316,Male,Millennial,regular,1,22,2025-07-12,2026-07-08
5317,Male,Gen Z,loyal,6,23,2025-07-01,2026-06-21
5318,Male,Millennial,one_and_done,1,1,2026-05-18,2026-05-18
5319,Male,Gen X,regular,1,17,2025-07-10,2026-06-27
5320,Female,Gen Z,one_and_done,1,1,2026-04-30,2026-04-30
5321,Female,Gen X,one_and_done,1,1,2025-10-07,2025-10-07
5322,Female,Millennial,occasional,7,6,2025-07-02,2026-05-09
5323,Female,Gen X,one_and_done,3,1,2026-03-16,2026-03-16
5324,Female,Gen Z,one_and_done,2,1,2025-11-28,2025-11-28
5325,Male,Gen Z,occasional,2,5,2025-08-03,2026-06-05
5326,Male,Gen X,one_and_done,1,1,2025-10-24,2025-10-24
5327,Male,Millennial,one_and_done,1,1,2026-03-08,2026-03-08
5328,Female,Gen X,occasional,1,5,2025-07-24,2026-04-11
5329,Male,Gen Z,regular,1,15,2025-07-05,2026-03-19
5330,Female,Gen Z,occasional,3,5,2025-07-16,2026-06-04
5331,Female,Millennial,regular,4,18,2025-07-08,2026-07-09
5332,Male,Gen X,one_and_done,2,1,2025-12-11,2025-12-11
5333,Male,Gen Z,regular,2,15,2025-07-17,2026-06-14
5334,Male,Gen X,one_and_done,4,1,2025-09-09,2025-09-09
5335,Female,Boomer,one_and_done,1,1,2026-02-05,2026-02-05
5336,Male,Gen Z,regular,1,15,2025-07-09,2026-06-13
5337,Male,Millennial,regular,1,22,2025-07-07,2026-07-05
5338,Male,Boomer,occasional,2,4,2025-08-12,2026-07-03
5339,Male,Gen X,regular,5,17,2025-07-29,2026-06-10
5340,Male,Millennial,one_and_done,1,1,2025-09-07,2025-09-07
5341,Male,Gen X,occasional,4,6,2025-07-10,2026-02-14
5342,Male,Millennial,occasional,1,7,2025-10-04,2026-07-09
5343,Female,Millennial,regular,2,18,2025-07-15,2026-06-25
5344,Male,Boomer,regular,1,12,2025-07-06,2026-05-19
5345,Male,Millennial,occasional,4,7,2025-11-03,2026-07-09
5346,Male,Millennial,one_and_done,1,1,2025-08-03,2025-08-03
5347,Male,Millennial,occasional,1,7,2025-07-07,2026-06-23
5348,Male,Millennial,regular,1,22,2025-07-29,2026-07-04
5349,Male,Gen X,one_and_done,7,1,2026-05-02,2026-05-02
5350,Female,Millennial,occasional,7,6,2025-07-12,2026-06-29
5351,Female,Millennial,one_and_done,1,1,2026-06-09,2026-06-09
5352,Female,Millennial,occasional,1,6,2025-08-01,2026-06-13
5353,Male,Gen X,one_and_done,1,1,2025-09-04,2025-09-04
5354,Male,Gen Z,occasional,2,5,2025-10-18,2026-05-06
5355,Male,Millennial,regular,1,22,2025-07-17,2026-06-09
5356,Male,Millennial,occasional,6,7,2025-08-03,2026-06-10
5357,Female,Millennial,occasional,4,6,2025-12-05,2026-05-26
5358,Male,Gen X,one_and_done,4,1,2026-03-13,2026-03-13
5359,Male,Gen X,regular,1,17,2025-07-01,2026-05-21
5360,Male,Gen Z,one_and_done,1,1,2026-01-12,2026-01-12
5361,Male,Boomer,one_and_done,7,1,2025-08-25,2025-08-25
5362,Female,Gen Z,regular,1,14,2025-07-07,2026-06-27
5363,Male,Millennial,one_and_done,1,1,2026-03-05,2026-03-05
5364,Female,Millennial,one_and_done,1,1,2026-01-23,2026-01-23
5365,Male,Millennial,regular,1,22,2025-07-08,2026-07-04
5366,Female,Gen Z,regular,2,14,2025-08-12,2026-01-23
5367,Female,Millennial,occasional,1,6,2025-08-02,2026-06-19
5368,Male,Millennial,occasional,5,7,2025-07-04,2026-04-25
5369,Male,Millennial,loyal,1,32,2025-07-04,2026-07-04
5370,Male,Millennial,one_and_done,1,1,2025-11-11,2025-11-11
5371,Male,Millennial,one_and_done,3,1,2026-03-10,2026-03-10
5372,Male,Millennial,one_and_done,1,1,2026-04-16,2026-04-16
5373,Male,Millennial,loyal,1,32,2025-07-18,2026-06-28
5374,Male,Gen Z,one_and_done,1,1,2026-04-09,2026-04-09
5375,Female,Gen Z,one_and_done,2,1,2025-11-30,2025-11-30
5376,Male,Millennial,one_and_done,5,1,2026-01-13,2026-01-13
5377,Male,Millennial,occasional,1,7,2025-07-15,2026-06-12
5378,Female,Boomer,occasional,4,4,2026-01-27,2026-07-08
5379,Female,Millennial,loyal,6,27,2025-07-15,2026-07-07
5380,Male,Millennial,one_and_done,1,1,2026-02-14,2026-02-14
5381,Male,Gen X,regular,1,17,2025-08-01,2026-07-06
5382,Male,Millennial,occasional,5,7,2025-07-03,2026-06-22
5383,Female,Gen X,occasional,1,5,2025-10-14,2026-07-03
5384,Female,Gen Z,one_and_done,2,1,2025-09-15,2025-09-15
5385,Female,Gen Z,occasional,2,5,2025-09-04,2025-12-02
5386,Male,Millennial,regular,1,22,2025-07-03,2026-07-09
5387,Female,Millennial,occasional,1,6,2026-01-27,2026-05-26
5388,Female,Millennial,one_and_done,1,1,2026-05-17,2026-05-17
5389,Male,Gen X,one_and_done,3,1,2026-01-26,2026-01-26
5390,Female,Millennial,one_and_done,2,1,2026-04-08,2026-04-08
5391,Male,Millennial,one_and_done,4,1,2025-10-29,2025-10-29
5392,Male,Millennial,one_and_done,4,1,2026-02-20,2026-02-20
5393,Male,Gen X,one_and_done,10,1,2025-12-27,2025-12-27
5394,Male,Gen X,regular,1,17,2025-07-14,2026-07-03
5395,Female,Millennial,occasional,4,6,2025-12-02,2026-06-27
5396,Male,Gen Z,regular,1,15,2025-07-30,2026-05-17
5397,Male,Millennial,regular,3,22,2025-07-07,2026-06-26
5398,Male,Millennial,one_and_done,1,1,2026-01-07,2026-01-07
5399,Male,Gen X,regular,4,17,2025-07-16,2026-06-27
5400,Female,Gen Z,one_and_done,3,1,2025-07-25,2025-07-25
5401,Male,Gen X,occasional,1,6,2025-07-24,2026-07-09
5402,Female,Gen Z,one_and_done,1,1,2025-09-17,2025-09-17
5403,Male,Millennial,loyal,2,32,2025-07-06,2026-07-06
5404,Male,Gen Z,regular,1,15,2025-07-29,2026-07-05
5405,Male,Millennial,one_and_done,3,1,2025-07-29,2025-07-29
5406,Female,Millennial,regular,1,18,2025-07-18,2026-06-03
5407,Male,Millennial,loyal,2,32,2025-07-03,2026-06-15
5408,Male,Gen Z,occasional,4,5,2025-07-17,2026-07-09
5409,Female,Gen Z,loyal,2,20,2025-07-10,2026-06-04
5410,Male,Millennial,occasional,1,7,2025-08-23,2026-07-08
5411,Male,Millennial,loyal,8,32,2025-07-18,2026-07-03
5412,Female,Millennial,regular,1,18,2025-07-07,2026-06-28
5413,Male,Millennial,one_and_done,3,1,2026-04-25,2026-04-25
5414,Male,Millennial,occasional,3,7,2025-07-18,2026-05-30
5415,Female,Gen Z,one_and_done,1,1,2026-07-03,2026-07-03
5416,Female,Millennial,occasional,1,6,2025-07-03,2026-06-22
5417,Male,Gen Z,occasional,1,5,2025-07-02,2026-06-03
5418,Male,Millennial,one_and_done,2,1,2025-12-05,2025-12-05
5419,Male,Millennial,loyal,1,32,2025-07-10,2026-07-03
5420,Female,Gen Z,regular,1,14,2025-07-30,2026-06-04
5421,Male,Gen X,one_and_done,3,1,2026-01-01,2026-01-01
5422,Male,Millennial,one_and_done,3,1,2026-06-07,2026-06-07
5423,Male,Millennial,occasional,1,7,2025-09-27,2026-07-03
5424,Female,Millennial,occasional,1,6,2025-08-23,2026-02-20
5425,Male,Millennial,one_and_done,1,1,2025-11-10,2025-11-10
5426,Male,Gen Z,occasional,2,5,2025-07-22,2026-06-02
5427,Male,Millennial,regular,1,22,2025-07-03,2026-06-25
5428,Male,Millennial,one_and_done,1,1,2026-03-21,2026-03-21
5429,Female,Boomer,occasional,2,4,2025-07-18,2026-05-28
5430,Female,Gen Z,regular,1,14,2025-07-13,2026-07-08
5431,Male,Millennial,occasional,10,7,2025-07-04,2026-06-03
5432,Male,Millennial,occasional,4,7,2025-07-04,2026-01-22
5433,Female,Millennial,occasional,4,6,2025-10-04,2026-06-21
5434,Female,Gen X,one_and_done,2,1,2026-04-22,2026-04-22
5435,Female,Millennial,regular,3,18,2025-08-02,2026-07-09
5436,Male,Gen X,occasional,1,6,2025-07-07,2026-05-22
5437,Female,Millennial,one_and_done,5,1,2026-06-27,2026-06-27
5438,Male,Millennial,one_and_done,2,1,2025-07-07,2025-07-07
5439,Female,Millennial,occasional,1,6,2025-10-11,2026-05-21
5440,Female,Boomer,loyal,2,16,2025-07-30,2026-06-17
5441,Male,Millennial,occasional,3,7,2025-07-05,2026-06-17
5442,Male,Millennial,occasional,3,7,2025-09-17,2026-06-07
5443,Female,Millennial,occasional,1,6,2025-09-16,2026-06-14
5444,Male,Millennial,regular,1,22,2025-07-18,2026-06-30
5445,Male,Millennial,one_and_done,1,1,2025-09-04,2025-09-04
5446,Female,Gen Z,regular,2,14,2025-07-10,2026-05-09
5447,Female,Millennial,occasional,2,6,2025-07-02,2026-04-26
5448,Male,Millennial,one_and_done,1,1,2026-02-17,2026-02-17
5449,Male,Millennial,one_and_done,1,1,2026-03-16,2026-03-16
5450,Male,Millennial,occasional,1,7,2025-08-17,2026-07-08
5451,Female,Gen Z,loyal,1,20,2025-07-10,2026-06-14
5452,Female,Millennial,regular,1,18,2025-07-16,2026-06-26
5453,Male,Millennial,regular,2,22,2025-08-04,2026-06-25
5454,Female,Millennial,one_and_done,1,1,2026-04-19,2026-04-19
5455,Male,Millennial,one_and_done,1,1,2025-10-10,2025-10-10
5456,Male,Millennial,occasional,3,7,2025-08-09,2026-05-26
5457,Male,Gen Z,regular,1,15,2025-08-06,2026-07-09
5458,Male,Gen X,regular,7,17,2025-07-29,2026-06-25
5459,Male,Gen X,one_and_done,2,1,2025-11-15,2025-11-15
5460,Male,Gen Z,one_and_done,1,1,2026-04-20,2026-04-20
5461,Male,Millennial,one_and_done,3,1,2025-11-26,2025-11-26
5462,Male,Gen X,regular,3,17,2025-07-31,2026-06-11
5463,Male,Millennial,regular,5,22,2025-07-11,2026-07-09
5464,Female,Millennial,one_and_done,2,1,2025-07-18,2025-07-18
5465,Female,Gen X,regular,2,15,2025-08-03,2026-07-04
5466,Male,Millennial,occasional,1,7,2025-08-05,2026-05-24
5467,Female,Gen X,loyal,1,23,2025-08-02,2026-06-23
5468,Female,Millennial,occasional,2,6,2025-08-18,2026-06-24
5469,Female,Boomer,occasional,1,4,2025-07-24,2026-05-29
5470,Female,Gen Z,regular,1,14,2025-07-28,2026-07-04
5471,Male,Millennial,one_and_done,2,1,2025-09-19,2025-09-19
5472,Male,Millennial,regular,5,22,2025-08-17,2026-06-23
5473,Female,Gen X,occasional,7,5,2026-03-15,2026-06-06
5474,Male,Millennial,one_and_done,1,1,2025-08-05,2025-08-05
5475,Female,Millennial,one_and_done,2,1,2025-11-10,2025-11-10
5476,Male,Gen Z,one_and_done,1,1,2025-08-21,2025-08-21
5477,Male,Millennial,loyal,3,32,2025-07-01,2026-07-04
5478,Female,Millennial,loyal,4,27,2025-07-11,2026-06-30
5479,Female,Millennial,occasional,2,6,2025-10-10,2026-05-11
5480,Male,Millennial,one_and_done,1,1,2026-02-09,2026-02-09
5481,Male,Gen Z,regular,5,15,2025-07-28,2026-05-31
5482,Male,Millennial,loyal,1,32,2025-07-01,2026-06-12
5483,Male,Gen Z,one_and_done,1,1,2025-10-31,2025-10-31
5484,Female,Gen Z,regular,4,14,2025-08-12,2026-07-06
5485,Male,Gen Z,occasional,5,5,2025-07-24,2026-03-30
5486,Female,Millennial,one_and_done,1,1,2026-01-07,2026-01-07
5487,Female,Millennial,one_and_done,1,1,2025-09-30,2025-09-30
5488,Female,Millennial,occasional,1,6,2025-10-12,2026-05-30
5489,Female,Gen Z,occasional,3,5,2025-09-25,2026-04-02
5490,Male,Millennial,occasional,1,7,2025-08-29,2026-05-23
5491,Female,Millennial,regular,3,18,2025-07-13,2026-04-23
5492,Male,Boomer,one_and_done,3,1,2025-10-01,2025-10-01
5493,Female,Millennial,regular,6,18,2025-07-04,2026-06-19
5494,Male,Millennial,one_and_done,2,1,2025-11-17,2025-11-17
5495,Male,Millennial,one_and_done,1,1,2026-03-22,2026-03-22
5496,Male,Gen X,occasional,1,6,2025-08-07,2026-06-23
5497,Male,Gen X,occasional,5,6,2025-08-08,2026-06-05
5498,Female,Gen Z,regular,1,14,2025-07-06,2026-06-24
5499,Male,Gen Z,loyal,1,23,2025-07-13,2026-07-09
5500,Male,Gen Z,one_and_done,4,1,2026-01-26,2026-01-26
5501,Female,Millennial,one_and_done,1,1,2025-11-05,2025-11-05
5502,Female,Gen X,loyal,1,23,2025-07-31,2026-07-08
5503,Male,Gen X,one_and_done,2,1,2025-11-07,2025-11-07
5504,Male,Millennial,one_and_done,1,1,2026-03-10,2026-03-10
5505,Male,Gen Z,one_and_done,1,1,2026-01-14,2026-01-14
5506,Female,Millennial,loyal,1,27,2025-07-02,2026-06-30
5507,Male,Millennial,occasional,1,7,2025-09-23,2026-04-30
5508,Male,Millennial,loyal,6,32,2025-07-01,2026-07-07
5509,Male,Gen X,occasional,1,6,2025-07-04,2026-06-03
5510,Male,Millennial,one_and_done,2,1,2026-03-20,2026-03-20
5511,Female,Millennial,regular,6,18,2025-07-13,2026-07-03
5512,Male,Millennial,one_and_done,2,1,2025-12-10,2025-12-10
5513,Female,Gen Z,occasional,1,5,2025-07-02,2026-06-29
5514,Female,Gen Z,regular,1,14,2025-09-26,2026-06-19
5515,Female,Millennial,one_and_done,1,1,2026-04-10,2026-04-10
5516,Male,Millennial,one_and_done,1,1,2026-04-19,2026-04-19
5517,Male,Gen X,one_and_done,1,1,2026-02-23,2026-02-23
5518,Male,Millennial,one_and_done,6,1,2026-01-19,2026-01-19
5519,Male,Gen Z,regular,3,15,2025-07-06,2026-07-06
5520,Male,Millennial,regular,1,22,2025-07-01,2026-06-13
5521,Male,Gen X,occasional,1,6,2025-08-04,2026-07-08
5522,Male,Gen Z,one_and_done,9,1,2026-01-16,2026-01-16
5523,Female,Gen X,one_and_done,1,1,2025-07-18,2025-07-18
5524,Male,Gen Z,one_and_done,2,1,2026-03-04,2026-03-04
5525,Male,Gen Z,one_and_done,2,1,2026-03-14,2026-03-14
5526,Male,Gen Z,one_and_done,4,1,2026-04-09,2026-04-09
5527,Male,Millennial,one_and_done,2,1,2026-05-07,2026-05-07
5528,Male,Gen Z,occasional,2,5,2025-07-01,2026-05-14
5529,Female,Gen Z,regular,1,14,2025-09-12,2026-06-15
5530,Female,Millennial,one_and_done,5,1,2026-02-01,2026-02-01
5531,Male,Millennial,loyal,3,32,2025-07-05,2026-07-05
5532,Male,Gen Z,occasional,2,5,2025-07-21,2026-06-13
5533,Male,Gen Z,regular,3,15,2025-07-27,2026-06-26
5534,Female,Gen X,one_and_done,1,1,2026-03-16,2026-03-16
5535,Male,Millennial,one_and_done,4,1,2026-06-20,2026-06-20
5536,Female,Millennial,one_and_done,3,1,2026-05-08,2026-05-08
5537,Male,Boomer,one_and_done,2,1,2025-12-04,2025-12-04
5538,Female,Millennial,one_and_done,1,1,2025-08-02,2025-08-02
5539,Female,Gen Z,one_and_done,7,1,2025-07-19,2025-07-19
5540,Male,Millennial,regular,5,22,2025-07-24,2026-06-10
5541,Male,Boomer,one_and_done,1,1,2026-04-12,2026-04-12
5542,Female,Millennial,occasional,1,6,2025-11-15,2026-07-03
5543,Male,Millennial,one_and_done,7,1,2026-06-03,2026-06-03
5544,Female,Millennial,one_and_done,2,1,2025-12-13,2025-12-13
5545,Male,Millennial,one_and_done,4,1,2026-05-08,2026-05-08
5546,Female,Millennial,regular,5,18,2025-07-14,2026-06-30
5547,Male,Millennial,one_and_done,3,1,2026-06-15,2026-06-15
5548,Male,Gen X,occasional,2,6,2025-09-22,2026-03-10
5549,Male,Millennial,occasional,1,7,2025-07-12,2026-04-22
5550,Female,Millennial,one_and_done,1,1,2026-05-31,2026-05-31
5551,Female,Millennial,regular,1,18,2025-07-31,2026-06-19
5552,Male,Gen X,regular,1,17,2025-07-02,2026-07-06
5553,Male,Millennial,loyal,1,32,2025-07-11,2026-07-06
5554,Male,Gen Z,occasional,4,5,2025-09-30,2026-04-13
5555,Male,Gen X,one_and_done,4,1,2025-11-19,2025-11-19
5556,Female,Gen X,regular,1,15,2025-10-10,2026-06-26
5557,Male,Millennial,one_and_done,9,1,2025-11-15,2025-11-15
5558,Female,Millennial,loyal,2,27,2025-07-04,2026-07-03
5559,Female,Millennial,occasional,1,6,2025-09-19,2026-04-14
5560,Female,Gen Z,one_and_done,6,1,2026-01-03,2026-01-03
5561,Male,Millennial,regular,1,22,2025-07-15,2026-06-26
5562,Male,Gen Z,one_and_done,1,1,2025-11-08,2025-11-08
5563,Male,Millennial,occasional,1,7,2025-07-07,2026-05-20
5564,Male,Gen Z,one_and_done,2,1,2026-02-13,2026-02-13
5565,Female,Millennial,regular,2,18,2025-08-01,2026-06-20
5566,Male,Millennial,one_and_done,5,1,2025-10-06,2025-10-06
5567,Female,Gen X,one_and_done,2,1,2026-02-01,2026-02-01
5568,Female,Millennial,occasional,1,6,2025-08-15,2026-06-28
5569,Male,Millennial,one_and_done,9,1,2025-10-02,2025-10-02
5570,Female,Millennial,regular,1,18,2025-07-02,2026-06-12
5571,Male,Millennial,occasional,2,7,2025-10-14,2026-04-23
5572,Male,Gen Z,occasional,1,5,2025-07-30,2026-05-08
5573,Male,Millennial,occasional,3,7,2025-07-01,2026-05-07
5574,Female,Gen X,regular,6,15,2025-08-16,2026-05-23
5575,Female,Gen X,occasional,1,5,2025-07-23,2026-06-06
5576,Male,Millennial,regular,1,22,2025-08-09,2026-07-08
5577,Male,Millennial,occasional,1,7,2025-08-24,2026-04-17
5578,Female,Gen Z,occasional,1,5,2025-08-19,2026-02-13
5579,Male,Gen Z,regular,6,15,2025-07-03,2026-06-09
5580,Female,Gen X,regular,1,15,2025-07-10,2026-05-15
5581,Female,Millennial,occasional,5,6,2025-07-02,2026-07-04
5582,Female,Millennial,loyal,2,27,2025-07-21,2026-07-03
5583,Female,Gen X,occasional,2,5,2025-09-26,2026-06-22
5584,Female,Gen X,one_and_done,4,1,2025-12-26,2025-12-26
5585,Male,Gen X,one_and_done,5,1,2025-08-16,2025-08-16
5586,Male,Millennial,regular,5,22,2025-07-12,2026-06-20
5587,Male,Gen Z,one_and_done,1,1,2025-08-11,2025-08-11
5588,Male,Gen X,one_and_done,1,1,2026-04-01,2026-04-01
5589,Male,Gen Z,occasional,1,5,2026-02-07,2026-07-06
5590,Male,Millennial,one_and_done,2,1,2026-01-15,2026-01-15
5591,Male,Gen X,loyal,1,25,2025-07-14,2026-05-22
5592,Male,Gen Z,one_and_done,7,1,2026-01-20,2026-01-20
5593,Male,Boomer,regular,1,12,2025-07-04,2026-05-01
5594,Male,Millennial,loyal,3,32,2025-07-07,2026-06-26
5595,Male,Gen Z,one_and_done,3,1,2026-06-18,2026-06-18
5596,Male,Boomer,one_and_done,1,1,2026-03-28,2026-03-28
5597,Female,Millennial,one_and_done,4,1,2025-10-09,2025-10-09
5598,Female,Millennial,one_and_done,1,1,2026-07-03,2026-07-03
5599,Male,Gen Z,loyal,2,23,2025-07-16,2026-06-24
5600,Female,Millennial,one_and_done,1,1,2026-03-24,2026-03-24
5601,Male,Gen Z,one_and_done,1,1,2026-06-11,2026-06-11
5602,Female,Millennial,one_and_done,1,1,2026-06-11,2026-06-11
5603,Female,Millennial,regular,1,18,2025-08-01,2026-06-16
5604,Male,Gen X,regular,1,17,2025-08-29,2026-06-23
5605,Female,Millennial,one_and_done,3,1,2025-10-02,2025-10-02
5606,Female,Gen X,regular,1,15,2025-07-10,2026-06-05
5607,Male,Millennial,occasional,6,7,2025-07-30,2026-04-19
5608,Male,Millennial,one_and_done,1,1,2025-08-11,2025-08-11
5609,Male,Millennial,occasional,3,7,2025-09-19,2026-06-10
5610,Female,Gen X,loyal,1,23,2025-07-17,2026-06-17
5611,Male,Millennial,one_and_done,4,1,2026-05-31,2026-05-31
5612,Female,Millennial,one_and_done,5,1,2025-09-26,2025-09-26
5613,Male,Gen X,regular,5,17,2025-08-01,2026-07-03
5614,Female,Gen X,one_and_done,6,1,2026-05-08,2026-05-08
5615,Female,Millennial,regular,4,18,2025-07-01,2026-06-08
5616,Male,Gen X,one_and_done,1,1,2026-06-07,2026-06-07
5617,Male,Gen Z,one_and_done,1,1,2026-02-01,2026-02-01
5618,Male,Gen X,one_and_done,3,1,2025-10-11,2025-10-11
5619,Male,Boomer,one_and_done,1,1,2025-09-25,2025-09-25
5620,Female,Gen Z,one_and_done,2,1,2025-11-05,2025-11-05
5621,Male,Millennial,regular,2,22,2025-07-13,2026-06-24
5622,Male,Millennial,loyal,3,32,2025-07-02,2026-06-20
5623,Male,Millennial,occasional,1,7,2025-07-01,2026-06-18
5624,Female,Millennial,one_and_done,4,1,2026-02-15,2026-02-15
5625,Male,Gen Z,regular,1,15,2025-09-13,2026-06-13
5626,Male,Gen X,one_and_done,1,1,2026-05-18,2026-05-18
5627,Female,Boomer,one_and_done,1,1,2025-11-25,2025-11-25
5628,Male,Millennial,regular,2,22,2025-08-03,2026-07-07
5629,Male,Gen Z,one_and_done,1,1,2025-08-19,2025-08-19
5630,Female,Boomer,occasional,7,4,2025-12-05,2026-01-24
5631,Male,Gen Z,one_and_done,6,1,2025-09-21,2025-09-21
5632,Male,Gen Z,loyal,6,23,2025-07-07,2026-06-30
5633,Male,Millennial,regular,1,22,2025-07-02,2026-06-20
5634,Male,Millennial,loyal,1,32,2025-07-11,2026-07-09
5635,Female,Gen X,loyal,1,23,2025-07-04,2026-07-07
5636,Male,Millennial,regular,1,22,2025-07-08,2026-07-04
5637,Male,Millennial,one_and_done,4,1,2026-04-23,2026-04-23
5638,Male,Gen X,one_and_done,2,1,2026-02-18,2026-02-18
5639,Male,Millennial,loyal,1,32,2025-07-04,2026-07-07
5640,Male,Millennial,occasional,1,7,2025-12-15,2026-06-10
5641,Male,Gen X,regular,7,17,2025-08-09,2026-04-30
5642,Male,Gen X,occasional,3,6,2025-08-18,2026-05-07
5643,Male,Gen X,regular,7,17,2025-07-04,2026-07-09
5644,Male,Millennial,regular,9,22,2025-07-22,2026-07-04
5645,Male,Millennial,regular,1,22,2025-07-15,2026-06-21
5646,Male,Millennial,loyal,2,32,2025-07-15,2026-06-30
5647,Male,Gen Z,regular,1,15,2025-07-27,2026-06-15
5648,Female,Gen X,occasional,2,5,2025-07-29,2026-07-01
5649,Female,Gen X,one_and_done,1,1,2026-01-30,2026-01-30
5650,Female,Millennial,one_and_done,3,1,2026-06-05,2026-06-05
5651,Female,Millennial,one_and_done,5,1,2026-06-27,2026-06-27
5652,Male,Millennial,regular,1,22,2025-07-01,2026-06-15
5653,Male,Millennial,one_and_done,3,1,2025-07-11,2025-07-11
5654,Male,Gen X,regular,1,17,2025-08-16,2026-05-19
5655,Male,Gen X,loyal,1,25,2025-07-10,2026-07-07
5656,Female,Gen Z,regular,1,14,2025-07-03,2026-05-26
5657,Male,Gen X,occasional,1,6,2025-08-02,2026-07-07
5658,Female,Gen X,regular,1,15,2025-07-11,2026-04-15
5659,Male,Gen Z,occasional,3,5,2025-11-06,2026-06-21
5660,Male,Millennial,occasional,1,7,2025-10-07,2026-07-08
5661,Male,Gen X,one_and_done,1,1,2026-03-08,2026-03-08
5662,Female,Gen Z,one_and_done,1,1,2026-04-22,2026-04-22
5663,Male,Gen Z,loyal,1,23,2025-07-11,2026-06-24
5664,Female,Gen Z,one_and_done,2,1,2025-10-31,2025-10-31
5665,Male,Boomer,one_and_done,5,1,2025-12-06,2025-12-06
5666,Male,Gen Z,occasional,1,5,2025-12-22,2026-06-29
5667,Male,Boomer,one_and_done,1,1,2026-01-05,2026-01-05
5668,Male,Millennial,occasional,9,7,2025-07-18,2026-06-07
5669,Male,Gen X,loyal,6,25,2025-07-10,2026-07-04
5670,Female,Gen Z,regular,1,14,2025-07-02,2026-05-21
5671,Female,Millennial,loyal,3,27,2025-07-21,2026-06-25
5672,Male,Gen X,one_and_done,6,1,2026-02-23,2026-02-23
5673,Male,Millennial,loyal,5,32,2025-07-01,2026-07-03
5674,Male,Gen X,loyal,1,25,2025-07-11,2026-06-27
5675,Female,Millennial,one_and_done,6,1,2025-08-01,2025-08-01
5676,Female,Gen Z,occasional,2,5,2025-10-06,2026-05-29
5677,Male,Gen X,regular,6,17,2025-07-10,2026-06-19
5678,Female,Gen X,regular,1,15,2025-07-07,2026-05-14
5679,Female,Gen X,one_and_done,5,1,2026-07-03,2026-07-03
5680,Male,Millennial,occasional,1,7,2025-07-05,2026-06-17
5681,Female,Millennial,occasional,1,6,2025-08-04,2026-05-17
5682,Female,Gen X,occasional,3,5,2025-09-05,2026-03-28
5683,Female,Millennial,regular,1,18,2025-07-11,2026-06-16
5684,Female,Gen X,one_and_done,3,1,2025-08-25,2025-08-25
5685,Female,Millennial,one_and_done,6,1,2026-03-23,2026-03-23
5686,Male,Millennial,loyal,1,32,2025-07-09,2026-07-09
5687,Male,Gen X,occasional,1,6,2025-08-05,2026-06-05
5688,Male,Millennial,regular,1,22,2025-07-17,2026-05-01
5689,Female,Millennial,one_and_done,1,1,2025-11-25,2025-11-25
5690,Male,Gen X,one_and_done,1,1,2026-02-07,2026-02-07
5691,Male,Gen Z,occasional,3,5,2025-08-13,2026-05-31
5692,Male,Boomer,occasional,2,4,2025-09-02,2026-06-18
5693,Male,Gen X,regular,1,17,2025-07-25,2026-07-02
5694,Male,Gen Z,regular,3,15,2025-07-06,2026-07-01
5695,Male,Millennial,occasional,4,7,2025-07-22,2026-06-25
5696,Male,Millennial,regular,1,22,2025-07-02,2026-07-02
5697,Female,Millennial,one_and_done,1,1,2026-04-09,2026-04-09
5698,Male,Millennial,regular,4,22,2025-07-13,2026-06-04
5699,Male,Gen X,occasional,3,6,2025-09-04,2026-05-26
5700,Male,Millennial,loyal,1,32,2025-07-03,2026-07-03
5701,Male,Gen X,occasional,1,6,2025-10-01,2026-05-08
5702,Female,Millennial,one_and_done,4,1,2026-05-12,2026-05-12
5703,Male,Boomer,one_and_done,2,1,2025-09-25,2025-09-25
5704,Male,Gen X,occasional,1,6,2025-11-14,2026-04-01
5705,Male,Gen Z,one_and_done,7,1,2026-01-13,2026-01-13
5706,Female,Millennial,regular,1,18,2025-08-07,2026-07-02
5707,Male,Millennial,one_and_done,1,1,2025-07-14,2025-07-14
5708,Female,Millennial,one_and_done,1,1,2026-03-08,2026-03-08
5709,Female,Boomer,regular,7,11,2025-07-06,2026-06-27
5710,Male,Boomer,one_and_done,1,1,2026-02-06,2026-02-06
5711,Female,Millennial,one_and_done,4,1,2025-07-13,2025-07-13
5712,Female,Boomer,regular,1,11,2025-07-04,2026-06-14
5713,Male,Millennial,one_and_done,5,1,2025-12-13,2025-12-13
5714,Female,Gen Z,one_and_done,1,1,2025-09-02,2025-09-02
5715,Female,Gen Z,one_and_done,7,1,2026-02-14,2026-02-14
5716,Female,Millennial,one_and_done,4,1,2026-04-24,2026-04-24
5717,Female,Millennial,one_and_done,3,1,2026-06-07,2026-06-07
5718,Male,Gen Z,one_and_done,3,1,2026-05-01,2026-05-01
5719,Male,Gen X,loyal,1,25,2025-07-04,2026-06-22
5720,Male,Millennial,one_and_done,3,1,2025-07-07,2025-07-07
5721,Male,Gen Z,one_and_done,1,1,2026-03-02,2026-03-02
5722,Female,Gen Z,regular,4,14,2025-07-26,2026-05-30
5723,Male,Gen Z,regular,5,15,2025-08-01,2026-04-18
5724,Male,Millennial,one_and_done,3,1,2026-03-26,2026-03-26
5725,Male,Millennial,one_and_done,1,1,2026-04-02,2026-04-02
5726,Female,Gen Z,regular,2,14,2025-07-26,2026-07-01
5727,Male,Millennial,one_and_done,1,1,2026-04-24,2026-04-24
5728,Female,Millennial,loyal,2,27,2025-07-22,2026-06-28
5729,Male,Gen X,occasional,1,6,2025-07-01,2026-05-13
5730,Female,Millennial,regular,1,18,2025-07-29,2026-06-28
5731,Female,Millennial,one_and_done,2,1,2025-10-31,2025-10-31
5732,Male,Millennial,one_and_done,1,1,2026-01-30,2026-01-30
5733,Male,Gen Z,one_and_done,4,1,2025-09-22,2025-09-22
5734,Male,Gen X,one_and_done,1,1,2025-09-24,2025-09-24
5735,Female,Gen X,regular,1,15,2025-08-30,2026-06-29
5736,Male,Millennial,occasional,4,7,2025-07-16,2026-05-29
5737,Male,Millennial,loyal,1,32,2025-07-15,2026-05-14
5738,Male,Gen X,occasional,1,6,2025-08-15,2026-06-17
5739,Male,Millennial,one_and_done,1,1,2026-05-12,2026-05-12
5740,Male,Millennial,loyal,3,32,2025-07-09,2026-07-09
5741,Female,Millennial,occasional,6,6,2025-07-24,2026-05-09
5742,Female,Gen X,one_and_done,1,1,2026-05-25,2026-05-25
5743,Female,Gen Z,regular,6,14,2025-07-29,2026-06-20
5744,Male,Gen Z,loyal,7,23,2025-07-01,2026-06-29
5745,Female,Boomer,one_and_done,1,1,2025-10-29,2025-10-29
5746,Female,Millennial,one_and_done,2,1,2025-11-16,2025-11-16
5747,Male,Millennial,loyal,2,32,2025-07-24,2026-06-24
5748,Male,Millennial,one_and_done,3,1,2026-04-04,2026-04-04
5749,Male,Millennial,one_and_done,1,1,2026-03-28,2026-03-28
5750,Male,Gen Z,occasional,2,5,2025-11-17,2026-06-19
5751,Male,Gen X,one_and_done,1,1,2026-03-14,2026-03-14
5752,Male,Gen X,occasional,2,6,2025-07-29,2026-04-19
5753,Male,Gen Z,loyal,2,23,2025-07-24,2026-06-08
5754,Female,Gen X,occasional,1,5,2025-07-16,2026-06-04
5755,Male,Gen X,occasional,1,6,2025-10-09,2026-03-09
5756,Male,Millennial,occasional,8,7,2025-09-24,2026-05-24
5757,Female,Gen Z,occasional,1,5,2025-08-10,2026-05-02
5758,Female,Millennial,occasional,2,6,2025-10-03,2026-07-02
5759,Male,Gen Z,one_and_done,1,1,2026-06-29,2026-06-29
5760,Male,Millennial,occasional,4,7,2025-07-01,2026-06-29
5761,Female,Millennial,occasional,7,6,2025-07-15,2026-05-15
5762,Male,Millennial,one_and_done,1,1,2025-09-08,2025-09-08
5763,Male,Millennial,one_and_done,1,1,2025-10-01,2025-10-01
5764,Female,Gen X,regular,1,15,2025-09-08,2026-06-26
5765,Male,Boomer,one_and_done,1,1,2026-06-05,2026-06-05
5766,Male,Gen X,one_and_done,1,1,2026-05-10,2026-05-10
5767,Male,Millennial,occasional,1,7,2025-10-25,2026-06-25
5768,Male,Gen Z,occasional,5,5,2025-07-19,2026-01-30
5769,Male,Millennial,occasional,3,7,2025-11-08,2026-06-09
5770,Female,Gen X,one_and_done,3,1,2025-07-08,2025-07-08
5771,Male,Millennial,occasional,2,7,2025-10-15,2026-05-28
5772,Female,Millennial,one_and_done,1,1,2026-05-13,2026-05-13
5773,Male,Millennial,one_and_done,1,1,2025-08-26,2025-08-26
5774,Male,Gen Z,loyal,1,23,2025-08-11,2026-06-13
5775,Male,Gen Z,one_and_done,3,1,2025-11-22,2025-11-22
5776,Female,Gen X,occasional,1,5,2025-07-05,2026-04-17
5777,Female,Gen X,one_and_done,1,1,2025-09-20,2025-09-20
5778,Male,Millennial,occasional,2,7,2025-09-05,2026-07-04
5779,Male,Boomer,one_and_done,5,1,2025-10-07,2025-10-07
5780,Male,Millennial,one_and_done,1,1,2025-09-06,2025-09-06
5781,Female,Millennial,one_and_done,1,1,2025-10-28,2025-10-28
5782,Female,Millennial,regular,2,18,2025-07-06,2026-05-22
5783,Male,Millennial,occasional,2,7,2025-07-02,2026-04-30
5784,Female,Millennial,occasional,2,6,2025-07-30,2026-05-25
5785,Female,Gen X,regular,5,15,2025-07-04,2026-05-15
5786,Female,Millennial,occasional,1,6,2025-08-07,2026-06-27
5787,Female,Millennial,regular,1,18,2025-08-01,2026-06-25
5788,Female,Millennial,occasional,1,6,2025-08-18,2026-06-14
5789,Male,Gen Z,one_and_done,1,1,2026-07-03,2026-07-03
5790,Male,Gen X,one_and_done,1,1,2026-02-12,2026-02-12
5791,Male,Boomer,loyal,8,18,2025-07-04,2026-06-28
5792,Female,Millennial,one_and_done,4,1,2025-08-01,2025-08-01
5793,Female,Millennial,regular,5,18,2025-07-04,2026-07-04
5794,Male,Gen X,occasional,1,6,2025-07-27,2026-06-26
5795,Female,Millennial,regular,1,18,2025-07-06,2026-07-03
5796,Male,Gen Z,regular,2,15,2025-07-23,2026-06-27
5797,Female,Boomer,occasional,2,4,2025-08-14,2026-05-22
5798,Male,Millennial,loyal,6,32,2025-07-18,2026-06-03
5799,Female,Millennial,one_and_done,4,1,2025-08-26,2025-08-26
5800,Male,Gen Z,occasional,7,5,2025-11-25,2026-04-24
5801,Male,Millennial,regular,2,22,2025-07-04,2026-06-23
5802,Male,Millennial,one_and_done,1,1,2025-09-27,2025-09-27
5803,Male,Millennial,occasional,1,7,2025-08-23,2026-05-25
5804,Male,Gen Z,one_and_done,5,1,2025-07-02,2025-07-02
5805,Female,Millennial,regular,8,18,2025-07-25,2026-07-02
5806,Male,Millennial,one_and_done,3,1,2026-03-14,2026-03-14
5807,Male,Millennial,regular,4,22,2025-08-07,2026-07-07
5808,Male,Millennial,one_and_done,1,1,2026-06-29,2026-06-29
5809,Male,Gen Z,one_and_done,1,1,2025-07-19,2025-07-19
5810,Male,Millennial,one_and_done,7,1,2026-04-21,2026-04-21
5811,Female,Millennial,regular,1,18,2025-08-01,2026-06-20
5812,Female,Gen Z,occasional,10,5,2025-08-14,2026-02-04
5813,Male,Millennial,loyal,2,32,2025-07-01,2026-05-26
5814,Female,Millennial,one_and_done,1,1,2025-10-13,2025-10-13
5815,Female,Millennial,regular,1,18,2025-07-06,2026-07-03
5816,Female,Boomer,one_and_done,1,1,2026-02-15,2026-02-15
5817,Male,Gen Z,occasional,7,5,2025-07-03,2026-05-17
5818,Male,Millennial,loyal,4,32,2025-07-19,2026-07-02
5819,Male,Millennial,regular,1,22,2025-07-07,2026-07-09
5820,Male,Millennial,one_and_done,2,1,2026-05-01,2026-05-01
5821,Male,Millennial,occasional,4,7,2025-10-02,2026-03-07
5822,Male,Millennial,one_and_done,7,1,2025-07-16,2025-07-16
5823,Female,Gen X,loyal,1,23,2025-07-01,2026-07-01
5824,Male,Millennial,occasional,1,7,2025-07-25,2026-07-03
5825,Male,Gen Z,regular,1,15,2025-08-07,2026-07-09
5826,Male,Millennial,occasional,2,7,2025-07-11,2026-06-14
5827,Male,Millennial,occasional,1,7,2025-07-26,2026-06-06
5828,Male,Millennial,regular,1,22,2025-07-21,2026-06-20
5829,Female,Millennial,occasional,6,6,2025-07-09,2026-05-16
5830,Female,Gen Z,one_and_done,1,1,2026-03-20,2026-03-20
5831,Female,Boomer,one_and_done,1,1,2025-08-19,2025-08-19
5832,Female,Gen Z,one_and_done,1,1,2026-01-25,2026-01-25
5833,Female,Boomer,one_and_done,1,1,2025-10-28,2025-10-28
5834,Male,Gen Z,regular,2,15,2025-07-04,2026-06-29
5835,Male,Millennial,occasional,3,7,2025-11-21,2026-06-13
5836,Male,Boomer,regular,8,12,2025-09-29,2026-06-28
5837,Female,Gen Z,loyal,1,20,2025-07-21,2026-06-13
5838,Female,Millennial,one_and_done,1,1,2026-03-28,2026-03-28
5839,Male,Millennial,one_and_done,1,1,2026-05-13,2026-05-13
5840,Female,Gen X,loyal,3,23,2025-07-07,2026-06-26
5841,Female,Gen Z,occasional,5,5,2025-08-28,2026-07-09
5842,Male,Gen X,occasional,1,6,2025-07-11,2026-03-14
5843,Male,Millennial,one_and_done,2,1,2026-03-22,2026-03-22
5844,Male,Gen Z,regular,7,15,2025-07-08,2026-06-26
5845,Male,Gen X,regular,4,17,2025-07-11,2026-07-05
5846,Male,Millennial,one_and_done,1,1,2026-04-10,2026-04-10
5847,Female,Millennial,regular,1,18,2025-07-02,2026-04-27
5848,Male,Gen Z,one_and_done,1,1,2025-07-23,2025-07-23
5849,Male,Gen X,occasional,1,6,2025-07-19,2026-07-05
5850,Female,Millennial,one_and_done,1,1,2026-06-11,2026-06-11
5851,Male,Gen X,regular,2,17,2025-08-01,2026-06-03
5852,Male,Millennial,one_and_done,1,1,2026-04-01,2026-04-01
5853,Male,Millennial,occasional,1,7,2025-08-20,2026-06-18
5854,Female,Gen X,occasional,1,5,2025-09-05,2026-04-04
5855,Male,Boomer,regular,1,12,2025-07-01,2026-05-25
5856,Male,Millennial,occasional,1,7,2025-11-22,2026-06-04
5857,Male,Millennial,occasional,1,7,2025-07-03,2026-05-23
5858,Male,Gen X,occasional,1,6,2025-07-12,2026-07-09
5859,Male,Gen Z,regular,2,15,2025-07-26,2026-06-21
5860,Female,Gen X,one_and_done,1,1,2025-10-27,2025-10-27
5861,Male,Gen X,regular,4,17,2025-07-06,2026-06-21
5862,Male,Millennial,loyal,6,32,2025-07-09,2026-07-07
5863,Male,Millennial,occasional,1,7,2025-08-10,2026-05-29
5864,Male,Boomer,regular,1,12,2025-07-01,2026-07-06
5865,Female,Millennial,one_and_done,1,1,2025-11-21,2025-11-21
5866,Female,Boomer,regular,1,11,2025-09-30,2026-05-20
5867,Male,Gen Z,loyal,1,23,2025-07-04,2026-07-09
5868,Female,Gen Z,occasional,1,5,2025-10-29,2026-07-08
5869,Male,Gen Z,one_and_done,1,1,2026-01-24,2026-01-24
5870,Male,Boomer,occasional,5,4,2025-08-16,2026-05-04
5871,Male,Gen Z,regular,1,15,2025-07-25,2026-07-09
5872,Male,Millennial,loyal,2,32,2025-07-01,2026-07-06
5873,Male,Gen X,one_and_done,1,1,2025-12-19,2025-12-19
5874,Female,Millennial,occasional,1,6,2025-08-30,2026-06-26
5875,Male,Gen Z,one_and_done,4,1,2025-08-30,2025-08-30
5876,Male,Gen Z,regular,3,15,2025-07-18,2026-06-03
5877,Female,Millennial,regular,2,18,2025-07-07,2026-07-05
5878,Male,Gen Z,regular,1,15,2025-08-09,2026-06-12
5879,Male,Millennial,one_and_done,1,1,2026-01-08,2026-01-08
5880,Male,Gen Z,one_and_done,5,1,2025-09-22,2025-09-22
5881,Female,Gen X,one_and_done,1,1,2026-04-01,2026-04-01
5882,Female,Boomer,occasional,1,4,2025-08-29,2026-05-15
5883,Female,Gen X,one_and_done,1,1,2025-08-14,2025-08-14
5884,Male,Millennial,occasional,6,7,2025-07-19,2026-07-03
5885,Male,Millennial,occasional,2,7,2025-08-15,2026-06-20
5886,Male,Boomer,occasional,6,4,2025-11-29,2026-06-05
5887,Male,Gen Z,one_and_done,1,1,2025-08-26,2025-08-26
5888,Female,Gen Z,one_and_done,1,1,2025-07-31,2025-07-31
5889,Male,Millennial,occasional,3,7,2025-08-11,2026-03-14
5890,Female,Gen X,loyal,7,23,2025-07-25,2026-06-26
5891,Male,Gen Z,one_and_done,1,1,2025-12-29,2025-12-29
5892,Female,Millennial,regular,3,18,2025-08-24,2026-07-09
5893,Male,Millennial,occasional,1,7,2025-08-12,2026-07-07
5894,Male,Millennial,regular,1,22,2025-07-20,2026-06-29
5895,Female,Millennial,one_and_done,1,1,2025-07-22,2025-07-22
5896,Female,Gen X,regular,1,15,2025-07-03,2026-04-23
5897,Male,Millennial,occasional,2,7,2025-07-22,2026-03-23
5898,Female,Gen Z,regular,3,14,2025-07-03,2026-06-22
5899,Female,Boomer,occasional,1,4,2025-11-26,2026-05-09
5900,Male,Millennial,one_and_done,1,1,2026-07-02,2026-07-02
5901,Female,Millennial,occasional,1,6,2025-09-10,2026-05-08
5902,Male,Gen X,occasional,10,6,2025-07-04,2026-03-11
5903,Male,Gen X,loyal,2,25,2025-07-04,2026-06-30
5904,Female,Millennial,one_and_done,5,1,2026-02-17,2026-02-17
5905,Male,Millennial,one_and_done,5,1,2025-08-15,2025-08-15
5906,Female,Millennial,one_and_done,4,1,2025-10-03,2025-10-03
5907,Female,Millennial,one_and_done,1,1,2025-10-12,2025-10-12
5908,Female,Millennial,one_and_done,1,1,2026-05-11,2026-05-11
5909,Male,Gen Z,one_and_done,3,1,2026-05-03,2026-05-03
5910,Male,Gen Z,one_and_done,1,1,2026-01-17,2026-01-17
5911,Male,Gen Z,regular,6,15,2025-07-08,2026-06-26
5912,Female,Gen Z,regular,1,14,2025-08-12,2026-06-23
5913,Female,Gen X,one_and_done,1,1,2025-09-20,2025-09-20
5914,Male,Millennial,one_and_done,3,1,2026-03-22,2026-03-22
5915,Female,Millennial,occasional,1,6,2025-07-25,2026-03-25
5916,Male,Millennial,one_and_done,3,1,2025-07-02,2025-07-02
5917,Female,Gen X,one_and_done,2,1,2025-10-24,2025-10-24
5918,Male,Gen X,occasional,5,6,2025-11-20,2026-07-04
5919,Male,Gen X,occasional,8,6,2025-07-06,2026-07-02
5920,Male,Gen X,loyal,2,25,2025-07-12,2026-06-28
5921,Female,Millennial,one_and_done,2,1,2026-05-07,2026-05-07
5922,Male,Millennial,occasional,1,7,2025-08-11,2026-06-13
5923,Male,Millennial,one_and_done,9,1,2026-06-08,2026-06-08
5924,Male,Millennial,one_and_done,1,1,2025-11-02,2025-11-02
5925,Male,Millennial,one_and_done,4,1,2025-09-20,2025-09-20
5926,Male,Gen X,regular,1,17,2025-07-09,2026-06-05
5927,Male,Millennial,regular,3,22,2025-07-04,2026-06-29
5928,Female,Gen Z,one_and_done,1,1,2025-10-26,2025-10-26
5929,Female,Millennial,regular,1,18,2025-07-03,2026-05-30
5930,Male,Gen Z,one_and_done,1,1,2026-04-13,2026-04-13
5931,Female,Millennial,occasional,2,6,2025-08-01,2026-06-03
5932,Male,Millennial,occasional,4,7,2025-12-03,2026-05-23
5933,Male,Gen Z,occasional,1,5,2025-07-13,2026-02-23
5934,Male,Gen X,one_and_done,5,1,2026-06-09,2026-06-09
5935,Male,Gen Z,regular,3,15,2025-08-02,2026-06-25
5936,Female,Gen Z,one_and_done,3,1,2025-07-07,2025-07-07
5937,Female,Millennial,occasional,6,6,2025-11-24,2026-06-23
5938,Male,Gen Z,one_and_done,1,1,2026-04-11,2026-04-11
5939,Female,Millennial,one_and_done,2,1,2025-11-29,2025-11-29
5940,Male,Gen X,occasional,3,6,2025-09-27,2026-06-26
5941,Female,Gen Z,one_and_done,5,1,2026-05-15,2026-05-15
5942,Male,Gen X,one_and_done,1,1,2025-12-15,2025-12-15
5943,Male,Millennial,loyal,2,32,2025-07-07,2026-07-09
5944,Male,Gen Z,one_and_done,1,1,2026-04-17,2026-04-17
5945,Male,Gen Z,occasional,1,5,2025-09-28,2026-06-13
5946,Male,Millennial,one_and_done,1,1,2025-12-15,2025-12-15
5947,Female,Millennial,occasional,1,6,2025-07-04,2026-06-01
5948,Male,Millennial,occasional,2,7,2025-10-20,2026-05-27
5949,Female,Gen Z,one_and_done,2,1,2025-08-27,2025-08-27
5950,Male,Gen X,occasional,1,6,2025-07-13,2026-04-29
5951,Male,Gen Z,loyal,1,23,2025-07-24,2026-07-06
5952,Male,Gen X,one_and_done,1,1,2025-07-08,2025-07-08
5953,Male,Gen X,loyal,3,25,2025-07-03,2026-06-27
5954,Female,Gen Z,occasional,1,5,2025-09-15,2026-03-19
5955,Male,Millennial,one_and_done,1,1,2025-07-28,2025-07-28
5956,Male,Boomer,one_and_done,1,1,2026-02-14,2026-02-14
5957,Male,Gen Z,regular,1,15,2025-08-25,2026-06-29
5958,Male,Gen X,one_and_done,6,1,2026-03-06,2026-03-06
5959,Male,Millennial,occasional,1,7,2025-11-29,2026-07-04
5960,Female,Millennial,occasional,1,6,2025-08-17,2026-05-21
5961,Male,Millennial,one_and_done,1,1,2026-04-17,2026-04-17
5962,Male,Millennial,occasional,1,7,2025-07-27,2026-06-04
5963,Male,Millennial,occasional,5,7,2025-07-05,2026-01-17
5964,Male,Gen Z,occasional,1,5,2025-07-26,2026-05-30
5965,Female,Boomer,one_and_done,1,1,2026-04-25,2026-04-25
5966,Male,Gen X,regular,1,17,2025-07-02,2026-04-21
5967,Female,Gen X,regular,7,15,2025-07-23,2026-04-23
5968,Male,Gen Z,one_and_done,5,1,2025-08-17,2025-08-17
5969,Male,Gen Z,one_and_done,1,1,2026-03-14,2026-03-14
5970,Female,Millennial,one_and_done,4,1,2026-05-06,2026-05-06
5971,Male,Gen X,occasional,3,6,2025-07-15,2026-05-30
5972,Female,Gen X,occasional,5,5,2025-11-23,2026-05-18
5973,Male,Millennial,one_and_done,1,1,2025-08-16,2025-08-16
5974,Male,Millennial,regular,1,22,2025-07-02,2026-07-06
5975,Female,Millennial,regular,5,18,2025-07-01,2026-07-02
5976,Female,Gen X,one_and_done,2,1,2026-02-28,2026-02-28
5977,Female,Gen X,one_and_done,1,1,2025-09-15,2025-09-15
5978,Male,Millennial,occasional,1,7,2025-07-02,2026-05-22
5979,Female,Gen Z,regular,6,14,2025-07-01,2026-05-22
5980,Female,Millennial,one_and_done,1,1,2026-06-18,2026-06-18
5981,Male,Gen Z,loyal,5,23,2025-07-02,2026-06-29
5982,Male,Gen Z,one_and_done,2,1,2025-09-09,2025-09-09
5983,Female,Millennial,occasional,1,6,2025-07-04,2026-06-27
5984,Male,Millennial,one_and_done,8,1,2025-09-24,2025-09-24
5985,Male,Boomer,one_and_done,1,1,2025-12-13,2025-12-13
5986,Male,Millennial,loyal,1,32,2025-07-03,2026-06-10
5987,Male,Gen X,occasional,1,6,2025-10-02,2026-06-12
5988,Male,Millennial,one_and_done,2,1,2026-04-28,2026-04-28
5989,Female,Gen X,regular,2,15,2025-07-02,2026-04-07
5990,Female,Gen Z,one_and_done,7,1,2025-12-21,2025-12-21
5991,Female,Millennial,one_and_done,1,1,2025-11-03,2025-11-03
5992,Female,Gen X,one_and_done,5,1,2026-03-25,2026-03-25
5993,Male,Gen Z,one_and_done,2,1,2025-11-25,2025-11-25
5994,Female,Millennial,one_and_done,6,1,2026-04-25,2026-04-25
5995,Female,Gen Z,one_and_done,8,1,2026-02-17,2026-02-17
5996,Male,Millennial,one_and_done,2,1,2025-09-20,2025-09-20
5997,Male,Gen X,one_and_done,1,1,2026-01-15,2026-01-15
5998,Male,Millennial,one_and_done,1,1,2025-12-03,2025-12-03
5999,Male,Millennial,one_and_done,1,1,2025-12-18,2025-12-18
6000,Female,Millennial,regular,2,18,2025-08-08,2026-06-17
6001,Male,Gen X,one_and_done,3,1,2025-09-07,2025-09-07
6002,Female,Gen Z,one_and_done,3,1,2026-02-14,2026-02-14
6003,Male,Gen Z,occasional,1,5,2025-07-28,2026-04-27
6004,Male,Gen Z,one_and_done,3,1,2026-03-22,2026-03-22
6005,Male,Boomer,occasional,6,4,2025-08-18,2026-05-30
6006,Male,Millennial,one_and_done,2,1,2026-02-10,2026-02-10
6007,Female,Millennial,loyal,2,27,2025-07-06,2026-07-03
6008,Male,Millennial,one_and_done,2,1,2026-03-04,2026-03-04
6009,Male,Millennial,occasional,1,7,2025-07-16,2026-05-14
6010,Male,Gen X,one_and_done,4,1,2025-10-27,2025-10-27
6011,Female,Millennial,regular,2,18,2025-08-09,2026-05-18
6012,Female,Millennial,one_and_done,4,1,2026-02-04,2026-02-04
6013,Female,Gen Z,one_and_done,4,1,2025-07-11,2025-07-11
6014,Male,Millennial,regular,1,22,2025-07-01,2026-07-09
6015,Male,Millennial,one_and_done,1,1,2026-01-30,2026-01-30
6016,Female,Millennial,one_and_done,5,1,2025-08-29,2025-08-29
6017,Female,Gen X,loyal,1,23,2025-07-03,2026-05-10
6018,Female,Boomer,occasional,2,4,2025-09-07,2026-03-31
6019,Female,Gen Z,regular,8,14,2025-07-05,2026-04-22
6020,Male,Millennial,occasional,5,7,2025-10-29,2026-06-09
6021,Male,Millennial,one_and_done,5,1,2026-03-11,2026-03-11
6022,Male,Boomer,one_and_done,8,1,2025-11-08,2025-11-08
6023,Female,Millennial,one_and_done,5,1,2026-05-10,2026-05-10
6024,Male,Millennial,occasional,1,7,2025-09-21,2026-06-18
6025,Male,Millennial,one_and_done,1,1,2025-07-25,2025-07-25
6026,Male,Millennial,occasional,4,7,2025-07-04,2026-04-22
6027,Female,Millennial,loyal,1,27,2025-07-10,2026-07-08
6028,Female,Millennial,regular,1,18,2025-07-18,2026-07-04
6029,Male,Millennial,regular,1,22,2025-07-11,2026-06-19
6030,Male,Boomer,one_and_done,2,1,2026-01-06,2026-01-06
6031,Female,Boomer,loyal,1,16,2025-08-23,2026-07-06
6032,Male,Gen X,loyal,7,25,2025-07-16,2026-06-11
6033,Female,Gen Z,one_and_done,1,1,2026-03-13,2026-03-13
6034,Male,Millennial,occasional,5,7,2025-07-15,2026-07-03
6035,Female,Millennial,one_and_done,4,1,2025-09-11,2025-09-11
6036,Female,Millennial,occasional,3,6,2025-08-22,2026-05-29
6037,Female,Gen X,one_and_done,1,1,2026-05-13,2026-05-13
6038,Female,Millennial,one_and_done,1,1,2025-10-29,2025-10-29
6039,Male,Millennial,one_and_done,1,1,2025-09-15,2025-09-15
6040,Male,Millennial,occasional,1,7,2025-07-17,2026-07-01
6041,Male,Millennial,occasional,1,7,2025-08-03,2026-06-07
6042,Male,Millennial,one_and_done,1,1,2025-10-09,2025-10-09
6043,Female,Gen Z,one_and_done,1,1,2026-03-20,2026-03-20
6044,Male,Gen X,one_and_done,6,1,2025-11-18,2025-11-18
6045,Male,Gen X,occasional,1,6,2025-08-06,2026-06-15
6046,Male,Gen Z,occasional,5,5,2025-07-11,2025-12-31
6047,Male,Gen Z,one_and_done,7,1,2025-09-23,2025-09-23
6048,Male,Gen X,loyal,4,25,2025-07-15,2026-07-07
6049,Female,Millennial,regular,1,18,2025-07-18,2026-07-01
6050,Male,Boomer,loyal,1,18,2025-08-16,2026-06-20
6051,Male,Millennial,occasional,1,7,2025-08-01,2026-02-23
6052,Male,Gen X,one_and_done,1,1,2025-12-27,2025-12-27
6053,Male,Millennial,occasional,1,7,2025-07-17,2026-07-02
6054,Male,Millennial,regular,1,22,2025-07-23,2026-06-26
6055,Male,Gen Z,one_and_done,1,1,2025-11-12,2025-11-12
6056,Male,Boomer,occasional,1,4,2025-09-28,2026-06-27
6057,Male,Gen Z,occasional,1,5,2025-08-01,2026-07-01
6058,Male,Boomer,regular,3,12,2025-07-05,2026-06-08
6059,Male,Millennial,occasional,2,7,2025-08-14,2026-02-24
6060,Male,Millennial,one_and_done,4,1,2026-01-30,2026-01-30
6061,Male,Millennial,regular,7,22,2025-07-05,2026-07-03
6062,Male,Millennial,occasional,1,7,2025-08-29,2026-05-21
6063,Male,Millennial,one_and_done,4,1,2025-07-18,2025-07-18
6064,Male,Gen X,regular,2,17,2025-08-24,2026-06-09
6065,Male,Boomer,loyal,1,18,2025-07-02,2026-05-15
6066,Male,Gen Z,regular,3,15,2025-07-11,2026-06-09
6067,Female,Gen Z,one_and_done,6,1,2026-05-23,2026-05-23
6068,Male,Gen Z,one_and_done,1,1,2025-08-20,2025-08-20
6069,Male,Gen Z,loyal,1,23,2025-07-21,2026-05-31
6070,Male,Millennial,one_and_done,1,1,2025-09-23,2025-09-23
6071,Female,Gen Z,occasional,2,5,2025-11-22,2026-06-05
6072,Female,Millennial,loyal,1,27,2025-07-12,2026-06-17
6073,Male,Gen X,regular,3,17,2025-07-12,2026-05-21
6074,Male,Boomer,regular,1,12,2025-08-06,2026-06-29
6075,Male,Millennial,occasional,1,7,2025-07-25,2025-12-15
6076,Male,Gen X,one_and_done,2,1,2025-08-01,2025-08-01
6077,Male,Millennial,loyal,1,32,2025-07-07,2026-06-05
6078,Female,Gen Z,loyal,1,20,2025-07-06,2026-07-03
6079,Male,Gen Z,one_and_done,8,1,2026-07-03,2026-07-03
6080,Male,Gen X,one_and_done,1,1,2025-08-08,2025-08-08
6081,Male,Gen Z,one_and_done,1,1,2026-03-24,2026-03-24
6082,Male,Gen X,one_and_done,1,1,2026-05-09,2026-05-09
6083,Male,Millennial,one_and_done,2,1,2026-02-14,2026-02-14
6084,Male,Millennial,regular,1,22,2025-08-05,2026-06-04
6085,Male,Gen Z,loyal,1,23,2025-07-03,2026-06-18
6086,Male,Gen X,one_and_done,1,1,2026-02-08,2026-02-08
6087,Male,Gen X,one_and_done,4,1,2025-08-02,2025-08-02
6088,Female,Gen Z,occasional,5,5,2026-02-22,2026-06-25
6089,Male,Millennial,one_and_done,3,1,2026-03-10,2026-03-10
6090,Male,Gen Z,occasional,1,5,2025-08-20,2026-06-26
6091,Male,Millennial,one_and_done,3,1,2025-12-19,2025-12-19
6092,Male,Gen Z,one_and_done,3,1,2025-09-09,2025-09-09
6093,Male,Millennial,occasional,1,7,2025-12-06,2026-06-11
6094,Female,Millennial,one_and_done,4,1,2026-07-03,2026-07-03
6095,Male,Millennial,regular,1,22,2025-07-10,2026-07-09
6096,Male,Gen X,one_and_done,5,1,2026-01-13,2026-01-13
6097,Male,Millennial,one_and_done,5,1,2026-04-22,2026-04-22
6098,Male,Gen X,regular,1,17,2025-08-19,2026-06-25
6099,Male,Boomer,one_and_done,9,1,2025-10-31,2025-10-31
6100,Male,Millennial,occasional,1,7,2025-07-12,2026-01-12
6101,Female,Millennial,loyal,1,27,2025-07-23,2026-06-08
6102,Female,Boomer,regular,8,11,2025-07-31,2026-04-26
6103,Male,Millennial,loyal,2,32,2025-07-03,2026-06-18
6104,Male,Millennial,occasional,6,7,2025-09-09,2026-07-05
6105,Male,Millennial,one_and_done,2,1,2026-03-12,2026-03-12
6106,Male,Millennial,one_and_done,1,1,2025-09-22,2025-09-22
6107,Male,Millennial,occasional,2,7,2025-08-27,2026-03-12
6108,Female,Gen X,one_and_done,10,1,2025-07-26,2025-07-26
6109,Male,Gen Z,one_and_done,1,1,2025-08-19,2025-08-19
6110,Male,Millennial,regular,2,22,2025-08-02,2026-07-07
6111,Male,Gen Z,one_and_done,1,1,2026-01-11,2026-01-11
6112,Male,Millennial,one_and_done,2,1,2026-05-16,2026-05-16
6113,Female,Millennial,one_and_done,7,1,2025-12-22,2025-12-22
6114,Male,Gen X,occasional,2,6,2025-08-09,2026-02-03
6115,Male,Millennial,one_and_done,3,1,2025-12-16,2025-12-16
6116,Female,Gen X,one_and_done,1,1,2026-04-17,2026-04-17
6117,Male,Millennial,regular,5,22,2025-07-01,2026-07-02
6118,Male,Gen Z,occasional,8,5,2025-10-23,2026-06-19
6119,Male,Millennial,one_and_done,2,1,2025-07-21,2025-07-21
6120,Male,Millennial,one_and_done,1,1,2025-08-18,2025-08-18
6121,Male,Gen X,one_and_done,1,1,2026-01-07,2026-01-07
6122,Female,Millennial,regular,2,18,2025-07-23,2026-07-06
6123,Male,Millennial,one_and_done,1,1,2026-04-18,2026-04-18
6124,Male,Millennial,loyal,2,32,2025-07-01,2026-07-03
6125,Female,Millennial,one_and_done,1,1,2026-05-28,2026-05-28
6126,Male,Millennial,regular,1,22,2025-07-26,2026-06-21
6127,Male,Gen X,one_and_done,1,1,2026-04-03,2026-04-03
6128,Female,Gen Z,regular,1,14,2025-07-07,2026-06-06
6129,Male,Gen Z,one_and_done,1,1,2025-09-13,2025-09-13
6130,Female,Millennial,occasional,7,6,2025-07-23,2026-05-14
6131,Female,Millennial,occasional,2,6,2025-07-24,2026-07-01
6132,Male,Gen Z,occasional,6,5,2025-08-28,2026-06-11
6133,Male,Boomer,one_and_done,1,1,2026-02-18,2026-02-18
6134,Male,Millennial,occasional,2,7,2025-08-07,2026-06-21
6135,Male,Millennial,loyal,8,32,2025-07-01,2026-06-27
6136,Female,Gen Z,one_and_done,1,1,2025-07-01,2025-07-01
6137,Female,Gen Z,one_and_done,4,1,2026-06-27,2026-06-27
6138,Male,Millennial,regular,1,22,2025-07-14,2026-06-26
6139,Female,Gen Z,one_and_done,5,1,2026-01-06,2026-01-06
6140,Female,Gen X,one_and_done,2,1,2025-09-20,2025-09-20
6141,Male,Gen X,one_and_done,1,1,2025-09-02,2025-09-02
6142,Male,Gen X,one_and_done,1,1,2025-07-15,2025-07-15
6143,Male,Millennial,regular,2,22,2025-07-11,2026-07-09
6144,Male,Boomer,occasional,1,4,2025-11-14,2026-05-21
6145,Male,Gen X,one_and_done,2,1,2025-07-27,2025-07-27
6146,Male,Millennial,regular,2,22,2025-07-05,2026-05-19
6147,Female,Gen Z,loyal,3,20,2025-07-02,2026-06-17
6148,Male,Boomer,loyal,3,18,2025-07-18,2026-07-05
6149,Male,Gen Z,occasional,1,5,2025-07-10,2026-07-08
6150,Male,Gen X,loyal,5,25,2025-07-16,2026-07-06
6151,Male,Gen X,one_and_done,2,1,2026-07-07,2026-07-07
6152,Female,Gen Z,occasional,4,5,2025-09-11,2026-01-24
6153,Male,Gen Z,regular,1,15,2025-07-02,2026-07-03
6154,Male,Millennial,occasional,5,7,2025-07-14,2026-06-03
6155,Male,Millennial,regular,1,22,2025-07-08,2026-07-07
6156,Male,Boomer,occasional,2,4,2025-12-12,2026-03-07
6157,Female,Gen Z,one_and_done,4,1,2025-12-02,2025-12-02
6158,Male,Millennial,regular,1,22,2025-07-24,2026-07-08
6159,Male,Gen Z,regular,3,15,2025-08-04,2026-07-03
6160,Female,Gen X,occasional,3,5,2025-07-19,2026-02-11
6161,Male,Gen X,one_and_done,7,1,2026-07-02,2026-07-02
6162,Male,Millennial,regular,1,22,2025-07-11,2026-05-29
6163,Male,Boomer,occasional,4,4,2025-08-20,2026-04-28
6164,Female,Gen X,one_and_done,4,1,2026-05-12,2026-05-12
6165,Male,Gen X,occasional,1,6,2025-08-27,2026-06-07
6166,Male,Gen X,one_and_done,1,1,2026-03-05,2026-03-05
6167,Male,Millennial,one_and_done,2,1,2026-02-12,2026-02-12
6168,Male,Gen X,regular,2,17,2025-07-05,2026-05-01
6169,Female,Gen Z,occasional,10,5,2025-07-07,2026-06-23
6170,Male,Gen X,one_and_done,1,1,2026-01-18,2026-01-18
6171,Female,Gen Z,one_and_done,1,1,2026-01-30,2026-01-30
6172,Male,Gen Z,regular,8,15,2025-07-25,2026-06-30
6173,Male,Millennial,one_and_done,1,1,2026-03-09,2026-03-09
6174,Male,Millennial,loyal,4,32,2025-07-28,2026-06-23
6175,Male,Millennial,regular,1,22,2025-07-22,2026-07-06
6176,Female,Gen Z,one_and_done,1,1,2025-11-22,2025-11-22
6177,Male,Gen Z,one_and_done,2,1,2025-08-08,2025-08-08
6178,Male,Gen Z,loyal,4,23,2025-07-17,2026-06-25
6179,Female,Millennial,loyal,1,27,2025-07-13,2026-06-17
6180,Male,Gen Z,one_and_done,5,1,2025-07-17,2025-07-17
6181,Male,Millennial,one_and_done,1,1,2025-09-22,2025-09-22
6182,Male,Gen Z,regular,3,15,2025-08-16,2026-05-28
6183,Male,Millennial,one_and_done,1,1,2026-06-19,2026-06-19
6184,Male,Gen X,occasional,5,6,2025-07-02,2026-02-02
6185,Female,Millennial,one_and_done,6,1,2026-02-06,2026-02-06
6186,Female,Gen X,one_and_done,3,1,2026-06-19,2026-06-19
6187,Female,Millennial,one_and_done,1,1,2025-08-09,2025-08-09
6188,Male,Millennial,occasional,1,7,2025-07-09,2026-05-22
6189,Female,Millennial,one_and_done,8,1,2026-07-04,2026-07-04
6190,Female,Millennial,regular,1,18,2025-07-08,2026-06-20
6191,Male,Gen X,one_and_done,1,1,2026-01-27,2026-01-27
6192,Male,Gen X,occasional,1,6,2025-08-13,2026-06-09
6193,Female,Millennial,regular,1,18,2025-07-16,2026-06-12
6194,Female,Millennial,loyal,1,27,2025-07-03,2026-07-04
6195,Male,Millennial,one_and_done,5,1,2025-12-04,2025-12-04
6196,Male,Boomer,one_and_done,1,1,2025-09-20,2025-09-20
6197,Male,Gen X,occasional,1,6,2025-09-01,2026-03-19
6198,Male,Millennial,occasional,3,7,2025-09-16,2026-05-20
6199,Male,Millennial,one_and_done,1,1,2026-01-14,2026-01-14
6200,Female,Millennial,loyal,1,27,2025-08-08,2026-06-20
6201,Female,Gen X,regular,1,15,2025-07-10,2026-07-09
6202,Male,Millennial,one_and_done,1,1,2025-11-01,2025-11-01
6203,Female,Gen Z,occasional,1,5,2025-07-05,2026-05-09
6204,Male,Millennial,occasional,1,7,2025-07-19,2026-06-11
6205,Male,Gen X,regular,4,17,2025-07-18,2026-06-08
6206,Male,Gen Z,one_and_done,3,1,2025-12-06,2025-12-06
6207,Male,Gen Z,one_and_done,1,1,2026-03-07,2026-03-07
6208,Female,Millennial,occasional,5,6,2025-08-05,2026-05-20
6209,Male,Millennial,regular,1,22,2025-07-23,2026-07-09
6210,Male,Millennial,occasional,1,7,2025-07-05,2026-05-17
6211,Male,Gen Z,loyal,3,23,2025-07-04,2026-07-01
6212,Male,Gen X,occasional,5,6,2025-09-24,2026-06-16
6213,Male,Gen X,occasional,3,6,2025-10-02,2026-05-07
6214,Male,Millennial,one_and_done,5,1,2025-07-04,2025-07-04
6215,Male,Millennial,regular,1,22,2025-07-05,2026-06-27
6216,Female,Millennial,occasional,1,6,2025-11-10,2026-03-25
6217,Female,Millennial,regular,3,18,2025-07-30,2026-07-02
6218,Male,Millennial,one_and_done,1,1,2026-04-29,2026-04-29
6219,Male,Gen Z,occasional,3,5,2025-07-18,2026-04-17
6220,Male,Gen X,occasional,1,6,2025-10-10,2026-07-09
6221,Male,Millennial,regular,1,22,2025-07-05,2026-06-20
6222,Female,Gen Z,one_and_done,2,1,2025-11-25,2025-11-25
6223,Male,Millennial,one_and_done,2,1,2026-06-24,2026-06-24
6224,Male,Gen Z,occasional,9,5,2025-09-14,2026-07-02
6225,Female,Millennial,one_and_done,3,1,2025-09-23,2025-09-23
6226,Female,Millennial,occasional,5,6,2025-07-28,2026-06-01
6227,Female,Gen Z,one_and_done,1,1,2025-12-12,2025-12-12
6228,Female,Gen X,occasional,1,5,2025-07-25,2026-05-01
6229,Female,Millennial,regular,1,18,2025-07-29,2026-07-08
6230,Male,Millennial,occasional,1,7,2025-08-22,2026-05-23
6231,Male,Gen X,one_and_done,4,1,2026-03-18,2026-03-18
6232,Female,Gen X,one_and_done,1,1,2026-04-04,2026-04-04
6233,Female,Millennial,one_and_done,1,1,2026-04-15,2026-04-15
6234,Male,Millennial,one_and_done,6,1,2025-11-07,2025-11-07
6235,Male,Gen Z,occasional,2,5,2025-09-04,2026-03-28
6236,Female,Gen X,one_and_done,1,1,2025-11-15,2025-11-15
6237,Male,Millennial,one_and_done,2,1,2026-03-11,2026-03-11
6238,Male,Millennial,regular,1,22,2025-07-04,2026-05-05
6239,Female,Gen Z,one_and_done,1,1,2025-07-14,2025-07-14
6240,Male,Boomer,one_and_done,1,1,2025-09-01,2025-09-01
6241,Female,Gen X,loyal,1,23,2025-07-01,2026-07-02
6242,Male,Boomer,one_and_done,1,1,2025-12-07,2025-12-07
6243,Male,Boomer,occasional,6,4,2025-08-05,2026-02-09
6244,Male,Millennial,occasional,1,7,2025-08-06,2026-06-18
6245,Female,Gen Z,regular,4,14,2025-07-18,2026-07-08
6246,Female,Millennial,one_and_done,1,1,2025-09-27,2025-09-27
6247,Male,Millennial,one_and_done,6,1,2026-02-22,2026-02-22
6248,Male,Gen Z,occasional,2,5,2025-09-29,2026-06-20
6249,Female,Boomer,regular,1,11,2025-07-05,2026-06-12
6250,Female,Millennial,regular,2,18,2025-09-08,2026-05-16
6251,Male,Millennial,regular,1,22,2025-08-25,2026-07-08
6252,Male,Gen Z,occasional,4,5,2025-07-25,2026-02-19
6253,Male,Millennial,one_and_done,1,1,2026-02-19,2026-02-19
6254,Male,Gen X,occasional,10,6,2025-09-11,2026-06-28
6255,Male,Gen X,occasional,3,6,2025-07-05,2026-06-25
6256,Male,Gen X,one_and_done,1,1,2025-08-12,2025-08-12
6257,Male,Millennial,one_and_done,3,1,2025-09-19,2025-09-19
6258,Male,Millennial,one_and_done,2,1,2025-07-24,2025-07-24
6259,Male,Millennial,regular,1,22,2025-08-08,2026-07-04
6260,Male,Millennial,one_and_done,5,1,2026-01-26,2026-01-26
6261,Female,Millennial,regular,4,18,2025-07-06,2026-06-29
6262,Male,Gen X,loyal,2,25,2025-07-02,2026-06-10
6263,Female,Millennial,one_and_done,3,1,2025-12-10,2025-12-10
6264,Male,Gen Z,regular,1,15,2025-07-18,2026-07-02
6265,Female,Millennial,occasional,3,6,2025-08-11,2026-06-17
6266,Male,Gen Z,regular,2,15,2025-07-28,2026-06-12
6267,Male,Millennial,one_and_done,1,1,2026-04-02,2026-04-02
6268,Male,Millennial,one_and_done,5,1,2025-12-25,2025-12-25
6269,Female,Gen Z,one_and_done,5,1,2026-05-11,2026-05-11
6270,Male,Gen X,occasional,1,6,2025-08-23,2026-03-27
6271,Female,Gen X,one_and_done,1,1,2026-01-15,2026-01-15
6272,Male,Gen X,occasional,1,6,2025-07-12,2026-06-27
6273,Male,Gen X,one_and_done,2,1,2026-06-05,2026-06-05
6274,Male,Gen X,one_and_done,1,1,2026-04-07,2026-04-07
6275,Female,Gen Z,regular,1,14,2025-07-26,2026-06-13
6276,Female,Boomer,one_and_done,8,1,2025-07-21,2025-07-21
6277,Male,Gen X,one_and_done,1,1,2026-05-25,2026-05-25
6278,Female,Gen Z,occasional,1,5,2025-11-07,2026-02-14
6279,Male,Gen Z,regular,1,15,2025-08-22,2026-06-19
6280,Male,Boomer,one_and_done,7,1,2026-04-01,2026-04-01
6281,Female,Millennial,one_and_done,1,1,2026-05-18,2026-05-18
6282,Female,Boomer,one_and_done,1,1,2026-01-26,2026-01-26
6283,Male,Millennial,occasional,3,7,2025-08-09,2026-06-20
6284,Male,Gen X,occasional,5,6,2025-09-11,2026-07-04
6285,Male,Millennial,one_and_done,7,1,2025-10-11,2025-10-11
6286,Male,Gen Z,regular,1,15,2025-08-03,2026-07-01
6287,Female,Gen X,one_and_done,6,1,2026-03-23,2026-03-23
6288,Male,Millennial,one_and_done,2,1,2026-05-29,2026-05-29
6289,Male,Gen Z,loyal,8,23,2025-07-02,2026-06-30
6290,Male,Gen X,one_and_done,1,1,2026-04-04,2026-04-04
6291,Male,Millennial,one_and_done,4,1,2026-06-14,2026-06-14
6292,Female,Gen Z,regular,1,14,2025-07-31,2026-06-18
6293,Female,Boomer,regular,1,11,2025-07-24,2026-05-30
6294,Male,Gen X,loyal,4,25,2025-07-24,2026-05-20
6295,Male,Gen X,regular,2,17,2025-07-04,2026-07-07
6296,Female,Millennial,one_and_done,1,1,2026-01-29,2026-01-29
6297,Female,Millennial,regular,1,18,2025-07-15,2026-06-28
6298,Male,Millennial,one_and_done,1,1,2025-10-10,2025-10-10
6299,Female,Gen Z,one_and_done,1,1,2025-10-16,2025-10-16
6300,Male,Boomer,occasional,1,4,2025-08-08,2026-05-22
6301,Male,Gen X,one_and_done,1,1,2025-12-21,2025-12-21
6302,Male,Boomer,occasional,4,4,2025-07-31,2025-12-18
6303,Female,Gen Z,regular,1,14,2025-08-22,2026-06-30
6304,Male,Gen Z,one_and_done,4,1,2025-09-10,2025-09-10
6305,Male,Millennial,one_and_done,1,1,2025-12-23,2025-12-23
6306,Male,Millennial,occasional,1,7,2025-07-25,2026-07-03
6307,Female,Millennial,occasional,5,6,2025-07-09,2026-06-05
6308,Male,Gen Z,regular,1,15,2025-07-20,2026-07-09
6309,Female,Millennial,one_and_done,3,1,2025-11-21,2025-11-21
6310,Male,Millennial,occasional,3,7,2025-09-08,2026-06-16
6311,Male,Gen X,loyal,2,25,2025-07-17,2026-07-08
6312,Female,Boomer,occasional,4,4,2025-09-11,2026-02-27
6313,Male,Millennial,one_and_done,1,1,2025-08-02,2025-08-02
6314,Male,Gen X,one_and_done,1,1,2026-01-14,2026-01-14
6315,Male,Millennial,one_and_done,2,1,2025-12-05,2025-12-05
6316,Female,Gen X,one_and_done,1,1,2025-07-25,2025-07-25
6317,Female,Gen Z,regular,1,14,2025-08-31,2026-06-19
6318,Male,Millennial,one_and_done,2,1,2026-04-09,2026-04-09
6319,Male,Boomer,one_and_done,1,1,2026-02-26,2026-02-26
6320,Male,Boomer,one_and_done,2,1,2026-06-07,2026-06-07
6321,Male,Millennial,occasional,1,7,2025-07-10,2026-06-20
6322,Male,Millennial,occasional,3,7,2025-07-13,2026-02-27
6323,Male,Gen Z,regular,1,15,2025-08-06,2026-06-02
6324,Male,Gen X,occasional,8,6,2025-11-24,2026-06-12
6325,Female,Millennial,one_and_done,6,1,2025-12-04,2025-12-04
6326,Female,Gen Z,regular,1,14,2025-07-12,2026-06-22
6327,Male,Boomer,one_and_done,2,1,2025-11-28,2025-11-28
6328,Female,Gen Z,one_and_done,3,1,2025-07-20,2025-07-20
6329,Male,Millennial,loyal,2,32,2025-07-02,2026-06-27
6330,Male,Millennial,one_and_done,1,1,2025-07-09,2025-07-09
6331,Male,Millennial,one_and_done,6,1,2026-02-24,2026-02-24
6332,Male,Gen Z,regular,2,15,2025-08-07,2026-06-19
6333,Female,Millennial,one_and_done,1,1,2026-04-18,2026-04-18
6334,Male,Millennial,one_and_done,4,1,2026-03-26,2026-03-26
6335,Male,Gen Z,occasional,1,5,2025-08-07,2026-06-27
6336,Male,Gen Z,occasional,4,5,2025-07-28,2026-05-28
6337,Male,Gen Z,one_and_done,1,1,2026-04-10,2026-04-10
6338,Male,Gen X,one_and_done,4,1,2026-01-24,2026-01-24
6339,Male,Millennial,one_and_done,1,1,2025-11-23,2025-11-23
6340,Male,Millennial,one_and_done,6,1,2025-08-27,2025-08-27
6341,Male,Gen Z,one_and_done,1,1,2025-10-31,2025-10-31
6342,Male,Millennial,one_and_done,1,1,2025-12-15,2025-12-15
6343,Male,Millennial,loyal,1,32,2025-07-06,2026-07-08
6344,Male,Millennial,one_and_done,1,1,2026-05-09,2026-05-09
6345,Male,Gen Z,regular,4,15,2025-07-31,2026-07-06
6346,Male,Gen X,regular,5,17,2025-07-21,2026-05-03
6347,Male,Gen Z,one_and_done,5,1,2026-05-30,2026-05-30
6348,Female,Millennial,one_and_done,2,1,2025-09-23,2025-09-23
6349,Male,Gen Z,occasional,1,5,2025-07-23,2026-05-16
6350,Male,Millennial,regular,1,22,2025-07-19,2026-07-04
6351,Male,Millennial,one_and_done,1,1,2026-04-19,2026-04-19
6352,Female,Millennial,one_and_done,1,1,2025-10-08,2025-10-08
6353,Male,Millennial,regular,1,22,2025-07-11,2026-06-30
6354,Male,Millennial,regular,1,22,2025-08-01,2026-07-03
6355,Female,Millennial,loyal,5,27,2025-07-04,2026-05-16
6356,Male,Gen X,one_and_done,1,1,2026-06-22,2026-06-22
6357,Male,Millennial,one_and_done,1,1,2025-08-01,2025-08-01
6358,Male,Gen Z,occasional,1,5,2025-08-21,2026-03-15
6359,Male,Gen Z,one_and_done,2,1,2025-12-05,2025-12-05
6360,Male,Millennial,occasional,4,7,2025-09-26,2026-06-12
6361,Male,Gen Z,regular,10,15,2025-08-15,2026-06-12
6362,Male,Millennial,one_and_done,4,1,2025-12-25,2025-12-25
6363,Male,Gen Z,occasional,6,5,2025-08-16,2026-07-07
6364,Male,Boomer,regular,8,12,2025-07-16,2026-06-26
6365,Male,Millennial,occasional,1,7,2025-09-24,2026-07-06
6366,Female,Millennial,one_and_done,1,1,2025-10-25,2025-10-25
6367,Male,Gen X,one_and_done,1,1,2026-01-19,2026-01-19
6368,Male,Millennial,one_and_done,2,1,2025-10-07,2025-10-07
6369,Male,Gen X,regular,1,17,2025-07-19,2026-05-26
6370,Male,Millennial,one_and_done,1,1,2025-11-25,2025-11-25
6371,Male,Gen X,loyal,3,25,2025-07-05,2026-06-11
6372,Female,Gen Z,one_and_done,1,1,2026-06-19,2026-06-19
6373,Male,Gen Z,loyal,1,23,2025-07-15,2026-06-28
6374,Male,Millennial,one_and_done,1,1,2025-09-16,2025-09-16
6375,Male,Boomer,loyal,2,18,2025-07-04,2026-07-02
6376,Male,Millennial,regular,1,22,2025-07-02,2026-07-08
6377,Female,Millennial,one_and_done,2,1,2026-02-22,2026-02-22
6378,Female,Gen X,occasional,2,5,2025-08-11,2026-07-07
6379,Male,Millennial,regular,1,22,2025-07-08,2026-07-03
6380,Female,Gen Z,one_and_done,1,1,2026-04-26,2026-04-26
6381,Male,Gen Z,one_and_done,7,1,2025-12-14,2025-12-14
6382,Male,Millennial,occasional,2,7,2025-10-12,2026-06-05
6383,Male,Millennial,one_and_done,2,1,2026-05-26,2026-05-26
6384,Male,Millennial,one_and_done,2,1,2026-03-09,2026-03-09
6385,Male,Millennial,regular,2,22,2025-07-05,2026-06-27
6386,Female,Millennial,occasional,1,6,2025-09-17,2026-07-01
6387,Female,Millennial,occasional,1,6,2025-09-12,2026-06-04
6388,Female,Gen X,one_and_done,3,1,2026-05-28,2026-05-28
6389,Male,Gen X,occasional,4,6,2025-10-20,2026-06-10
6390,Male,Gen X,regular,4,17,2025-08-09,2026-07-01
6391,Male,Gen Z,regular,1,15,2025-07-25,2026-07-04
6392,Male,Millennial,one_and_done,2,1,2026-05-27,2026-05-27
6393,Male,Millennial,one_and_done,7,1,2025-09-29,2025-09-29
6394,Male,Millennial,one_and_done,7,1,2025-10-18,2025-10-18
6395,Male,Gen Z,one_and_done,2,1,2025-12-26,2025-12-26
6396,Male,Gen Z,one_and_done,1,1,2026-04-25,2026-04-25
6397,Male,Millennial,occasional,1,7,2025-07-27,2026-03-16
6398,Male,Millennial,regular,1,22,2025-07-27,2026-06-12
6399,Male,Millennial,regular,3,22,2025-07-03,2026-07-07
6400,Male,Gen Z,one_and_done,1,1,2026-06-29,2026-06-29
6401,Female,Gen Z,occasional,1,5,2025-07-12,2026-01-26
6402,Female,Gen Z,one_and_done,1,1,2025-10-25,2025-10-25
6403,Male,Millennial,regular,1,22,2025-07-11,2026-06-20
6404,Female,Gen Z,loyal,6,20,2025-07-15,2026-06-16
6405,Female,Millennial,regular,2,18,2025-08-05,2026-05-22
6406,Male,Gen X,regular,3,17,2025-07-13,2026-05-11
6407,Female,Millennial,one_and_done,8,1,2025-09-13,2025-09-13
6408,Male,Gen X,one_and_done,1,1,2026-07-05,2026-07-05
6409,Female,Boomer,one_and_done,3,1,2026-03-28,2026-03-28
6410,Female,Millennial,one_and_done,2,1,2025-10-13,2025-10-13
6411,Male,Gen Z,occasional,10,5,2025-08-24,2026-06-20
6412,Male,Gen Z,one_and_done,5,1,2026-05-24,2026-05-24
6413,Male,Millennial,one_and_done,4,1,2025-09-09,2025-09-09
6414,Male,Millennial,one_and_done,4,1,2025-12-06,2025-12-06
6415,Male,Millennial,occasional,2,7,2025-08-22,2026-07-09
6416,Female,Millennial,loyal,1,27,2025-07-13,2026-07-05
6417,Male,Gen X,one_and_done,1,1,2026-06-01,2026-06-01
6418,Male,Gen Z,one_and_done,1,1,2025-07-29,2025-07-29
6419,Female,Millennial,occasional,10,6,2025-08-06,2026-06-04
6420,Female,Gen X,loyal,9,23,2025-07-12,2026-06-25
6421,Female,Millennial,occasional,6,6,2026-01-12,2026-06-19
6422,Male,Millennial,regular,8,22,2025-07-06,2026-07-04
6423,Male,Millennial,regular,7,22,2025-07-29,2026-07-05
6424,Male,Gen Z,one_and_done,1,1,2025-09-30,2025-09-30
6425,Female,Millennial,occasional,6,6,2025-10-04,2026-06-28
6426,Male,Gen Z,one_and_done,2,1,2025-09-02,2025-09-02
6427,Female,Millennial,regular,2,18,2025-07-18,2026-05-28
6428,Female,Gen Z,occasional,2,5,2025-07-04,2026-05-16
6429,Male,Gen X,regular,4,17,2025-07-01,2026-05-29
6430,Male,Millennial,regular,4,22,2025-07-04,2026-07-01
6431,Male,Gen Z,one_and_done,6,1,2026-04-12,2026-04-12
6432,Female,Millennial,occasional,1,6,2025-09-28,2026-03-03
6433,Male,Boomer,occasional,3,4,2026-01-24,2026-03-20
6434,Female,Millennial,one_and_done,1,1,2026-06-25,2026-06-25
6435,Female,Millennial,loyal,1,27,2025-07-12,2026-07-06
6436,Male,Gen X,loyal,4,25,2025-09-13,2026-06-21
6437,Female,Millennial,regular,1,18,2025-07-12,2026-06-28
6438,Male,Gen Z,occasional,1,5,2025-09-26,2026-05-20
6439,Female,Millennial,one_and_done,2,1,2025-12-12,2025-12-12
6440,Female,Gen Z,one_and_done,3,1,2025-08-18,2025-08-18
6441,Female,Millennial,one_and_done,1,1,2026-01-31,2026-01-31
6442,Female,Boomer,occasional,8,4,2026-02-16,2026-06-05
6443,Male,Gen X,loyal,1,25,2025-07-01,2026-07-03
6444,Male,Gen X,one_and_done,1,1,2026-03-10,2026-03-10
6445,Male,Gen X,one_and_done,1,1,2025-10-01,2025-10-01
6446,Female,Millennial,loyal,1,27,2025-07-04,2026-06-22
6447,Male,Boomer,occasional,1,4,2026-01-21,2026-06-10
6448,Male,Gen X,regular,4,17,2025-07-13,2026-06-07
6449,Male,Gen Z,loyal,6,23,2025-07-05,2026-05-20
6450,Male,Millennial,one_and_done,1,1,2026-06-06,2026-06-06
6451,Male,Millennial,one_and_done,1,1,2025-12-18,2025-12-18
6452,Male,Millennial,loyal,1,32,2025-07-02,2026-07-08
6453,Male,Millennial,loyal,1,32,2025-07-06,2026-06-25
6454,Male,Millennial,one_and_done,7,1,2025-10-09,2025-10-09
6455,Male,Boomer,regular,10,12,2025-09-04,2026-04-24
6456,Male,Gen Z,one_and_done,7,1,2025-10-05,2025-10-05
6457,Male,Gen X,occasional,1,6,2025-07-01,2026-03-13
6458,Male,Boomer,occasional,3,4,2025-12-17,2026-06-30
6459,Male,Gen Z,one_and_done,1,1,2026-07-04,2026-07-04
6460,Male,Millennial,occasional,10,7,2025-08-02,2026-07-01
6461,Male,Millennial,occasional,2,7,2025-10-05,2026-06-26
6462,Male,Gen Z,loyal,3,23,2025-07-19,2026-06-25
6463,Female,Gen Z,occasional,1,5,2025-08-12,2026-04-10
6464,Male,Millennial,occasional,2,7,2025-07-28,2026-05-02
6465,Male,Millennial,one_and_done,7,1,2026-02-10,2026-02-10
6466,Male,Millennial,one_and_done,2,1,2025-11-09,2025-11-09
6467,Male,Gen Z,one_and_done,1,1,2026-03-09,2026-03-09
6468,Male,Gen X,one_and_done,1,1,2025-10-01,2025-10-01
6469,Male,Millennial,one_and_done,5,1,2025-08-28,2025-08-28
6470,Male,Millennial,one_and_done,5,1,2025-09-18,2025-09-18
6471,Male,Millennial,occasional,3,7,2025-07-11,2026-04-15
6472,Male,Millennial,loyal,6,32,2025-07-01,2026-06-19
6473,Male,Gen X,occasional,6,6,2025-07-19,2026-06-30
6474,Male,Gen X,one_and_done,2,1,2025-09-20,2025-09-20
6475,Female,Gen X,one_and_done,1,1,2025-11-06,2025-11-06
6476,Female,Millennial,one_and_done,7,1,2026-01-18,2026-01-18
6477,Female,Gen Z,one_and_done,1,1,2026-05-26,2026-05-26
6478,Male,Millennial,occasional,1,7,2025-10-29,2026-06-18
6479,Male,Gen X,regular,4,17,2025-07-11,2026-06-14
6480,Female,Gen Z,occasional,10,5,2025-08-29,2026-06-12
6481,Male,Millennial,loyal,6,32,2025-07-13,2026-06-20
6482,Female,Gen X,occasional,3,5,2025-07-05,2026-04-25
6483,Female,Millennial,occasional,2,6,2025-08-19,2026-06-19
6484,Male,Millennial,one_and_done,1,1,2025-09-05,2025-09-05
6485,Male,Millennial,one_and_done,2,1,2025-11-21,2025-11-21
6486,Female,Gen Z,occasional,1,5,2025-08-09,2026-06-04
6487,Male,Gen Z,occasional,1,5,2025-07-23,2026-05-26
6488,Male,Millennial,regular,4,22,2025-07-27,2026-07-05
6489,Male,Gen Z,loyal,1,23,2025-07-22,2026-06-26
6490,Male,Millennial,one_and_done,1,1,2026-06-16,2026-06-16
6491,Female,Millennial,occasional,3,6,2025-10-10,2026-06-11
6492,Male,Millennial,occasional,2,7,2025-08-08,2026-04-30
6493,Male,Millennial,regular,1,22,2025-07-16,2026-06-27
6494,Male,Millennial,regular,1,22,2025-07-01,2026-06-28
6495,Male,Millennial,occasional,3,7,2025-08-12,2026-03-27
6496,Male,Millennial,loyal,1,32,2025-08-09,2026-06-21
6497,Male,Millennial,regular,1,22,2025-07-24,2026-06-08
6498,Male,Boomer,one_and_done,3,1,2026-04-30,2026-04-30
6499,Male,Millennial,regular,2,22,2025-07-05,2026-07-08
6500,Female,Millennial,one_and_done,8,1,2025-11-22,2025-11-22
6501,Male,Gen Z,loyal,1,23,2025-07-17,2026-06-16
6502,Male,Gen Z,occasional,1,5,2025-09-23,2026-02-14
6503,Female,Millennial,one_and_done,4,1,2026-06-07,2026-06-07
6504,Male,Millennial,occasional,6,7,2025-07-29,2026-05-25
6505,Male,Millennial,loyal,1,32,2025-07-25,2026-07-06
6506,Male,Boomer,one_and_done,1,1,2026-04-26,2026-04-26
6507,Male,Gen Z,one_and_done,1,1,2025-09-12,2025-09-12
6508,Male,Gen X,one_and_done,1,1,2026-03-06,2026-03-06
6509,Male,Gen Z,one_and_done,1,1,2025-12-14,2025-12-14
6510,Male,Millennial,occasional,1,7,2025-09-29,2026-07-07
6511,Male,Gen Z,one_and_done,4,1,2026-06-23,2026-06-23
6512,Female,Millennial,regular,1,18,2025-07-08,2026-06-11
6513,Male,Gen Z,loyal,2,23,2025-07-07,2026-06-21
6514,Male,Millennial,occasional,1,7,2025-07-14,2026-05-29
6515,Male,Millennial,occasional,5,7,2025-07-11,2026-04-09
6516,Male,Millennial,occasional,4,7,2025-08-11,2026-06-20
6517,Female,Gen Z,one_and_done,1,1,2025-10-18,2025-10-18
6518,Female,Millennial,regular,3,18,2025-07-07,2026-07-08
6519,Female,Gen X,occasional,6,5,2025-12-19,2026-05-29
6520,Male,Gen X,occasional,2,6,2025-08-06,2026-06-01
6521,Female,Millennial,regular,4,18,2025-07-16,2026-05-10
6522,Female,Gen X,regular,6,15,2025-08-14,2026-06-25
6523,Female,Gen Z,one_and_done,1,1,2026-06-24,2026-06-24
6524,Female,Gen X,regular,4,15,2025-07-03,2026-07-03
6525,Male,Boomer,one_and_done,2,1,2026-02-01,2026-02-01
6526,Male,Gen X,loyal,1,25,2025-07-10,2026-06-19
6527,Female,Gen Z,occasional,1,5,2025-07-11,2026-05-08
6528,Male,Millennial,occasional,1,7,2025-11-10,2026-06-13
6529,Female,Millennial,regular,1,18,2025-07-03,2026-06-22
6530,Male,Gen Z,one_and_done,2,1,2025-08-28,2025-08-28
6531,Female,Millennial,one_and_done,2,1,2025-09-29,2025-09-29
6532,Male,Boomer,occasional,1,4,2025-08-06,2026-07-09
6533,Female,Millennial,regular,4,18,2025-07-10,2026-07-03
6534,Female,Millennial,regular,1,18,2025-08-08,2026-07-03
6535,Female,Gen Z,regular,3,14,2025-07-08,2026-07-08
6536,Male,Millennial,loyal,2,32,2025-07-12,2026-07-09
6537,Male,Millennial,one_and_done,1,1,2025-11-15,2025-11-15
6538,Male,Gen Z,one_and_done,9,1,2025-11-14,2025-11-14
6539,Male,Gen Z,one_and_done,6,1,2025-08-29,2025-08-29
6540,Female,Gen X,occasional,2,5,2025-07-26,2026-06-19
6541,Male,Gen X,one_and_done,5,1,2026-04-06,2026-04-06
6542,Male,Boomer,one_and_done,3,1,2025-09-30,2025-09-30
6543,Male,Millennial,one_and_done,5,1,2025-12-11,2025-12-11
6544,Female,Gen X,one_and_done,1,1,2025-09-17,2025-09-17
6545,Female,Boomer,loyal,3,16,2025-09-05,2026-06-17
6546,Female,Millennial,regular,3,18,2025-07-24,2026-06-20
6547,Female,Gen Z,loyal,3,20,2025-07-04,2026-07-07
6548,Female,Gen Z,loyal,2,20,2025-07-04,2026-06-28
6549,Female,Gen Z,occasional,1,5,2025-07-02,2026-04-28
6550,Female,Millennial,one_and_done,4,1,2025-11-30,2025-11-30
6551,Male,Millennial,occasional,1,7,2025-07-10,2026-02-19
6552,Male,Boomer,loyal,1,18,2025-08-22,2026-07-09
6553,Male,Gen Z,one_and_done,1,1,2025-09-16,2025-09-16
6554,Male,Gen Z,occasional,1,5,2025-08-05,2026-06-27
6555,Female,Millennial,occasional,4,6,2025-09-18,2026-06-05
6556,Female,Gen Z,one_and_done,3,1,2026-04-12,2026-04-12
6557,Male,Gen Z,occasional,4,5,2025-11-07,2026-05-16
6558,Female,Gen X,one_and_done,1,1,2025-08-16,2025-08-16
6559,Male,Boomer,one_and_done,1,1,2026-07-01,2026-07-01
6560,Male,Millennial,occasional,1,7,2025-07-08,2026-05-22
6561,Female,Millennial,regular,1,18,2025-07-30,2026-06-24
6562,Male,Millennial,one_and_done,2,1,2026-03-13,2026-03-13
6563,Female,Millennial,loyal,1,27,2025-07-17,2026-06-13
6564,Male,Gen X,regular,6,17,2025-07-09,2026-06-24
6565,Male,Gen Z,one_and_done,2,1,2026-03-18,2026-03-18
6566,Female,Gen X,occasional,2,5,2025-10-01,2026-04-28
6567,Male,Millennial,regular,1,22,2025-07-10,2026-06-26
6568,Male,Boomer,one_and_done,1,1,2026-02-27,2026-02-27
6569,Female,Gen Z,occasional,1,5,2025-09-17,2026-06-05
6570,Male,Millennial,one_and_done,5,1,2025-08-17,2025-08-17
6571,Female,Millennial,occasional,2,6,2025-07-10,2026-03-02
6572,Male,Millennial,one_and_done,1,1,2025-11-25,2025-11-25
6573,Male,Millennial,one_and_done,4,1,2025-09-01,2025-09-01
6574,Male,Millennial,one_and_done,4,1,2025-08-05,2025-08-05
6575,Male,Gen X,one_and_done,6,1,2026-01-19,2026-01-19
6576,Male,Gen Z,one_and_done,1,1,2026-04-13,2026-04-13
6577,Female,Gen X,loyal,1,23,2025-08-15,2026-06-02
6578,Female,Gen Z,one_and_done,1,1,2025-10-07,2025-10-07
6579,Male,Gen Z,one_and_done,1,1,2025-10-30,2025-10-30
6580,Male,Millennial,regular,1,22,2025-07-07,2026-07-02
6581,Female,Millennial,one_and_done,1,1,2025-07-18,2025-07-18
6582,Female,Millennial,loyal,1,27,2025-07-01,2026-07-07
6583,Female,Gen Z,one_and_done,5,1,2025-08-23,2025-08-23
6584,Male,Gen X,one_and_done,2,1,2025-08-12,2025-08-12
6585,Female,Gen X,one_and_done,7,1,2026-06-28,2026-06-28
6586,Male,Gen Z,regular,7,15,2025-08-16,2026-06-07
6587,Male,Millennial,one_and_done,6,1,2026-03-06,2026-03-06
6588,Female,Gen X,one_and_done,5,1,2025-07-05,2025-07-05
6589,Female,Millennial,occasional,1,6,2025-11-25,2026-06-12
6590,Female,Millennial,occasional,1,6,2025-07-18,2026-03-18
6591,Female,Boomer,loyal,5,16,2025-07-07,2026-06-06
6592,Male,Millennial,regular,1,22,2025-08-10,2026-07-06
6593,Male,Gen X,regular,1,17,2025-07-04,2026-05-23
6594,Male,Millennial,regular,6,22,2025-07-22,2026-06-11
6595,Male,Boomer,one_and_done,1,1,2026-04-24,2026-04-24
6596,Male,Boomer,occasional,3,4,2026-02-23,2026-03-25
6597,Female,Millennial,one_and_done,1,1,2026-01-26,2026-01-26
6598,Male,Millennial,one_and_done,2,1,2025-07-16,2025-07-16
6599,Male,Millennial,loyal,1,32,2025-07-04,2026-07-09
6600,Male,Gen Z,occasional,9,5,2025-08-07,2026-04-21
6601,Male,Millennial,occasional,3,7,2025-07-08,2026-06-12
6602,Female,Millennial,loyal,1,27,2025-07-14,2026-06-23
6603,Male,Millennial,one_and_done,3,1,2026-03-24,2026-03-24
6604,Female,Millennial,one_and_done,1,1,2025-10-23,2025-10-23
6605,Female,Gen Z,regular,7,14,2025-07-12,2026-05-15
6606,Male,Millennial,loyal,6,32,2025-07-03,2026-06-28
6607,Male,Gen Z,regular,1,15,2025-07-25,2026-06-15
6608,Male,Gen Z,one_and_done,1,1,2026-03-13,2026-03-13
6609,Male,Millennial,one_and_done,7,1,2026-01-17,2026-01-17
6610,Male,Millennial,one_and_done,1,1,2025-12-17,2025-12-17
6611,Male,Millennial,one_and_done,8,1,2025-11-21,2025-11-21
6612,Female,Gen Z,occasional,2,5,2025-07-21,2026-05-27
6613,Male,Millennial,one_and_done,1,1,2025-11-03,2025-11-03
6614,Female,Gen Z,regular,2,14,2025-07-11,2026-04-24
6615,Male,Millennial,one_and_done,1,1,2025-11-25,2025-11-25
6616,Male,Gen Z,occasional,3,5,2025-11-05,2026-07-06
6617,Male,Boomer,one_and_done,2,1,2026-03-13,2026-03-13
6618,Female,Millennial,occasional,6,6,2025-07-13,2026-06-03
6619,Male,Boomer,occasional,2,4,2025-08-08,2026-03-20
6620,Female,Millennial,one_and_done,1,1,2026-04-21,2026-04-21
6621,Male,Gen Z,one_and_done,7,1,2026-04-10,2026-04-10
6622,Female,Millennial,occasional,1,6,2025-10-13,2026-02-28
6623,Male,Millennial,regular,3,22,2025-07-14,2026-07-03
6624,Female,Millennial,occasional,2,6,2026-01-09,2026-07-06
6625,Female,Gen X,regular,1,15,2025-07-31,2026-07-09
6626,Female,Gen Z,regular,2,14,2025-07-23,2026-06-04
6627,Male,Millennial,occasional,1,7,2025-08-10,2026-03-17
6628,Male,Millennial,one_and_done,1,1,2026-03-12,2026-03-12
6629,Male,Boomer,occasional,4,4,2025-11-28,2026-05-14
6630,Male,Millennial,one_and_done,1,1,2026-05-21,2026-05-21
6631,Male,Millennial,occasional,3,7,2025-09-08,2026-05-30
6632,Male,Gen X,occasional,6,6,2025-07-11,2026-06-19
6633,Male,Millennial,one_and_done,8,1,2026-05-30,2026-05-30
6634,Male,Millennial,one_and_done,1,1,2025-08-09,2025-08-09
6635,Male,Gen Z,regular,1,15,2025-07-02,2026-05-28
6636,Male,Gen Z,regular,1,15,2025-08-27,2026-07-06
6637,Female,Millennial,regular,1,18,2025-07-12,2026-06-18
6638,Female,Millennial,one_and_done,3,1,2026-05-14,2026-05-14
6639,Female,Millennial,one_and_done,1,1,2026-06-06,2026-06-06
6640,Male,Millennial,one_and_done,7,1,2026-03-07,2026-03-07
6641,Male,Millennial,one_and_done,1,1,2025-11-07,2025-11-07
6642,Male,Gen Z,regular,1,15,2025-07-14,2026-06-06
6643,Male,Millennial,one_and_done,1,1,2026-05-29,2026-05-29
6644,Male,Millennial,regular,2,22,2025-07-24,2026-06-30
6645,Female,Gen Z,one_and_done,1,1,2025-09-29,2025-09-29
6646,Male,Gen X,one_and_done,6,1,2026-04-18,2026-04-18
6647,Female,Millennial,occasional,1,6,2025-11-07,2026-07-05
6648,Male,Gen Z,one_and_done,2,1,2025-08-15,2025-08-15
6649,Female,Millennial,loyal,7,27,2025-07-12,2026-06-28
6650,Female,Gen X,loyal,2,23,2025-07-24,2026-06-20
6651,Female,Millennial,one_and_done,5,1,2025-08-28,2025-08-28
6652,Female,Gen Z,one_and_done,3,1,2025-08-13,2025-08-13
6653,Male,Gen Z,regular,1,15,2025-08-01,2026-05-22
6654,Female,Millennial,one_and_done,1,1,2026-03-10,2026-03-10
6655,Male,Gen X,regular,2,17,2025-07-01,2026-06-02
6656,Male,Gen X,occasional,1,6,2025-07-15,2026-06-13
6657,Male,Millennial,one_and_done,4,1,2026-02-17,2026-02-17
6658,Male,Boomer,one_and_done,1,1,2026-04-20,2026-04-20
6659,Female,Gen X,occasional,3,5,2025-09-11,2026-06-10
6660,Male,Gen Z,loyal,1,23,2025-08-24,2026-06-25
6661,Male,Boomer,loyal,1,18,2025-07-09,2026-07-02
6662,Female,Millennial,one_and_done,2,1,2025-12-06,2025-12-06
6663,Male,Gen Z,one_and_done,1,1,2026-05-28,2026-05-28
6664,Female,Gen X,loyal,4,23,2025-07-05,2026-06-03
6665,Male,Millennial,one_and_done,1,1,2025-10-28,2025-10-28
6666,Female,Gen X,one_and_done,2,1,2026-05-25,2026-05-25
6667,Male,Millennial,one_and_done,1,1,2025-10-17,2025-10-17
6668,Male,Millennial,occasional,1,7,2025-07-12,2026-05-26
6669,Male,Gen X,occasional,1,6,2025-10-01,2026-05-15
6670,Male,Gen Z,regular,1,15,2025-07-28,2026-07-07
6671,Female,Gen Z,occasional,1,5,2025-07-30,2026-03-09
6672,Male,Gen Z,one_and_done,2,1,2025-11-01,2025-11-01
6673,Male,Gen Z,regular,4,15,2025-07-02,2026-06-13
6674,Male,Gen X,loyal,7,25,2025-09-27,2026-06-26
6675,Male,Millennial,one_and_done,4,1,2025-08-08,2025-08-08
6676,Male,Gen X,regular,2,17,2025-07-03,2026-06-13
6677,Male,Gen X,occasional,3,6,2025-11-21,2026-05-15
6678,Male,Gen Z,one_and_done,7,1,2026-01-09,2026-01-09
6679,Male,Gen Z,one_and_done,1,1,2026-05-15,2026-05-15
6680,Male,Millennial,regular,1,22,2025-07-08,2026-05-13
6681,Male,Millennial,occasional,1,7,2025-07-30,2026-07-02
6682,Female,Gen Z,one_and_done,1,1,2025-11-22,2025-11-22
6683,Male,Gen Z,regular,4,15,2025-07-23,2026-06-16
6684,Male,Gen X,occasional,1,6,2025-11-13,2026-06-10
6685,Female,Millennial,regular,4,18,2025-07-04,2026-06-12
6686,Male,Millennial,one_and_done,1,1,2025-08-10,2025-08-10
6687,Male,Millennial,one_and_done,9,1,2025-09-21,2025-09-21
6688,Female,Gen X,one_and_done,2,1,2025-09-11,2025-09-11
6689,Male,Millennial,regular,1,22,2025-07-01,2026-06-22
6690,Male,Millennial,one_and_done,1,1,2026-06-20,2026-06-20
6691,Male,Gen X,occasional,3,6,2025-07-23,2026-03-23
6692,Female,Millennial,one_and_done,6,1,2026-05-23,2026-05-23
6693,Female,Millennial,regular,2,18,2025-07-02,2026-06-13
6694,Male,Gen Z,one_and_done,2,1,2026-04-21,2026-04-21
6695,Male,Gen Z,regular,1,15,2025-08-03,2026-06-04
6696,Male,Gen Z,one_and_done,1,1,2026-01-04,2026-01-04
6697,Female,Millennial,one_and_done,2,1,2026-04-22,2026-04-22
6698,Male,Gen Z,loyal,1,23,2025-07-08,2026-07-08
6699,Male,Millennial,loyal,1,32,2025-07-08,2026-06-30
6700,Male,Gen X,occasional,1,6,2025-09-27,2026-06-20
6701,Male,Gen X,occasional,1,6,2025-09-23,2026-06-10
6702,Male,Millennial,occasional,1,7,2025-08-23,2026-06-23
6703,Male,Millennial,loyal,2,32,2025-07-02,2026-06-26
6704,Male,Gen Z,loyal,1,23,2025-08-09,2026-07-07
6705,Female,Millennial,one_and_done,2,1,2026-01-03,2026-01-03
6706,Male,Gen Z,one_and_done,1,1,2026-03-27,2026-03-27
6707,Female,Gen Z,one_and_done,1,1,2026-04-21,2026-04-21
6708,Male,Gen X,occasional,1,6,2025-07-27,2026-02-26
6709,Female,Millennial,loyal,1,27,2025-07-09,2026-06-21
6710,Female,Gen Z,one_and_done,1,1,2026-06-26,2026-06-26
6711,Female,Boomer,one_and_done,1,1,2026-03-12,2026-03-12
6712,Male,Gen X,one_and_done,3,1,2025-10-14,2025-10-14
6713,Male,Boomer,regular,1,12,2025-10-17,2026-07-04
6714,Female,Gen Z,occasional,1,5,2025-07-10,2026-04-29
6715,Male,Gen Z,occasional,1,5,2025-07-20,2026-05-27
6716,Male,Gen X,regular,2,17,2025-07-20,2026-07-03
6717,Male,Gen X,occasional,1,6,2025-10-22,2026-07-04
6718,Male,Gen Z,one_and_done,1,1,2025-07-20,2025-07-20
6719,Male,Millennial,one_and_done,2,1,2025-10-31,2025-10-31
6720,Male,Millennial,occasional,1,7,2025-07-18,2026-05-25
6721,Male,Millennial,one_and_done,1,1,2026-04-20,2026-04-20
6722,Female,Gen Z,one_and_done,1,1,2026-02-25,2026-02-25
6723,Male,Millennial,one_and_done,2,1,2025-12-05,2025-12-05
6724,Male,Boomer,one_and_done,1,1,2025-11-20,2025-11-20
6725,Female,Millennial,regular,1,18,2025-07-03,2026-06-04
6726,Male,Boomer,one_and_done,1,1,2026-06-12,2026-06-12
6727,Female,Millennial,regular,1,18,2025-07-28,2026-05-24
6728,Male,Gen Z,loyal,4,23,2025-07-03,2026-06-18
6729,Male,Millennial,occasional,1,7,2025-07-27,2026-05-07
6730,Male,Millennial,one_and_done,8,1,2026-06-13,2026-06-13
6731,Female,Millennial,occasional,10,6,2025-08-02,2026-07-07
6732,Female,Millennial,loyal,1,27,2025-07-17,2026-07-08
6733,Male,Millennial,loyal,1,32,2025-07-04,2026-07-04
6734,Male,Boomer,one_and_done,2,1,2026-05-23,2026-05-23
6735,Male,Millennial,occasional,6,7,2025-07-22,2026-06-19
6736,Female,Millennial,occasional,1,6,2025-10-21,2026-06-02
6737,Female,Millennial,one_and_done,1,1,2026-07-02,2026-07-02
6738,Male,Gen Z,one_and_done,1,1,2026-06-11,2026-06-11
6739,Female,Millennial,loyal,5,27,2025-07-04,2026-06-29
6740,Male,Millennial,one_and_done,1,1,2025-08-14,2025-08-14
6741,Male,Millennial,one_and_done,1,1,2026-05-04,2026-05-04
6742,Male,Gen Z,one_and_done,3,1,2025-12-29,2025-12-29
6743,Female,Gen Z,one_and_done,1,1,2025-12-21,2025-12-21
6744,Male,Millennial,regular,1,22,2025-07-31,2026-07-07
6745,Male,Boomer,one_and_done,1,1,2026-02-24,2026-02-24
6746,Male,Gen Z,occasional,1,5,2025-08-30,2026-06-26
6747,Male,Millennial,one_and_done,4,1,2026-03-14,2026-03-14
6748,Male,Gen X,one_and_done,1,1,2025-12-25,2025-12-25
6749,Male,Millennial,occasional,1,7,2025-07-04,2026-06-19
6750,Female,Millennial,occasional,4,6,2025-12-03,2026-04-07
6751,Male,Millennial,occasional,1,7,2025-07-04,2026-05-10
6752,Female,Gen X,one_and_done,3,1,2026-04-23,2026-04-23
6753,Male,Millennial,one_and_done,6,1,2026-06-28,2026-06-28
6754,Male,Millennial,regular,5,22,2025-07-03,2026-07-09
6755,Male,Millennial,occasional,1,7,2025-10-06,2026-07-02
6756,Male,Boomer,regular,1,12,2025-10-04,2026-06-20
6757,Male,Gen Z,one_and_done,1,1,2026-06-11,2026-06-11
6758,Female,Boomer,one_and_done,1,1,2025-07-07,2025-07-07
6759,Male,Gen X,occasional,5,6,2025-08-01,2026-06-24
6760,Male,Boomer,occasional,3,4,2025-08-09,2025-11-29
6761,Male,Boomer,one_and_done,4,1,2026-01-27,2026-01-27
6762,Female,Millennial,one_and_done,3,1,2026-03-24,2026-03-24
6763,Female,Millennial,one_and_done,1,1,2025-07-09,2025-07-09
6764,Male,Gen Z,loyal,4,23,2025-07-09,2026-06-26
6765,Male,Gen X,occasional,1,6,2025-07-11,2026-05-16
6766,Male,Boomer,one_and_done,1,1,2025-12-15,2025-12-15
6767,Male,Gen Z,regular,1,15,2025-07-07,2026-05-28
6768,Male,Boomer,one_and_done,6,1,2025-08-27,2025-08-27
6769,Male,Gen Z,one_and_done,1,1,2026-04-08,2026-04-08
6770,Male,Gen X,occasional,5,6,2025-09-01,2026-06-15
6771,Male,Gen Z,one_and_done,1,1,2025-10-24,2025-10-24
6772,Female,Millennial,occasional,4,6,2025-07-19,2026-07-07
6773,Male,Millennial,one_and_done,1,1,2026-06-03,2026-06-03
6774,Female,Millennial,regular,1,18,2025-09-20,2026-07-09
6775,Male,Millennial,one_and_done,5,1,2025-11-05,2025-11-05
6776,Female,Millennial,one_and_done,4,1,2026-06-06,2026-06-06
6777,Male,Gen Z,one_and_done,1,1,2026-03-27,2026-03-27
6778,Male,Millennial,regular,2,22,2025-07-19,2026-06-04
6779,Male,Boomer,one_and_done,5,1,2025-11-05,2025-11-05
6780,Female,Millennial,one_and_done,1,1,2026-04-01,2026-04-01
6781,Male,Millennial,regular,9,22,2025-07-23,2026-07-02
6782,Female,Gen Z,one_and_done,1,1,2026-06-16,2026-06-16
6783,Female,Gen Z,one_and_done,4,1,2026-05-31,2026-05-31
6784,Male,Millennial,loyal,1,32,2025-07-18,2026-07-02
6785,Female,Gen Z,occasional,7,5,2025-09-24,2026-04-26
6786,Male,Millennial,regular,6,22,2025-07-07,2026-07-02
6787,Female,Millennial,occasional,2,6,2025-07-07,2026-02-17
6788,Female,Gen Z,one_and_done,1,1,2026-04-09,2026-04-09
6789,Female,Millennial,one_and_done,1,1,2025-12-21,2025-12-21
6790,Male,Millennial,loyal,1,32,2025-07-02,2026-07-06
6791,Male,Millennial,one_and_done,4,1,2025-09-30,2025-09-30
6792,Male,Boomer,regular,4,12,2025-08-14,2026-07-04
6793,Male,Gen X,occasional,4,6,2025-08-07,2026-03-31
6794,Male,Gen X,one_and_done,1,1,2025-11-29,2025-11-29
6795,Male,Gen Z,loyal,1,23,2025-07-05,2026-07-09
6796,Male,Gen Z,one_and_done,1,1,2025-08-02,2025-08-02
6797,Male,Millennial,occasional,1,7,2025-07-26,2026-07-03
6798,Female,Gen X,occasional,1,5,2026-01-05,2026-06-26
6799,Male,Millennial,regular,1,22,2025-07-02,2026-07-08
6800,Male,Millennial,regular,2,22,2025-07-03,2026-07-02
6801,Male,Millennial,one_and_done,1,1,2026-03-07,2026-03-07
6802,Male,Gen Z,one_and_done,4,1,2026-01-30,2026-01-30
6803,Female,Millennial,regular,1,18,2025-09-10,2026-06-10
6804,Male,Gen X,one_and_done,1,1,2026-06-21,2026-06-21
6805,Female,Millennial,one_and_done,1,1,2025-11-23,2025-11-23
6806,Female,Gen X,regular,1,15,2025-07-05,2026-06-22
6807,Female,Millennial,loyal,2,27,2025-07-04,2026-07-07
6808,Male,Millennial,regular,2,22,2025-07-05,2026-06-23
6809,Male,Gen X,one_and_done,1,1,2026-06-09,2026-06-09
6810,Male,Gen X,regular,1,17,2025-07-10,2026-06-21
6811,Female,Gen X,occasional,1,5,2025-10-03,2026-07-02
6812,Male,Millennial,one_and_done,1,1,2026-05-27,2026-05-27
6813,Male,Boomer,occasional,1,4,2025-07-18,2026-03-27
6814,Male,Millennial,loyal,2,32,2025-07-01,2026-07-03
6815,Male,Boomer,one_and_done,1,1,2025-08-26,2025-08-26
6816,Male,Millennial,regular,3,22,2025-07-09,2026-07-01
6817,Male,Gen X,occasional,1,6,2025-09-01,2026-07-06
6818,Male,Millennial,regular,1,22,2025-07-15,2026-07-06
6819,Female,Gen X,loyal,8,23,2025-07-08,2026-07-08
6820,Male,Millennial,one_and_done,1,1,2026-02-28,2026-02-28
6821,Female,Millennial,one_and_done,9,1,2025-08-15,2025-08-15
6822,Male,Millennial,one_and_done,1,1,2025-10-16,2025-10-16
6823,Male,Millennial,occasional,1,7,2025-10-05,2026-04-24
6824,Male,Gen Z,one_and_done,9,1,2026-06-09,2026-06-09
6825,Male,Gen Z,occasional,2,5,2025-07-11,2026-04-27
6826,Male,Millennial,regular,7,22,2025-07-19,2026-07-09
6827,Male,Gen Z,one_and_done,1,1,2025-12-29,2025-12-29
6828,Female,Millennial,one_and_done,6,1,2026-01-07,2026-01-07
6829,Female,Gen X,occasional,1,5,2025-08-22,2026-07-02
6830,Female,Millennial,one_and_done,1,1,2026-03-03,2026-03-03
6831,Male,Millennial,loyal,5,32,2025-07-04,2026-06-08
6832,Male,Gen X,one_and_done,1,1,2026-04-23,2026-04-23
6833,Male,Millennial,one_and_done,3,1,2025-07-27,2025-07-27
6834,Male,Millennial,occasional,1,7,2025-09-20,2026-05-15
6835,Male,Gen X,regular,1,17,2025-07-06,2026-07-04
6836,Male,Gen Z,occasional,5,5,2025-09-13,2026-04-10
6837,Female,Millennial,regular,1,18,2025-07-03,2026-07-02
6838,Male,Millennial,one_and_done,1,1,2026-01-10,2026-01-10
6839,Female,Gen Z,one_and_done,1,1,2026-06-04,2026-06-04
6840,Male,Millennial,regular,1,22,2025-07-07,2026-05-17
6841,Male,Gen Z,one_and_done,8,1,2026-03-25,2026-03-25
6842,Female,Millennial,one_and_done,1,1,2025-08-07,2025-08-07
6843,Male,Gen X,one_and_done,1,1,2026-02-24,2026-02-24
6844,Female,Gen X,loyal,1,23,2025-07-07,2026-06-07
6845,Female,Boomer,one_and_done,2,1,2025-10-18,2025-10-18
6846,Female,Gen X,loyal,1,23,2025-08-28,2026-06-08
6847,Male,Millennial,regular,3,22,2025-07-15,2026-07-09
6848,Female,Millennial,one_and_done,1,1,2026-05-14,2026-05-14
6849,Male,Millennial,loyal,1,32,2025-07-07,2026-06-10
6850,Male,Gen Z,one_and_done,3,1,2026-01-25,2026-01-25
6851,Male,Gen X,loyal,1,25,2025-07-13,2026-07-03
6852,Female,Gen Z,one_and_done,2,1,2026-06-06,2026-06-06
6853,Male,Millennial,regular,4,22,2025-07-06,2026-07-01
6854,Male,Millennial,loyal,1,32,2025-07-01,2026-07-01
6855,Female,Boomer,occasional,1,4,2025-08-05,2026-01-18
6856,Male,Millennial,regular,1,22,2025-07-26,2026-06-18
6857,Female,Gen X,loyal,1,23,2025-07-02,2026-06-28
6858,Male,Millennial,regular,1,22,2025-07-11,2026-07-08
6859,Female,Millennial,occasional,3,6,2025-08-22,2026-01-19
6860,Female,Millennial,occasional,1,6,2025-09-04,2026-06-27
6861,Male,Millennial,one_and_done,1,1,2026-03-25,2026-03-25
6862,Male,Millennial,one_and_done,7,1,2026-01-07,2026-01-07
6863,Female,Gen X,one_and_done,4,1,2025-09-28,2025-09-28
6864,Male,Millennial,regular,2,22,2025-07-09,2026-06-20
6865,Male,Gen X,loyal,1,25,2025-07-04,2026-07-05
6866,Male,Millennial,occasional,1,7,2025-08-03,2026-06-24
6867,Male,Gen X,occasional,3,6,2025-11-30,2026-07-04
6868,Female,Millennial,one_and_done,3,1,2025-10-10,2025-10-10
6869,Male,Gen Z,regular,1,15,2025-07-04,2026-07-08
6870,Male,Millennial,occasional,5,7,2025-08-03,2026-07-01
6871,Male,Gen X,occasional,1,6,2025-08-06,2026-04-21
6872,Male,Gen X,one_and_done,1,1,2025-08-24,2025-08-24
6873,Male,Gen X,one_and_done,4,1,2026-02-22,2026-02-22
6874,Female,Gen Z,occasional,1,5,2025-08-05,2026-05-10
6875,Male,Millennial,loyal,2,32,2025-07-01,2026-07-08
6876,Male,Gen Z,one_and_done,4,1,2026-04-27,2026-04-27
6877,Male,Gen X,one_and_done,1,1,2026-06-23,2026-06-23
6878,Male,Gen X,regular,1,17,2025-07-07,2026-06-28
6879,Female,Gen Z,one_and_done,1,1,2026-03-19,2026-03-19
6880,Female,Gen X,loyal,1,23,2025-07-13,2026-07-04
6881,Female,Millennial,regular,6,18,2025-08-09,2026-07-09
6882,Male,Millennial,regular,6,22,2025-07-15,2026-06-21
6883,Male,Millennial,regular,1,22,2025-07-08,2026-07-02
6884,Female,Boomer,regular,1,11,2025-07-18,2026-07-02
6885,Male,Millennial,one_and_done,3,1,2026-05-02,2026-05-02
6886,Male,Gen Z,occasional,3,5,2025-11-19,2026-06-17
6887,Male,Gen Z,one_and_done,1,1,2025-09-23,2025-09-23
6888,Female,Millennial,loyal,1,27,2025-07-07,2026-06-17
6889,Male,Gen X,one_and_done,1,1,2026-02-27,2026-02-27
6890,Male,Millennial,regular,1,22,2025-07-19,2026-07-03
6891,Male,Millennial,regular,1,22,2025-07-18,2026-07-04
6892,Male,Gen Z,regular,1,15,2025-07-06,2026-05-28
6893,Male,Millennial,one_and_done,3,1,2026-02-20,2026-02-20
6894,Male,Millennial,one_and_done,1,1,2026-02-21,2026-02-21
6895,Male,Boomer,one_and_done,3,1,2026-03-10,2026-03-10
6896,Female,Gen Z,occasional,4,5,2025-10-09,2026-04-03
6897,Female,Millennial,one_and_done,1,1,2025-10-28,2025-10-28
6898,Male,Millennial,one_and_done,4,1,2026-05-13,2026-05-13
6899,Male,Millennial,one_and_done,5,1,2025-08-22,2025-08-22
6900,Male,Gen Z,one_and_done,4,1,2025-07-02,2025-07-02
6901,Female,Gen X,one_and_done,1,1,2025-09-11,2025-09-11
6902,Female,Boomer,occasional,3,4,2025-09-30,2025-12-24
6903,Female,Millennial,one_and_done,1,1,2026-02-28,2026-02-28
6904,Female,Millennial,one_and_done,1,1,2026-03-05,2026-03-05
6905,Male,Gen Z,one_and_done,3,1,2025-07-11,2025-07-11
6906,Female,Gen Z,occasional,1,5,2025-08-13,2026-05-24
6907,Male,Gen Z,occasional,1,5,2025-11-14,2026-06-30
6908,Male,Millennial,one_and_done,1,1,2026-03-17,2026-03-17
6909,Female,Gen Z,loyal,2,20,2025-08-18,2026-07-02
6910,Male,Gen X,one_and_done,1,1,2025-12-26,2025-12-26
6911,Female,Gen Z,one_and_done,1,1,2026-02-22,2026-02-22
6912,Female,Boomer,occasional,8,4,2025-08-02,2026-07-07
6913,Male,Millennial,regular,1,22,2025-07-09,2026-07-04
6914,Male,Gen Z,occasional,1,5,2025-07-16,2026-06-12
6915,Male,Gen Z,loyal,7,23,2025-07-17,2026-07-08
6916,Female,Millennial,one_and_done,1,1,2026-04-28,2026-04-28
6917,Male,Millennial,one_and_done,2,1,2025-11-11,2025-11-11
6918,Female,Gen X,occasional,6,5,2025-07-24,2026-05-18
6919,Male,Gen X,occasional,1,6,2025-08-07,2026-06-13
6920,Male,Gen Z,loyal,2,23,2025-07-18,2026-06-25
6921,Male,Gen X,loyal,2,25,2025-07-26,2026-07-03
6922,Male,Millennial,occasional,3,7,2025-07-09,2026-02-21
6923,Male,Millennial,regular,1,22,2025-07-28,2026-07-09
6924,Female,Gen X,occasional,1,5,2025-12-25,2026-04-22
6925,Male,Millennial,one_and_done,1,1,2026-04-14,2026-04-14
6926,Female,Millennial,one_and_done,1,1,2025-12-13,2025-12-13
6927,Male,Millennial,occasional,5,7,2025-07-19,2026-05-11
6928,Female,Millennial,one_and_done,1,1,2026-01-16,2026-01-16
6929,Male,Millennial,regular,1,22,2025-07-11,2026-05-25
6930,Male,Millennial,regular,1,22,2025-07-19,2026-05-25
6931,Male,Boomer,regular,1,12,2025-07-02,2026-02-08
6932,Male,Millennial,occasional,1,7,2025-07-23,2026-04-22
6933,Male,Gen X,one_and_done,4,1,2026-02-21,2026-02-21
6934,Female,Millennial,one_and_done,8,1,2026-06-21,2026-06-21
6935,Male,Boomer,loyal,3,18,2025-07-01,2026-06-28
6936,Female,Millennial,one_and_done,5,1,2026-05-23,2026-05-23
6937,Male,Gen Z,occasional,1,5,2025-07-30,2026-04-13
6938,Female,Gen X,one_and_done,2,1,2025-08-28,2025-08-28
6939,Male,Gen Z,one_and_done,2,1,2026-06-12,2026-06-12
6940,Male,Gen Z,occasional,3,5,2025-10-02,2026-06-06
6941,Male,Gen X,one_and_done,4,1,2025-08-02,2025-08-02
6942,Male,Millennial,occasional,4,7,2025-12-15,2026-06-21
6943,Female,Boomer,one_and_done,5,1,2026-06-22,2026-06-22
6944,Female,Boomer,loyal,7,16,2025-10-07,2026-06-28
6945,Male,Millennial,one_and_done,1,1,2026-01-24,2026-01-24
6946,Male,Millennial,occasional,2,7,2025-07-16,2026-06-16
6947,Female,Millennial,occasional,4,6,2025-08-04,2026-04-08
6948,Female,Boomer,loyal,3,16,2025-08-22,2026-06-30
6949,Male,Boomer,one_and_done,1,1,2025-09-21,2025-09-21
6950,Male,Gen Z,occasional,2,5,2025-07-09,2026-04-03
6951,Male,Millennial,one_and_done,1,1,2025-10-04,2025-10-04
6952,Male,Gen X,loyal,5,25,2025-07-27,2026-06-17
6953,Male,Gen Z,one_and_done,2,1,2026-01-12,2026-01-12
6954,Female,Millennial,one_and_done,1,1,2026-04-22,2026-04-22
6955,Male,Gen Z,one_and_done,1,1,2025-10-31,2025-10-31
6956,Female,Millennial,one_and_done,2,1,2026-01-03,2026-01-03
6957,Female,Boomer,regular,4,11,2025-08-30,2026-05-20
6958,Male,Boomer,occasional,4,4,2025-07-12,2026-07-06
6959,Male,Millennial,regular,3,22,2025-07-08,2026-06-23
6960,Female,Millennial,one_and_done,1,1,2025-12-03,2025-12-03
6961,Male,Millennial,one_and_done,1,1,2026-01-08,2026-01-08
6962,Female,Millennial,loyal,1,27,2025-07-30,2026-06-30
6963,Male,Millennial,loyal,7,32,2025-07-08,2026-06-26
6964,Female,Millennial,one_and_done,6,1,2026-01-08,2026-01-08
6965,Female,Gen Z,one_and_done,1,1,2025-11-24,2025-11-24
6966,Male,Gen Z,regular,1,15,2025-07-12,2026-07-03
6967,Female,Gen X,occasional,1,5,2025-07-19,2026-07-02
6968,Male,Gen Z,regular,1,15,2025-08-01,2026-06-05
6969,Male,Millennial,one_and_done,3,1,2026-04-17,2026-04-17
6970,Female,Millennial,loyal,4,27,2025-07-18,2026-06-12
6971,Female,Gen Z,regular,1,14,2025-07-18,2026-05-24
6972,Male,Gen Z,one_and_done,6,1,2025-10-23,2025-10-23
6973,Female,Millennial,one_and_done,1,1,2026-02-19,2026-02-19
6974,Male,Millennial,one_and_done,1,1,2025-10-21,2025-10-21
6975,Female,Gen X,regular,1,15,2025-08-05,2026-06-10
6976,Male,Millennial,occasional,1,7,2025-07-24,2026-07-08
6977,Male,Millennial,occasional,2,7,2025-08-05,2026-07-06
6978,Female,Millennial,regular,3,18,2025-07-29,2026-06-02
6979,Male,Gen Z,one_and_done,3,1,2025-08-15,2025-08-15
6980,Male,Gen Z,regular,1,15,2025-07-11,2026-06-12
6981,Female,Gen Z,occasional,1,5,2025-07-14,2026-07-07
6982,Male,Gen Z,occasional,5,5,2025-08-23,2026-05-23
6983,Male,Millennial,occasional,5,7,2025-12-08,2026-06-30
6984,Female,Boomer,one_and_done,1,1,2026-05-15,2026-05-15
6985,Male,Millennial,regular,1,22,2025-07-16,2026-07-07
6986,Female,Gen X,one_and_done,1,1,2025-07-24,2025-07-24
6987,Male,Gen X,regular,4,17,2025-07-12,2026-06-20
6988,Male,Millennial,one_and_done,8,1,2026-03-11,2026-03-11
6989,Female,Millennial,occasional,2,6,2025-07-06,2026-04-12
6990,Male,Millennial,loyal,1,32,2025-08-05,2026-07-09
6991,Male,Millennial,occasional,3,7,2025-11-20,2026-06-24
6992,Female,Millennial,one_and_done,1,1,2026-02-15,2026-02-15
6993,Male,Millennial,one_and_done,1,1,2025-07-06,2025-07-06
6994,Female,Millennial,occasional,7,6,2025-08-16,2026-06-20
6995,Female,Gen Z,one_and_done,1,1,2026-02-06,2026-02-06
6996,Female,Millennial,occasional,1,6,2025-08-15,2026-02-28
6997,Female,Boomer,loyal,2,16,2025-07-23,2026-06-30
6998,Female,Gen X,one_and_done,1,1,2026-05-15,2026-05-15
6999,Female,Millennial,occasional,4,6,2025-09-24,2026-05-09
7000,Male,Gen X,one_and_done,1,1,2025-09-06,2025-09-06
7001,Male,Millennial,one_and_done,1,1,2026-01-27,2026-01-27
7002,Male,Gen X,loyal,10,25,2025-07-20,2026-06-30
7003,Male,Gen Z,one_and_done,2,1,2026-02-22,2026-02-22
7004,Female,Gen X,loyal,10,23,2025-07-12,2026-05-25
7005,Male,Gen Z,one_and_done,1,1,2026-06-16,2026-06-16
7006,Male,Gen Z,one_and_done,1,1,2025-12-10,2025-12-10
7007,Female,Millennial,regular,2,18,2025-07-03,2026-05-29
7008,Male,Millennial,one_and_done,2,1,2025-07-30,2025-07-30
7009,Male,Millennial,one_and_done,1,1,2025-07-17,2025-07-17
7010,Male,Gen Z,one_and_done,6,1,2026-03-20,2026-03-20
7011,Male,Gen Z,one_and_done,2,1,2025-07-07,2025-07-07
7012,Male,Gen X,one_and_done,1,1,2026-02-25,2026-02-25
7013,Female,Gen Z,occasional,1,5,2025-07-31,2026-04-03
7014,Male,Millennial,loyal,6,32,2025-07-04,2026-07-03
7015,Male,Gen X,regular,4,17,2025-07-16,2026-06-29
7016,Male,Millennial,occasional,2,7,2025-08-29,2026-04-19
7017,Male,Millennial,occasional,4,7,2025-08-23,2026-07-04
7018,Male,Millennial,regular,2,22,2025-07-12,2026-06-09
7019,Male,Gen Z,regular,2,15,2025-07-01,2026-07-04
7020,Male,Millennial,occasional,4,7,2025-10-12,2026-04-25
7021,Male,Gen Z,one_and_done,4,1,2026-06-13,2026-06-13
7022,Female,Millennial,regular,1,18,2025-07-24,2026-06-18
7023,Male,Gen Z,regular,3,15,2025-07-19,2026-07-03
7024,Male,Millennial,one_and_done,1,1,2025-09-29,2025-09-29
7025,Male,Gen Z,one_and_done,2,1,2025-09-29,2025-09-29
7026,Male,Millennial,one_and_done,4,1,2026-03-04,2026-03-04
7027,Male,Gen Z,one_and_done,3,1,2026-01-12,2026-01-12
7028,Male,Millennial,loyal,5,32,2025-07-02,2026-06-30
7029,Male,Millennial,occasional,5,7,2025-08-30,2026-04-03
7030,Male,Millennial,one_and_done,1,1,2026-06-07,2026-06-07
7031,Female,Millennial,loyal,1,27,2025-07-26,2026-06-29
7032,Male,Gen X,occasional,5,6,2025-07-22,2026-06-30
7033,Male,Millennial,one_and_done,2,1,2026-06-11,2026-06-11
7034,Female,Millennial,one_and_done,1,1,2025-10-31,2025-10-31
7035,Male,Gen Z,occasional,2,5,2025-08-31,2025-11-28
7036,Male,Gen X,one_and_done,1,1,2026-03-28,2026-03-28
7037,Male,Millennial,occasional,4,7,2025-07-16,2026-07-01
7038,Female,Gen Z,one_and_done,1,1,2026-06-12,2026-06-12
7039,Male,Millennial,occasional,3,7,2025-10-11,2026-06-20
7040,Female,Millennial,one_and_done,1,1,2025-08-04,2025-08-04
7041,Male,Millennial,one_and_done,5,1,2026-03-22,2026-03-22
7042,Female,Gen X,one_and_done,1,1,2025-10-11,2025-10-11
7043,Female,Millennial,one_and_done,2,1,2025-11-01,2025-11-01
7044,Male,Gen X,regular,2,17,2025-07-02,2026-06-26
7045,Male,Millennial,regular,9,22,2025-07-11,2026-07-04
7046,Male,Gen Z,one_and_done,1,1,2026-04-01,2026-04-01
7047,Female,Gen X,loyal,1,23,2025-07-10,2026-06-27
7048,Female,Gen Z,one_and_done,2,1,2025-08-04,2025-08-04
7049,Male,Millennial,loyal,3,32,2025-07-08,2026-07-04
7050,Female,Gen X,one_and_done,2,1,2025-10-20,2025-10-20
7051,Female,Gen X,regular,4,15,2025-07-05,2026-05-11
7052,Male,Millennial,one_and_done,1,1,2025-09-13,2025-09-13
7053,Male,Boomer,occasional,3,4,2025-07-17,2026-04-10
7054,Male,Millennial,one_and_done,1,1,2025-11-12,2025-11-12
7055,Female,Millennial,occasional,1,6,2025-09-05,2026-05-01
7056,Female,Gen X,one_and_done,2,1,2025-07-06,2025-07-06
7057,Male,Millennial,one_and_done,1,1,2025-09-17,2025-09-17
7058,Male,Gen Z,occasional,4,5,2025-08-11,2026-03-17
7059,Male,Millennial,occasional,1,7,2025-07-16,2026-03-06
7060,Male,Millennial,one_and_done,3,1,2026-07-09,2026-07-09
7061,Female,Gen Z,one_and_done,7,1,2026-03-26,2026-03-26
7062,Male,Boomer,occasional,2,4,2025-08-16,2026-07-01
7063,Male,Gen Z,regular,1,15,2025-07-06,2026-06-01
7064,Female,Millennial,one_and_done,6,1,2026-06-24,2026-06-24
7065,Male,Millennial,regular,1,22,2025-07-05,2026-07-02
7066,Female,Millennial,one_and_done,1,1,2025-12-26,2025-12-26
7067,Male,Gen Z,occasional,1,5,2025-07-10,2026-01-17
7068,Female,Millennial,regular,2,18,2025-07-26,2026-06-12
7069,Male,Millennial,occasional,7,7,2025-08-13,2026-05-11
7070,Male,Millennial,one_and_done,1,1,2025-12-09,2025-12-09
7071,Female,Millennial,regular,3,18,2025-08-12,2026-06-21
7072,Male,Boomer,regular,6,12,2025-07-03,2026-05-19
7073,Female,Gen Z,one_and_done,1,1,2026-05-15,2026-05-15
7074,Male,Gen X,occasional,1,6,2025-09-11,2026-03-13
7075,Female,Millennial,occasional,2,6,2025-09-30,2026-06-23
7076,Female,Millennial,one_and_done,6,1,2026-01-06,2026-01-06
7077,Female,Gen X,one_and_done,1,1,2025-09-14,2025-09-14
7078,Male,Millennial,one_and_done,3,1,2026-04-06,2026-04-06
7079,Female,Millennial,regular,4,18,2025-07-02,2026-06-21
7080,Male,Millennial,one_and_done,1,1,2026-02-05,2026-02-05
7081,Male,Millennial,regular,1,22,2025-07-15,2026-07-08
7082,Female,Millennial,loyal,6,27,2025-07-04,2026-07-09
7083,Male,Gen X,occasional,1,6,2025-08-11,2026-06-19
7084,Male,Millennial,occasional,1,7,2025-07-04,2026-06-10
7085,Female,Millennial,occasional,1,6,2025-08-22,2026-04-12
7086,Female,Boomer,regular,3,11,2025-08-04,2026-03-12
7087,Female,Millennial,loyal,6,27,2025-07-05,2026-07-01
7088,Male,Millennial,occasional,1,7,2025-08-08,2026-06-10
7089,Female,Millennial,regular,6,18,2025-08-05,2026-06-27
7090,Female,Gen Z,occasional,1,5,2026-02-06,2026-06-26
7091,Male,Gen X,occasional,6,6,2025-09-04,2026-06-17
7092,Female,Millennial,one_and_done,2,1,2025-11-08,2025-11-08
7093,Male,Gen X,one_and_done,1,1,2026-04-25,2026-04-25
7094,Male,Millennial,occasional,9,7,2025-07-17,2026-07-04
7095,Female,Gen Z,one_and_done,1,1,2025-12-20,2025-12-20
7096,Male,Gen X,loyal,1,25,2025-07-18,2026-07-01
7097,Male,Gen X,one_and_done,1,1,2025-10-19,2025-10-19
7098,Male,Gen Z,one_and_done,2,1,2026-03-12,2026-03-12
7099,Female,Gen X,one_and_done,3,1,2026-04-30,2026-04-30
7100,Male,Gen Z,one_and_done,6,1,2026-06-23,2026-06-23
7101,Male,Millennial,occasional,1,7,2025-08-17,2026-06-24
7102,Male,Millennial,one_and_done,6,1,2026-07-03,2026-07-03
7103,Female,Gen Z,occasional,8,5,2025-07-26,2026-06-20
7104,Female,Gen X,loyal,1,23,2025-07-19,2026-07-05
7105,Male,Millennial,one_and_done,6,1,2025-11-26,2025-11-26
7106,Male,Boomer,loyal,1,18,2025-07-02,2026-04-17
7107,Male,Millennial,occasional,1,7,2025-08-15,2026-07-07
7108,Male,Millennial,regular,5,22,2025-07-15,2026-06-29
7109,Male,Millennial,one_and_done,8,1,2026-05-25,2026-05-25
7110,Male,Gen Z,one_and_done,3,1,2026-01-15,2026-01-15
7111,Male,Gen Z,one_and_done,5,1,2025-11-28,2025-11-28
7112,Female,Gen Z,regular,8,14,2025-09-01,2026-07-02
7113,Male,Millennial,one_and_done,1,1,2025-12-19,2025-12-19
7114,Male,Millennial,one_and_done,1,1,2026-03-11,2026-03-11
7115,Male,Gen Z,one_and_done,1,1,2026-05-13,2026-05-13
7116,Male,Gen Z,loyal,1,23,2025-07-05,2026-06-30
7117,Male,Gen Z,occasional,1,5,2025-07-24,2026-04-13
7118,Male,Millennial,one_and_done,4,1,2025-09-29,2025-09-29
7119,Female,Millennial,one_and_done,1,1,2025-11-28,2025-11-28
7120,Male,Millennial,occasional,4,7,2025-08-08,2026-05-27
7121,Male,Gen Z,occasional,2,5,2025-07-15,2026-03-27
7122,Male,Boomer,occasional,1,4,2025-10-24,2026-06-14
7123,Male,Gen X,loyal,1,25,2025-08-08,2026-06-30
7124,Male,Gen Z,occasional,2,5,2025-08-23,2026-03-19
7125,Male,Millennial,loyal,1,32,2025-07-12,2026-05-12
7126,Female,Gen Z,one_and_done,2,1,2025-08-14,2025-08-14
7127,Female,Millennial,loyal,1,27,2025-07-01,2026-07-02
7128,Female,Millennial,one_and_done,1,1,2025-11-19,2025-11-19
7129,Male,Millennial,one_and_done,2,1,2026-04-18,2026-04-18
7130,Female,Gen X,occasional,2,5,2025-07-14,2026-06-24
7131,Female,Gen X,one_and_done,8,1,2026-01-31,2026-01-31
7132,Male,Gen X,regular,1,17,2025-07-08,2026-07-01
7133,Male,Millennial,one_and_done,1,1,2026-03-11,2026-03-11
7134,Female,Gen X,one_and_done,1,1,2026-06-24,2026-06-24
7135,Male,Millennial,one_and_done,2,1,2026-07-02,2026-07-02
7136,Female,Millennial,loyal,1,27,2025-07-03,2026-06-29
7137,Male,Gen X,one_and_done,2,1,2025-12-24,2025-12-24
7138,Female,Gen Z,one_and_done,2,1,2026-06-29,2026-06-29
7139,Female,Millennial,loyal,3,27,2025-07-18,2026-07-09
7140,Male,Gen X,one_and_done,1,1,2026-04-23,2026-04-23
7141,Male,Gen Z,one_and_done,1,1,2026-07-05,2026-07-05
7142,Male,Millennial,one_and_done,1,1,2025-07-16,2025-07-16
7143,Female,Millennial,one_and_done,6,1,2025-11-20,2025-11-20
7144,Female,Gen X,regular,4,15,2025-07-07,2026-06-17
7145,Male,Gen X,occasional,4,6,2025-07-24,2026-06-21
7146,Male,Millennial,one_and_done,1,1,2025-09-14,2025-09-14
7147,Female,Gen X,loyal,6,23,2025-07-10,2026-05-11
7148,Male,Gen Z,one_and_done,1,1,2026-02-15,2026-02-15
7149,Male,Millennial,one_and_done,1,1,2025-11-29,2025-11-29
7150,Male,Millennial,occasional,1,7,2025-08-10,2026-06-10
7151,Male,Millennial,regular,4,22,2025-07-05,2026-07-08
7152,Male,Millennial,loyal,4,32,2025-07-26,2026-06-20
7153,Male,Millennial,occasional,1,7,2025-11-09,2026-05-21
7154,Male,Gen X,regular,1,17,2025-07-11,2026-07-04
7155,Male,Millennial,regular,3,22,2025-07-06,2026-06-30
7156,Male,Gen Z,one_and_done,7,1,2026-04-15,2026-04-15
7157,Female,Millennial,one_and_done,1,1,2025-12-29,2025-12-29
7158,Male,Millennial,one_and_done,1,1,2025-10-14,2025-10-14
7159,Male,Gen X,one_and_done,8,1,2025-08-25,2025-08-25
7160,Male,Millennial,occasional,1,7,2025-08-01,2026-04-03
7161,Male,Millennial,loyal,8,32,2025-07-03,2026-07-03
7162,Female,Millennial,loyal,1,27,2025-07-16,2026-06-26
7163,Male,Millennial,occasional,1,7,2025-08-02,2026-05-31
7164,Female,Millennial,regular,1,18,2025-07-23,2026-06-25
7165,Female,Gen Z,regular,7,14,2025-07-03,2026-06-21
7166,Male,Gen Z,one_and_done,6,1,2026-06-28,2026-06-28
7167,Male,Gen Z,regular,3,15,2025-07-28,2026-06-05
7168,Female,Millennial,occasional,5,6,2025-07-16,2026-06-26
7169,Male,Gen Z,regular,1,15,2025-08-13,2026-06-28
7170,Male,Millennial,occasional,2,7,2025-12-09,2026-05-20
7171,Male,Millennial,occasional,3,7,2025-07-08,2026-05-19
7172,Male,Millennial,occasional,1,7,2025-07-29,2026-06-20
7173,Male,Millennial,one_and_done,10,1,2025-07-05,2025-07-05
7174,Female,Millennial,occasional,4,6,2025-10-15,2026-06-25
7175,Male,Gen Z,one_and_done,7,1,2026-05-05,2026-05-05
7176,Male,Gen Z,one_and_done,1,1,2026-05-04,2026-05-04
7177,Male,Millennial,one_and_done,1,1,2026-04-24,2026-04-24
7178,Male,Millennial,regular,3,22,2025-07-05,2026-06-23
7179,Female,Gen X,one_and_done,2,1,2026-05-15,2026-05-15
7180,Male,Gen X,regular,2,17,2025-07-19,2026-07-07
7181,Female,Gen Z,regular,5,14,2025-09-23,2026-07-08
7182,Female,Millennial,regular,10,18,2025-07-05,2026-06-11
7183,Male,Millennial,loyal,2,32,2025-07-26,2026-06-27
7184,Male,Gen Z,occasional,8,5,2025-07-06,2026-04-25
7185,Male,Boomer,occasional,2,4,2025-07-27,2026-02-05
7186,Male,Boomer,regular,1,12,2025-07-06,2026-06-03
7187,Male,Millennial,loyal,6,32,2025-07-03,2026-07-08
7188,Male,Millennial,one_and_done,2,1,2026-05-04,2026-05-04
7189,Female,Gen X,occasional,1,5,2025-07-31,2026-05-10
7190,Female,Millennial,one_and_done,1,1,2026-04-23,2026-04-23
7191,Male,Millennial,occasional,1,7,2025-09-05,2026-05-27
7192,Female,Millennial,one_and_done,4,1,2025-09-17,2025-09-17
7193,Male,Millennial,one_and_done,1,1,2026-06-07,2026-06-07
7194,Female,Millennial,regular,1,18,2025-07-19,2026-07-01
7195,Male,Millennial,occasional,1,7,2025-09-28,2026-05-26
7196,Female,Gen Z,one_and_done,1,1,2026-02-19,2026-02-19
7197,Male,Gen Z,one_and_done,1,1,2025-07-05,2025-07-05
7198,Male,Millennial,one_and_done,1,1,2025-12-20,2025-12-20
7199,Female,Boomer,one_and_done,4,1,2026-02-20,2026-02-20
7200,Male,Millennial,loyal,3,32,2025-07-07,2026-06-23
7201,Female,Gen Z,one_and_done,1,1,2026-05-28,2026-05-28
7202,Female,Millennial,regular,1,18,2025-07-03,2026-07-07
7203,Male,Millennial,regular,2,22,2025-07-07,2026-07-08
7204,Male,Gen Z,one_and_done,6,1,2025-12-20,2025-12-20
7205,Female,Boomer,occasional,1,4,2026-01-01,2026-05-12
7206,Female,Gen X,occasional,5,5,2025-09-30,2026-05-12
7207,Male,Millennial,one_and_done,1,1,2026-06-10,2026-06-10
7208,Male,Millennial,one_and_done,1,1,2025-08-25,2025-08-25
7209,Male,Millennial,one_and_done,3,1,2026-04-25,2026-04-25
7210,Female,Gen Z,one_and_done,6,1,2025-08-08,2025-08-08
7211,Female,Millennial,occasional,1,6,2025-07-11,2026-03-18
7212,Female,Millennial,one_and_done,1,1,2026-05-31,2026-05-31
7213,Male,Gen Z,one_and_done,3,1,2025-10-08,2025-10-08
7214,Female,Gen Z,loyal,1,20,2025-07-23,2026-06-27
7215,Male,Millennial,regular,1,22,2025-07-10,2026-07-09
7216,Male,Millennial,occasional,1,7,2025-09-08,2026-07-06
7217,Male,Millennial,regular,1,22,2025-07-17,2026-07-02
7218,Male,Millennial,one_and_done,1,1,2025-09-14,2025-09-14
7219,Female,Millennial,occasional,1,6,2025-08-30,2026-06-11
7220,Female,Millennial,one_and_done,4,1,2026-02-08,2026-02-08
7221,Female,Gen X,loyal,1,23,2025-07-04,2026-06-19
7222,Male,Millennial,occasional,1,7,2025-08-14,2026-06-26
7223,Female,Gen Z,one_and_done,1,1,2026-01-30,2026-01-30
7224,Male,Boomer,occasional,1,4,2025-11-11,2026-03-21
7225,Male,Gen X,occasional,4,6,2025-10-29,2026-04-30
7226,Female,Millennial,one_and_done,4,1,2026-01-17,2026-01-17
7227,Female,Gen Z,regular,6,14,2025-09-25,2026-06-07
7228,Male,Millennial,regular,4,22,2025-07-18,2026-07-06
7229,Female,Millennial,one_and_done,5,1,2026-01-24,2026-01-24
7230,Male,Gen X,regular,3,17,2025-07-25,2026-07-09
7231,Male,Gen Z,one_and_done,1,1,2025-08-18,2025-08-18
7232,Female,Gen Z,occasional,3,5,2025-07-21,2026-01-24
7233,Female,Gen Z,regular,2,14,2025-07-24,2026-05-22
7234,Male,Millennial,occasional,1,7,2025-07-10,2026-04-15
7235,Male,Millennial,one_and_done,4,1,2026-01-17,2026-01-17
7236,Male,Millennial,one_and_done,10,1,2026-02-15,2026-02-15
7237,Male,Boomer,one_and_done,7,1,2026-01-06,2026-01-06
7238,Male,Millennial,one_and_done,7,1,2026-05-22,2026-05-22
7239,Male,Millennial,one_and_done,6,1,2026-06-14,2026-06-14
7240,Male,Gen Z,one_and_done,1,1,2026-01-16,2026-01-16
7241,Male,Gen Z,one_and_done,1,1,2026-02-13,2026-02-13
7242,Male,Millennial,one_and_done,5,1,2026-06-12,2026-06-12
7243,Female,Millennial,occasional,2,6,2025-07-10,2026-06-20
7244,Male,Gen Z,one_and_done,6,1,2025-09-27,2025-09-27
7245,Female,Gen Z,regular,1,14,2025-07-11,2026-06-28
7246,Female,Gen X,one_and_done,1,1,2025-08-23,2025-08-23
7247,Male,Gen Z,one_and_done,1,1,2025-11-06,2025-11-06
7248,Male,Gen Z,regular,1,15,2025-08-25,2026-07-03
7249,Male,Gen X,occasional,2,6,2025-09-02,2026-06-13
7250,Male,Millennial,occasional,3,7,2025-07-11,2026-05-20
7251,Male,Gen Z,one_and_done,1,1,2025-08-22,2025-08-22
7252,Male,Gen X,one_and_done,2,1,2025-12-13,2025-12-13
7253,Male,Boomer,loyal,1,18,2025-07-10,2026-06-20
7254,Male,Gen Z,loyal,5,23,2025-09-18,2026-07-04
7255,Male,Gen X,occasional,3,6,2025-07-12,2026-05-07
7256,Male,Millennial,one_and_done,1,1,2025-09-26,2025-09-26
7257,Female,Gen Z,regular,1,14,2025-07-23,2026-07-06
7258,Male,Millennial,one_and_done,9,1,2026-05-29,2026-05-29
7259,Male,Millennial,occasional,1,7,2025-08-07,2026-07-03
7260,Female,Millennial,one_and_done,1,1,2026-01-03,2026-01-03
7261,Female,Millennial,loyal,1,27,2025-07-15,2026-07-07
7262,Male,Millennial,one_and_done,3,1,2025-07-02,2025-07-02
7263,Male,Millennial,regular,3,22,2025-07-12,2026-06-24
7264,Male,Gen X,one_and_done,1,1,2025-07-16,2025-07-16
7265,Male,Millennial,one_and_done,3,1,2025-12-06,2025-12-06
7266,Female,Gen Z,one_and_done,7,1,2026-02-21,2026-02-21
7267,Male,Millennial,loyal,4,32,2025-07-08,2026-07-03
7268,Female,Gen Z,one_and_done,1,1,2025-08-08,2025-08-08
7269,Female,Millennial,one_and_done,4,1,2026-06-19,2026-06-19
7270,Female,Millennial,one_and_done,5,1,2026-07-09,2026-07-09
7271,Male,Gen X,occasional,5,6,2025-07-22,2026-06-06
7272,Male,Millennial,loyal,1,32,2025-07-06,2026-07-01
7273,Male,Millennial,one_and_done,1,1,2025-08-22,2025-08-22
7274,Male,Millennial,occasional,4,7,2025-08-01,2026-03-06
7275,Female,Gen X,occasional,2,5,2025-08-23,2026-06-08
7276,Female,Millennial,occasional,2,6,2025-09-15,2026-04-02
7277,Male,Gen Z,occasional,6,5,2025-07-31,2026-05-27
7278,Male,Millennial,regular,1,22,2025-07-16,2026-05-31
7279,Female,Gen Z,regular,2,14,2025-07-19,2026-06-12
7280,Female,Millennial,loyal,3,27,2025-07-05,2026-07-03
7281,Male,Millennial,regular,4,22,2025-07-03,2026-06-22
7282,Male,Millennial,loyal,4,32,2025-07-11,2026-06-27
7283,Male,Gen X,regular,2,17,2025-07-01,2026-06-18
7284,Male,Gen X,one_and_done,3,1,2025-08-23,2025-08-23
7285,Female,Gen Z,occasional,3,5,2025-09-14,2026-04-18
7286,Male,Millennial,one_and_done,7,1,2026-01-31,2026-01-31
7287,Female,Millennial,occasional,1,6,2025-10-18,2026-05-23
7288,Female,Millennial,one_and_done,5,1,2025-11-18,2025-11-18
7289,Male,Millennial,one_and_done,1,1,2026-03-27,2026-03-27
7290,Male,Millennial,regular,2,22,2025-07-04,2026-07-04
7291,Male,Millennial,regular,1,22,2025-07-15,2026-06-27
7292,Male,Boomer,regular,1,12,2025-07-02,2026-06-22
7293,Male,Gen Z,regular,6,15,2025-09-21,2026-07-06
7294,Male,Millennial,occasional,3,7,2025-08-21,2026-04-14
7295,Male,Gen X,loyal,2,25,2025-07-11,2026-07-09
7296,Male,Gen Z,one_and_done,2,1,2026-01-13,2026-01-13
7297,Male,Gen Z,occasional,1,5,2025-08-11,2026-05-21
7298,Female,Gen Z,one_and_done,3,1,2025-07-25,2025-07-25
7299,Male,Gen X,regular,6,17,2025-09-02,2026-06-11
7300,Male,Millennial,one_and_done,2,1,2025-10-20,2025-10-20
7301,Female,Millennial,one_and_done,10,1,2026-05-02,2026-05-02
7302,Male,Gen X,occasional,1,6,2025-08-22,2026-03-24
7303,Male,Gen X,one_and_done,1,1,2026-04-12,2026-04-12
7304,Male,Gen X,occasional,1,6,2025-07-11,2026-06-01
7305,Male,Millennial,occasional,5,7,2025-07-01,2026-07-08
7306,Male,Gen Z,regular,1,15,2025-07-09,2026-07-07
7307,Female,Gen X,occasional,4,5,2025-08-18,2026-05-29
7308,Female,Boomer,one_and_done,8,1,2025-11-02,2025-11-02
7309,Male,Gen Z,one_and_done,3,1,2025-11-15,2025-11-15
7310,Male,Gen Z,regular,1,15,2025-08-14,2026-06-30
7311,Female,Millennial,occasional,1,6,2025-07-27,2026-05-01
7312,Male,Gen Z,one_and_done,7,1,2025-09-29,2025-09-29
7313,Female,Millennial,one_and_done,2,1,2025-10-31,2025-10-31
7314,Female,Millennial,regular,3,18,2025-08-14,2026-04-26
7315,Female,Millennial,one_and_done,4,1,2026-03-09,2026-03-09
7316,Male,Millennial,regular,1,22,2025-07-11,2026-06-30
7317,Male,Millennial,occasional,6,7,2025-07-28,2026-05-25
7318,Female,Gen Z,regular,1,14,2025-07-30,2026-06-27
7319,Male,Gen X,one_and_done,1,1,2025-11-16,2025-11-16
7320,Female,Millennial,regular,1,18,2025-07-20,2026-07-04
7321,Male,Boomer,one_and_done,2,1,2025-10-10,2025-10-10
7322,Male,Gen Z,one_and_done,1,1,2025-10-01,2025-10-01
7323,Female,Millennial,occasional,9,6,2025-08-16,2026-07-04
7324,Male,Gen Z,loyal,1,23,2025-07-08,2026-07-08
7325,Female,Millennial,one_and_done,3,1,2026-06-30,2026-06-30
7326,Female,Millennial,occasional,1,6,2025-10-24,2026-05-29
7327,Female,Gen Z,occasional,6,5,2025-07-07,2026-02-25
7328,Female,Millennial,regular,1,18,2025-07-02,2026-06-05
7329,Male,Gen Z,regular,1,15,2025-07-06,2026-06-21
7330,Male,Gen Z,regular,3,15,2025-07-05,2026-06-19
7331,Female,Gen X,one_and_done,2,1,2025-09-05,2025-09-05
7332,Female,Boomer,loyal,2,16,2025-07-15,2026-07-05
7333,Male,Gen Z,occasional,1,5,2025-07-23,2026-04-04
7334,Female,Millennial,occasional,10,6,2025-07-11,2026-06-02
7335,Male,Millennial,loyal,1,32,2025-07-04,2026-06-26
7336,Female,Gen Z,one_and_done,3,1,2025-12-28,2025-12-28
7337,Male,Gen X,regular,1,17,2025-07-06,2026-07-03
7338,Male,Gen Z,occasional,6,5,2025-09-27,2026-06-05
7339,Male,Millennial,one_and_done,7,1,2026-07-04,2026-07-04
7340,Female,Millennial,occasional,1,6,2025-09-11,2026-02-17
7341,Male,Boomer,regular,2,12,2025-09-25,2026-07-07
7342,Female,Boomer,one_and_done,3,1,2025-09-13,2025-09-13
7343,Female,Millennial,one_and_done,1,1,2026-01-14,2026-01-14
7344,Male,Millennial,one_and_done,1,1,2026-02-21,2026-02-21
7345,Male,Millennial,one_and_done,6,1,2025-08-13,2025-08-13
7346,Male,Millennial,occasional,1,7,2025-08-24,2026-07-02
7347,Female,Boomer,regular,10,11,2025-08-31,2026-07-02
7348,Female,Gen Z,occasional,2,5,2025-09-05,2026-04-30
7349,Male,Millennial,regular,8,22,2025-07-04,2026-05-20
7350,Male,Millennial,occasional,5,7,2025-07-15,2026-05-24
7351,Male,Gen Z,one_and_done,1,1,2025-10-23,2025-10-23
7352,Male,Gen X,one_and_done,2,1,2026-01-18,2026-01-18
7353,Female,Millennial,one_and_done,4,1,2026-05-28,2026-05-28
7354,Female,Gen X,occasional,1,5,2025-10-06,2026-06-06
7355,Male,Gen Z,one_and_done,5,1,2025-09-04,2025-09-04
7356,Female,Gen Z,one_and_done,1,1,2026-04-24,2026-04-24
7357,Female,Gen Z,one_and_done,1,1,2025-08-18,2025-08-18
7358,Female,Gen X,occasional,1,5,2026-01-26,2026-07-09
7359,Female,Boomer,regular,4,11,2025-07-14,2026-05-25
7360,Male,Millennial,regular,5,22,2025-08-01,2026-06-22
7361,Female,Gen Z,one_and_done,3,1,2025-09-29,2025-09-29
7362,Female,Boomer,one_and_done,1,1,2025-09-04,2025-09-04
7363,Male,Millennial,regular,1,22,2025-07-18,2026-07-01
7364,Male,Gen Z,occasional,1,5,2025-09-03,2026-05-15
7365,Male,Millennial,occasional,3,7,2025-07-20,2026-03-28
7366,Male,Gen Z,one_and_done,1,1,2025-07-21,2025-07-21
7367,Male,Gen X,occasional,1,6,2025-10-11,2026-05-22
7368,Male,Millennial,one_and_done,8,1,2025-10-22,2025-10-22
7369,Female,Millennial,regular,3,18,2025-07-22,2026-07-03
7370,Female,Gen Z,one_and_done,1,1,2025-11-09,2025-11-09
7371,Male,Gen X,one_and_done,1,1,2026-06-27,2026-06-27
7372,Male,Gen X,one_and_done,4,1,2025-07-21,2025-07-21
7373,Male,Millennial,one_and_done,1,1,2026-07-08,2026-07-08
7374,Male,Gen Z,one_and_done,2,1,2025-12-25,2025-12-25
7375,Male,Millennial,regular,1,22,2025-07-26,2026-07-03
7376,Female,Millennial,occasional,1,6,2025-08-13,2026-06-29
7377,Male,Millennial,regular,6,22,2025-07-19,2026-07-04
7378,Male,Gen X,one_and_done,8,1,2025-10-01,2025-10-01
7379,Male,Millennial,occasional,1,7,2025-07-17,2026-04-13
7380,Male,Millennial,one_and_done,3,1,2025-07-25,2025-07-25
7381,Male,Millennial,loyal,4,32,2025-07-02,2026-07-06
7382,Male,Boomer,occasional,1,4,2025-07-13,2025-10-20
7383,Male,Gen X,one_and_done,4,1,2025-11-30,2025-11-30
7384,Male,Millennial,one_and_done,3,1,2026-04-16,2026-04-16
7385,Male,Gen Z,one_and_done,3,1,2026-04-04,2026-04-04
7386,Male,Gen Z,regular,4,15,2025-07-02,2026-05-02
7387,Male,Millennial,regular,1,22,2025-07-08,2026-07-04
7388,Male,Millennial,one_and_done,5,1,2026-03-28,2026-03-28
7389,Male,Millennial,one_and_done,1,1,2025-10-07,2025-10-07
7390,Male,Boomer,one_and_done,4,1,2025-10-07,2025-10-07
7391,Male,Millennial,one_and_done,1,1,2025-08-02,2025-08-02
7392,Male,Gen X,occasional,4,6,2025-11-11,2026-06-10
7393,Male,Millennial,one_and_done,1,1,2026-05-21,2026-05-21
7394,Female,Gen Z,regular,1,14,2025-09-02,2026-07-08
7395,Female,Millennial,occasional,1,6,2025-08-27,2026-06-14
7396,Male,Millennial,occasional,1,7,2025-08-11,2025-12-01
7397,Male,Millennial,occasional,1,7,2025-07-19,2026-07-08
7398,Male,Gen Z,occasional,1,5,2025-07-31,2026-05-06
7399,Male,Gen X,one_and_done,7,1,2026-05-08,2026-05-08
7400,Male,Millennial,one_and_done,1,1,2026-01-20,2026-01-20
7401,Male,Gen Z,regular,1,15,2025-07-15,2026-06-19
7402,Male,Gen Z,regular,4,15,2025-07-04,2026-07-04
7403,Female,Gen X,occasional,1,5,2025-10-30,2026-05-07
7404,Female,Gen X,regular,1,15,2025-07-05,2026-06-20
7405,Female,Gen Z,one_and_done,10,1,2025-12-05,2025-12-05
7406,Female,Millennial,one_and_done,1,1,2026-02-06,2026-02-06
7407,Female,Millennial,one_and_done,1,1,2026-03-27,2026-03-27
7408,Male,Millennial,regular,2,22,2025-07-02,2026-05-03
7409,Male,Millennial,one_and_done,6,1,2026-05-20,2026-05-20
7410,Female,Gen Z,loyal,1,20,2025-07-18,2026-07-04
7411,Male,Millennial,one_and_done,1,1,2025-10-21,2025-10-21
7412,Male,Millennial,one_and_done,2,1,2026-02-21,2026-02-21
7413,Female,Gen X,one_and_done,7,1,2025-08-12,2025-08-12
7414,Male,Millennial,occasional,1,7,2025-09-09,2026-05-23
7415,Female,Gen Z,occasional,1,5,2025-08-10,2026-05-31
7416,Female,Gen Z,loyal,1,20,2025-08-05,2026-07-09
7417,Male,Millennial,regular,3,22,2025-07-01,2026-07-04
7418,Male,Millennial,loyal,2,32,2025-08-28,2026-06-28
7419,Male,Millennial,one_and_done,2,1,2026-03-09,2026-03-09
7420,Male,Millennial,one_and_done,2,1,2026-05-12,2026-05-12
7421,Female,Gen X,one_and_done,1,1,2026-02-24,2026-02-24
7422,Male,Millennial,loyal,5,32,2025-08-02,2026-07-05
7423,Female,Millennial,one_and_done,1,1,2025-11-05,2025-11-05
7424,Female,Millennial,one_and_done,1,1,2025-07-15,2025-07-15
7425,Female,Gen X,regular,1,15,2025-07-28,2026-05-23
7426,Male,Millennial,occasional,3,7,2025-09-02,2026-04-26
7427,Male,Gen X,loyal,1,25,2025-07-04,2026-07-09
7428,Male,Gen X,loyal,1,25,2025-07-11,2026-06-13
7429,Male,Gen Z,occasional,3,5,2025-11-09,2026-06-30
7430,Male,Millennial,regular,7,22,2025-07-10,2026-07-08
7431,Male,Gen Z,one_and_done,4,1,2025-12-01,2025-12-01
7432,Female,Gen X,occasional,1,5,2025-10-13,2026-05-14
7433,Female,Millennial,occasional,1,6,2025-07-08,2026-06-21
7434,Male,Millennial,occasional,1,7,2025-07-25,2026-06-28
7435,Male,Millennial,one_and_done,1,1,2026-06-21,2026-06-21
7436,Female,Millennial,one_and_done,2,1,2026-04-02,2026-04-02
7437,Male,Millennial,one_and_done,2,1,2026-05-23,2026-05-23
7438,Male,Gen X,one_and_done,1,1,2025-10-30,2025-10-30
7439,Male,Gen X,occasional,8,6,2025-09-06,2026-07-04
7440,Female,Millennial,regular,1,18,2025-07-18,2026-05-09
7441,Male,Gen X,one_and_done,3,1,2025-08-20,2025-08-20
7442,Female,Millennial,one_and_done,7,1,2025-08-07,2025-08-07
7443,Male,Millennial,occasional,1,7,2025-10-31,2026-06-12
7444,Male,Gen X,regular,7,17,2025-07-05,2026-06-26
7445,Female,Millennial,occasional,1,6,2025-08-04,2026-06-06
7446,Female,Millennial,occasional,5,6,2025-09-12,2026-05-09
7447,Female,Millennial,one_and_done,6,1,2026-03-18,2026-03-18
7448,Male,Gen Z,occasional,2,5,2025-09-06,2026-04-17
7449,Female,Gen X,one_and_done,4,1,2025-08-03,2025-08-03
7450,Female,Millennial,regular,1,18,2025-07-25,2026-05-11
7451,Male,Millennial,one_and_done,5,1,2026-04-13,2026-04-13
7452,Female,Millennial,one_and_done,1,1,2026-06-09,2026-06-09
7453,Male,Gen Z,one_and_done,1,1,2026-04-21,2026-04-21
7454,Male,Gen X,one_and_done,1,1,2025-08-16,2025-08-16
7455,Male,Gen X,occasional,2,6,2025-10-12,2026-06-06
7456,Female,Millennial,occasional,3,6,2025-07-28,2026-06-26
7457,Male,Millennial,regular,7,22,2025-07-14,2026-07-04
7458,Female,Gen Z,one_and_done,1,1,2025-09-14,2025-09-14
7459,Female,Millennial,one_and_done,3,1,2025-09-26,2025-09-26
7460,Male,Millennial,regular,1,22,2025-07-20,2026-06-10
7461,Male,Gen Z,one_and_done,2,1,2026-02-28,2026-02-28
7462,Male,Millennial,one_and_done,5,1,2026-04-03,2026-04-03
7463,Female,Millennial,occasional,1,6,2025-10-15,2026-07-02
7464,Male,Boomer,one_and_done,2,1,2025-09-02,2025-09-02
7465,Male,Millennial,one_and_done,3,1,2025-12-21,2025-12-21
7466,Male,Gen Z,occasional,1,5,2025-12-13,2026-06-09
7467,Female,Millennial,one_and_done,1,1,2025-10-31,2025-10-31
7468,Female,Millennial,one_and_done,3,1,2026-06-29,2026-06-29
7469,Female,Gen Z,one_and_done,4,1,2026-05-26,2026-05-26
7470,Male,Millennial,regular,2,22,2025-07-10,2026-06-12
7471,Female,Gen Z,regular,1,14,2025-08-07,2026-04-07
7472,Male,Millennial,one_and_done,9,1,2025-10-24,2025-10-24
7473,Male,Gen Z,occasional,4,5,2025-09-05,2026-05-11
7474,Male,Gen Z,occasional,7,5,2025-07-26,2026-06-24
7475,Female,Millennial,loyal,6,27,2025-09-01,2026-07-07
7476,Male,Gen X,occasional,2,6,2025-11-04,2026-03-22
7477,Male,Millennial,one_and_done,1,1,2025-10-10,2025-10-10
7478,Male,Boomer,one_and_done,2,1,2025-08-16,2025-08-16
7479,Male,Gen Z,one_and_done,1,1,2025-08-20,2025-08-20
7480,Male,Millennial,regular,1,22,2025-07-03,2026-07-03
7481,Male,Boomer,occasional,1,4,2025-07-16,2026-04-28
7482,Male,Millennial,one_and_done,1,1,2026-05-25,2026-05-25
7483,Female,Gen X,one_and_done,1,1,2026-04-25,2026-04-25
7484,Female,Gen Z,one_and_done,1,1,2025-10-22,2025-10-22
7485,Male,Gen X,one_and_done,3,1,2026-03-27,2026-03-27
7486,Female,Gen Z,one_and_done,2,1,2025-09-12,2025-09-12
7487,Male,Millennial,one_and_done,1,1,2026-04-09,2026-04-09
7488,Female,Millennial,one_and_done,1,1,2025-09-27,2025-09-27
7489,Male,Millennial,one_and_done,1,1,2026-04-06,2026-04-06
7490,Female,Millennial,regular,4,18,2025-07-12,2026-07-09
7491,Male,Millennial,occasional,3,7,2025-10-17,2026-07-01
7492,Male,Gen Z,one_and_done,9,1,2025-10-02,2025-10-02
7493,Male,Millennial,one_and_done,1,1,2025-11-29,2025-11-29
7494,Male,Gen Z,loyal,1,23,2025-07-03,2026-07-08
7495,Male,Millennial,one_and_done,4,1,2025-12-20,2025-12-20
7496,Female,Millennial,one_and_done,2,1,2026-05-16,2026-05-16
7497,Male,Gen X,one_and_done,2,1,2025-07-23,2025-07-23
7498,Female,Gen Z,one_and_done,7,1,2026-05-06,2026-05-06
7499,Male,Millennial,one_and_done,3,1,2026-02-06,2026-02-06
7500,Female,Millennial,occasional,3,6,2025-07-17,2026-05-30
7501,Female,Gen Z,one_and_done,1,1,2026-04-05,2026-04-05
7502,Male,Gen X,one_and_done,1,1,2026-06-25,2026-06-25
7503,Female,Millennial,occasional,3,6,2025-08-19,2026-07-07
7504,Male,Gen X,occasional,1,6,2025-07-03,2026-06-11
7505,Female,Gen Z,one_and_done,2,1,2025-07-25,2025-07-25
7506,Female,Millennial,occasional,3,6,2025-09-05,2026-06-11
7507,Male,Millennial,one_and_done,1,1,2025-11-13,2025-11-13
7508,Male,Millennial,one_and_done,3,1,2026-06-09,2026-06-09
7509,Male,Millennial,one_and_done,2,1,2025-08-08,2025-08-08
7510,Female,Millennial,one_and_done,2,1,2025-12-27,2025-12-27
7511,Female,Gen X,occasional,5,5,2025-07-22,2026-03-06
7512,Female,Gen X,regular,4,15,2025-07-13,2026-06-27
7513,Male,Millennial,regular,1,22,2025-07-11,2026-06-08
7514,Male,Millennial,one_and_done,1,1,2025-12-15,2025-12-15
7515,Male,Millennial,one_and_done,1,1,2025-08-30,2025-08-30
7516,Male,Gen Z,one_and_done,7,1,2025-07-08,2025-07-08
7517,Male,Millennial,occasional,4,7,2025-07-19,2026-06-15
7518,Male,Millennial,occasional,1,7,2025-07-27,2026-04-16
7519,Female,Millennial,regular,2,18,2025-07-05,2026-07-06
7520,Female,Gen Z,regular,5,14,2025-07-06,2026-07-07
7521,Female,Millennial,occasional,1,6,2025-07-17,2026-05-12
7522,Female,Gen Z,regular,3,14,2025-07-04,2026-05-19
7523,Male,Millennial,regular,1,22,2025-08-21,2026-05-22
7524,Male,Millennial,one_and_done,2,1,2026-06-15,2026-06-15
7525,Female,Millennial,one_and_done,2,1,2026-04-21,2026-04-21
7526,Female,Gen X,one_and_done,4,1,2026-03-22,2026-03-22
7527,Female,Gen X,one_and_done,1,1,2026-05-30,2026-05-30
7528,Male,Gen X,one_and_done,1,1,2026-06-22,2026-06-22
7529,Male,Gen X,one_and_done,9,1,2025-10-04,2025-10-04
7530,Male,Gen Z,one_and_done,3,1,2026-03-06,2026-03-06
7531,Male,Millennial,one_and_done,4,1,2026-04-28,2026-04-28
7532,Male,Gen Z,occasional,1,5,2025-08-08,2026-06-07
7533,Male,Millennial,regular,1,22,2025-07-10,2026-06-22
7534,Male,Millennial,regular,8,22,2025-07-07,2026-06-26
7535,Male,Millennial,occasional,1,7,2025-07-27,2026-04-27
7536,Male,Millennial,loyal,6,32,2025-07-03,2026-06-27
7537,Female,Millennial,regular,1,18,2025-07-04,2026-06-20
7538,Female,Millennial,regular,1,18,2025-07-24,2026-07-01
7539,Female,Millennial,occasional,5,6,2025-07-18,2026-05-21
7540,Male,Gen Z,regular,1,15,2025-07-21,2026-07-04
7541,Female,Millennial,regular,1,18,2025-08-02,2026-06-20
7542,Male,Millennial,occasional,2,7,2025-07-19,2026-05-14
7543,Male,Boomer,one_and_done,1,1,2026-03-12,2026-03-12
7544,Male,Gen X,regular,6,17,2025-07-12,2026-06-12
7545,Male,Gen X,one_and_done,2,1,2025-09-27,2025-09-27
7546,Male,Gen X,occasional,8,6,2025-07-03,2025-12-20
7547,Female,Millennial,one_and_done,4,1,2026-06-15,2026-06-15
7548,Male,Millennial,one_and_done,2,1,2026-05-02,2026-05-02
7549,Male,Gen Z,occasional,1,5,2025-10-10,2026-04-11
7550,Male,Millennial,one_and_done,6,1,2025-07-10,2025-07-10
7551,Male,Millennial,one_and_done,7,1,2026-03-20,2026-03-20
7552,Male,Millennial,one_and_done,1,1,2026-05-09,2026-05-09
7553,Male,Millennial,one_and_done,6,1,2026-03-20,2026-03-20
7554,Male,Boomer,one_and_done,3,1,2025-10-29,2025-10-29
7555,Male,Gen X,one_and_done,1,1,2025-12-26,2025-12-26
7556,Female,Gen Z,one_and_done,1,1,2025-12-17,2025-12-17
7557,Female,Millennial,one_and_done,5,1,2026-04-29,2026-04-29
7558,Male,Millennial,occasional,8,7,2025-07-29,2026-05-21
7559,Male,Gen Z,one_and_done,6,1,2025-08-11,2025-08-11
7560,Male,Millennial,regular,3,22,2025-07-01,2026-06-26
7561,Male,Millennial,occasional,1,7,2025-08-01,2026-03-27
7562,Male,Gen Z,one_and_done,2,1,2026-05-23,2026-05-23
7563,Male,Millennial,occasional,1,7,2025-09-28,2026-05-24
7564,Female,Gen X,regular,8,15,2025-07-23,2026-06-06
7565,Female,Millennial,one_and_done,1,1,2025-10-17,2025-10-17
7566,Male,Gen X,one_and_done,1,1,2025-08-01,2025-08-01
7567,Male,Millennial,one_and_done,9,1,2026-06-20,2026-06-20
7568,Male,Gen X,one_and_done,3,1,2026-06-16,2026-06-16
7569,Male,Millennial,one_and_done,1,1,2025-07-11,2025-07-11
7570,Female,Millennial,one_and_done,3,1,2026-05-15,2026-05-15
7571,Male,Millennial,occasional,1,7,2025-11-19,2026-07-08
7572,Female,Millennial,one_and_done,2,1,2025-08-11,2025-08-11
7573,Male,Gen X,one_and_done,4,1,2025-11-20,2025-11-20
7574,Female,Millennial,regular,9,18,2025-07-04,2026-06-28
7575,Male,Gen Z,regular,1,15,2025-07-17,2026-06-25
7576,Male,Millennial,regular,1,22,2025-07-20,2026-07-03
7577,Male,Millennial,one_and_done,1,1,2026-04-07,2026-04-07
7578,Male,Boomer,occasional,6,4,2025-09-01,2026-04-05
7579,Male,Gen Z,one_and_done,4,1,2026-05-11,2026-05-11
7580,Female,Millennial,occasional,1,6,2025-08-13,2026-04-03
7581,Female,Gen X,regular,5,15,2025-07-21,2026-06-27
7582,Male,Millennial,one_and_done,1,1,2026-01-20,2026-01-20
7583,Male,Millennial,loyal,1,32,2025-07-13,2026-06-19
7584,Female,Gen Z,one_and_done,1,1,2025-09-06,2025-09-06
7585,Male,Millennial,one_and_done,1,1,2026-05-11,2026-05-11
7586,Male,Millennial,one_and_done,1,1,2026-05-08,2026-05-08
7587,Female,Gen X,regular,2,15,2025-08-13,2026-06-18
7588,Male,Millennial,occasional,4,7,2025-07-01,2026-06-04
7589,Female,Millennial,one_and_done,3,1,2025-10-01,2025-10-01
7590,Female,Gen Z,occasional,2,5,2025-09-21,2026-06-26
7591,Female,Millennial,one_and_done,6,1,2026-06-27,2026-06-27
7592,Male,Millennial,one_and_done,1,1,2026-05-30,2026-05-30
7593,Male,Millennial,one_and_done,1,1,2025-12-04,2025-12-04
7594,Male,Gen Z,regular,2,15,2025-07-09,2026-06-29
7595,Male,Gen Z,occasional,7,5,2025-08-01,2026-06-19
7596,Male,Gen X,occasional,6,6,2025-08-05,2025-12-13
7597,Female,Millennial,one_and_done,1,1,2026-04-24,2026-04-24
7598,Female,Boomer,one_and_done,3,1,2026-02-10,2026-02-10
7599,Female,Millennial,loyal,1,27,2025-07-04,2026-07-01
7600,Male,Millennial,loyal,9,32,2025-07-07,2026-07-09
7601,Female,Millennial,one_and_done,1,1,2025-08-17,2025-08-17
7602,Male,Millennial,one_and_done,6,1,2025-11-14,2025-11-14
7603,Female,Gen Z,one_and_done,3,1,2026-04-23,2026-04-23
7604,Female,Gen X,one_and_done,9,1,2026-03-30,2026-03-30
7605,Male,Millennial,one_and_done,1,1,2025-07-09,2025-07-09
7606,Female,Millennial,one_and_done,1,1,2025-10-23,2025-10-23
7607,Female,Gen Z,occasional,4,5,2025-10-17,2026-02-12
7608,Male,Gen X,occasional,4,6,2026-02-08,2026-06-12
7609,Male,Gen Z,one_and_done,1,1,2026-07-06,2026-07-06
7610,Female,Millennial,one_and_done,1,1,2026-05-21,2026-05-21
7611,Female,Millennial,regular,2,18,2025-07-22,2026-06-03
7612,Female,Millennial,one_and_done,1,1,2025-08-14,2025-08-14
7613,Male,Gen Z,occasional,3,5,2025-08-19,2026-07-03
7614,Male,Millennial,loyal,2,32,2025-07-01,2026-06-10
7615,Female,Gen Z,regular,4,14,2025-07-19,2026-06-24
7616,Male,Millennial,one_and_done,5,1,2026-05-27,2026-05-27
7617,Male,Gen Z,regular,1,15,2025-08-07,2026-06-29
7618,Male,Gen X,one_and_done,1,1,2026-02-16,2026-02-16
7619,Female,Boomer,regular,7,11,2025-07-07,2026-04-16
7620,Male,Gen Z,one_and_done,1,1,2025-11-21,2025-11-21
7621,Male,Millennial,occasional,1,7,2025-07-17,2026-05-27
7622,Male,Gen Z,occasional,6,5,2025-09-16,2026-04-26
7623,Male,Millennial,one_and_done,2,1,2026-05-02,2026-05-02
7624,Female,Millennial,occasional,1,6,2025-10-31,2026-06-15
7625,Female,Millennial,occasional,1,6,2025-07-01,2026-06-25
7626,Female,Gen Z,one_and_done,3,1,2026-06-03,2026-06-03
7627,Male,Millennial,loyal,1,32,2025-07-10,2026-06-21
7628,Male,Gen Z,one_and_done,8,1,2026-02-26,2026-02-26
7629,Male,Gen X,regular,2,17,2025-08-01,2026-07-07
7630,Female,Gen X,regular,7,15,2025-08-03,2026-06-16
7631,Male,Millennial,one_and_done,4,1,2026-02-07,2026-02-07
7632,Male,Millennial,one_and_done,2,1,2026-03-19,2026-03-19
7633,Male,Gen X,one_and_done,1,1,2025-08-12,2025-08-12
7634,Female,Millennial,occasional,6,6,2025-09-16,2026-07-08
7635,Male,Gen X,one_and_done,1,1,2026-06-16,2026-06-16
7636,Male,Millennial,one_and_done,3,1,2026-03-30,2026-03-30
7637,Male,Gen Z,one_and_done,1,1,2026-01-31,2026-01-31
7638,Female,Boomer,occasional,1,4,2025-07-16,2026-03-21
7639,Male,Millennial,occasional,2,7,2025-07-05,2026-07-07
7640,Male,Millennial,occasional,1,7,2025-10-08,2026-06-18
7641,Male,Gen Z,one_and_done,2,1,2025-08-02,2025-08-02
7642,Male,Gen Z,occasional,2,5,2025-08-07,2026-03-06
7643,Female,Millennial,one_and_done,2,1,2026-01-10,2026-01-10
7644,Male,Gen X,loyal,1,25,2025-07-19,2026-07-09
7645,Male,Gen Z,regular,4,15,2025-07-12,2026-07-08
7646,Male,Gen X,one_and_done,1,1,2026-06-26,2026-06-26
7647,Female,Millennial,one_and_done,4,1,2025-08-12,2025-08-12
7648,Male,Gen X,one_and_done,1,1,2026-06-13,2026-06-13
7649,Male,Millennial,regular,3,22,2025-07-08,2026-06-29
7650,Female,Gen X,occasional,1,5,2025-08-09,2026-03-29
7651,Male,Gen Z,regular,8,15,2025-07-31,2026-05-24
7652,Male,Boomer,one_and_done,4,1,2025-08-16,2025-08-16
7653,Female,Gen Z,one_and_done,1,1,2025-11-05,2025-11-05
7654,Male,Millennial,occasional,2,7,2025-07-21,2026-05-17
7655,Female,Millennial,occasional,2,6,2025-07-13,2026-04-04
7656,Male,Gen Z,one_and_done,1,1,2025-07-07,2025-07-07
7657,Male,Gen X,regular,1,17,2025-07-03,2026-07-04
7658,Male,Gen Z,regular,3,15,2025-07-04,2026-06-13
7659,Female,Millennial,regular,1,18,2025-07-24,2026-07-06
7660,Male,Millennial,occasional,2,7,2025-07-18,2026-06-15
7661,Male,Millennial,one_and_done,1,1,2026-04-04,2026-04-04
7662,Male,Gen X,occasional,2,6,2025-07-26,2025-11-21
7663,Female,Gen X,one_and_done,4,1,2025-07-09,2025-07-09
7664,Male,Millennial,one_and_done,5,1,2026-02-10,2026-02-10
7665,Male,Millennial,one_and_done,2,1,2026-02-05,2026-02-05
7666,Male,Millennial,occasional,8,7,2025-09-25,2026-05-27
7667,Male,Gen Z,one_and_done,1,1,2026-01-02,2026-01-02
7668,Male,Millennial,regular,1,22,2025-07-08,2026-07-09
7669,Female,Gen X,occasional,1,5,2025-11-01,2026-06-25
7670,Male,Gen Z,regular,5,15,2025-07-24,2026-05-14
7671,Male,Boomer,one_and_done,2,1,2025-08-08,2025-08-08
7672,Male,Gen Z,occasional,6,5,2025-10-03,2026-06-02
7673,Male,Millennial,one_and_done,1,1,2026-04-20,2026-04-20
7674,Male,Millennial,one_and_done,4,1,2026-02-26,2026-02-26
7675,Male,Boomer,one_and_done,1,1,2025-10-08,2025-10-08
7676,Female,Gen Z,one_and_done,1,1,2025-09-22,2025-09-22
7677,Male,Gen Z,loyal,1,23,2025-07-18,2026-06-22
7678,Male,Gen X,one_and_done,5,1,2026-01-06,2026-01-06
7679,Female,Gen X,one_and_done,1,1,2026-01-26,2026-01-26
7680,Female,Millennial,one_and_done,2,1,2026-04-12,2026-04-12
7681,Female,Gen X,one_and_done,6,1,2026-05-08,2026-05-08
7682,Male,Millennial,one_and_done,1,1,2026-05-05,2026-05-05
7683,Female,Gen X,one_and_done,4,1,2025-07-01,2025-07-01
7684,Male,Millennial,occasional,2,7,2025-07-09,2026-05-26
7685,Female,Gen Z,occasional,1,5,2025-07-18,2026-05-18
7686,Male,Millennial,regular,6,22,2025-07-19,2026-05-29
7687,Male,Gen X,regular,10,17,2025-07-01,2026-07-03
7688,Male,Millennial,one_and_done,1,1,2025-09-26,2025-09-26
7689,Female,Millennial,one_and_done,4,1,2026-03-07,2026-03-07
7690,Male,Millennial,regular,5,22,2025-10-08,2026-07-08
7691,Male,Gen X,regular,2,17,2025-07-19,2026-06-22
7692,Male,Millennial,occasional,1,7,2025-07-03,2026-07-09
7693,Male,Gen X,one_and_done,1,1,2026-04-11,2026-04-11
7694,Male,Millennial,one_and_done,1,1,2025-10-04,2025-10-04
7695,Female,Millennial,one_and_done,1,1,2025-10-07,2025-10-07
7696,Male,Millennial,one_and_done,4,1,2025-11-12,2025-11-12
7697,Male,Gen Z,one_and_done,7,1,2026-05-24,2026-05-24
7698,Female,Millennial,regular,1,18,2025-07-07,2026-06-16
7699,Male,Millennial,one_and_done,3,1,2025-07-19,2025-07-19
7700,Female,Millennial,loyal,1,27,2025-07-16,2026-07-08
7701,Male,Gen Z,one_and_done,1,1,2025-11-21,2025-11-21
7702,Female,Millennial,occasional,1,6,2025-07-29,2026-06-01
7703,Male,Millennial,occasional,5,7,2025-09-04,2026-06-05
7704,Female,Gen X,one_and_done,3,1,2026-03-24,2026-03-24
7705,Male,Millennial,one_and_done,1,1,2026-04-18,2026-04-18
7706,Male,Gen X,loyal,3,25,2025-07-31,2026-07-09
7707,Male,Millennial,loyal,1,32,2025-07-23,2026-06-27
7708,Male,Millennial,one_and_done,1,1,2026-06-04,2026-06-04
7709,Male,Millennial,one_and_done,3,1,2025-12-04,2025-12-04
7710,Female,Gen Z,one_and_done,4,1,2025-10-13,2025-10-13
7711,Female,Gen Z,one_and_done,1,1,2025-08-23,2025-08-23
7712,Male,Gen X,occasional,4,6,2026-01-12,2026-06-25
7713,Male,Millennial,one_and_done,5,1,2025-08-07,2025-08-07
7714,Female,Millennial,one_and_done,1,1,2026-04-05,2026-04-05
7715,Male,Gen X,one_and_done,2,1,2026-05-21,2026-05-21
7716,Male,Millennial,one_and_done,1,1,2026-07-06,2026-07-06
7717,Female,Gen Z,occasional,4,5,2025-12-08,2026-06-30
7718,Female,Gen Z,one_and_done,3,1,2026-06-27,2026-06-27
7719,Male,Gen X,one_and_done,8,1,2025-09-01,2025-09-01
7720,Male,Gen Z,one_and_done,5,1,2026-06-05,2026-06-05
7721,Female,Gen X,regular,1,15,2025-07-08,2026-07-07
7722,Male,Gen Z,occasional,1,5,2025-08-14,2026-03-14
7723,Male,Millennial,regular,1,22,2025-08-02,2026-07-04
7724,Female,Gen X,occasional,1,5,2025-07-08,2026-03-13
7725,Male,Millennial,one_and_done,6,1,2026-03-04,2026-03-04
7726,Female,Millennial,occasional,1,6,2025-07-15,2026-05-15
7727,Male,Boomer,occasional,1,4,2025-10-07,2026-06-08
7728,Male,Gen Z,regular,1,15,2025-09-10,2026-06-12
7729,Female,Gen Z,regular,3,14,2025-07-03,2026-06-20
7730,Male,Millennial,loyal,3,32,2025-07-02,2026-07-03
7731,Female,Gen Z,loyal,1,20,2025-07-12,2026-06-30
7732,Male,Gen Z,one_and_done,1,1,2026-03-27,2026-03-27
7733,Male,Gen Z,one_and_done,3,1,2025-07-22,2025-07-22
7734,Female,Millennial,one_and_done,6,1,2026-03-02,2026-03-02
7735,Female,Gen Z,regular,10,14,2025-07-07,2026-05-04
7736,Male,Gen Z,one_and_done,1,1,2026-06-12,2026-06-12
7737,Female,Millennial,occasional,2,6,2025-08-10,2026-06-05
7738,Male,Gen Z,occasional,3,5,2025-07-16,2026-05-22
7739,Male,Millennial,one_and_done,4,1,2026-02-08,2026-02-08
7740,Male,Gen X,one_and_done,1,1,2026-02-18,2026-02-18
7741,Female,Gen Z,loyal,6,20,2025-07-29,2026-07-02
7742,Male,Millennial,one_and_done,3,1,2026-02-01,2026-02-01
7743,Female,Millennial,occasional,3,6,2025-08-23,2026-05-12
7744,Male,Gen Z,one_and_done,1,1,2025-10-17,2025-10-17
7745,Female,Gen Z,one_and_done,1,1,2026-04-09,2026-04-09
7746,Female,Millennial,regular,1,18,2025-07-18,2026-05-17
7747,Female,Gen X,one_and_done,3,1,2025-12-31,2025-12-31
7748,Male,Gen Z,one_and_done,2,1,2026-01-22,2026-01-22
7749,Female,Gen X,occasional,1,5,2025-09-19,2026-03-13
7750,Male,Boomer,loyal,1,18,2025-07-14,2026-07-03
7751,Male,Millennial,loyal,1,32,2025-07-04,2026-07-03
7752,Male,Gen X,one_and_done,1,1,2026-02-27,2026-02-27
7753,Male,Millennial,one_and_done,1,1,2025-08-14,2025-08-14
7754,Male,Millennial,regular,5,22,2025-08-01,2026-06-10
7755,Female,Millennial,regular,1,18,2025-08-06,2026-06-13
7756,Female,Millennial,one_and_done,1,1,2026-06-30,2026-06-30
7757,Male,Millennial,one_and_done,1,1,2025-08-31,2025-08-31
7758,Male,Millennial,occasional,1,7,2025-07-02,2026-07-04
7759,Female,Gen X,one_and_done,1,1,2025-10-02,2025-10-02
7760,Male,Gen Z,occasional,1,5,2025-10-17,2026-06-13
7761,Male,Millennial,one_and_done,2,1,2025-08-20,2025-08-20
7762,Male,Millennial,one_and_done,1,1,2026-02-06,2026-02-06
7763,Male,Gen X,occasional,4,6,2025-07-04,2026-05-09
7764,Male,Millennial,one_and_done,4,1,2026-01-27,2026-01-27
7765,Male,Millennial,one_and_done,1,1,2025-08-12,2025-08-12
7766,Female,Millennial,occasional,1,6,2025-11-21,2026-06-25
7767,Male,Gen Z,occasional,1,5,2025-11-09,2026-06-27
7768,Male,Boomer,occasional,2,4,2025-12-28,2026-04-27
7769,Male,Gen Z,one_and_done,2,1,2026-03-27,2026-03-27
7770,Male,Millennial,regular,2,22,2025-07-08,2026-05-09
7771,Male,Gen Z,occasional,1,5,2025-09-26,2026-06-21
7772,Male,Gen Z,regular,8,15,2025-07-24,2026-06-05
7773,Male,Millennial,one_and_done,3,1,2025-12-22,2025-12-22
7774,Male,Gen X,regular,1,17,2025-07-19,2026-06-27
7775,Male,Millennial,occasional,4,7,2025-10-13,2026-05-29
7776,Female,Millennial,loyal,1,27,2025-07-16,2026-07-06
7777,Male,Millennial,loyal,3,32,2025-07-01,2026-07-03
7778,Male,Millennial,one_and_done,7,1,2026-03-29,2026-03-29
7779,Female,Gen Z,one_and_done,1,1,2026-01-21,2026-01-21
7780,Male,Boomer,regular,3,12,2025-07-29,2026-06-26
7781,Male,Gen Z,regular,1,15,2025-07-28,2026-05-07
7782,Male,Gen Z,occasional,1,5,2025-07-29,2026-07-04
7783,Female,Millennial,one_and_done,2,1,2026-03-03,2026-03-03
7784,Female,Millennial,loyal,2,27,2025-08-05,2026-07-04
7785,Female,Millennial,one_and_done,1,1,2026-05-29,2026-05-29
7786,Male,Millennial,occasional,1,7,2025-07-28,2026-05-11
7787,Male,Gen Z,one_and_done,4,1,2026-01-15,2026-01-15
7788,Female,Boomer,occasional,3,4,2025-07-29,2026-07-01
7789,Male,Millennial,occasional,1,7,2025-10-10,2026-06-25
7790,Male,Boomer,one_and_done,1,1,2025-11-08,2025-11-08
7791,Male,Gen Z,one_and_done,6,1,2025-09-06,2025-09-06
7792,Male,Millennial,regular,1,22,2025-07-19,2026-06-30
7793,Female,Millennial,regular,2,18,2025-07-05,2026-07-02
7794,Male,Millennial,one_and_done,1,1,2026-06-03,2026-06-03
7795,Male,Millennial,one_and_done,4,1,2025-08-18,2025-08-18
7796,Male,Gen Z,occasional,3,5,2025-08-26,2026-07-06
7797,Male,Boomer,occasional,1,4,2025-07-26,2026-06-14
7798,Female,Millennial,occasional,6,6,2025-10-18,2026-05-26
7799,Male,Millennial,regular,2,22,2025-08-14,2026-07-09
7800,Female,Gen Z,occasional,1,5,2025-07-25,2026-04-22
7801,Female,Gen Z,loyal,1,20,2025-07-05,2026-07-01
7802,Male,Gen Z,occasional,3,5,2025-07-17,2026-07-04
7803,Male,Millennial,regular,9,22,2025-07-17,2026-06-28
7804,Female,Millennial,one_and_done,7,1,2026-03-19,2026-03-19
7805,Female,Gen Z,one_and_done,1,1,2025-11-11,2025-11-11
7806,Male,Gen Z,occasional,1,5,2025-10-18,2026-06-20
7807,Male,Millennial,one_and_done,3,1,2026-07-01,2026-07-01
7808,Male,Millennial,one_and_done,5,1,2025-12-27,2025-12-27
7809,Male,Gen X,one_and_done,1,1,2026-03-20,2026-03-20
7810,Male,Millennial,regular,1,22,2025-07-27,2026-06-08
7811,Female,Gen Z,regular,5,14,2025-08-14,2026-06-11
7812,Male,Millennial,one_and_done,5,1,2025-11-28,2025-11-28
7813,Male,Millennial,one_and_done,1,1,2026-05-07,2026-05-07
7814,Male,Millennial,one_and_done,1,1,2025-10-25,2025-10-25
7815,Male,Millennial,regular,2,22,2025-07-24,2026-07-06
7816,Female,Gen Z,loyal,4,20,2025-07-16,2026-06-05
7817,Male,Millennial,one_and_done,2,1,2025-08-06,2025-08-06
7818,Female,Millennial,one_and_done,4,1,2026-04-17,2026-04-17
7819,Male,Gen X,regular,4,17,2025-07-05,2026-06-29
7820,Male,Boomer,occasional,1,4,2025-12-04,2026-05-30
7821,Male,Boomer,regular,1,12,2025-07-08,2026-04-23
7822,Female,Gen X,occasional,2,5,2025-10-06,2026-04-20
7823,Male,Boomer,regular,1,12,2025-07-25,2026-07-03
7824,Male,Millennial,occasional,2,7,2025-07-02,2026-06-26
7825,Male,Gen X,occasional,2,6,2025-07-06,2026-06-25
7826,Female,Gen Z,regular,2,14,2025-07-23,2026-05-02
7827,Male,Millennial,one_and_done,4,1,2025-07-06,2025-07-06
7828,Male,Gen Z,occasional,2,5,2025-07-19,2026-03-30
7829,Female,Gen X,loyal,1,23,2025-07-08,2026-07-05
7830,Male,Gen Z,one_and_done,7,1,2025-12-02,2025-12-02
7831,Male,Millennial,one_and_done,1,1,2026-02-07,2026-02-07
7832,Female,Millennial,occasional,1,6,2025-08-24,2026-06-16
7833,Male,Boomer,one_and_done,4,1,2025-09-28,2025-09-28
7834,Male,Boomer,regular,2,12,2025-07-06,2026-06-06
7835,Female,Millennial,regular,1,18,2025-07-01,2026-06-04
7836,Male,Boomer,one_and_done,2,1,2026-04-03,2026-04-03
7837,Female,Millennial,regular,1,18,2025-07-25,2026-06-27
7838,Male,Millennial,one_and_done,5,1,2026-01-12,2026-01-12
7839,Male,Millennial,one_and_done,8,1,2026-03-08,2026-03-08
7840,Male,Gen X,one_and_done,1,1,2026-04-28,2026-04-28
7841,Male,Boomer,occasional,1,4,2025-07-18,2026-05-19
7842,Male,Gen Z,regular,3,15,2025-07-06,2026-07-05
7843,Male,Gen Z,loyal,4,23,2025-07-07,2026-07-08
7844,Female,Gen Z,loyal,1,20,2025-08-07,2026-06-30
7845,Male,Millennial,occasional,2,7,2025-07-11,2026-05-25
7846,Male,Millennial,regular,1,22,2025-07-05,2026-07-06
7847,Female,Millennial,regular,4,18,2025-07-12,2026-07-04
7848,Female,Gen Z,occasional,1,5,2025-07-26,2025-12-19
7849,Female,Gen Z,occasional,1,5,2025-11-22,2026-06-26
7850,Female,Millennial,one_and_done,1,1,2025-08-06,2025-08-06
7851,Female,Millennial,loyal,2,27,2025-07-01,2026-07-02
7852,Male,Gen Z,one_and_done,2,1,2025-12-27,2025-12-27
7853,Female,Millennial,one_and_done,1,1,2025-07-22,2025-07-22
7854,Female,Gen X,regular,1,15,2025-10-09,2026-07-05
7855,Male,Gen Z,one_and_done,5,1,2025-11-04,2025-11-04
7856,Male,Boomer,one_and_done,1,1,2026-02-23,2026-02-23
7857,Female,Gen Z,regular,1,14,2025-07-08,2026-06-30
7858,Male,Millennial,one_and_done,1,1,2026-02-09,2026-02-09
7859,Male,Boomer,occasional,1,4,2025-07-17,2026-05-22
7860,Male,Boomer,regular,6,12,2025-07-11,2026-04-27
7861,Female,Gen X,one_and_done,3,1,2025-10-28,2025-10-28
7862,Male,Gen Z,one_and_done,1,1,2026-01-21,2026-01-21
7863,Male,Millennial,regular,1,22,2025-07-01,2026-07-02
7864,Female,Millennial,regular,7,18,2025-07-02,2026-06-29
7865,Male,Millennial,one_and_done,1,1,2025-10-09,2025-10-09
7866,Female,Gen Z,one_and_done,1,1,2025-07-06,2025-07-06
7867,Male,Millennial,one_and_done,2,1,2025-07-02,2025-07-02
7868,Male,Millennial,one_and_done,1,1,2026-03-07,2026-03-07
7869,Male,Gen X,one_and_done,1,1,2025-08-04,2025-08-04
7870,Male,Gen Z,one_and_done,1,1,2025-08-08,2025-08-08
7871,Male,Millennial,one_and_done,2,1,2026-05-09,2026-05-09
7872,Female,Gen X,loyal,1,23,2025-07-11,2026-06-19
7873,Male,Gen X,one_and_done,2,1,2026-04-29,2026-04-29
7874,Female,Millennial,one_and_done,1,1,2026-05-19,2026-05-19
7875,Female,Gen Z,one_and_done,2,1,2026-05-28,2026-05-28
7876,Female,Gen Z,occasional,2,5,2025-07-02,2026-06-03
7877,Female,Gen Z,occasional,1,5,2025-07-29,2025-10-31
7878,Male,Boomer,one_and_done,1,1,2026-06-25,2026-06-25
7879,Male,Gen X,loyal,1,25,2025-09-06,2026-06-26
7880,Male,Millennial,occasional,1,7,2025-07-22,2026-06-25
7881,Female,Millennial,one_and_done,3,1,2026-02-20,2026-02-20
7882,Male,Millennial,one_and_done,5,1,2026-01-16,2026-01-16
7883,Female,Millennial,regular,1,18,2025-07-20,2026-07-07
7884,Male,Gen X,loyal,5,25,2025-07-19,2026-06-13
7885,Male,Millennial,one_and_done,1,1,2026-03-06,2026-03-06
7886,Female,Millennial,one_and_done,1,1,2025-11-21,2025-11-21
7887,Male,Millennial,occasional,1,7,2025-07-17,2026-05-14
7888,Female,Millennial,one_and_done,1,1,2026-06-06,2026-06-06
7889,Male,Gen Z,occasional,1,5,2025-07-18,2026-01-26
7890,Female,Gen Z,one_and_done,1,1,2026-04-18,2026-04-18
7891,Male,Millennial,one_and_done,1,1,2026-03-12,2026-03-12
7892,Female,Millennial,regular,4,18,2025-07-12,2026-06-05
7893,Male,Gen Z,one_and_done,2,1,2026-03-21,2026-03-21
7894,Female,Millennial,one_and_done,4,1,2026-03-31,2026-03-31
7895,Female,Millennial,occasional,5,6,2025-08-23,2026-06-21
7896,Male,Millennial,occasional,3,7,2025-07-22,2026-07-06
7897,Male,Gen X,occasional,2,6,2025-10-18,2026-07-05
7898,Male,Millennial,occasional,3,7,2025-08-30,2026-05-01
7899,Male,Millennial,occasional,3,7,2025-07-06,2026-07-03
7900,Female,Gen Z,loyal,1,20,2025-07-09,2026-07-07
7901,Male,Gen X,occasional,3,6,2025-11-20,2026-07-09
7902,Male,Gen X,one_and_done,2,1,2026-04-13,2026-04-13
7903,Male,Gen X,regular,1,17,2025-07-17,2026-06-29
7904,Male,Gen Z,regular,2,15,2025-07-12,2026-06-28
7905,Male,Gen Z,one_and_done,1,1,2025-07-31,2025-07-31
7906,Male,Boomer,one_and_done,5,1,2026-01-11,2026-01-11
7907,Male,Millennial,loyal,1,32,2025-07-13,2026-07-07
7908,Male,Millennial,regular,2,22,2025-07-06,2026-06-15
7909,Female,Millennial,occasional,2,6,2025-10-04,2026-06-24
7910,Male,Gen X,occasional,3,6,2025-09-01,2026-05-30
7911,Male,Gen Z,occasional,1,5,2025-08-07,2026-07-05
7912,Female,Millennial,regular,1,18,2025-09-23,2026-07-07
7913,Male,Boomer,loyal,6,18,2025-07-10,2026-05-16
7914,Male,Gen Z,regular,1,15,2025-07-16,2026-06-26
7915,Male,Millennial,one_and_done,1,1,2026-01-30,2026-01-30
7916,Male,Gen Z,occasional,1,5,2025-12-08,2026-05-12
7917,Male,Millennial,regular,4,22,2025-07-07,2026-06-27
7918,Female,Millennial,occasional,5,6,2025-09-08,2026-04-08
7919,Female,Millennial,regular,2,18,2025-07-19,2026-07-07
7920,Male,Millennial,occasional,1,7,2025-07-01,2026-05-11
7921,Female,Millennial,one_and_done,1,1,2026-04-28,2026-04-28
7922,Male,Millennial,regular,2,22,2025-07-28,2026-06-18
7923,Male,Millennial,regular,1,22,2025-07-08,2026-06-29
7924,Female,Millennial,one_and_done,3,1,2026-03-24,2026-03-24
7925,Male,Gen X,one_and_done,3,1,2025-10-18,2025-10-18
7926,Female,Millennial,occasional,3,6,2025-11-06,2026-03-10
7927,Male,Millennial,one_and_done,1,1,2025-09-08,2025-09-08
7928,Male,Millennial,regular,2,22,2025-07-06,2026-07-09
7929,Female,Millennial,one_and_done,6,1,2026-01-05,2026-01-05
7930,Male,Millennial,one_and_done,2,1,2025-07-11,2025-07-11
7931,Female,Millennial,one_and_done,2,1,2026-01-20,2026-01-20
7932,Female,Gen Z,one_and_done,3,1,2025-09-19,2025-09-19
7933,Male,Gen Z,regular,2,15,2025-07-12,2026-06-20
7934,Male,Gen Z,occasional,2,5,2025-07-16,2026-07-02
7935,Male,Millennial,occasional,4,7,2025-07-04,2026-02-25
7936,Male,Millennial,one_and_done,4,1,2026-02-13,2026-02-13
7937,Male,Gen Z,one_and_done,8,1,2026-05-18,2026-05-18
7938,Male,Millennial,regular,3,22,2025-09-26,2026-07-08
7939,Male,Gen Z,loyal,1,23,2025-07-03,2026-07-07
7940,Female,Gen Z,one_and_done,1,1,2025-07-08,2025-07-08
7941,Male,Gen Z,regular,1,15,2025-07-19,2026-05-09
7942,Male,Gen Z,occasional,7,5,2025-07-11,2026-04-13
7943,Male,Millennial,one_and_done,4,1,2026-06-29,2026-06-29
7944,Male,Millennial,loyal,2,32,2025-07-14,2026-06-21
7945,Male,Millennial,one_and_done,3,1,2026-01-10,2026-01-10
7946,Male,Millennial,one_and_done,9,1,2026-06-25,2026-06-25
7947,Female,Gen X,one_and_done,1,1,2025-12-20,2025-12-20
7948,Male,Boomer,one_and_done,7,1,2025-08-27,2025-08-27
7949,Male,Millennial,regular,2,22,2025-07-01,2026-05-14
7950,Female,Gen X,one_and_done,5,1,2026-02-19,2026-02-19
7951,Male,Millennial,occasional,4,7,2025-07-27,2026-04-06
7952,Male,Millennial,occasional,1,7,2025-10-05,2026-05-29
7953,Female,Millennial,one_and_done,1,1,2025-07-15,2025-07-15
7954,Female,Millennial,one_and_done,1,1,2025-11-07,2025-11-07
7955,Female,Millennial,occasional,1,6,2025-07-21,2026-06-19
7956,Female,Millennial,loyal,1,27,2025-08-07,2026-06-17
7957,Male,Millennial,one_and_done,1,1,2026-01-21,2026-01-21
7958,Male,Gen X,occasional,1,6,2025-08-30,2026-05-18
7959,Male,Millennial,one_and_done,10,1,2025-10-07,2025-10-07
7960,Female,Gen Z,one_and_done,3,1,2026-01-03,2026-01-03
7961,Male,Millennial,regular,1,22,2025-07-05,2026-06-15
7962,Male,Gen X,regular,4,17,2025-07-09,2026-06-24
7963,Male,Gen Z,regular,1,15,2025-07-30,2026-07-03
7964,Female,Gen Z,regular,7,14,2025-07-30,2026-06-08
7965,Male,Millennial,occasional,10,7,2025-08-29,2026-06-26
7966,Male,Millennial,one_and_done,3,1,2026-04-10,2026-04-10
7967,Male,Millennial,loyal,1,32,2025-07-03,2026-06-16
7968,Male,Gen Z,one_and_done,7,1,2026-07-07,2026-07-07
7969,Male,Gen Z,one_and_done,7,1,2025-07-19,2025-07-19
7970,Female,Gen Z,occasional,1,5,2025-07-09,2026-06-07
7971,Male,Gen X,regular,2,17,2025-08-08,2026-06-18
7972,Female,Millennial,one_and_done,2,1,2026-07-07,2026-07-07
7973,Female,Gen X,occasional,1,5,2025-09-09,2026-05-30
7974,Female,Millennial,one_and_done,1,1,2026-01-09,2026-01-09
7975,Female,Gen X,one_and_done,1,1,2025-10-09,2025-10-09
7976,Male,Gen X,one_and_done,4,1,2025-12-26,2025-12-26
7977,Male,Boomer,loyal,6,18,2025-07-14,2026-06-13
7978,Male,Gen X,occasional,2,6,2025-09-19,2026-07-08
7979,Male,Millennial,regular,1,22,2025-08-06,2026-07-04
7980,Male,Gen X,occasional,5,6,2025-07-07,2026-03-06
7981,Female,Gen Z,regular,1,14,2025-08-11,2026-07-07
7982,Male,Gen X,loyal,3,25,2025-07-20,2026-06-25
7983,Male,Millennial,one_and_done,2,1,2025-10-24,2025-10-24
7984,Male,Millennial,one_and_done,3,1,2026-04-28,2026-04-28
7985,Female,Gen X,one_and_done,1,1,2026-05-04,2026-05-04
7986,Male,Gen Z,occasional,1,5,2025-08-23,2026-05-25
7987,Female,Gen X,one_and_done,10,1,2025-12-15,2025-12-15
7988,Male,Gen X,occasional,8,6,2025-08-10,2026-06-10
7989,Male,Gen Z,regular,1,15,2025-07-14,2026-06-18
7990,Female,Millennial,loyal,1,27,2025-08-01,2026-06-25
7991,Male,Gen X,regular,2,17,2025-07-01,2026-07-06
7992,Male,Boomer,one_and_done,3,1,2026-06-24,2026-06-24
7993,Female,Millennial,one_and_done,1,1,2026-04-22,2026-04-22
7994,Female,Gen X,loyal,6,23,2025-07-05,2026-06-05
7995,Female,Millennial,occasional,2,6,2025-07-26,2026-06-07
7996,Male,Millennial,regular,1,22,2025-07-06,2026-07-01
7997,Female,Gen X,occasional,1,5,2025-07-02,2026-05-04
7998,Male,Boomer,occasional,2,4,2026-02-07,2026-06-15
7999,Male,Millennial,one_and_done,3,1,2026-04-03,2026-04-03
8000,Male,Millennial,one_and_done,1,1,2026-02-27,2026-02-27
8001,Female,Gen X,occasional,1,5,2025-12-06,2026-07-02
8002,Female,Millennial,occasional,1,6,2025-07-08,2026-04-18
8003,Female,Millennial,one_and_done,2,1,2026-04-03,2026-04-03
8004,Male,Millennial,one_and_done,1,1,2025-09-13,2025-09-13
8005,Female,Millennial,one_and_done,5,1,2026-02-19,2026-02-19
8006,Female,Millennial,loyal,1,27,2025-07-06,2026-07-08
8007,Female,Gen X,occasional,4,5,2025-07-29,2026-05-25
8008,Male,Millennial,regular,5,22,2025-07-06,2026-07-04
8009,Female,Millennial,regular,1,18,2025-08-06,2026-07-09
8010,Male,Gen X,one_and_done,6,1,2026-05-21,2026-05-21
8011,Female,Millennial,one_and_done,6,1,2025-07-30,2025-07-30
8012,Male,Millennial,one_and_done,2,1,2025-11-29,2025-11-29
8013,Male,Gen Z,one_and_done,7,1,2025-12-11,2025-12-11
8014,Female,Millennial,one_and_done,7,1,2025-07-29,2025-07-29
8015,Male,Millennial,one_and_done,2,1,2025-10-27,2025-10-27
8016,Female,Gen Z,occasional,7,5,2025-07-13,2026-06-03
8017,Female,Millennial,loyal,2,27,2025-07-15,2026-06-27
8018,Male,Millennial,one_and_done,3,1,2025-08-06,2025-08-06
8019,Male,Gen X,occasional,3,6,2025-07-09,2026-04-25
8020,Male,Millennial,occasional,1,7,2025-07-20,2026-06-20
8021,Male,Gen Z,one_and_done,1,1,2025-12-11,2025-12-11
8022,Male,Boomer,occasional,1,4,2025-10-17,2026-01-12
8023,Male,Gen X,occasional,3,6,2025-07-29,2026-04-13
8024,Male,Gen Z,regular,1,15,2025-07-11,2026-06-19
8025,Male,Gen Z,one_and_done,1,1,2026-03-11,2026-03-11
8026,Female,Gen Z,loyal,3,20,2025-07-01,2026-06-10
8027,Female,Millennial,occasional,1,6,2025-09-27,2026-05-29
8028,Female,Millennial,occasional,1,6,2025-07-21,2025-12-26
8029,Male,Millennial,one_and_done,1,1,2026-02-04,2026-02-04
8030,Male,Gen Z,one_and_done,1,1,2026-04-26,2026-04-26
8031,Female,Millennial,occasional,1,6,2025-07-14,2026-01-02
8032,Female,Boomer,one_and_done,1,1,2025-12-07,2025-12-07
8033,Male,Gen Z,one_and_done,1,1,2026-05-15,2026-05-15
8034,Female,Millennial,one_and_done,1,1,2026-05-31,2026-05-31
8035,Female,Gen Z,occasional,1,5,2025-08-20,2026-07-04
8036,Female,Boomer,one_and_done,10,1,2026-06-23,2026-06-23
8037,Male,Millennial,occasional,1,7,2025-08-09,2026-05-15
8038,Female,Millennial,one_and_done,5,1,2025-09-11,2025-09-11
8039,Female,Gen X,occasional,5,5,2025-07-12,2026-06-14
8040,Female,Millennial,one_and_done,4,1,2026-04-26,2026-04-26
8041,Male,Gen Z,one_and_done,2,1,2026-06-27,2026-06-27
8042,Female,Gen Z,one_and_done,5,1,2026-07-03,2026-07-03
8043,Female,Boomer,one_and_done,1,1,2026-01-23,2026-01-23
8044,Male,Gen X,occasional,1,6,2025-07-31,2026-06-10
8045,Male,Gen X,occasional,1,6,2025-11-09,2026-06-15
8046,Female,Gen X,one_and_done,1,1,2025-09-19,2025-09-19
8047,Female,Gen Z,one_and_done,7,1,2026-05-02,2026-05-02
8048,Male,Millennial,occasional,10,7,2025-07-12,2026-04-10
8049,Female,Gen X,loyal,8,23,2025-07-01,2026-06-29
8050,Female,Gen Z,one_and_done,1,1,2025-12-09,2025-12-09
8051,Female,Gen X,loyal,1,23,2025-07-10,2026-05-29
8052,Female,Millennial,regular,1,18,2025-07-05,2026-06-29
8053,Male,Gen Z,occasional,5,5,2025-10-21,2026-04-24
8054,Female,Millennial,one_and_done,1,1,2026-06-29,2026-06-29
8055,Male,Millennial,one_and_done,1,1,2026-05-02,2026-05-02
8056,Male,Gen Z,one_and_done,2,1,2026-06-05,2026-06-05
8057,Male,Gen Z,occasional,1,5,2025-07-19,2026-05-16
8058,Female,Millennial,one_and_done,2,1,2025-08-19,2025-08-19
8059,Female,Millennial,occasional,1,6,2025-09-22,2026-07-09
8060,Male,Millennial,one_and_done,3,1,2025-10-02,2025-10-02
8061,Female,Boomer,loyal,2,16,2025-08-08,2026-06-27
8062,Male,Gen X,one_and_done,1,1,2025-10-18,2025-10-18
8063,Female,Gen X,one_and_done,3,1,2026-01-28,2026-01-28
8064,Female,Boomer,occasional,5,4,2025-10-03,2026-04-29
8065,Male,Millennial,occasional,8,7,2025-07-06,2026-04-19
8066,Male,Gen Z,one_and_done,5,1,2026-07-04,2026-07-04
8067,Female,Millennial,regular,3,18,2025-08-19,2026-06-25
8068,Male,Gen X,occasional,3,6,2025-08-18,2026-04-24
8069,Female,Millennial,one_and_done,2,1,2025-11-05,2025-11-05
8070,Male,Millennial,one_and_done,1,1,2026-03-06,2026-03-06
8071,Male,Gen Z,regular,1,15,2025-08-09,2026-06-04
8072,Male,Millennial,one_and_done,1,1,2025-07-27,2025-07-27
8073,Male,Gen Z,one_and_done,1,1,2026-01-11,2026-01-11
8074,Male,Millennial,loyal,1,32,2025-07-24,2026-06-13
8075,Female,Millennial,one_and_done,1,1,2026-06-05,2026-06-05
8076,Female,Gen Z,occasional,9,5,2025-07-14,2026-06-19
8077,Male,Millennial,one_and_done,2,1,2025-07-04,2025-07-04
8078,Female,Gen X,one_and_done,7,1,2026-05-16,2026-05-16
8079,Female,Millennial,one_and_done,3,1,2026-06-24,2026-06-24
8080,Female,Millennial,loyal,1,27,2025-07-21,2026-06-30
8081,Male,Gen Z,loyal,6,23,2025-07-03,2026-07-03
8082,Female,Millennial,one_and_done,1,1,2026-04-30,2026-04-30
8083,Female,Millennial,one_and_done,1,1,2026-02-20,2026-02-20
8084,Male,Gen Z,regular,2,15,2025-07-26,2026-07-01
8085,Male,Gen X,one_and_done,3,1,2026-05-22,2026-05-22
8086,Female,Gen X,loyal,6,23,2025-07-05,2026-06-25
8087,Male,Gen X,one_and_done,7,1,2025-12-30,2025-12-30
8088,Female,Millennial,one_and_done,4,1,2025-09-25,2025-09-25
8089,Male,Boomer,regular,2,12,2025-07-03,2026-04-27
8090,Female,Boomer,one_and_done,2,1,2026-02-07,2026-02-07
8091,Female,Gen Z,one_and_done,3,1,2025-08-30,2025-08-30
8092,Male,Gen X,regular,3,17,2025-07-02,2026-06-28
8093,Female,Millennial,loyal,3,27,2025-07-08,2026-06-26
8094,Female,Gen X,regular,4,15,2025-07-06,2026-07-01
8095,Male,Millennial,one_and_done,3,1,2025-07-05,2025-07-05
8096,Male,Millennial,one_and_done,2,1,2025-12-10,2025-12-10
8097,Male,Millennial,one_and_done,1,1,2026-05-15,2026-05-15
8098,Female,Millennial,occasional,1,6,2025-07-26,2026-06-24
8099,Male,Millennial,one_and_done,2,1,2025-11-22,2025-11-22
8100,Male,Millennial,occasional,1,7,2025-10-29,2026-04-24
8101,Female,Millennial,one_and_done,1,1,2026-02-20,2026-02-20
8102,Female,Gen X,loyal,1,23,2025-07-12,2026-06-25
8103,Female,Gen X,one_and_done,4,1,2026-03-10,2026-03-10
8104,Male,Millennial,one_and_done,5,1,2026-05-08,2026-05-08
8105,Female,Gen X,occasional,5,5,2025-07-07,2026-05-22
8106,Male,Gen X,regular,2,17,2025-07-09,2026-06-27
8107,Male,Millennial,loyal,6,32,2025-07-09,2026-07-09
8108,Female,Millennial,one_and_done,2,1,2025-09-27,2025-09-27
8109,Female,Millennial,loyal,4,27,2025-08-05,2026-06-29
8110,Male,Gen Z,one_and_done,3,1,2025-07-04,2025-07-04
8111,Male,Gen Z,occasional,1,5,2025-07-23,2026-06-20
8112,Female,Gen Z,regular,1,14,2025-07-05,2026-06-29
8113,Male,Boomer,regular,2,12,2025-07-24,2026-03-26
8114,Female,Millennial,one_and_done,1,1,2026-03-02,2026-03-02
8115,Male,Gen Z,regular,1,15,2025-07-26,2026-05-26
8116,Female,Millennial,one_and_done,1,1,2025-10-06,2025-10-06
8117,Male,Millennial,one_and_done,3,1,2025-12-20,2025-12-20
8118,Female,Boomer,one_and_done,6,1,2026-02-12,2026-02-12
8119,Male,Millennial,one_and_done,3,1,2025-08-23,2025-08-23
8120,Female,Boomer,regular,1,11,2025-08-09,2026-05-23
8121,Male,Millennial,one_and_done,2,1,2025-10-19,2025-10-19
8122,Female,Millennial,occasional,1,6,2025-07-24,2026-05-08
8123,Male,Gen Z,one_and_done,4,1,2026-05-23,2026-05-23
8124,Female,Millennial,one_and_done,1,1,2025-10-09,2025-10-09
8125,Female,Gen X,regular,3,15,2025-08-15,2026-07-09
8126,Male,Millennial,regular,2,22,2025-07-07,2026-07-04
8127,Female,Gen Z,occasional,2,5,2025-08-28,2026-06-01
8128,Male,Gen Z,occasional,1,5,2025-07-20,2026-06-07
8129,Female,Gen Z,occasional,1,5,2025-10-05,2026-06-23
8130,Male,Millennial,regular,5,22,2025-07-06,2026-06-26
8131,Male,Millennial,regular,6,22,2025-07-25,2026-06-20
8132,Male,Boomer,loyal,2,18,2025-08-20,2026-06-20
8133,Female,Millennial,occasional,1,6,2025-09-18,2026-07-05
8134,Male,Gen Z,one_and_done,9,1,2026-01-15,2026-01-15
8135,Male,Gen X,regular,2,17,2025-08-15,2026-07-03
8136,Male,Millennial,one_and_done,1,1,2025-10-01,2025-10-01
8137,Male,Millennial,regular,4,22,2025-07-24,2026-07-03
8138,Male,Millennial,occasional,1,7,2025-07-15,2026-06-13
8139,Female,Gen Z,one_and_done,7,1,2026-02-11,2026-02-11
8140,Female,Gen X,one_and_done,2,1,2025-09-15,2025-09-15
8141,Female,Millennial,one_and_done,1,1,2026-05-04,2026-05-04
8142,Female,Gen X,one_and_done,2,1,2026-01-02,2026-01-02
8143,Male,Millennial,regular,1,22,2025-07-12,2026-06-23
8144,Female,Gen X,occasional,8,5,2025-08-21,2026-05-25
8145,Male,Gen Z,loyal,1,23,2025-07-04,2026-06-25
8146,Female,Millennial,regular,6,18,2025-08-21,2026-06-18
8147,Female,Boomer,regular,1,11,2025-08-14,2026-06-29
8148,Male,Boomer,one_and_done,3,1,2026-03-30,2026-03-30
8149,Male,Millennial,one_and_done,3,1,2025-12-07,2025-12-07
8150,Male,Gen Z,regular,1,15,2025-09-07,2026-07-04
8151,Male,Millennial,one_and_done,1,1,2026-04-25,2026-04-25
8152,Male,Millennial,regular,3,22,2025-07-05,2026-06-27
8153,Female,Millennial,occasional,2,6,2025-09-24,2026-07-09
8154,Female,Boomer,regular,2,11,2025-09-08,2026-07-01
8155,Female,Gen Z,occasional,1,5,2025-07-05,2026-05-25
8156,Male,Gen X,regular,8,17,2025-07-17,2026-05-14
8157,Male,Gen X,occasional,10,6,2025-07-08,2025-12-30
8158,Male,Millennial,one_and_done,1,1,2025-07-02,2025-07-02
8159,Female,Gen X,occasional,1,5,2025-09-29,2026-01-05
8160,Female,Millennial,occasional,1,6,2025-07-27,2026-05-09
8161,Male,Gen X,one_and_done,1,1,2026-04-13,2026-04-13
8162,Male,Gen Z,one_and_done,2,1,2025-08-30,2025-08-30
8163,Female,Gen Z,one_and_done,6,1,2025-08-14,2025-08-14
8164,Male,Gen Z,occasional,1,5,2025-08-10,2026-06-28
8165,Male,Boomer,occasional,1,4,2025-08-07,2025-12-20
8166,Male,Gen Z,one_and_done,2,1,2025-12-09,2025-12-09
8167,Female,Gen X,one_and_done,1,1,2026-06-12,2026-06-12
8168,Male,Gen X,occasional,1,6,2025-09-05,2026-06-18
8169,Male,Gen Z,loyal,2,23,2025-07-23,2026-07-06
8170,Male,Boomer,occasional,1,4,2025-09-29,2026-07-09
8171,Male,Millennial,one_and_done,4,1,2025-11-05,2025-11-05
8172,Male,Gen Z,one_and_done,2,1,2025-09-29,2025-09-29
8173,Female,Gen Z,regular,1,14,2025-08-22,2026-06-29
8174,Female,Gen X,regular,10,15,2025-07-05,2026-06-30
8175,Female,Millennial,occasional,4,6,2025-08-22,2026-05-04
8176,Male,Millennial,one_and_done,1,1,2025-07-03,2025-07-03
8177,Male,Millennial,one_and_done,2,1,2025-12-31,2025-12-31
8178,Female,Gen X,regular,2,15,2025-09-11,2026-06-13
8179,Female,Millennial,regular,3,18,2025-07-22,2026-07-07
8180,Male,Millennial,occasional,2,7,2025-08-12,2026-06-03
8181,Female,Gen Z,one_and_done,1,1,2025-12-13,2025-12-13
8182,Male,Gen Z,one_and_done,6,1,2026-02-04,2026-02-04
8183,Male,Millennial,occasional,3,7,2025-07-11,2026-05-25
8184,Male,Gen X,regular,1,17,2025-07-24,2026-07-03
8185,Male,Millennial,regular,5,22,2025-07-18,2026-07-05
8186,Female,Millennial,loyal,7,27,2025-07-15,2026-06-03
8187,Male,Gen X,one_and_done,1,1,2025-08-08,2025-08-08
8188,Male,Millennial,one_and_done,7,1,2026-05-12,2026-05-12
8189,Female,Gen Z,loyal,2,20,2025-07-10,2026-07-08
8190,Female,Millennial,regular,2,18,2025-07-02,2026-06-20
8191,Male,Millennial,one_and_done,4,1,2025-09-03,2025-09-03
8192,Male,Millennial,regular,1,22,2025-07-22,2026-06-19
8193,Male,Boomer,occasional,1,4,2025-12-12,2026-06-20
8194,Male,Millennial,occasional,1,7,2025-07-30,2026-06-06
8195,Male,Gen Z,one_and_done,1,1,2026-01-23,2026-01-23
8196,Male,Gen Z,one_and_done,2,1,2026-03-13,2026-03-13
8197,Male,Gen X,regular,7,17,2025-07-19,2026-07-05
8198,Male,Millennial,occasional,1,7,2025-08-05,2026-05-23
8199,Female,Boomer,one_and_done,1,1,2025-12-17,2025-12-17
8200,Male,Millennial,one_and_done,1,1,2026-02-26,2026-02-26
8201,Male,Millennial,occasional,1,7,2025-08-09,2026-05-02
8202,Female,Millennial,one_and_done,1,1,2026-06-18,2026-06-18
8203,Male,Gen Z,occasional,1,5,2025-10-04,2026-06-30
8204,Male,Gen X,one_and_done,1,1,2025-12-31,2025-12-31
8205,Male,Gen Z,one_and_done,10,1,2025-10-11,2025-10-11
8206,Female,Gen Z,loyal,1,20,2025-07-06,2026-07-02
8207,Male,Millennial,one_and_done,1,1,2025-09-20,2025-09-20
8208,Female,Gen Z,one_and_done,1,1,2026-05-23,2026-05-23
8209,Male,Gen X,one_and_done,9,1,2026-02-05,2026-02-05
8210,Female,Millennial,occasional,4,6,2025-12-20,2026-07-06
8211,Male,Gen X,regular,3,17,2025-07-12,2026-06-20
8212,Male,Gen Z,one_and_done,1,1,2025-11-22,2025-11-22
8213,Male,Gen X,loyal,6,25,2025-07-14,2026-07-07
8214,Female,Gen X,one_and_done,1,1,2026-04-24,2026-04-24
8215,Male,Boomer,loyal,4,18,2025-09-08,2026-06-30
8216,Male,Gen Z,occasional,1,5,2025-07-11,2026-05-09
8217,Male,Gen X,one_and_done,3,1,2026-02-22,2026-02-22
8218,Male,Millennial,one_and_done,1,1,2025-07-09,2025-07-09
8219,Male,Millennial,one_and_done,9,1,2026-02-12,2026-02-12
8220,Male,Millennial,regular,4,22,2025-07-04,2026-07-02
8221,Male,Millennial,one_and_done,7,1,2026-03-02,2026-03-02
8222,Male,Millennial,one_and_done,1,1,2026-05-14,2026-05-14
8223,Male,Gen X,regular,2,17,2025-07-19,2026-07-02
8224,Male,Millennial,regular,1,22,2025-07-06,2026-06-10
8225,Male,Boomer,one_and_done,1,1,2025-11-18,2025-11-18
8226,Male,Gen X,one_and_done,4,1,2025-08-29,2025-08-29
8227,Female,Gen X,occasional,2,5,2025-08-27,2026-05-18
8228,Female,Millennial,one_and_done,1,1,2026-01-06,2026-01-06
8229,Male,Gen Z,one_and_done,1,1,2025-12-06,2025-12-06
8230,Female,Gen X,regular,1,15,2025-07-03,2026-06-01
8231,Female,Gen X,one_and_done,1,1,2026-06-18,2026-06-18
8232,Female,Boomer,loyal,3,16,2025-08-03,2026-07-08
8233,Male,Millennial,one_and_done,3,1,2025-10-09,2025-10-09
8234,Male,Millennial,occasional,1,7,2025-09-19,2026-04-22
8235,Male,Gen Z,regular,1,15,2025-07-03,2026-07-05
8236,Male,Millennial,occasional,1,7,2025-11-07,2026-07-02
8237,Male,Millennial,regular,1,22,2025-07-03,2026-06-29
8238,Female,Millennial,one_and_done,2,1,2026-03-12,2026-03-12
8239,Male,Millennial,occasional,7,7,2025-07-05,2026-05-22
8240,Male,Gen Z,loyal,2,23,2025-07-04,2026-06-09
8241,Female,Millennial,one_and_done,4,1,2025-10-16,2025-10-16
8242,Male,Gen Z,regular,7,15,2025-07-06,2026-06-18
8243,Male,Gen Z,loyal,1,23,2025-07-12,2026-06-15
8244,Male,Gen Z,occasional,1,5,2025-08-04,2026-03-26
8245,Male,Millennial,loyal,1,32,2025-07-05,2026-06-16
8246,Male,Millennial,one_and_done,1,1,2026-04-26,2026-04-26
8247,Male,Gen Z,one_and_done,3,1,2025-11-09,2025-11-09
8248,Male,Millennial,one_and_done,2,1,2026-01-28,2026-01-28
8249,Male,Gen Z,regular,2,15,2025-08-02,2026-07-08
8250,Male,Gen Z,occasional,1,5,2025-07-02,2026-07-05
8251,Male,Boomer,occasional,2,4,2025-07-01,2026-04-13
8252,Female,Gen Z,one_and_done,4,1,2025-08-06,2025-08-06
8253,Male,Millennial,one_and_done,6,1,2026-05-01,2026-05-01
8254,Male,Millennial,one_and_done,4,1,2025-09-28,2025-09-28
8255,Female,Gen Z,one_and_done,1,1,2026-01-13,2026-01-13
8256,Male,Millennial,regular,1,22,2025-07-05,2026-07-02
8257,Male,Gen Z,occasional,1,5,2025-09-13,2026-07-02
8258,Male,Millennial,regular,1,22,2025-08-02,2026-06-27
8259,Male,Millennial,one_and_done,6,1,2025-08-03,2025-08-03
8260,Male,Gen X,regular,1,17,2025-07-13,2026-06-07
8261,Male,Gen X,one_and_done,5,1,2026-05-25,2026-05-25
8262,Male,Millennial,regular,4,22,2025-07-01,2026-07-06
8263,Male,Millennial,one_and_done,1,1,2026-03-01,2026-03-01
8264,Female,Gen X,loyal,6,23,2025-07-28,2026-07-04
8265,Male,Millennial,occasional,1,7,2025-08-22,2026-05-05
8266,Male,Gen Z,occasional,1,5,2025-08-17,2026-05-22
8267,Female,Gen X,one_and_done,1,1,2026-05-02,2026-05-02
8268,Male,Millennial,occasional,1,7,2025-07-15,2026-06-24
8269,Male,Millennial,one_and_done,1,1,2025-08-30,2025-08-30
8270,Male,Gen X,regular,1,17,2025-07-05,2026-05-19
8271,Female,Millennial,one_and_done,2,1,2026-04-24,2026-04-24
8272,Male,Gen X,occasional,3,6,2025-08-05,2026-05-01
8273,Male,Millennial,one_and_done,1,1,2025-07-27,2025-07-27
8274,Male,Millennial,regular,1,22,2025-07-20,2026-05-29
8275,Male,Gen Z,one_and_done,7,1,2025-12-28,2025-12-28
8276,Male,Millennial,occasional,1,7,2025-08-27,2026-07-03
8277,Female,Millennial,one_and_done,1,1,2026-03-08,2026-03-08
8278,Male,Boomer,one_and_done,1,1,2026-04-07,2026-04-07
8279,Male,Gen Z,one_and_done,1,1,2026-03-24,2026-03-24
8280,Male,Gen X,occasional,2,6,2025-08-28,2026-03-19
8281,Male,Gen X,one_and_done,4,1,2026-04-19,2026-04-19
8282,Male,Gen X,loyal,4,25,2025-07-19,2026-06-24
8283,Male,Gen Z,regular,3,15,2025-09-27,2026-06-28
8284,Male,Gen Z,loyal,2,23,2025-07-11,2026-07-05
8285,Male,Gen Z,one_and_done,1,1,2026-02-10,2026-02-10
8286,Female,Gen X,one_and_done,3,1,2025-07-01,2025-07-01
8287,Male,Millennial,occasional,1,7,2025-08-08,2026-06-09
8288,Male,Millennial,one_and_done,2,1,2026-01-17,2026-01-17
8289,Female,Gen X,occasional,1,5,2025-08-10,2026-05-26
8290,Male,Gen Z,occasional,5,5,2025-10-01,2026-04-17
8291,Female,Millennial,occasional,5,6,2025-07-10,2026-05-14
8292,Female,Gen Z,occasional,1,5,2025-08-15,2026-06-28
8293,Male,Boomer,regular,1,12,2025-08-27,2026-06-16
8294,Male,Millennial,one_and_done,1,1,2026-02-08,2026-02-08
8295,Male,Gen X,loyal,2,25,2025-07-09,2026-06-23
8296,Male,Gen Z,regular,2,15,2025-07-20,2026-06-27
8297,Female,Gen Z,one_and_done,2,1,2026-03-11,2026-03-11
8298,Male,Gen Z,one_and_done,1,1,2026-05-17,2026-05-17
8299,Female,Millennial,regular,6,18,2025-07-07,2026-07-07
8300,Male,Millennial,one_and_done,1,1,2026-03-06,2026-03-06
8301,Female,Millennial,occasional,7,6,2025-08-24,2026-05-05
8302,Male,Gen X,regular,1,17,2025-07-18,2026-07-03
8303,Male,Millennial,one_and_done,4,1,2026-01-02,2026-01-02
8304,Male,Millennial,one_and_done,1,1,2026-07-04,2026-07-04
8305,Male,Boomer,loyal,1,18,2025-07-08,2026-06-03
8306,Male,Gen X,occasional,3,6,2025-07-05,2026-05-15
8307,Male,Millennial,occasional,1,7,2025-08-10,2026-06-19
8308,Male,Millennial,one_and_done,1,1,2025-09-28,2025-09-28
8309,Male,Millennial,one_and_done,2,1,2025-09-11,2025-09-11
8310,Male,Millennial,one_and_done,3,1,2026-05-19,2026-05-19
8311,Male,Millennial,occasional,5,7,2025-08-13,2026-05-01
8312,Male,Millennial,occasional,4,7,2025-09-05,2026-05-13
8313,Male,Gen Z,one_and_done,2,1,2025-11-06,2025-11-06
8314,Male,Gen X,occasional,3,6,2025-07-06,2026-04-06
8315,Male,Gen Z,occasional,2,5,2025-07-19,2026-04-27
8316,Male,Millennial,one_and_done,1,1,2026-07-02,2026-07-02
8317,Male,Millennial,one_and_done,1,1,2025-12-14,2025-12-14
8318,Male,Millennial,one_and_done,4,1,2026-01-31,2026-01-31
8319,Male,Gen X,occasional,1,6,2025-10-09,2026-07-02
8320,Male,Millennial,occasional,7,7,2025-09-13,2026-05-21
8321,Male,Millennial,occasional,1,7,2025-10-23,2026-06-29
8322,Male,Gen Z,one_and_done,2,1,2026-06-06,2026-06-06
8323,Female,Gen Z,one_and_done,3,1,2025-10-07,2025-10-07
8324,Female,Gen X,loyal,6,23,2025-07-16,2026-07-07
8325,Female,Millennial,loyal,2,27,2025-07-11,2026-06-20
8326,Female,Millennial,occasional,2,6,2025-08-21,2026-05-03
8327,Male,Gen X,one_and_done,1,1,2025-11-20,2025-11-20
8328,Male,Gen X,occasional,2,6,2025-07-26,2026-01-16
8329,Female,Millennial,regular,3,18,2025-08-16,2026-07-04
8330,Male,Millennial,regular,2,22,2025-07-02,2026-07-05
8331,Female,Gen X,occasional,3,5,2025-07-04,2026-07-01
8332,Female,Millennial,occasional,8,6,2025-07-03,2026-03-28
8333,Male,Millennial,one_and_done,1,1,2025-10-18,2025-10-18
8334,Male,Millennial,regular,2,22,2025-07-06,2026-07-01
8335,Male,Gen Z,one_and_done,1,1,2025-11-10,2025-11-10
8336,Male,Gen X,occasional,6,6,2025-11-08,2026-06-21
8337,Female,Gen X,regular,1,15,2025-07-01,2026-07-02
8338,Male,Millennial,one_and_done,1,1,2026-06-15,2026-06-15
8339,Male,Millennial,one_and_done,4,1,2025-11-29,2025-11-29
8340,Female,Millennial,loyal,7,27,2025-07-09,2026-06-29
8341,Male,Gen Z,one_and_done,7,1,2026-07-03,2026-07-03
8342,Male,Gen Z,one_and_done,1,1,2026-04-09,2026-04-09
8343,Male,Gen Z,one_and_done,4,1,2026-06-11,2026-06-11
8344,Male,Gen Z,regular,1,15,2025-09-24,2026-07-08
8345,Male,Gen Z,occasional,1,5,2025-07-11,2026-06-16
8346,Male,Millennial,one_and_done,2,1,2025-11-07,2025-11-07
8347,Male,Millennial,occasional,4,7,2025-09-08,2026-05-12
8348,Male,Millennial,one_and_done,1,1,2026-01-27,2026-01-27
8349,Male,Millennial,one_and_done,1,1,2026-06-07,2026-06-07
8350,Male,Gen Z,one_and_done,1,1,2026-04-17,2026-04-17
8351,Female,Millennial,regular,1,18,2025-09-01,2026-07-06
8352,Male,Gen Z,occasional,2,5,2025-08-04,2026-02-12
8353,Female,Millennial,one_and_done,2,1,2025-07-13,2025-07-13
8354,Male,Millennial,one_and_done,1,1,2025-10-06,2025-10-06
8355,Male,Millennial,one_and_done,2,1,2026-01-28,2026-01-28
8356,Female,Millennial,one_and_done,1,1,2026-04-04,2026-04-04
8357,Male,Gen Z,occasional,1,5,2025-07-31,2026-04-29
8358,Male,Millennial,one_and_done,2,1,2026-01-16,2026-01-16
8359,Male,Gen Z,one_and_done,4,1,2026-04-11,2026-04-11
8360,Male,Gen Z,regular,1,15,2025-08-21,2026-07-05
8361,Male,Gen X,occasional,1,6,2025-08-06,2026-05-05
8362,Female,Gen X,occasional,1,5,2025-10-17,2026-05-11
8363,Male,Gen X,one_and_done,3,1,2025-07-04,2025-07-04
8364,Male,Gen X,one_and_done,3,1,2025-08-16,2025-08-16
8365,Male,Gen X,regular,3,17,2025-07-12,2026-07-02
8366,Male,Boomer,regular,2,12,2025-07-15,2026-06-17
8367,Female,Gen Z,regular,2,14,2025-07-25,2026-06-12
8368,Female,Millennial,one_and_done,5,1,2026-03-11,2026-03-11
8369,Male,Millennial,one_and_done,2,1,2026-06-25,2026-06-25
8370,Female,Gen Z,occasional,1,5,2025-09-20,2026-05-17
8371,Male,Gen X,one_and_done,3,1,2025-12-16,2025-12-16
8372,Male,Millennial,one_and_done,1,1,2026-06-20,2026-06-20
8373,Male,Gen Z,occasional,2,5,2025-08-01,2026-02-04
8374,Female,Millennial,one_and_done,2,1,2025-12-03,2025-12-03
8375,Male,Gen X,loyal,5,25,2025-07-04,2026-07-03
8376,Male,Boomer,regular,4,12,2025-07-12,2026-07-03
8377,Female,Millennial,one_and_done,1,1,2025-10-30,2025-10-30
8378,Male,Gen X,occasional,3,6,2025-09-24,2026-04-07
8379,Male,Millennial,occasional,5,7,2025-08-22,2026-07-03
8380,Male,Millennial,occasional,2,7,2025-07-22,2026-05-01
8381,Male,Millennial,loyal,1,32,2025-07-04,2026-06-26
8382,Female,Gen X,one_and_done,1,1,2026-04-07,2026-04-07
8383,Male,Millennial,occasional,2,7,2025-07-28,2026-06-10
8384,Male,Gen Z,regular,4,15,2025-07-05,2026-06-20
8385,Female,Millennial,loyal,5,27,2025-07-03,2026-07-01
8386,Female,Millennial,regular,1,18,2025-07-23,2026-06-25
8387,Male,Millennial,occasional,1,7,2025-07-08,2026-06-06
8388,Female,Millennial,one_and_done,2,1,2025-12-09,2025-12-09
8389,Male,Millennial,one_and_done,2,1,2026-05-23,2026-05-23
8390,Male,Gen Z,one_and_done,1,1,2025-10-04,2025-10-04
8391,Male,Millennial,occasional,1,7,2026-01-16,2026-06-27
8392,Male,Gen X,one_and_done,6,1,2026-06-14,2026-06-14
8393,Female,Gen Z,one_and_done,4,1,2025-12-12,2025-12-12
8394,Male,Millennial,regular,1,22,2025-07-25,2026-07-08
8395,Male,Boomer,occasional,2,4,2025-07-24,2026-04-04
8396,Male,Millennial,occasional,1,7,2025-07-18,2026-06-12
8397,Male,Millennial,regular,3,22,2025-07-08,2026-07-07
8398,Male,Millennial,one_and_done,1,1,2025-09-05,2025-09-05
8399,Female,Gen X,occasional,8,5,2025-07-25,2026-04-13
8400,Female,Millennial,occasional,1,6,2025-07-31,2026-02-13
8401,Male,Millennial,one_and_done,6,1,2025-12-02,2025-12-02
8402,Male,Boomer,one_and_done,1,1,2026-03-26,2026-03-26
8403,Female,Boomer,one_and_done,2,1,2026-05-22,2026-05-22
8404,Male,Boomer,occasional,1,4,2025-10-25,2026-05-23
8405,Female,Millennial,one_and_done,3,1,2025-11-01,2025-11-01
8406,Male,Gen Z,one_and_done,5,1,2026-06-22,2026-06-22
8407,Female,Millennial,one_and_done,1,1,2025-12-01,2025-12-01
8408,Female,Millennial,regular,8,18,2025-07-01,2026-07-02
8409,Female,Millennial,occasional,4,6,2025-07-19,2026-07-04
8410,Male,Boomer,regular,5,12,2025-07-08,2026-06-10
8411,Female,Millennial,one_and_done,8,1,2026-06-01,2026-06-01
8412,Male,Millennial,occasional,1,7,2025-07-23,2026-05-27
8413,Male,Millennial,occasional,2,7,2025-09-20,2026-05-19
8414,Male,Millennial,occasional,1,7,2025-07-07,2026-05-19
8415,Male,Gen Z,one_and_done,3,1,2025-12-25,2025-12-25
8416,Male,Gen Z,one_and_done,7,1,2025-09-29,2025-09-29
8417,Male,Millennial,occasional,1,7,2025-09-13,2026-06-12
8418,Male,Millennial,regular,5,22,2025-07-04,2026-06-23
8419,Female,Gen Z,occasional,6,5,2025-07-06,2026-05-28
8420,Male,Millennial,occasional,1,7,2025-07-07,2026-06-02
8421,Male,Gen Z,occasional,3,5,2025-07-02,2026-06-16
8422,Male,Gen Z,regular,4,15,2025-07-12,2026-05-26
8423,Male,Gen X,one_and_done,1,1,2025-09-21,2025-09-21
8424,Male,Boomer,one_and_done,1,1,2026-02-18,2026-02-18
8425,Male,Gen X,regular,1,17,2025-07-04,2026-07-06
8426,Female,Gen Z,regular,1,14,2025-08-09,2026-06-29
8427,Female,Gen X,occasional,1,5,2025-08-12,2026-03-20
8428,Male,Gen Z,one_and_done,1,1,2026-02-04,2026-02-04
8429,Male,Millennial,one_and_done,1,1,2026-02-14,2026-02-14
8430,Male,Gen Z,regular,1,15,2025-07-14,2026-06-12
8431,Male,Millennial,occasional,1,7,2025-09-12,2026-07-01
8432,Female,Gen X,loyal,6,23,2025-07-27,2026-07-05
8433,Male,Gen X,occasional,1,6,2025-07-02,2026-04-20
8434,Female,Gen X,one_and_done,10,1,2025-12-01,2025-12-01
8435,Male,Gen X,one_and_done,1,1,2025-11-22,2025-11-22
8436,Female,Millennial,one_and_done,4,1,2025-11-03,2025-11-03
8437,Female,Millennial,one_and_done,1,1,2026-03-31,2026-03-31
8438,Male,Millennial,one_and_done,2,1,2025-12-26,2025-12-26
8439,Female,Millennial,one_and_done,1,1,2026-02-03,2026-02-03
8440,Male,Millennial,one_and_done,2,1,2025-11-23,2025-11-23
8441,Male,Boomer,regular,7,12,2025-07-29,2026-06-11
8442,Male,Gen Z,loyal,1,23,2025-08-01,2026-06-14
8443,Male,Millennial,occasional,1,7,2025-08-11,2026-05-21
8444,Male,Gen X,one_and_done,1,1,2025-08-19,2025-08-19
8445,Female,Gen X,one_and_done,1,1,2025-11-24,2025-11-24
8446,Male,Gen Z,one_and_done,6,1,2026-05-23,2026-05-23
8447,Male,Gen X,one_and_done,2,1,2026-01-21,2026-01-21
8448,Male,Millennial,one_and_done,3,1,2026-01-09,2026-01-09
8449,Male,Millennial,occasional,1,7,2025-07-24,2026-06-04
8450,Male,Boomer,one_and_done,7,1,2025-11-03,2025-11-03
8451,Female,Gen Z,occasional,2,5,2026-01-10,2026-04-25
8452,Male,Millennial,one_and_done,1,1,2026-03-14,2026-03-14
8453,Male,Gen Z,regular,6,15,2025-10-01,2026-06-29
8454,Male,Boomer,regular,2,12,2025-07-26,2026-05-12
8455,Female,Millennial,occasional,1,6,2025-07-17,2026-03-25
8456,Female,Gen Z,occasional,1,5,2025-07-19,2026-03-05
8457,Female,Millennial,regular,3,18,2025-07-04,2026-06-13
8458,Male,Millennial,one_and_done,3,1,2025-09-04,2025-09-04
8459,Male,Millennial,occasional,1,7,2025-07-04,2026-06-22
8460,Male,Gen Z,occasional,2,5,2025-07-16,2025-12-02
8461,Male,Millennial,one_and_done,6,1,2026-03-06,2026-03-06
8462,Female,Millennial,one_and_done,4,1,2025-08-09,2025-08-09
8463,Male,Boomer,occasional,1,4,2025-09-21,2026-04-03
8464,Female,Gen X,one_and_done,7,1,2025-10-23,2025-10-23
8465,Male,Gen X,regular,1,17,2025-07-29,2026-07-06
8466,Female,Millennial,one_and_done,1,1,2026-06-10,2026-06-10
8467,Male,Millennial,one_and_done,2,1,2026-01-21,2026-01-21
8468,Male,Millennial,occasional,1,7,2025-07-19,2026-06-20
8469,Female,Millennial,occasional,4,6,2025-07-26,2026-05-26
8470,Female,Millennial,one_and_done,3,1,2026-06-19,2026-06-19
8471,Male,Millennial,regular,9,22,2025-08-14,2026-06-27
8472,Male,Gen Z,one_and_done,1,1,2025-08-25,2025-08-25
8473,Male,Millennial,regular,6,22,2025-07-11,2026-06-25
8474,Male,Millennial,loyal,3,32,2025-07-18,2026-05-01
8475,Male,Gen X,loyal,1,25,2025-07-13,2026-07-04
8476,Female,Gen X,one_and_done,3,1,2026-06-15,2026-06-15
8477,Male,Gen X,one_and_done,1,1,2026-05-20,2026-05-20
8478,Female,Millennial,regular,3,18,2025-07-20,2026-06-27
8479,Male,Millennial,one_and_done,2,1,2025-11-11,2025-11-11
8480,Male,Gen Z,one_and_done,1,1,2026-03-28,2026-03-28
8481,Male,Gen Z,regular,4,15,2025-07-05,2026-07-04
8482,Male,Millennial,one_and_done,1,1,2025-07-15,2025-07-15
8483,Male,Millennial,occasional,1,7,2025-07-31,2026-04-30
8484,Female,Gen X,one_and_done,3,1,2026-03-16,2026-03-16
8485,Female,Millennial,one_and_done,1,1,2026-02-14,2026-02-14
8486,Female,Millennial,loyal,1,27,2025-07-25,2026-06-29
8487,Male,Millennial,one_and_done,2,1,2026-02-24,2026-02-24
8488,Female,Gen Z,regular,3,14,2025-08-15,2026-06-09
8489,Male,Millennial,loyal,1,32,2025-07-09,2026-07-05
8490,Female,Gen X,regular,1,15,2025-08-22,2026-07-09
8491,Female,Millennial,regular,1,18,2025-08-09,2026-06-24
8492,Female,Gen Z,occasional,4,5,2025-09-26,2026-05-08
8493,Male,Gen Z,occasional,1,5,2025-07-22,2026-04-14
8494,Male,Millennial,one_and_done,1,1,2026-03-12,2026-03-12
8495,Female,Millennial,occasional,3,6,2025-08-11,2026-06-29
8496,Male,Millennial,loyal,6,32,2025-07-06,2026-06-27
8497,Female,Millennial,one_and_done,1,1,2025-10-10,2025-10-10
8498,Female,Millennial,one_and_done,1,1,2026-02-03,2026-02-03
8499,Male,Gen X,regular,2,17,2025-07-16,2026-07-05
8500,Male,Gen X,loyal,1,25,2025-07-04,2026-07-09
8501,Male,Gen Z,one_and_done,1,1,2025-12-12,2025-12-12
8502,Male,Gen Z,occasional,3,5,2025-08-22,2026-05-04
8503,Male,Millennial,occasional,2,7,2025-07-15,2026-06-29
8504,Male,Millennial,one_and_done,1,1,2026-05-25,2026-05-25
8505,Male,Millennial,regular,1,22,2025-07-21,2026-06-19
8506,Male,Gen X,regular,1,17,2025-07-14,2026-05-26
8507,Male,Gen Z,regular,3,15,2025-07-19,2026-07-09
8508,Male,Millennial,occasional,1,7,2025-08-13,2026-05-16
8509,Male,Gen X,one_and_done,5,1,2026-04-17,2026-04-17
8510,Male,Millennial,one_and_done,1,1,2025-12-24,2025-12-24
8511,Female,Gen X,occasional,1,5,2025-09-03,2026-07-01
8512,Female,Millennial,occasional,1,6,2025-10-29,2026-06-15
8513,Male,Gen Z,one_and_done,4,1,2026-04-21,2026-04-21
8514,Male,Gen X,occasional,1,6,2025-09-28,2026-05-25
8515,Female,Gen Z,one_and_done,1,1,2025-08-10,2025-08-10
8516,Male,Gen X,one_and_done,6,1,2025-12-05,2025-12-05
8517,Male,Millennial,one_and_done,1,1,2026-05-07,2026-05-07
8518,Male,Millennial,loyal,6,32,2025-07-04,2026-06-30
8519,Male,Millennial,one_and_done,2,1,2025-12-16,2025-12-16
8520,Female,Boomer,loyal,4,16,2025-08-27,2026-06-20
8521,Female,Millennial,occasional,2,6,2025-09-05,2026-06-07
8522,Female,Gen Z,regular,4,14,2025-09-07,2026-06-12
8523,Male,Millennial,regular,2,22,2025-07-31,2026-07-09
8524,Male,Gen X,occasional,4,6,2025-07-03,2026-01-16
8525,Male,Gen Z,one_and_done,7,1,2025-09-28,2025-09-28
8526,Male,Gen Z,one_and_done,1,1,2026-03-13,2026-03-13
8527,Female,Millennial,loyal,4,27,2025-07-05,2026-06-16
8528,Female,Millennial,occasional,1,6,2025-07-20,2026-07-09
8529,Male,Gen Z,one_and_done,5,1,2026-04-25,2026-04-25
8530,Male,Gen X,one_and_done,1,1,2025-12-28,2025-12-28
8531,Female,Millennial,regular,1,18,2025-08-19,2026-07-08
8532,Male,Millennial,one_and_done,1,1,2025-11-30,2025-11-30
8533,Female,Millennial,occasional,3,6,2025-07-11,2026-05-05
8534,Male,Millennial,regular,9,22,2025-08-05,2026-06-12
8535,Female,Millennial,one_and_done,1,1,2026-05-18,2026-05-18
8536,Male,Gen Z,regular,1,15,2025-10-26,2026-07-07
8537,Male,Millennial,occasional,2,7,2025-08-20,2026-06-26
8538,Male,Gen X,one_and_done,1,1,2025-11-09,2025-11-09
8539,Male,Millennial,one_and_done,9,1,2026-06-08,2026-06-08
8540,Female,Gen Z,regular,2,14,2025-07-13,2026-06-28
8541,Male,Millennial,loyal,1,32,2025-07-13,2026-06-16
8542,Male,Gen X,one_and_done,1,1,2026-02-26,2026-02-26
8543,Male,Gen Z,one_and_done,1,1,2026-05-30,2026-05-30
8544,Female,Millennial,occasional,2,6,2025-08-01,2026-04-19
8545,Female,Millennial,one_and_done,1,1,2025-08-30,2025-08-30
8546,Female,Millennial,regular,3,18,2025-07-13,2026-06-24
8547,Male,Millennial,regular,9,22,2025-08-29,2026-07-05
8548,Female,Millennial,occasional,1,6,2025-07-24,2026-06-19
8549,Male,Millennial,regular,1,22,2025-08-19,2026-06-19
8550,Male,Gen Z,occasional,2,5,2025-08-15,2026-02-05
8551,Male,Gen Z,regular,5,15,2025-07-02,2026-07-02
8552,Female,Millennial,regular,5,18,2025-07-09,2026-06-24
8553,Male,Millennial,one_and_done,6,1,2025-12-18,2025-12-18
8554,Male,Millennial,one_and_done,1,1,2025-12-23,2025-12-23
8555,Female,Millennial,regular,9,18,2025-07-11,2026-06-24
8556,Female,Boomer,regular,1,11,2025-07-18,2026-06-26
8557,Male,Gen Z,one_and_done,7,1,2025-11-27,2025-11-27
8558,Male,Millennial,regular,2,22,2025-07-06,2026-05-27
8559,Male,Gen X,one_and_done,6,1,2026-05-02,2026-05-02
8560,Male,Millennial,one_and_done,1,1,2026-03-21,2026-03-21
8561,Male,Gen Z,one_and_done,3,1,2025-07-01,2025-07-01
8562,Male,Millennial,regular,5,22,2025-07-01,2026-07-09
8563,Male,Millennial,occasional,7,7,2025-07-23,2026-01-23
8564,Male,Gen Z,one_and_done,1,1,2025-07-18,2025-07-18
8565,Male,Millennial,one_and_done,1,1,2025-11-19,2025-11-19
8566,Male,Millennial,occasional,6,7,2025-08-08,2026-06-05
8567,Male,Boomer,one_and_done,1,1,2025-10-16,2025-10-16
8568,Male,Boomer,one_and_done,2,1,2026-06-30,2026-06-30
8569,Male,Boomer,one_and_done,3,1,2026-03-02,2026-03-02
8570,Male,Gen X,occasional,1,6,2025-07-18,2026-06-21
8571,Male,Gen Z,one_and_done,1,1,2025-11-20,2025-11-20
8572,Male,Gen X,one_and_done,3,1,2025-11-07,2025-11-07
8573,Male,Gen Z,one_and_done,1,1,2026-04-27,2026-04-27
8574,Female,Gen Z,one_and_done,8,1,2025-08-15,2025-08-15
8575,Male,Millennial,one_and_done,2,1,2026-06-29,2026-06-29
8576,Male,Gen X,one_and_done,2,1,2026-01-03,2026-01-03
8577,Male,Gen Z,occasional,1,5,2025-09-09,2026-05-20
8578,Male,Gen Z,occasional,4,5,2025-11-05,2026-06-19
8579,Male,Millennial,one_and_done,1,1,2026-02-20,2026-02-20
8580,Male,Gen X,one_and_done,1,1,2025-12-04,2025-12-04
8581,Male,Boomer,loyal,1,18,2025-08-18,2026-06-18
8582,Male,Gen X,one_and_done,1,1,2025-08-23,2025-08-23
8583,Male,Gen X,occasional,1,6,2025-08-09,2026-07-02
8584,Male,Boomer,loyal,2,18,2025-08-11,2026-07-02
8585,Male,Millennial,regular,1,22,2025-07-12,2026-06-20
8586,Male,Gen Z,regular,8,15,2025-07-19,2026-06-20
8587,Male,Millennial,one_and_done,1,1,2026-07-03,2026-07-03
8588,Female,Millennial,occasional,3,6,2025-10-17,2026-05-21
8589,Female,Millennial,one_and_done,2,1,2025-12-11,2025-12-11
8590,Male,Gen X,regular,2,17,2025-08-15,2026-07-01
8591,Female,Millennial,regular,1,18,2025-07-11,2026-04-26
8592,Male,Millennial,occasional,3,7,2025-09-14,2026-04-16
8593,Male,Millennial,regular,4,22,2025-07-03,2026-07-05
8594,Male,Gen Z,regular,1,15,2025-07-15,2026-07-06
8595,Male,Millennial,one_and_done,3,1,2026-06-04,2026-06-04
8596,Male,Boomer,loyal,3,18,2025-07-10,2026-06-28
8597,Female,Gen Z,one_and_done,1,1,2025-12-26,2025-12-26
8598,Male,Gen Z,one_and_done,2,1,2025-07-04,2025-07-04
8599,Male,Millennial,one_and_done,1,1,2026-05-11,2026-05-11
8600,Female,Millennial,one_and_done,4,1,2026-01-25,2026-01-25
8601,Female,Millennial,one_and_done,4,1,2026-02-06,2026-02-06
8602,Male,Millennial,occasional,2,7,2025-07-21,2026-05-10
8603,Male,Millennial,occasional,1,7,2025-09-10,2026-06-19
8604,Male,Millennial,regular,2,22,2025-07-06,2026-06-19
8605,Female,Millennial,one_and_done,1,1,2026-01-04,2026-01-04
8606,Male,Boomer,one_and_done,2,1,2026-03-25,2026-03-25
8607,Female,Millennial,regular,2,18,2025-07-21,2026-06-27
8608,Female,Millennial,regular,3,18,2025-07-06,2026-05-20
8609,Male,Millennial,loyal,6,32,2025-07-18,2026-07-09
8610,Female,Gen X,one_and_done,3,1,2025-12-15,2025-12-15
8611,Male,Millennial,one_and_done,3,1,2025-10-31,2025-10-31
8612,Female,Millennial,regular,2,18,2025-07-10,2026-05-31
8613,Female,Millennial,regular,7,18,2025-07-09,2026-07-05
8614,Male,Millennial,occasional,1,7,2025-11-12,2026-06-04
8615,Female,Boomer,occasional,6,4,2025-09-29,2026-06-12
8616,Male,Millennial,one_and_done,1,1,2025-09-17,2025-09-17
8617,Male,Gen X,occasional,1,6,2025-08-22,2026-06-27
8618,Male,Millennial,one_and_done,1,1,2026-06-24,2026-06-24
8619,Male,Gen Z,occasional,2,5,2025-07-29,2026-05-22
8620,Male,Millennial,regular,1,22,2025-07-01,2026-06-21
8621,Male,Millennial,occasional,5,7,2025-07-02,2026-05-15
8622,Male,Gen Z,regular,3,15,2025-07-27,2026-05-02
8623,Male,Millennial,loyal,1,32,2025-07-08,2026-06-20
8624,Female,Millennial,one_and_done,1,1,2026-03-21,2026-03-21
8625,Male,Gen Z,one_and_done,2,1,2026-05-14,2026-05-14
8626,Female,Millennial,one_and_done,1,1,2025-09-01,2025-09-01
8627,Female,Millennial,occasional,6,6,2025-11-13,2026-07-05
8628,Male,Gen Z,one_and_done,1,1,2026-01-17,2026-01-17
8629,Male,Gen Z,regular,1,15,2025-07-26,2026-06-19
8630,Female,Millennial,loyal,7,27,2025-07-06,2026-05-28
8631,Female,Millennial,one_and_done,1,1,2026-06-27,2026-06-27
8632,Male,Millennial,regular,7,22,2025-07-08,2026-07-04
8633,Male,Gen X,regular,2,17,2025-07-08,2026-07-01
8634,Male,Millennial,occasional,3,7,2025-08-14,2026-06-29
8635,Male,Gen X,one_and_done,1,1,2026-05-10,2026-05-10
8636,Female,Gen Z,loyal,1,20,2025-07-09,2026-06-05
8637,Male,Gen Z,occasional,4,5,2025-07-30,2026-03-30
8638,Male,Gen Z,loyal,4,23,2025-07-10,2026-07-03
8639,Male,Gen X,one_and_done,1,1,2026-04-22,2026-04-22
8640,Female,Gen Z,occasional,1,5,2025-09-07,2026-05-29
8641,Female,Gen Z,regular,1,14,2025-09-04,2026-07-05
8642,Female,Millennial,occasional,1,6,2025-08-12,2026-05-08
8643,Male,Gen Z,one_and_done,5,1,2025-12-26,2025-12-26
8644,Male,Gen X,one_and_done,1,1,2026-04-17,2026-04-17
8645,Female,Gen Z,one_and_done,5,1,2025-12-31,2025-12-31
8646,Male,Gen Z,one_and_done,1,1,2026-07-02,2026-07-02
8647,Male,Gen Z,one_and_done,3,1,2026-03-04,2026-03-04
8648,Female,Millennial,one_and_done,8,1,2026-02-07,2026-02-07
8649,Male,Millennial,regular,5,22,2025-07-14,2026-07-04
8650,Male,Gen Z,loyal,3,23,2025-07-18,2026-07-09
8651,Female,Millennial,loyal,1,27,2025-08-02,2026-06-08
8652,Male,Gen X,regular,1,17,2025-07-05,2026-07-02
8653,Male,Millennial,regular,1,22,2025-07-30,2026-06-05
8654,Male,Millennial,regular,4,22,2025-08-02,2026-06-10
8655,Male,Gen X,occasional,1,6,2025-07-19,2026-06-12
8656,Male,Millennial,regular,1,22,2025-07-18,2026-07-01
8657,Male,Boomer,regular,3,12,2025-07-06,2026-06-29
8658,Male,Gen Z,loyal,3,23,2025-07-01,2026-07-06
8659,Female,Gen X,loyal,1,23,2025-08-29,2026-07-04
8660,Male,Millennial,loyal,9,32,2025-07-19,2026-07-01
8661,Male,Millennial,one_and_done,1,1,2025-07-18,2025-07-18
8662,Male,Gen Z,one_and_done,2,1,2026-05-15,2026-05-15
8663,Male,Gen Z,regular,1,15,2025-07-02,2026-04-25
8664,Male,Millennial,regular,2,22,2025-07-09,2026-07-01
8665,Male,Millennial,one_and_done,1,1,2026-06-08,2026-06-08
8666,Female,Millennial,one_and_done,1,1,2025-10-04,2025-10-04
8667,Male,Millennial,loyal,2,32,2025-07-05,2026-06-30
8668,Male,Gen X,occasional,1,6,2025-10-29,2026-07-03
8669,Female,Boomer,one_and_done,1,1,2026-01-24,2026-01-24
8670,Male,Gen X,regular,6,17,2025-07-17,2026-06-22
8671,Male,Boomer,one_and_done,1,1,2026-05-14,2026-05-14
8672,Male,Millennial,one_and_done,1,1,2025-07-31,2025-07-31
8673,Male,Gen X,occasional,6,6,2025-12-29,2026-07-06
8674,Male,Gen Z,regular,1,15,2025-07-12,2026-07-06
8675,Male,Gen X,one_and_done,3,1,2025-07-09,2025-07-09
8676,Male,Boomer,regular,1,12,2025-07-06,2026-03-08
8677,Male,Boomer,occasional,3,4,2025-08-24,2026-01-25
8678,Male,Gen Z,occasional,1,5,2026-01-11,2026-07-02
8679,Male,Gen Z,regular,1,15,2025-07-19,2026-06-17
8680,Male,Millennial,one_and_done,1,1,2025-10-23,2025-10-23
8681,Male,Millennial,one_and_done,1,1,2026-01-30,2026-01-30
8682,Male,Millennial,occasional,2,7,2025-08-09,2026-07-06
8683,Male,Gen Z,regular,1,15,2025-07-04,2026-04-24
8684,Female,Millennial,regular,1,18,2025-07-05,2026-06-26
8685,Male,Millennial,one_and_done,1,1,2025-07-27,2025-07-27
8686,Male,Boomer,one_and_done,3,1,2026-06-30,2026-06-30
8687,Female,Gen Z,one_and_done,1,1,2025-11-19,2025-11-19
8688,Female,Gen Z,one_and_done,1,1,2026-04-17,2026-04-17
8689,Male,Millennial,one_and_done,5,1,2026-06-04,2026-06-04
8690,Male,Gen Z,occasional,1,5,2025-07-31,2026-06-05
8691,Male,Millennial,occasional,2,7,2025-07-19,2026-07-01
8692,Female,Millennial,one_and_done,4,1,2025-11-27,2025-11-27
8693,Female,Millennial,regular,1,18,2025-07-09,2026-06-17
8694,Male,Millennial,one_and_done,1,1,2025-07-22,2025-07-22
8695,Male,Millennial,one_and_done,1,1,2026-06-06,2026-06-06
8696,Male,Millennial,occasional,1,7,2025-07-30,2026-06-25
8697,Male,Millennial,regular,1,22,2025-07-28,2026-06-30
8698,Female,Boomer,occasional,3,4,2025-07-11,2026-05-10
8699,Male,Millennial,one_and_done,1,1,2025-07-06,2025-07-06
8700,Male,Millennial,one_and_done,1,1,2026-02-20,2026-02-20
8701,Male,Millennial,occasional,3,7,2025-07-19,2026-05-23
8702,Male,Gen Z,one_and_done,4,1,2026-02-10,2026-02-10
8703,Male,Gen X,one_and_done,3,1,2025-10-16,2025-10-16
8704,Male,Millennial,one_and_done,1,1,2026-05-22,2026-05-22
8705,Male,Millennial,one_and_done,1,1,2026-05-01,2026-05-01
8706,Male,Millennial,one_and_done,3,1,2025-12-29,2025-12-29
8707,Male,Gen X,loyal,2,25,2025-07-07,2026-06-15
8708,Male,Millennial,occasional,5,7,2025-08-07,2026-06-26
8709,Male,Gen X,occasional,1,6,2025-07-17,2026-05-14
8710,Male,Millennial,one_and_done,4,1,2026-02-27,2026-02-27
8711,Male,Millennial,one_and_done,7,1,2025-12-21,2025-12-21
8712,Male,Millennial,regular,1,22,2025-07-05,2026-06-09
8713,Female,Gen X,regular,1,15,2025-09-09,2026-06-18
8714,Female,Millennial,occasional,1,6,2025-08-29,2026-07-05
8715,Male,Gen Z,one_and_done,4,1,2026-04-16,2026-04-16
8716,Male,Millennial,one_and_done,6,1,2025-07-12,2025-07-12
8717,Male,Gen X,loyal,1,25,2025-07-15,2026-06-22
8718,Female,Millennial,one_and_done,6,1,2026-06-05,2026-06-05
8719,Female,Gen Z,one_and_done,1,1,2025-08-02,2025-08-02
8720,Male,Millennial,one_and_done,1,1,2026-05-28,2026-05-28
8721,Female,Gen Z,loyal,1,20,2025-07-01,2026-05-16
8722,Male,Gen Z,loyal,2,23,2025-07-25,2026-07-04
8723,Male,Millennial,occasional,1,7,2025-07-04,2026-06-16
8724,Male,Gen X,one_and_done,1,1,2026-07-08,2026-07-08
8725,Male,Millennial,one_and_done,1,1,2026-05-06,2026-05-06
8726,Male,Gen Z,regular,1,15,2025-07-11,2026-05-16
8727,Male,Millennial,occasional,2,7,2025-07-14,2026-03-22
8728,Male,Gen Z,one_and_done,6,1,2025-12-16,2025-12-16
8729,Male,Gen Z,one_and_done,5,1,2026-02-04,2026-02-04
8730,Male,Millennial,occasional,2,7,2025-12-23,2026-05-06
8731,Male,Gen X,occasional,1,6,2025-09-16,2026-06-05
8732,Male,Gen Z,occasional,1,5,2025-09-26,2026-07-03
8733,Female,Millennial,loyal,3,27,2025-07-11,2026-06-30
8734,Male,Millennial,loyal,1,32,2025-07-02,2026-06-27
8735,Male,Gen X,regular,1,17,2025-08-12,2026-07-07
8736,Male,Gen X,occasional,6,6,2025-08-08,2026-06-25
8737,Male,Gen X,one_and_done,4,1,2026-04-11,2026-04-11
8738,Male,Gen Z,one_and_done,3,1,2026-01-15,2026-01-15
8739,Male,Millennial,occasional,1,7,2025-09-30,2026-06-15
8740,Male,Gen Z,occasional,4,5,2025-10-04,2026-04-07
8741,Male,Gen Z,loyal,5,23,2025-07-14,2026-07-09
8742,Female,Gen X,loyal,4,23,2025-07-03,2026-06-18
8743,Male,Millennial,regular,1,22,2025-07-13,2026-07-09
8744,Male,Gen X,occasional,6,6,2025-08-27,2026-01-30
8745,Male,Millennial,one_and_done,1,1,2026-05-17,2026-05-17
8746,Male,Millennial,loyal,1,32,2025-07-04,2026-07-04
8747,Male,Gen X,regular,1,17,2025-09-19,2026-07-06
8748,Female,Millennial,occasional,2,6,2025-07-05,2026-07-02
8749,Male,Millennial,one_and_done,1,1,2025-08-29,2025-08-29
8750,Male,Millennial,one_and_done,2,1,2026-02-10,2026-02-10
8751,Female,Millennial,one_and_done,1,1,2026-01-01,2026-01-01
8752,Male,Millennial,regular,2,22,2025-07-26,2026-06-08
8753,Male,Gen X,regular,1,17,2025-07-03,2026-06-23
8754,Male,Gen X,regular,1,17,2025-08-26,2026-07-02
8755,Male,Millennial,one_and_done,2,1,2026-02-09,2026-02-09
8756,Male,Gen Z,one_and_done,3,1,2026-01-18,2026-01-18
8757,Male,Gen X,one_and_done,1,1,2026-03-23,2026-03-23
8758,Female,Boomer,occasional,1,4,2026-02-02,2026-07-09
8759,Female,Gen Z,one_and_done,2,1,2025-12-12,2025-12-12
8760,Male,Gen Z,one_and_done,1,1,2026-06-15,2026-06-15
8761,Male,Gen X,one_and_done,1,1,2025-07-31,2025-07-31
8762,Male,Boomer,regular,1,12,2025-09-18,2026-06-19
8763,Male,Boomer,one_and_done,2,1,2025-09-09,2025-09-09
8764,Female,Boomer,loyal,2,16,2025-07-04,2026-06-04
8765,Female,Millennial,one_and_done,1,1,2025-12-08,2025-12-08
8766,Male,Gen Z,occasional,1,5,2025-09-29,2026-02-23
8767,Male,Gen X,one_and_done,3,1,2025-07-26,2025-07-26
8768,Male,Millennial,loyal,3,32,2025-08-01,2026-07-09
8769,Female,Gen Z,regular,1,14,2025-08-13,2026-07-08
8770,Male,Gen X,regular,1,17,2025-07-22,2026-07-09
8771,Male,Millennial,loyal,1,32,2025-07-13,2026-07-09
8772,Male,Gen Z,regular,3,15,2025-07-18,2026-04-22
8773,Female,Millennial,one_and_done,4,1,2026-03-07,2026-03-07
8774,Female,Millennial,one_and_done,1,1,2026-01-09,2026-01-09
8775,Male,Millennial,loyal,6,32,2025-07-10,2026-07-03
8776,Male,Boomer,one_and_done,1,1,2025-11-24,2025-11-24
8777,Male,Boomer,one_and_done,3,1,2026-05-01,2026-05-01
8778,Female,Millennial,one_and_done,4,1,2025-10-06,2025-10-06
8779,Male,Millennial,regular,1,22,2025-07-01,2026-07-09
8780,Female,Gen Z,occasional,1,5,2025-10-04,2026-06-23
8781,Female,Gen X,occasional,6,5,2025-12-12,2026-04-19
8782,Female,Millennial,regular,1,18,2025-07-08,2026-06-09
8783,Male,Gen X,occasional,2,6,2025-07-31,2026-05-15
8784,Male,Gen X,regular,6,17,2025-07-14,2026-05-30
8785,Male,Gen X,one_and_done,3,1,2025-07-08,2025-07-08
8786,Male,Gen Z,one_and_done,1,1,2026-02-10,2026-02-10
8787,Female,Gen Z,one_and_done,1,1,2025-12-27,2025-12-27
8788,Male,Gen X,regular,4,17,2025-07-24,2026-06-27
8789,Male,Gen Z,regular,7,15,2025-08-10,2026-07-08
8790,Female,Boomer,one_and_done,1,1,2025-08-21,2025-08-21
8791,Male,Millennial,occasional,1,7,2025-12-12,2026-05-15
8792,Female,Millennial,one_and_done,4,1,2025-09-27,2025-09-27
8793,Male,Millennial,one_and_done,1,1,2026-03-07,2026-03-07
8794,Male,Millennial,one_and_done,6,1,2025-09-12,2025-09-12
8795,Female,Gen X,occasional,7,5,2025-07-11,2025-11-28
8796,Female,Millennial,occasional,1,6,2025-07-07,2026-01-29
8797,Male,Gen X,one_and_done,8,1,2026-04-30,2026-04-30
8798,Male,Millennial,regular,1,22,2025-07-04,2026-07-03
8799,Male,Millennial,occasional,1,7,2025-07-09,2026-05-26
8800,Male,Gen X,loyal,3,25,2025-07-12,2026-06-28
8801,Female,Gen Z,occasional,3,5,2025-09-20,2026-04-03
8802,Male,Millennial,one_and_done,1,1,2025-07-30,2025-07-30
8803,Male,Gen X,one_and_done,1,1,2025-12-28,2025-12-28
8804,Male,Millennial,regular,2,22,2025-08-02,2026-06-17
8805,Female,Millennial,occasional,2,6,2025-08-17,2026-03-19
8806,Male,Gen X,one_and_done,4,1,2026-03-29,2026-03-29
8807,Male,Gen Z,regular,1,15,2025-07-01,2026-07-08
8808,Male,Gen X,one_and_done,2,1,2025-12-12,2025-12-12
8809,Female,Gen Z,occasional,2,5,2025-07-10,2026-07-08
8810,Male,Gen Z,regular,1,15,2025-07-11,2026-05-04
8811,Male,Gen Z,one_and_done,1,1,2026-03-09,2026-03-09
8812,Female,Millennial,regular,7,18,2025-07-02,2026-06-16
8813,Male,Gen X,one_and_done,1,1,2026-02-14,2026-02-14
8814,Male,Millennial,one_and_done,5,1,2025-10-24,2025-10-24
8815,Female,Gen X,occasional,2,5,2025-07-12,2026-06-27
8816,Female,Gen Z,one_and_done,4,1,2026-02-07,2026-02-07
8817,Female,Millennial,regular,1,18,2025-07-05,2026-06-26
8818,Male,Gen X,occasional,1,6,2025-09-12,2026-02-25
8819,Male,Millennial,loyal,1,32,2025-07-26,2026-07-03
8820,Male,Gen Z,one_and_done,3,1,2026-03-31,2026-03-31
8821,Male,Millennial,one_and_done,7,1,2026-05-07,2026-05-07
8822,Male,Millennial,regular,1,22,2025-07-26,2026-06-29
8823,Male,Gen X,occasional,1,6,2025-07-22,2026-06-26
8824,Male,Gen X,regular,4,17,2025-07-20,2026-06-05
8825,Male,Millennial,one_and_done,7,1,2026-05-05,2026-05-05
8826,Male,Millennial,loyal,3,32,2025-07-06,2026-07-09
8827,Male,Millennial,regular,1,22,2025-07-01,2026-06-21
8828,Male,Boomer,one_and_done,1,1,2026-04-20,2026-04-20
8829,Male,Millennial,one_and_done,5,1,2026-03-06,2026-03-06
8830,Male,Gen X,regular,1,17,2025-08-12,2026-07-03
8831,Female,Millennial,regular,3,18,2025-07-01,2026-07-08
8832,Male,Millennial,regular,1,22,2025-07-06,2026-05-01
8833,Female,Millennial,one_and_done,1,1,2026-06-30,2026-06-30
8834,Male,Gen Z,regular,3,15,2025-08-10,2026-06-13
8835,Male,Gen Z,loyal,3,23,2025-07-12,2026-05-25
8836,Male,Boomer,loyal,7,18,2025-10-11,2026-07-05
8837,Male,Millennial,loyal,1,32,2025-07-05,2026-06-16
8838,Female,Boomer,one_and_done,2,1,2026-04-05,2026-04-05
8839,Male,Millennial,one_and_done,6,1,2026-01-03,2026-01-03
8840,Female,Millennial,one_and_done,1,1,2025-11-19,2025-11-19
8841,Male,Millennial,one_and_done,1,1,2025-10-22,2025-10-22
8842,Male,Boomer,regular,1,12,2025-08-22,2026-06-29
8843,Female,Millennial,occasional,5,6,2025-08-31,2026-06-02
8844,Female,Gen Z,regular,2,14,2025-07-26,2026-06-05
8845,Female,Millennial,one_and_done,1,1,2026-01-23,2026-01-23
8846,Female,Millennial,regular,1,18,2025-07-18,2026-06-17
8847,Male,Gen X,regular,5,17,2025-07-03,2026-07-07
8848,Female,Gen Z,loyal,1,20,2025-07-01,2026-07-02
8849,Male,Gen X,occasional,1,6,2025-07-21,2026-06-10
8850,Male,Gen Z,regular,3,15,2025-07-06,2026-07-06
8851,Male,Millennial,one_and_done,2,1,2025-09-02,2025-09-02
8852,Male,Gen X,regular,2,17,2025-07-08,2026-05-31
8853,Male,Millennial,one_and_done,1,1,2026-02-21,2026-02-21
8854,Male,Gen X,occasional,1,6,2025-07-21,2026-05-20
8855,Female,Millennial,one_and_done,4,1,2026-04-04,2026-04-04
8856,Female,Gen Z,one_and_done,1,1,2025-11-08,2025-11-08
8857,Male,Millennial,regular,10,22,2025-07-20,2026-07-06
8858,Male,Gen Z,regular,1,15,2025-07-23,2026-06-07
8859,Male,Millennial,one_and_done,3,1,2025-07-06,2025-07-06
8860,Male,Millennial,one_and_done,1,1,2026-07-01,2026-07-01
8861,Female,Millennial,one_and_done,1,1,2026-01-16,2026-01-16
8862,Male,Gen X,one_and_done,8,1,2025-11-08,2025-11-08
8863,Female,Gen Z,occasional,6,5,2025-10-07,2026-05-15
8864,Male,Millennial,one_and_done,4,1,2026-05-23,2026-05-23
8865,Male,Millennial,one_and_done,2,1,2025-07-03,2025-07-03
8866,Male,Millennial,one_and_done,2,1,2026-06-12,2026-06-12
8867,Male,Boomer,occasional,1,4,2025-12-06,2026-06-26
8868,Male,Millennial,one_and_done,5,1,2026-03-08,2026-03-08
8869,Female,Gen X,one_and_done,1,1,2026-03-31,2026-03-31
8870,Male,Gen X,one_and_done,4,1,2026-03-06,2026-03-06
8871,Female,Millennial,one_and_done,1,1,2026-01-18,2026-01-18
8872,Female,Millennial,one_and_done,3,1,2026-05-01,2026-05-01
8873,Female,Gen X,regular,2,15,2025-07-19,2026-06-22
8874,Male,Gen X,regular,1,17,2025-07-03,2026-07-04
8875,Male,Millennial,one_and_done,1,1,2026-04-03,2026-04-03
8876,Male,Gen Z,occasional,3,5,2025-07-22,2026-05-23
8877,Female,Millennial,one_and_done,1,1,2025-12-02,2025-12-02
8878,Male,Gen Z,occasional,1,5,2026-01-24,2026-06-21
8879,Female,Millennial,one_and_done,1,1,2025-12-04,2025-12-04
8880,Female,Millennial,regular,6,18,2025-08-07,2026-06-23
8881,Female,Millennial,one_and_done,6,1,2026-01-13,2026-01-13
8882,Male,Gen X,one_and_done,3,1,2025-10-10,2025-10-10
8883,Male,Gen X,regular,1,17,2025-07-19,2026-06-04
8884,Male,Millennial,one_and_done,7,1,2026-05-29,2026-05-29
8885,Male,Millennial,one_and_done,4,1,2026-01-20,2026-01-20
8886,Male,Gen Z,one_and_done,2,1,2026-07-02,2026-07-02
8887,Male,Millennial,one_and_done,3,1,2025-12-09,2025-12-09
8888,Male,Millennial,one_and_done,2,1,2025-08-09,2025-08-09
8889,Female,Millennial,regular,7,18,2025-07-16,2026-07-03
8890,Male,Gen X,one_and_done,5,1,2026-02-24,2026-02-24
8891,Male,Millennial,occasional,1,7,2025-10-27,2026-04-30
8892,Male,Millennial,one_and_done,1,1,2026-04-14,2026-04-14
8893,Female,Millennial,one_and_done,4,1,2025-11-07,2025-11-07
8894,Female,Gen Z,one_and_done,1,1,2026-05-16,2026-05-16
8895,Female,Boomer,regular,2,11,2025-07-12,2026-05-30
8896,Female,Millennial,regular,1,18,2025-07-11,2026-07-02
8897,Male,Millennial,occasional,8,7,2025-11-25,2026-06-08
8898,Male,Gen X,occasional,1,6,2025-08-19,2026-06-13
8899,Female,Gen Z,loyal,6,20,2025-07-24,2026-06-16
8900,Female,Millennial,regular,1,18,2025-08-14,2026-06-29
8901,Female,Millennial,occasional,6,6,2025-12-12,2026-05-09
8902,Female,Gen Z,occasional,2,5,2025-10-09,2026-05-28
8903,Female,Millennial,one_and_done,9,1,2026-02-16,2026-02-16
8904,Male,Millennial,loyal,1,32,2025-07-10,2026-06-20
8905,Male,Gen Z,occasional,3,5,2025-07-15,2026-05-21
8906,Male,Millennial,occasional,1,7,2025-09-05,2026-06-09
8907,Female,Gen Z,regular,1,14,2025-07-10,2026-01-20
8908,Female,Millennial,regular,2,18,2025-07-26,2026-06-26
8909,Male,Millennial,loyal,10,32,2025-07-21,2026-06-03
8910,Female,Millennial,regular,1,18,2025-07-10,2026-06-19
8911,Female,Millennial,regular,1,18,2025-07-03,2026-05-29
8912,Male,Gen Z,occasional,1,5,2025-10-25,2026-04-24
8913,Male,Boomer,one_and_done,1,1,2026-05-21,2026-05-21
8914,Male,Boomer,one_and_done,1,1,2026-06-16,2026-06-16
8915,Male,Gen Z,occasional,1,5,2025-07-15,2026-03-05
8916,Female,Gen Z,one_and_done,2,1,2026-04-11,2026-04-11
8917,Female,Boomer,one_and_done,1,1,2025-09-26,2025-09-26
8918,Male,Gen Z,regular,2,15,2025-07-06,2026-06-29
8919,Male,Gen Z,one_and_done,3,1,2025-07-05,2025-07-05
8920,Male,Boomer,loyal,1,18,2025-09-16,2026-06-18
8921,Female,Boomer,loyal,1,16,2025-08-07,2026-06-26
8922,Male,Millennial,regular,1,22,2025-07-12,2026-05-23
8923,Female,Millennial,occasional,1,6,2025-07-12,2026-07-07
8924,Female,Boomer,regular,4,11,2025-07-11,2026-05-07
8925,Male,Gen Z,one_and_done,2,1,2025-10-03,2025-10-03
8926,Female,Millennial,loyal,1,27,2025-07-02,2026-07-02
8927,Female,Millennial,one_and_done,5,1,2025-11-03,2025-11-03
8928,Female,Gen Z,one_and_done,1,1,2025-09-25,2025-09-25
8929,Female,Boomer,regular,1,11,2025-08-04,2026-05-26
8930,Male,Boomer,occasional,3,4,2025-08-23,2026-04-25
8931,Male,Gen X,one_and_done,1,1,2025-08-28,2025-08-28
8932,Female,Millennial,occasional,6,6,2025-07-11,2026-06-05
8933,Male,Millennial,regular,4,22,2025-07-12,2026-07-06
8934,Female,Millennial,one_and_done,1,1,2026-01-22,2026-01-22
8935,Male,Gen Z,regular,3,15,2025-09-03,2026-06-27
8936,Male,Millennial,one_and_done,1,1,2025-10-02,2025-10-02
8937,Male,Gen Z,one_and_done,1,1,2026-01-01,2026-01-01
8938,Male,Gen Z,one_and_done,1,1,2026-05-11,2026-05-11
8939,Male,Millennial,loyal,6,32,2025-07-11,2026-06-26
8940,Female,Gen X,occasional,2,5,2025-09-08,2026-04-02
8941,Female,Gen Z,one_and_done,3,1,2025-08-08,2025-08-08
8942,Male,Millennial,one_and_done,1,1,2026-02-20,2026-02-20
8943,Male,Millennial,one_and_done,1,1,2025-08-15,2025-08-15
8944,Male,Millennial,one_and_done,1,1,2025-08-08,2025-08-08
8945,Female,Boomer,occasional,1,4,2026-01-28,2026-06-13
8946,Male,Gen Z,regular,1,15,2025-07-10,2026-07-02
8947,Female,Millennial,one_and_done,4,1,2025-07-31,2025-07-31
8948,Male,Millennial,one_and_done,1,1,2026-05-30,2026-05-30
8949,Male,Gen Z,one_and_done,1,1,2026-02-14,2026-02-14
8950,Male,Millennial,occasional,3,7,2025-07-23,2026-04-24
8951,Male,Boomer,one_and_done,1,1,2025-11-24,2025-11-24
8952,Male,Millennial,regular,1,22,2025-07-04,2026-07-01
8953,Female,Millennial,regular,4,18,2025-08-29,2026-06-26
8954,Female,Millennial,one_and_done,1,1,2025-07-23,2025-07-23
8955,Female,Gen Z,occasional,1,5,2025-07-15,2026-05-24
8956,Male,Gen Z,one_and_done,2,1,2026-02-13,2026-02-13
8957,Male,Boomer,one_and_done,4,1,2026-06-16,2026-06-16
8958,Male,Millennial,one_and_done,2,1,2026-01-31,2026-01-31
8959,Female,Millennial,one_and_done,1,1,2025-10-04,2025-10-04
8960,Male,Millennial,occasional,1,7,2025-07-31,2026-06-28
8961,Male,Gen Z,loyal,2,23,2025-07-06,2026-06-18
8962,Female,Gen Z,one_and_done,1,1,2025-09-21,2025-09-21
8963,Male,Millennial,occasional,4,7,2025-11-08,2026-07-03
8964,Female,Gen Z,one_and_done,1,1,2025-09-28,2025-09-28
8965,Female,Millennial,one_and_done,4,1,2025-09-28,2025-09-28
8966,Male,Millennial,occasional,1,7,2025-08-08,2026-06-11
8967,Male,Gen X,loyal,2,25,2025-08-01,2026-05-24
8968,Female,Gen X,one_and_done,1,1,2025-07-27,2025-07-27
8969,Male,Millennial,one_and_done,5,1,2026-03-29,2026-03-29
8970,Male,Gen X,occasional,1,6,2025-10-08,2026-07-04
8971,Female,Gen X,occasional,5,5,2025-08-23,2026-03-08
8972,Male,Gen Z,one_and_done,2,1,2026-06-01,2026-06-01
8973,Male,Millennial,one_and_done,1,1,2026-05-08,2026-05-08
8974,Male,Millennial,one_and_done,2,1,2025-09-25,2025-09-25
8975,Female,Gen X,loyal,1,23,2025-07-04,2026-07-09
8976,Male,Gen Z,loyal,3,23,2025-07-04,2026-06-28
8977,Female,Gen Z,regular,5,14,2025-07-19,2026-07-09
8978,Female,Millennial,occasional,6,6,2025-07-28,2026-03-04
8979,Female,Millennial,one_and_done,6,1,2026-05-15,2026-05-15
8980,Male,Millennial,occasional,4,7,2025-10-31,2026-06-27
8981,Female,Millennial,regular,1,18,2025-07-24,2026-07-07
8982,Male,Gen Z,one_and_done,5,1,2026-01-22,2026-01-22
8983,Female,Gen X,loyal,3,23,2025-07-04,2026-06-20
8984,Male,Gen Z,one_and_done,7,1,2026-03-30,2026-03-30
8985,Male,Millennial,regular,1,22,2025-07-06,2026-06-12
8986,Male,Gen Z,one_and_done,5,1,2026-02-17,2026-02-17
8987,Male,Millennial,regular,1,22,2025-08-13,2026-06-22
8988,Female,Gen X,regular,5,15,2025-07-23,2026-06-19
8989,Male,Millennial,one_and_done,1,1,2025-07-13,2025-07-13
8990,Male,Millennial,occasional,1,7,2025-07-04,2026-06-21
8991,Male,Millennial,one_and_done,1,1,2026-05-19,2026-05-19
8992,Male,Boomer,regular,5,12,2025-07-25,2026-07-04
8993,Female,Gen Z,one_and_done,1,1,2026-06-09,2026-06-09
8994,Female,Millennial,regular,1,18,2025-07-04,2026-06-09
8995,Male,Gen X,occasional,1,6,2025-09-14,2026-07-08
8996,Male,Millennial,one_and_done,2,1,2025-12-20,2025-12-20
8997,Male,Gen X,regular,1,17,2025-07-03,2026-07-05
8998,Female,Millennial,occasional,2,6,2025-11-07,2026-05-08
8999,Male,Gen Z,regular,2,15,2025-07-24,2026-06-26
9000,Male,Boomer,occasional,1,4,2025-10-29,2026-04-25
9001,Male,Millennial,occasional,1,7,2025-07-05,2026-01-31
9002,Male,Millennial,occasional,5,7,2025-08-11,2026-06-01
9003,Female,Millennial,regular,2,18,2025-07-05,2026-06-25
9004,Male,Gen X,loyal,1,25,2025-07-10,2026-07-09
9005,Male,Millennial,loyal,2,32,2025-07-10,2026-07-03
9006,Male,Millennial,regular,1,22,2025-10-17,2026-07-07
9007,Male,Gen Z,regular,1,15,2025-07-20,2026-06-26
9008,Female,Gen X,occasional,1,5,2025-08-31,2026-01-31
9009,Male,Millennial,loyal,1,32,2025-07-09,2026-06-03
9010,Female,Gen X,loyal,3,23,2025-07-05,2026-06-07
9011,Male,Gen Z,regular,1,15,2025-08-06,2026-07-01
9012,Female,Gen Z,occasional,1,5,2025-10-11,2026-07-07
9013,Female,Millennial,one_and_done,1,1,2025-12-04,2025-12-04
9014,Female,Gen X,regular,9,15,2025-07-08,2026-06-07
9015,Male,Gen Z,one_and_done,2,1,2026-06-10,2026-06-10
9016,Female,Millennial,occasional,1,6,2025-07-01,2026-04-03
9017,Male,Gen X,regular,2,17,2025-07-09,2026-06-27
9018,Female,Gen Z,regular,3,14,2025-07-02,2026-07-08
9019,Male,Millennial,one_and_done,2,1,2025-07-19,2025-07-19
9020,Male,Millennial,occasional,1,7,2025-08-21,2026-06-24
9021,Male,Millennial,regular,1,22,2025-08-08,2026-06-20
9022,Female,Millennial,regular,1,18,2025-07-18,2026-06-14
9023,Male,Gen Z,occasional,5,5,2025-07-14,2026-07-01
9024,Male,Gen Z,loyal,3,23,2025-07-11,2026-07-03
9025,Female,Millennial,one_and_done,1,1,2025-10-30,2025-10-30
9026,Male,Millennial,one_and_done,5,1,2026-02-13,2026-02-13
9027,Female,Gen Z,one_and_done,2,1,2025-09-20,2025-09-20
9028,Male,Gen X,one_and_done,1,1,2026-04-20,2026-04-20
9029,Male,Millennial,occasional,3,7,2025-07-19,2026-06-25
9030,Male,Millennial,regular,3,22,2025-07-06,2026-07-02
9031,Male,Millennial,one_and_done,1,1,2026-04-07,2026-04-07
9032,Male,Gen Z,regular,1,15,2025-07-06,2026-06-05
9033,Male,Gen X,regular,5,17,2025-07-05,2026-05-16
9034,Male,Gen Z,occasional,5,5,2025-08-22,2026-06-16
9035,Male,Gen X,one_and_done,1,1,2026-07-03,2026-07-03
9036,Male,Millennial,regular,2,22,2025-07-04,2026-06-26
9037,Female,Gen Z,one_and_done,1,1,2026-05-25,2026-05-25
9038,Male,Gen Z,regular,3,15,2025-07-04,2026-06-30
9039,Male,Gen Z,one_and_done,1,1,2026-05-09,2026-05-09
9040,Male,Gen X,occasional,1,6,2025-08-13,2026-05-18
9041,Male,Millennial,occasional,1,7,2025-10-06,2026-07-01
9042,Male,Gen X,occasional,2,6,2025-07-19,2026-05-09
9043,Male,Millennial,one_and_done,2,1,2026-04-28,2026-04-28
9044,Male,Millennial,one_and_done,5,1,2025-08-11,2025-08-11
9045,Female,Millennial,one_and_done,1,1,2025-11-24,2025-11-24
9046,Female,Millennial,one_and_done,4,1,2025-12-18,2025-12-18
9047,Female,Millennial,occasional,1,6,2025-07-22,2026-06-25
9048,Male,Millennial,loyal,2,32,2025-08-02,2026-06-02
9049,Female,Millennial,one_and_done,1,1,2025-07-28,2025-07-28
9050,Female,Gen Z,one_and_done,2,1,2025-09-28,2025-09-28
9051,Male,Millennial,one_and_done,1,1,2025-11-22,2025-11-22
9052,Male,Gen X,one_and_done,4,1,2025-09-04,2025-09-04
9053,Male,Millennial,one_and_done,1,1,2025-07-11,2025-07-11
9054,Male,Millennial,one_and_done,2,1,2025-11-27,2025-11-27
9055,Female,Millennial,regular,7,18,2025-08-22,2026-06-27
9056,Male,Gen X,regular,1,17,2025-07-15,2026-07-06
9057,Male,Gen X,one_and_done,4,1,2025-08-17,2025-08-17
9058,Female,Gen X,one_and_done,1,1,2026-02-28,2026-02-28
9059,Male,Gen X,loyal,1,25,2025-07-17,2026-06-16
9060,Male,Millennial,regular,1,22,2025-07-13,2026-06-03
9061,Male,Millennial,occasional,4,7,2025-07-19,2026-05-04
9062,Male,Gen Z,regular,5,15,2025-09-12,2026-07-05
9063,Male,Gen X,one_and_done,2,1,2025-09-27,2025-09-27
9064,Male,Millennial,one_and_done,6,1,2026-06-19,2026-06-19
9065,Male,Gen Z,loyal,1,23,2025-07-14,2026-06-27
9066,Male,Millennial,one_and_done,1,1,2025-12-27,2025-12-27
9067,Male,Millennial,one_and_done,5,1,2025-10-04,2025-10-04
9068,Male,Gen X,one_and_done,7,1,2025-10-16,2025-10-16
9069,Male,Gen Z,one_and_done,4,1,2026-02-12,2026-02-12
9070,Male,Millennial,occasional,4,7,2025-08-02,2026-05-12
9071,Female,Millennial,one_and_done,1,1,2026-05-26,2026-05-26
9072,Male,Gen Z,one_and_done,2,1,2025-10-20,2025-10-20
9073,Male,Gen Z,occasional,1,5,2025-12-29,2026-05-16
9074,Male,Gen X,one_and_done,1,1,2026-04-19,2026-04-19
9075,Male,Millennial,one_and_done,4,1,2026-03-08,2026-03-08
9076,Male,Gen Z,regular,1,15,2025-07-14,2026-06-22
9077,Male,Millennial,regular,1,22,2025-08-09,2026-07-02
9078,Male,Gen Z,occasional,7,5,2025-09-12,2026-06-21
9079,Male,Millennial,one_and_done,2,1,2026-04-18,2026-04-18
9080,Female,Gen Z,loyal,2,20,2025-07-23,2026-07-05
9081,Female,Millennial,regular,4,18,2025-10-05,2026-06-30
9082,Male,Millennial,occasional,7,7,2025-08-02,2026-04-29
9083,Male,Gen Z,occasional,1,5,2025-09-08,2026-06-19
9084,Male,Millennial,one_and_done,9,1,2025-08-19,2025-08-19
9085,Female,Gen X,one_and_done,1,1,2026-05-02,2026-05-02
9086,Female,Gen Z,one_and_done,1,1,2026-06-24,2026-06-24
9087,Male,Millennial,one_and_done,1,1,2026-03-17,2026-03-17
9088,Male,Gen Z,loyal,1,23,2025-07-06,2026-07-06
9089,Female,Millennial,one_and_done,3,1,2026-02-19,2026-02-19
9090,Female,Gen Z,loyal,1,20,2025-07-26,2026-07-03
9091,Female,Gen Z,one_and_done,1,1,2025-10-07,2025-10-07
9092,Male,Millennial,regular,5,22,2025-08-01,2026-07-03
9093,Male,Gen Z,regular,6,15,2025-07-04,2026-07-04
9094,Male,Gen Z,regular,3,15,2025-08-12,2026-07-07
9095,Male,Millennial,occasional,3,7,2025-09-25,2026-06-14
9096,Male,Millennial,occasional,2,7,2025-08-09,2026-05-09
9097,Male,Gen Z,regular,3,15,2025-08-02,2026-06-09
9098,Male,Millennial,one_and_done,2,1,2025-12-28,2025-12-28
9099,Female,Gen Z,occasional,1,5,2025-07-28,2026-06-13
9100,Female,Millennial,regular,2,18,2025-08-02,2026-06-17
9101,Male,Gen Z,one_and_done,2,1,2026-03-19,2026-03-19
9102,Female,Millennial,one_and_done,1,1,2025-11-01,2025-11-01
9103,Male,Millennial,loyal,1,32,2025-08-06,2026-07-03
9104,Female,Boomer,loyal,3,16,2025-07-01,2026-07-02
9105,Male,Gen X,one_and_done,4,1,2025-12-22,2025-12-22
9106,Male,Gen Z,loyal,5,23,2025-07-12,2026-07-02
9107,Female,Millennial,regular,1,18,2025-07-03,2026-07-07
9108,Male,Millennial,occasional,5,7,2025-08-25,2026-05-30
9109,Male,Gen Z,one_and_done,2,1,2025-08-26,2025-08-26
9110,Male,Millennial,regular,1,22,2025-07-30,2026-07-01
9111,Female,Millennial,occasional,1,6,2025-07-08,2026-06-12
9112,Male,Gen X,occasional,3,6,2025-07-09,2026-05-01
9113,Male,Gen Z,regular,2,15,2025-08-09,2026-05-08
9114,Male,Millennial,one_and_done,1,1,2025-10-27,2025-10-27
9115,Male,Millennial,occasional,1,7,2025-07-01,2026-03-27
9116,Male,Gen X,occasional,1,6,2025-08-01,2026-04-22
9117,Male,Gen Z,occasional,1,5,2025-09-27,2026-06-10
9118,Male,Boomer,one_and_done,1,1,2026-03-19,2026-03-19
9119,Male,Millennial,occasional,6,7,2025-07-06,2026-03-20
9120,Male,Gen Z,one_and_done,1,1,2025-11-28,2025-11-28
9121,Male,Millennial,one_and_done,4,1,2026-01-13,2026-01-13
9122,Male,Gen Z,regular,1,15,2025-07-24,2026-07-07
9123,Male,Millennial,occasional,1,7,2025-07-18,2026-03-23
9124,Male,Gen Z,one_and_done,1,1,2026-03-08,2026-03-08
9125,Male,Millennial,one_and_done,1,1,2025-10-03,2025-10-03
9126,Male,Gen Z,one_and_done,4,1,2025-08-09,2025-08-09
9127,Female,Millennial,occasional,6,6,2025-11-28,2026-05-22
9128,Female,Gen Z,one_and_done,2,1,2026-05-31,2026-05-31
9129,Male,Millennial,one_and_done,3,1,2026-04-06,2026-04-06
9130,Male,Millennial,one_and_done,1,1,2025-11-29,2025-11-29
9131,Male,Millennial,occasional,5,7,2025-09-10,2026-06-02
9132,Male,Millennial,occasional,1,7,2025-08-06,2026-06-19
9133,Male,Millennial,regular,1,22,2025-07-08,2026-07-02
9134,Male,Millennial,occasional,1,7,2025-09-18,2026-06-20
9135,Female,Millennial,one_and_done,1,1,2025-09-29,2025-09-29
9136,Male,Millennial,regular,1,22,2025-08-21,2026-06-22
9137,Male,Gen Z,one_and_done,2,1,2025-10-07,2025-10-07
9138,Female,Millennial,one_and_done,7,1,2025-07-31,2025-07-31
9139,Female,Millennial,one_and_done,1,1,2026-06-11,2026-06-11
9140,Female,Gen X,regular,1,15,2025-07-11,2026-05-07
9141,Male,Millennial,one_and_done,6,1,2025-12-26,2025-12-26
9142,Female,Millennial,regular,4,18,2025-07-27,2026-06-19
9143,Male,Gen Z,regular,2,15,2025-08-01,2026-07-04
9144,Male,Gen X,occasional,3,6,2025-08-05,2026-07-08
9145,Female,Millennial,occasional,5,6,2025-07-28,2026-06-06
9146,Male,Millennial,regular,2,22,2025-07-02,2026-06-19
9147,Female,Gen X,one_and_done,1,1,2026-02-14,2026-02-14
9148,Female,Millennial,occasional,1,6,2025-08-10,2026-06-14
9149,Male,Millennial,one_and_done,1,1,2026-02-10,2026-02-10
9150,Male,Gen Z,occasional,1,5,2025-11-17,2026-07-06
9151,Male,Gen X,occasional,2,6,2025-10-29,2026-06-21
9152,Male,Millennial,one_and_done,4,1,2025-08-19,2025-08-19
9153,Male,Millennial,occasional,1,7,2025-10-24,2026-06-18
9154,Female,Gen Z,occasional,1,5,2025-10-17,2026-06-16
9155,Male,Millennial,occasional,7,7,2025-08-23,2026-05-03
9156,Male,Gen Z,occasional,1,5,2025-07-01,2026-02-03
9157,Male,Millennial,regular,1,22,2025-07-11,2026-06-20
9158,Female,Gen Z,occasional,5,5,2025-09-10,2026-05-27
9159,Female,Millennial,one_and_done,1,1,2026-02-01,2026-02-01
9160,Female,Millennial,occasional,1,6,2025-10-04,2026-06-07
9161,Male,Gen Z,one_and_done,1,1,2026-01-01,2026-01-01
9162,Male,Millennial,one_and_done,7,1,2026-05-02,2026-05-02
9163,Male,Gen Z,one_and_done,1,1,2025-08-19,2025-08-19
9164,Female,Millennial,one_and_done,1,1,2026-07-04,2026-07-04
9165,Male,Gen X,occasional,4,6,2025-07-21,2026-07-08
9166,Female,Gen Z,one_and_done,3,1,2026-05-26,2026-05-26
9167,Male,Gen X,one_and_done,1,1,2025-12-13,2025-12-13
9168,Female,Millennial,occasional,1,6,2025-11-13,2026-06-08
9169,Female,Gen X,one_and_done,1,1,2026-06-30,2026-06-30
9170,Female,Millennial,one_and_done,1,1,2026-02-10,2026-02-10
9171,Male,Millennial,occasional,3,7,2025-08-08,2026-05-19
9172,Male,Millennial,occasional,1,7,2025-09-06,2026-06-26
9173,Male,Gen Z,occasional,1,5,2025-07-11,2025-11-06
9174,Male,Gen X,occasional,3,6,2025-07-16,2026-04-26
9175,Female,Millennial,one_and_done,1,1,2026-04-08,2026-04-08
9176,Male,Gen X,occasional,1,6,2025-07-08,2026-07-07
9177,Male,Gen Z,loyal,1,23,2025-07-20,2026-07-07
9178,Male,Gen Z,occasional,5,5,2025-08-23,2026-04-25
9179,Male,Gen X,loyal,5,25,2025-07-01,2026-07-09
9180,Male,Millennial,regular,1,22,2025-07-19,2026-07-09
9181,Male,Gen Z,regular,8,15,2025-07-24,2026-07-01
9182,Female,Gen Z,one_and_done,1,1,2026-04-09,2026-04-09
9183,Male,Millennial,occasional,1,7,2025-07-04,2026-04-23
9184,Female,Millennial,one_and_done,10,1,2026-07-01,2026-07-01
9185,Male,Millennial,occasional,1,7,2025-08-09,2026-07-04
9186,Male,Millennial,occasional,4,7,2025-07-16,2026-05-11
9187,Male,Millennial,one_and_done,1,1,2026-05-08,2026-05-08
9188,Male,Gen X,one_and_done,6,1,2026-03-27,2026-03-27
9189,Male,Millennial,regular,1,22,2025-07-29,2026-06-26
9190,Male,Gen X,occasional,1,6,2025-07-14,2026-05-01
9191,Male,Millennial,one_and_done,2,1,2026-02-27,2026-02-27
9192,Male,Gen Z,one_and_done,1,1,2026-03-21,2026-03-21
9193,Male,Gen X,one_and_done,8,1,2026-06-12,2026-06-12
9194,Male,Gen X,occasional,1,6,2025-08-21,2026-02-05
9195,Female,Millennial,occasional,1,6,2025-07-31,2026-06-24
9196,Male,Gen Z,occasional,2,5,2025-07-10,2026-06-26
9197,Male,Gen Z,occasional,3,5,2025-12-13,2026-05-10
9198,Male,Gen Z,one_and_done,4,1,2025-10-12,2025-10-12
9199,Female,Gen Z,occasional,1,5,2025-08-08,2026-05-08
9200,Male,Millennial,regular,1,22,2025-07-11,2026-06-18
9201,Female,Millennial,one_and_done,1,1,2026-05-15,2026-05-15
9202,Male,Millennial,loyal,3,32,2025-07-22,2026-07-03
9203,Female,Boomer,one_and_done,2,1,2025-11-14,2025-11-14
9204,Male,Millennial,one_and_done,1,1,2025-10-16,2025-10-16
9205,Male,Gen Z,one_and_done,1,1,2025-09-24,2025-09-24
9206,Male,Millennial,one_and_done,1,1,2026-02-25,2026-02-25
9207,Male,Gen Z,one_and_done,5,1,2025-12-09,2025-12-09
9208,Male,Millennial,occasional,1,7,2025-08-17,2026-05-23
9209,Male,Gen X,regular,6,17,2025-07-12,2026-07-06
9210,Female,Gen Z,one_and_done,2,1,2025-10-24,2025-10-24
9211,Male,Gen Z,one_and_done,4,1,2026-06-05,2026-06-05
9212,Female,Gen X,one_and_done,1,1,2026-05-13,2026-05-13
9213,Male,Gen Z,occasional,6,5,2025-07-16,2026-06-21
9214,Male,Millennial,regular,1,22,2025-07-04,2026-07-09
9215,Male,Millennial,one_and_done,1,1,2025-11-25,2025-11-25
9216,Male,Millennial,occasional,1,7,2025-08-18,2026-05-28
9217,Male,Millennial,loyal,3,32,2025-07-03,2026-07-09
9218,Male,Gen Z,one_and_done,2,1,2026-03-07,2026-03-07
9219,Male,Gen X,occasional,7,6,2025-07-09,2026-06-01
9220,Male,Millennial,regular,4,22,2025-07-31,2026-06-26
9221,Male,Gen X,loyal,2,25,2025-07-01,2026-07-03
9222,Female,Millennial,occasional,5,6,2025-11-29,2026-06-28
9223,Male,Millennial,occasional,4,7,2025-11-26,2026-03-15
9224,Male,Gen Z,regular,6,15,2025-07-08,2026-07-09
9225,Male,Gen X,one_and_done,2,1,2026-01-25,2026-01-25
9226,Male,Boomer,regular,2,12,2025-07-04,2026-07-07
9227,Male,Boomer,one_and_done,3,1,2025-12-18,2025-12-18
9228,Male,Boomer,occasional,2,4,2025-11-27,2026-06-23
9229,Male,Millennial,one_and_done,1,1,2026-06-23,2026-06-23
9230,Female,Millennial,one_and_done,1,1,2026-03-01,2026-03-01
9231,Male,Gen X,regular,1,17,2025-07-18,2026-06-19
9232,Male,Millennial,regular,5,22,2025-07-03,2026-06-26
9233,Male,Gen Z,occasional,2,5,2025-10-09,2026-05-22
9234,Male,Millennial,regular,5,22,2025-07-26,2026-06-26
9235,Male,Gen X,loyal,1,25,2025-07-19,2026-07-08
9236,Male,Millennial,regular,1,22,2025-07-20,2026-06-30
9237,Male,Millennial,one_and_done,4,1,2025-07-30,2025-07-30
9238,Male,Boomer,one_and_done,1,1,2026-03-15,2026-03-15
9239,Male,Millennial,occasional,1,7,2025-08-13,2026-03-17
9240,Male,Millennial,regular,4,22,2025-08-20,2026-06-08
9241,Male,Millennial,one_and_done,2,1,2026-03-14,2026-03-14
9242,Male,Millennial,occasional,2,7,2025-07-27,2026-05-10
9243,Male,Gen Z,one_and_done,2,1,2026-02-12,2026-02-12
9244,Male,Millennial,occasional,3,7,2025-10-10,2026-05-20
9245,Male,Gen Z,occasional,1,5,2025-12-23,2026-06-23
9246,Male,Gen Z,one_and_done,1,1,2025-10-04,2025-10-04
9247,Female,Millennial,one_and_done,6,1,2026-04-21,2026-04-21
9248,Male,Millennial,one_and_done,6,1,2025-12-31,2025-12-31
9249,Female,Millennial,regular,2,18,2025-08-02,2026-07-07
9250,Male,Gen X,one_and_done,3,1,2025-11-13,2025-11-13
9251,Male,Gen Z,one_and_done,5,1,2026-02-24,2026-02-24
9252,Male,Gen Z,one_and_done,1,1,2025-11-10,2025-11-10
9253,Male,Millennial,occasional,1,7,2025-08-09,2026-03-25
9254,Female,Gen Z,one_and_done,1,1,2026-01-16,2026-01-16
9255,Female,Millennial,one_and_done,1,1,2026-05-01,2026-05-01
9256,Female,Millennial,loyal,1,27,2025-07-17,2026-07-05
9257,Male,Gen Z,one_and_done,2,1,2025-07-27,2025-07-27
9258,Female,Millennial,occasional,4,6,2025-07-10,2026-06-25
9259,Male,Millennial,one_and_done,2,1,2025-12-23,2025-12-23
9260,Female,Gen X,one_and_done,1,1,2025-07-31,2025-07-31
9261,Male,Millennial,one_and_done,1,1,2026-06-02,2026-06-02
9262,Female,Millennial,regular,3,18,2025-08-02,2026-05-23
9263,Male,Millennial,one_and_done,1,1,2025-11-03,2025-11-03
9264,Female,Gen Z,regular,7,14,2025-08-15,2026-06-22
9265,Female,Millennial,loyal,2,27,2025-07-20,2026-07-02
9266,Female,Millennial,occasional,2,6,2025-08-08,2026-04-29
9267,Male,Boomer,occasional,3,4,2025-08-13,2026-03-23
9268,Male,Millennial,regular,1,22,2025-07-06,2026-06-26
9269,Male,Gen X,occasional,2,6,2025-08-01,2026-04-06
9270,Female,Millennial,occasional,1,6,2025-09-30,2026-05-24
9271,Male,Millennial,occasional,1,7,2025-12-22,2026-07-09
9272,Male,Gen Z,one_and_done,1,1,2025-12-13,2025-12-13
9273,Male,Millennial,occasional,1,7,2025-07-18,2026-06-22
9274,Male,Gen X,occasional,5,6,2025-07-16,2026-06-06
9275,Female,Gen X,one_and_done,3,1,2025-12-27,2025-12-27
9276,Male,Gen Z,loyal,1,23,2025-07-02,2026-06-24
9277,Male,Millennial,regular,1,22,2025-07-05,2026-06-02
9278,Male,Gen X,one_and_done,7,1,2025-10-26,2025-10-26
9279,Male,Millennial,occasional,4,7,2025-07-29,2026-06-30
9280,Male,Millennial,occasional,1,7,2025-09-08,2026-05-23
9281,Male,Millennial,loyal,3,32,2025-07-03,2026-06-23
9282,Male,Gen Z,regular,3,15,2025-08-01,2026-07-09
9283,Male,Millennial,one_and_done,1,1,2025-09-08,2025-09-08
9284,Male,Millennial,loyal,8,32,2025-07-06,2026-06-12
9285,Male,Gen Z,one_and_done,2,1,2026-06-27,2026-06-27
9286,Male,Millennial,one_and_done,1,1,2026-07-04,2026-07-04
9287,Male,Millennial,occasional,1,7,2025-07-11,2026-05-21
9288,Male,Gen Z,regular,1,15,2025-09-05,2026-06-02
9289,Female,Millennial,one_and_done,3,1,2026-06-19,2026-06-19
9290,Male,Gen Z,occasional,2,5,2025-08-20,2026-06-28
9291,Male,Millennial,regular,1,22,2025-07-07,2026-07-01
9292,Female,Millennial,one_and_done,1,1,2026-02-11,2026-02-11
9293,Male,Gen X,one_and_done,1,1,2026-05-07,2026-05-07
9294,Female,Gen Z,one_and_done,7,1,2026-04-07,2026-04-07
9295,Male,Millennial,one_and_done,2,1,2026-01-27,2026-01-27
9296,Male,Gen Z,one_and_done,1,1,2026-06-26,2026-06-26
9297,Male,Millennial,one_and_done,4,1,2026-06-12,2026-06-12
9298,Male,Millennial,one_and_done,1,1,2025-07-18,2025-07-18
9299,Male,Millennial,occasional,1,7,2025-07-09,2026-05-10
9300,Male,Gen Z,occasional,2,5,2025-09-14,2026-06-24
9301,Male,Millennial,one_and_done,1,1,2026-01-25,2026-01-25
9302,Male,Millennial,one_and_done,2,1,2026-04-21,2026-04-21
9303,Male,Millennial,occasional,2,7,2025-07-05,2026-06-03
9304,Male,Millennial,occasional,9,7,2025-08-07,2026-05-15
9305,Male,Millennial,one_and_done,1,1,2026-01-15,2026-01-15
9306,Male,Gen Z,occasional,1,5,2025-08-04,2026-05-09
9307,Female,Millennial,one_and_done,1,1,2025-08-11,2025-08-11
9308,Female,Gen Z,occasional,3,5,2025-07-11,2026-04-26
9309,Female,Gen Z,one_and_done,1,1,2026-02-08,2026-02-08
9310,Female,Millennial,occasional,1,6,2025-08-27,2026-04-10
9311,Male,Millennial,loyal,5,32,2025-07-04,2026-07-08
9312,Male,Boomer,one_and_done,1,1,2025-09-29,2025-09-29
9313,Female,Gen Z,regular,1,14,2025-09-06,2026-06-07
9314,Female,Gen X,occasional,1,5,2025-08-07,2026-04-25
9315,Female,Millennial,regular,1,18,2025-07-13,2026-06-23
9316,Male,Boomer,occasional,3,4,2025-09-03,2026-03-21
9317,Male,Gen Z,one_and_done,2,1,2025-12-14,2025-12-14
9318,Male,Gen Z,regular,1,15,2025-07-28,2026-07-08
9319,Male,Gen Z,one_and_done,1,1,2026-03-13,2026-03-13
9320,Female,Gen Z,regular,7,14,2025-07-24,2026-06-13
9321,Female,Gen X,regular,5,15,2025-07-25,2026-07-05
9322,Male,Gen X,one_and_done,1,1,2025-07-26,2025-07-26
9323,Male,Gen Z,one_and_done,2,1,2025-09-25,2025-09-25
9324,Male,Gen Z,one_and_done,4,1,2025-11-21,2025-11-21
9325,Female,Gen X,regular,5,15,2025-07-11,2026-06-13
9326,Female,Gen Z,occasional,10,5,2025-07-07,2026-06-03
9327,Male,Gen X,occasional,4,6,2025-07-19,2026-02-27
9328,Female,Gen X,one_and_done,1,1,2026-03-19,2026-03-19
9329,Male,Millennial,one_and_done,3,1,2026-03-30,2026-03-30
9330,Male,Millennial,occasional,2,7,2025-08-03,2026-06-29
9331,Male,Gen X,one_and_done,1,1,2025-10-22,2025-10-22
9332,Male,Gen Z,one_and_done,2,1,2026-03-13,2026-03-13
9333,Male,Millennial,one_and_done,1,1,2026-05-20,2026-05-20
9334,Female,Gen X,loyal,1,23,2025-08-24,2026-07-02
9335,Male,Gen X,occasional,2,6,2025-10-09,2026-05-22
9336,Female,Millennial,occasional,4,6,2025-07-07,2026-06-27
9337,Male,Millennial,occasional,1,7,2025-08-05,2026-05-07
9338,Male,Millennial,one_and_done,1,1,2026-03-15,2026-03-15
9339,Female,Millennial,occasional,1,6,2025-07-15,2026-03-06
9340,Male,Gen Z,regular,1,15,2025-07-17,2026-05-26
9341,Female,Gen Z,one_and_done,1,1,2026-05-22,2026-05-22
9342,Female,Millennial,occasional,1,6,2025-07-26,2026-02-10
9343,Male,Millennial,occasional,1,7,2025-08-25,2026-05-31
9344,Female,Millennial,one_and_done,1,1,2026-02-19,2026-02-19
9345,Female,Millennial,one_and_done,2,1,2025-12-27,2025-12-27
9346,Female,Millennial,one_and_done,1,1,2026-03-24,2026-03-24
9347,Male,Millennial,one_and_done,1,1,2026-04-06,2026-04-06
9348,Male,Millennial,occasional,1,7,2025-10-24,2026-07-08
9349,Male,Gen X,one_and_done,1,1,2026-01-28,2026-01-28
9350,Male,Millennial,one_and_done,1,1,2026-03-29,2026-03-29
9351,Male,Gen Z,one_and_done,1,1,2025-12-09,2025-12-09
9352,Male,Boomer,regular,5,12,2025-07-10,2026-07-06
9353,Male,Millennial,occasional,3,7,2025-08-10,2026-04-30
9354,Male,Gen Z,regular,2,15,2025-08-05,2026-06-13
9355,Female,Millennial,regular,1,18,2025-08-05,2026-06-15
9356,Male,Millennial,occasional,1,7,2025-08-09,2026-05-20
9357,Male,Millennial,occasional,1,7,2025-08-09,2026-06-30
9358,Male,Boomer,regular,6,12,2025-08-25,2026-05-30
9359,Male,Millennial,one_and_done,2,1,2026-03-23,2026-03-23
9360,Male,Gen X,regular,1,17,2025-08-26,2026-07-07
9361,Female,Gen Z,occasional,1,5,2025-12-27,2026-06-26
9362,Female,Gen Z,regular,5,14,2025-07-17,2026-05-31
9363,Male,Millennial,one_and_done,5,1,2025-10-15,2025-10-15
9364,Male,Millennial,one_and_done,4,1,2025-11-06,2025-11-06
9365,Male,Gen X,one_and_done,1,1,2026-06-15,2026-06-15
9366,Male,Gen Z,regular,1,15,2025-07-07,2026-06-06
9367,Female,Millennial,one_and_done,1,1,2026-06-17,2026-06-17
9368,Male,Gen X,loyal,1,25,2025-07-22,2026-07-02
9369,Female,Millennial,loyal,4,27,2025-07-05,2026-06-28
9370,Female,Gen X,occasional,3,5,2025-08-07,2026-05-21
9371,Female,Gen Z,regular,4,14,2025-08-04,2026-05-31
9372,Male,Gen Z,one_and_done,1,1,2026-03-13,2026-03-13
9373,Female,Boomer,one_and_done,1,1,2025-12-22,2025-12-22
9374,Male,Millennial,one_and_done,1,1,2026-05-10,2026-05-10
9375,Female,Gen X,occasional,3,5,2025-09-23,2026-05-23
9376,Male,Millennial,one_and_done,5,1,2025-11-15,2025-11-15
9377,Male,Millennial,one_and_done,5,1,2026-04-30,2026-04-30
9378,Male,Millennial,regular,5,22,2025-07-20,2026-06-19
9379,Male,Boomer,one_and_done,1,1,2026-06-29,2026-06-29
9380,Male,Millennial,occasional,1,7,2025-08-31,2026-07-02
9381,Male,Gen Z,one_and_done,5,1,2026-06-15,2026-06-15
9382,Male,Millennial,one_and_done,3,1,2025-09-29,2025-09-29
9383,Female,Millennial,occasional,1,6,2025-10-22,2026-05-14
9384,Male,Gen Z,loyal,1,23,2025-07-10,2026-06-18
9385,Male,Gen Z,one_and_done,5,1,2026-03-14,2026-03-14
9386,Male,Gen X,one_and_done,5,1,2025-09-11,2025-09-11
9387,Male,Millennial,regular,1,22,2025-07-13,2026-07-07
9388,Male,Gen Z,one_and_done,1,1,2025-10-05,2025-10-05
9389,Female,Millennial,occasional,1,6,2025-07-25,2026-07-06
9390,Male,Millennial,regular,2,22,2025-07-12,2026-06-23
9391,Female,Millennial,one_and_done,4,1,2025-10-29,2025-10-29
9392,Male,Millennial,loyal,1,32,2025-08-02,2026-06-29
9393,Female,Gen Z,one_and_done,3,1,2025-11-23,2025-11-23
9394,Male,Gen X,loyal,7,25,2025-07-29,2026-06-21
9395,Female,Millennial,occasional,1,6,2025-07-12,2026-06-02
9396,Female,Gen Z,loyal,10,20,2025-07-17,2026-06-19
9397,Male,Gen Z,regular,2,15,2025-07-09,2026-06-29
9398,Male,Gen Z,occasional,4,5,2025-07-25,2026-05-15
9399,Female,Millennial,regular,1,18,2025-07-04,2026-06-15
9400,Female,Gen X,regular,2,15,2025-07-02,2026-07-01
9401,Female,Gen Z,regular,1,14,2025-08-02,2026-07-08
9402,Female,Millennial,one_and_done,2,1,2026-02-07,2026-02-07
9403,Male,Gen Z,occasional,1,5,2025-12-19,2026-05-31
9404,Male,Gen X,occasional,4,6,2025-07-19,2026-06-02
9405,Male,Millennial,regular,4,22,2025-07-09,2026-06-17
9406,Male,Gen Z,one_and_done,1,1,2025-09-14,2025-09-14
9407,Male,Millennial,occasional,3,7,2025-08-08,2026-07-07
9408,Male,Gen Z,occasional,5,5,2025-11-13,2026-06-20
9409,Female,Millennial,one_and_done,6,1,2025-08-15,2025-08-15
9410,Female,Gen Z,one_and_done,4,1,2026-05-02,2026-05-02
9411,Female,Millennial,one_and_done,1,1,2025-10-09,2025-10-09
9412,Female,Millennial,occasional,10,6,2025-07-26,2026-06-07
9413,Female,Gen Z,one_and_done,5,1,2026-06-19,2026-06-19
9414,Male,Gen Z,loyal,6,23,2025-07-07,2026-06-27
9415,Male,Gen Z,one_and_done,4,1,2026-05-01,2026-05-01
9416,Female,Gen Z,one_and_done,2,1,2026-01-27,2026-01-27
9417,Female,Gen Z,one_and_done,1,1,2025-09-05,2025-09-05
9418,Female,Millennial,one_and_done,2,1,2026-04-19,2026-04-19
9419,Female,Millennial,one_and_done,1,1,2026-03-07,2026-03-07
9420,Male,Millennial,one_and_done,7,1,2026-04-24,2026-04-24
9421,Male,Millennial,occasional,6,7,2025-07-21,2026-05-02
9422,Male,Millennial,occasional,2,7,2025-09-20,2026-03-20
9423,Male,Gen Z,occasional,1,5,2025-09-30,2026-07-09
9424,Male,Millennial,one_and_done,3,1,2025-12-06,2025-12-06
9425,Male,Millennial,regular,1,22,2025-08-01,2026-07-08
9426,Male,Gen Z,regular,10,15,2025-07-16,2026-07-03
9427,Male,Gen X,one_and_done,2,1,2026-05-26,2026-05-26
9428,Male,Millennial,one_and_done,4,1,2026-03-14,2026-03-14
9429,Male,Millennial,occasional,1,7,2025-08-04,2026-07-08
9430,Female,Millennial,occasional,1,6,2025-08-29,2026-05-24
9431,Female,Millennial,one_and_done,6,1,2026-07-04,2026-07-04
9432,Male,Gen Z,one_and_done,4,1,2025-09-19,2025-09-19
9433,Male,Millennial,occasional,1,7,2025-08-02,2026-05-01
9434,Male,Gen X,occasional,6,6,2025-08-28,2026-06-26
9435,Male,Millennial,one_and_done,2,1,2025-10-17,2025-10-17
9436,Female,Millennial,loyal,1,27,2025-07-04,2026-07-02
9437,Female,Millennial,one_and_done,10,1,2026-03-01,2026-03-01
9438,Male,Millennial,one_and_done,1,1,2026-03-28,2026-03-28
9439,Male,Millennial,regular,1,22,2025-08-22,2026-06-26
9440,Female,Millennial,one_and_done,3,1,2026-02-05,2026-02-05
9441,Male,Gen X,one_and_done,1,1,2025-08-15,2025-08-15
9442,Male,Millennial,one_and_done,5,1,2026-06-04,2026-06-04
9443,Male,Millennial,loyal,1,32,2025-07-15,2026-07-07
9444,Female,Millennial,one_and_done,3,1,2025-12-11,2025-12-11
9445,Male,Millennial,one_and_done,1,1,2026-04-15,2026-04-15
9446,Female,Millennial,one_and_done,3,1,2026-06-12,2026-06-12
9447,Female,Millennial,occasional,3,6,2025-07-15,2026-06-23
9448,Male,Millennial,one_and_done,4,1,2026-01-25,2026-01-25
9449,Male,Millennial,one_and_done,3,1,2026-04-03,2026-04-03
9450,Male,Millennial,regular,8,22,2025-07-05,2026-05-19
9451,Female,Gen Z,occasional,1,5,2025-07-29,2026-06-12
9452,Male,Gen Z,one_and_done,4,1,2025-12-27,2025-12-27
9453,Male,Millennial,one_and_done,1,1,2025-09-13,2025-09-13
9454,Female,Millennial,loyal,7,27,2025-07-04,2026-07-04
9455,Female,Millennial,occasional,1,6,2025-09-06,2026-06-03
9456,Male,Millennial,one_and_done,2,1,2025-08-15,2025-08-15
9457,Male,Boomer,loyal,1,18,2025-09-04,2026-06-26
9458,Male,Millennial,one_and_done,1,1,2026-05-09,2026-05-09
9459,Male,Boomer,occasional,3,4,2026-02-21,2026-04-10
9460,Male,Millennial,occasional,1,7,2025-07-10,2026-02-18
9461,Male,Millennial,one_and_done,1,1,2025-09-12,2025-09-12
9462,Male,Millennial,one_and_done,1,1,2025-08-08,2025-08-08
9463,Male,Gen Z,loyal,2,23,2025-07-11,2026-07-02
9464,Female,Gen Z,one_and_done,1,1,2026-01-15,2026-01-15
9465,Male,Millennial,one_and_done,3,1,2026-04-26,2026-04-26
9466,Female,Gen X,one_and_done,7,1,2026-05-25,2026-05-25
9467,Male,Gen X,one_and_done,1,1,2025-12-10,2025-12-10
9468,Male,Millennial,loyal,1,32,2025-07-13,2026-06-23
9469,Female,Boomer,one_and_done,1,1,2026-05-22,2026-05-22
9470,Female,Millennial,regular,4,18,2025-08-01,2026-06-19
9471,Male,Boomer,one_and_done,4,1,2026-04-19,2026-04-19
9472,Female,Millennial,one_and_done,2,1,2026-04-18,2026-04-18
9473,Male,Millennial,occasional,1,7,2025-10-10,2026-06-25
9474,Female,Millennial,one_and_done,4,1,2026-01-26,2026-01-26
9475,Male,Millennial,regular,7,22,2025-07-03,2026-06-19
9476,Male,Millennial,one_and_done,1,1,2025-10-17,2025-10-17
9477,Male,Boomer,occasional,1,4,2025-07-23,2026-04-13
9478,Male,Gen X,loyal,1,25,2025-07-05,2026-07-03
9479,Female,Millennial,one_and_done,2,1,2026-06-01,2026-06-01
9480,Female,Gen X,one_and_done,1,1,2026-04-19,2026-04-19
9481,Male,Millennial,loyal,1,32,2025-07-10,2026-07-05
9482,Male,Millennial,one_and_done,1,1,2026-06-19,2026-06-19
9483,Female,Millennial,one_and_done,2,1,2026-04-17,2026-04-17
9484,Male,Millennial,loyal,5,32,2025-07-02,2026-07-03
9485,Male,Gen Z,one_and_done,1,1,2025-09-15,2025-09-15
9486,Male,Millennial,one_and_done,2,1,2025-07-26,2025-07-26
9487,Male,Millennial,occasional,2,7,2025-07-01,2026-04-07
9488,Female,Gen Z,one_and_done,6,1,2026-02-20,2026-02-20
9489,Male,Millennial,one_and_done,1,1,2026-04-04,2026-04-04
9490,Male,Gen Z,regular,1,15,2025-07-18,2026-06-23
9491,Female,Millennial,one_and_done,2,1,2026-07-07,2026-07-07
9492,Male,Gen Z,one_and_done,1,1,2026-04-13,2026-04-13
9493,Male,Gen X,one_and_done,2,1,2026-07-09,2026-07-09
9494,Male,Gen X,occasional,1,6,2025-09-04,2026-05-26
9495,Male,Gen Z,loyal,1,23,2025-07-03,2026-05-17
9496,Male,Millennial,one_and_done,6,1,2025-07-13,2025-07-13
9497,Male,Millennial,one_and_done,3,1,2026-04-17,2026-04-17
9498,Male,Gen Z,regular,1,15,2025-07-20,2026-05-30
9499,Male,Millennial,one_and_done,1,1,2025-10-19,2025-10-19
9500,Male,Millennial,occasional,5,7,2025-11-21,2026-05-15
9501,Female,Boomer,regular,1,11,2025-07-11,2026-07-06
9502,Male,Boomer,one_and_done,4,1,2025-07-02,2025-07-02
9503,Male,Millennial,regular,1,22,2025-08-03,2026-07-04
9504,Male,Millennial,one_and_done,4,1,2026-01-31,2026-01-31
9505,Male,Millennial,regular,4,22,2025-08-10,2026-06-22
9506,Male,Millennial,occasional,1,7,2025-09-09,2026-07-07
9507,Female,Gen Z,regular,1,14,2025-07-12,2026-06-23
9508,Male,Millennial,one_and_done,1,1,2025-12-09,2025-12-09
9509,Male,Millennial,loyal,2,32,2025-07-03,2026-06-20
9510,Female,Gen Z,loyal,8,20,2025-07-18,2026-07-01
9511,Male,Millennial,loyal,8,32,2025-08-23,2026-07-06
9512,Male,Millennial,regular,3,22,2025-07-19,2026-05-27
9513,Male,Millennial,loyal,1,32,2025-07-04,2026-06-19
9514,Male,Millennial,one_and_done,4,1,2025-11-16,2025-11-16
9515,Female,Millennial,one_and_done,5,1,2026-03-13,2026-03-13
9516,Male,Gen X,loyal,1,25,2025-07-08,2026-07-05
9517,Female,Millennial,one_and_done,3,1,2025-08-16,2025-08-16
9518,Male,Millennial,one_and_done,6,1,2025-08-14,2025-08-14
9519,Male,Millennial,one_and_done,1,1,2026-01-26,2026-01-26
9520,Female,Millennial,occasional,5,6,2025-08-23,2026-06-26
9521,Male,Gen X,one_and_done,2,1,2026-04-03,2026-04-03
9522,Female,Millennial,regular,1,18,2025-07-10,2026-07-08
9523,Male,Millennial,one_and_done,6,1,2025-11-02,2025-11-02
9524,Male,Millennial,occasional,3,7,2025-09-18,2026-06-01
9525,Male,Boomer,one_and_done,4,1,2026-01-09,2026-01-09
9526,Male,Gen Z,loyal,1,23,2025-07-05,2026-07-05
9527,Female,Millennial,regular,1,18,2025-07-06,2026-06-26
9528,Female,Gen Z,one_and_done,3,1,2025-08-23,2025-08-23
9529,Male,Gen Z,occasional,2,5,2025-09-13,2026-02-13
9530,Male,Millennial,regular,2,22,2025-07-05,2026-07-07
9531,Male,Millennial,loyal,1,32,2025-07-12,2026-07-09
9532,Male,Millennial,one_and_done,8,1,2026-04-10,2026-04-10
9533,Male,Millennial,occasional,9,7,2025-09-03,2026-05-27
9534,Male,Millennial,one_and_done,8,1,2026-01-02,2026-01-02
9535,Female,Millennial,regular,2,18,2025-07-14,2026-07-07
9536,Male,Gen Z,occasional,1,5,2025-09-25,2026-06-17
9537,Male,Millennial,one_and_done,3,1,2026-04-11,2026-04-11
9538,Female,Millennial,one_and_done,5,1,2025-08-29,2025-08-29
9539,Male,Gen Z,one_and_done,4,1,2025-10-09,2025-10-09
9540,Male,Millennial,occasional,6,7,2025-11-24,2026-07-03
9541,Female,Millennial,loyal,6,27,2025-07-10,2026-07-07
9542,Male,Millennial,occasional,6,7,2025-08-17,2026-07-07
9543,Female,Millennial,one_and_done,6,1,2026-06-16,2026-06-16
9544,Female,Millennial,one_and_done,2,1,2026-02-20,2026-02-20
9545,Male,Millennial,one_and_done,3,1,2026-05-01,2026-05-01
9546,Male,Gen Z,one_and_done,1,1,2026-05-06,2026-05-06
9547,Male,Gen X,one_and_done,4,1,2025-08-25,2025-08-25
9548,Female,Millennial,occasional,1,6,2025-07-09,2026-05-03
9549,Female,Millennial,loyal,5,27,2025-07-10,2026-07-01
9550,Female,Boomer,one_and_done,3,1,2026-05-06,2026-05-06
9551,Male,Gen Z,loyal,4,23,2025-07-04,2026-06-28
9552,Male,Millennial,one_and_done,2,1,2026-05-21,2026-05-21
9553,Female,Gen Z,one_and_done,1,1,2025-07-11,2025-07-11
9554,Female,Millennial,one_and_done,1,1,2026-05-16,2026-05-16
9555,Female,Millennial,one_and_done,1,1,2025-10-04,2025-10-04
9556,Male,Millennial,one_and_done,2,1,2026-07-06,2026-07-06
9557,Male,Millennial,regular,1,22,2025-07-01,2026-05-28
9558,Male,Gen Z,regular,1,15,2025-09-18,2026-06-22
9559,Male,Gen X,regular,1,17,2025-07-25,2026-06-12
9560,Male,Gen Z,regular,2,15,2025-07-05,2026-06-08
9561,Male,Gen Z,one_and_done,2,1,2025-09-15,2025-09-15
9562,Female,Gen X,regular,1,15,2025-07-16,2026-06-07
9563,Male,Millennial,regular,1,22,2025-07-28,2026-07-04
9564,Male,Gen X,one_and_done,3,1,2025-11-01,2025-11-01
9565,Female,Boomer,one_and_done,1,1,2025-11-07,2025-11-07
9566,Male,Gen Z,occasional,3,5,2025-07-01,2026-06-11
9567,Male,Millennial,regular,2,22,2025-07-14,2026-06-27
9568,Male,Millennial,regular,3,22,2025-07-15,2026-07-08
9569,Male,Gen Z,one_and_done,1,1,2026-03-11,2026-03-11
9570,Female,Millennial,one_and_done,1,1,2025-07-19,2025-07-19
9571,Male,Gen X,one_and_done,2,1,2026-01-28,2026-01-28
9572,Male,Millennial,regular,1,22,2025-07-05,2026-07-03
9573,Male,Millennial,regular,3,22,2025-07-04,2026-06-10
9574,Male,Gen X,one_and_done,4,1,2025-09-12,2025-09-12
9575,Male,Millennial,occasional,3,7,2025-07-18,2026-05-20
9576,Female,Gen Z,occasional,1,5,2025-08-08,2026-04-28
9577,Male,Millennial,loyal,6,32,2025-08-01,2026-07-03
9578,Male,Millennial,regular,2,22,2025-07-05,2026-07-02
9579,Female,Millennial,occasional,1,6,2025-10-05,2026-06-23
9580,Female,Gen X,one_and_done,3,1,2026-06-22,2026-06-22
9581,Male,Gen X,occasional,1,6,2025-07-11,2026-05-18
9582,Male,Millennial,one_and_done,1,1,2025-12-13,2025-12-13
9583,Male,Millennial,one_and_done,1,1,2026-06-27,2026-06-27
9584,Male,Millennial,one_and_done,4,1,2026-06-28,2026-06-28
9585,Female,Millennial,one_and_done,1,1,2026-03-03,2026-03-03
9586,Male,Millennial,one_and_done,2,1,2025-10-31,2025-10-31
9587,Male,Millennial,occasional,6,7,2025-09-10,2026-06-09
9588,Female,Gen X,regular,2,15,2025-07-14,2026-06-06
9589,Male,Gen Z,one_and_done,1,1,2025-11-22,2025-11-22
9590,Female,Gen Z,loyal,2,20,2025-08-01,2026-06-20
9591,Female,Boomer,one_and_done,2,1,2025-11-15,2025-11-15
9592,Male,Millennial,one_and_done,1,1,2026-05-01,2026-05-01
9593,Male,Millennial,one_and_done,5,1,2025-07-28,2025-07-28
9594,Male,Millennial,one_and_done,3,1,2026-02-26,2026-02-26
9595,Male,Millennial,regular,1,22,2025-07-16,2026-07-06
9596,Female,Millennial,one_and_done,1,1,2026-01-31,2026-01-31
9597,Female,Gen Z,occasional,1,5,2025-08-05,2025-11-24
9598,Male,Boomer,one_and_done,1,1,2026-05-21,2026-05-21
9599,Female,Millennial,regular,2,18,2025-07-15,2026-07-03
9600,Female,Millennial,regular,1,18,2025-07-20,2026-07-04
9601,Male,Gen Z,one_and_done,2,1,2025-09-24,2025-09-24
9602,Male,Boomer,loyal,2,18,2025-07-01,2026-05-14
9603,Male,Millennial,occasional,3,7,2025-09-05,2026-05-30
9604,Male,Gen Z,occasional,4,5,2025-07-18,2025-10-12
9605,Male,Gen X,one_and_done,1,1,2025-09-09,2025-09-09
9606,Female,Gen Z,one_and_done,1,1,2025-12-27,2025-12-27
9607,Male,Gen X,one_and_done,1,1,2026-03-03,2026-03-03
9608,Female,Millennial,loyal,4,27,2025-08-15,2026-06-29
9609,Male,Millennial,regular,6,22,2025-07-09,2026-07-01
9610,Female,Millennial,one_and_done,1,1,2026-02-18,2026-02-18
9611,Male,Millennial,occasional,3,7,2025-08-04,2026-05-21
9612,Female,Millennial,regular,2,18,2025-08-14,2026-06-26
9613,Female,Millennial,loyal,1,27,2025-07-17,2026-06-26
9614,Male,Gen Z,one_and_done,2,1,2026-03-04,2026-03-04
9615,Female,Gen Z,occasional,1,5,2025-09-19,2026-03-14
9616,Male,Gen Z,regular,1,15,2025-07-11,2026-07-02
9617,Male,Gen Z,regular,4,15,2025-08-19,2026-05-29
9618,Female,Millennial,one_and_done,1,1,2026-02-21,2026-02-21
9619,Male,Gen Z,one_and_done,1,1,2026-05-18,2026-05-18
9620,Female,Gen X,regular,3,15,2025-08-01,2026-06-27
9621,Female,Gen X,one_and_done,4,1,2026-05-11,2026-05-11
9622,Male,Gen Z,one_and_done,2,1,2025-09-22,2025-09-22
9623,Male,Millennial,one_and_done,1,1,2025-08-08,2025-08-08
9624,Male,Millennial,regular,10,22,2025-08-01,2026-06-30
9625,Male,Millennial,loyal,8,32,2025-07-01,2026-06-20
9626,Male,Boomer,regular,6,12,2025-07-03,2026-07-04
9627,Male,Millennial,one_and_done,1,1,2026-01-05,2026-01-05
9628,Female,Millennial,one_and_done,1,1,2025-09-05,2025-09-05
9629,Male,Millennial,occasional,1,7,2025-07-10,2026-05-08
9630,Male,Gen X,one_and_done,1,1,2026-03-13,2026-03-13
9631,Male,Gen X,occasional,2,6,2025-07-04,2026-04-26
9632,Female,Gen Z,one_and_done,5,1,2026-02-03,2026-02-03
9633,Male,Gen Z,one_and_done,1,1,2025-08-02,2025-08-02
9634,Female,Millennial,one_and_done,1,1,2026-06-05,2026-06-05
9635,Male,Millennial,one_and_done,2,1,2025-07-05,2025-07-05
9636,Male,Boomer,loyal,1,18,2025-07-12,2026-07-01
9637,Male,Gen X,regular,1,17,2025-07-07,2026-06-16
9638,Female,Millennial,occasional,1,6,2025-08-09,2026-07-04
9639,Female,Millennial,occasional,2,6,2025-09-23,2026-06-05
9640,Female,Millennial,one_and_done,7,1,2026-04-04,2026-04-04
9641,Female,Millennial,one_and_done,1,1,2025-12-12,2025-12-12
9642,Male,Boomer,regular,1,12,2025-08-04,2026-06-13
9643,Female,Millennial,regular,1,18,2025-07-08,2026-07-04
9644,Male,Millennial,occasional,2,7,2025-09-20,2026-06-30
9645,Male,Millennial,one_and_done,1,1,2026-02-19,2026-02-19
9646,Female,Gen Z,regular,2,14,2025-07-08,2026-06-26
9647,Female,Millennial,loyal,1,27,2025-07-03,2026-06-13
9648,Male,Millennial,occasional,2,7,2025-07-03,2026-06-26
9649,Male,Millennial,one_and_done,3,1,2026-02-25,2026-02-25
9650,Female,Gen Z,one_and_done,1,1,2025-12-07,2025-12-07
9651,Female,Millennial,regular,4,18,2025-07-08,2026-07-07
9652,Male,Gen Z,one_and_done,4,1,2025-10-03,2025-10-03
9653,Male,Gen X,one_and_done,2,1,2026-04-14,2026-04-14
9654,Male,Gen X,occasional,5,6,2025-08-06,2026-07-08
9655,Female,Millennial,regular,1,18,2025-07-07,2026-05-15
9656,Male,Gen Z,one_and_done,3,1,2026-05-23,2026-05-23
9657,Male,Gen X,loyal,6,25,2025-08-01,2026-06-01
9658,Female,Millennial,regular,1,18,2025-07-05,2026-07-01
9659,Female,Gen X,one_and_done,4,1,2025-12-05,2025-12-05
9660,Male,Gen Z,regular,1,15,2025-08-07,2026-07-04
9661,Male,Gen X,regular,7,17,2025-07-08,2026-06-07
9662,Male,Millennial,occasional,3,7,2025-09-02,2026-07-05
9663,Male,Millennial,one_and_done,2,1,2026-03-19,2026-03-19
9664,Male,Gen X,one_and_done,4,1,2025-09-29,2025-09-29
9665,Male,Millennial,regular,3,22,2025-07-07,2026-07-01
9666,Male,Millennial,regular,1,22,2025-07-21,2026-07-07
9667,Male,Boomer,one_and_done,2,1,2026-01-29,2026-01-29
9668,Female,Gen X,one_and_done,1,1,2025-07-26,2025-07-26
9669,Male,Millennial,occasional,1,7,2025-09-10,2026-05-22
9670,Male,Gen X,one_and_done,3,1,2026-05-30,2026-05-30
9671,Male,Gen Z,occasional,6,5,2025-12-15,2026-07-01
9672,Male,Millennial,one_and_done,1,1,2026-05-22,2026-05-22
9673,Female,Gen Z,occasional,1,5,2025-07-10,2026-05-20
9674,Male,Gen Z,regular,1,15,2025-07-18,2026-05-29
9675,Male,Millennial,one_and_done,2,1,2026-05-15,2026-05-15
9676,Male,Gen Z,one_and_done,2,1,2025-12-02,2025-12-02
9677,Male,Boomer,regular,2,12,2025-07-17,2026-06-08
9678,Male,Millennial,regular,1,22,2025-07-03,2026-06-30
9679,Female,Gen X,one_and_done,5,1,2025-08-27,2025-08-27
9680,Male,Gen Z,occasional,4,5,2025-07-16,2026-04-20
9681,Male,Gen Z,loyal,2,23,2025-07-21,2026-06-06
9682,Male,Gen X,occasional,6,6,2025-07-10,2026-06-15
9683,Male,Gen X,one_and_done,1,1,2026-01-09,2026-01-09
9684,Male,Millennial,one_and_done,3,1,2025-11-17,2025-11-17
9685,Female,Gen X,occasional,1,5,2025-09-23,2026-05-08
9686,Male,Boomer,one_and_done,2,1,2026-03-11,2026-03-11
9687,Female,Millennial,one_and_done,7,1,2025-11-08,2025-11-08
9688,Female,Gen X,one_and_done,1,1,2025-09-11,2025-09-11
9689,Male,Gen X,occasional,1,6,2025-10-16,2026-05-01
9690,Female,Millennial,one_and_done,1,1,2025-07-26,2025-07-26
9691,Male,Boomer,one_and_done,1,1,2025-11-17,2025-11-17
9692,Male,Gen X,one_and_done,1,1,2025-10-20,2025-10-20
9693,Female,Millennial,occasional,2,6,2025-07-05,2026-04-04
9694,Male,Millennial,one_and_done,2,1,2025-12-02,2025-12-02
9695,Male,Millennial,regular,1,22,2025-07-04,2026-07-08
9696,Male,Gen Z,loyal,3,23,2025-07-04,2026-06-15
9697,Female,Millennial,regular,1,18,2025-07-01,2026-07-02
9698,Female,Gen Z,occasional,2,5,2025-07-10,2026-05-23
9699,Female,Millennial,one_and_done,4,1,2026-02-07,2026-02-07
9700,Male,Millennial,one_and_done,1,1,2026-02-12,2026-02-12
9701,Female,Millennial,one_and_done,1,1,2026-03-03,2026-03-03
9702,Male,Gen X,occasional,1,6,2025-08-14,2026-06-30
9703,Male,Boomer,one_and_done,1,1,2025-12-09,2025-12-09
9704,Male,Millennial,regular,1,22,2025-08-15,2026-06-29
9705,Male,Gen X,regular,1,17,2025-08-02,2026-07-05
9706,Male,Millennial,regular,1,22,2025-08-11,2026-07-09
9707,Male,Gen X,one_and_done,1,1,2025-10-27,2025-10-27
9708,Male,Boomer,loyal,1,18,2025-07-13,2026-06-09
9709,Female,Gen X,occasional,1,5,2025-07-05,2026-05-12
9710,Female,Gen Z,regular,1,14,2025-07-27,2026-06-15
9711,Female,Gen X,occasional,1,5,2025-09-03,2026-06-13
9712,Male,Millennial,one_and_done,2,1,2025-10-14,2025-10-14
9713,Female,Boomer,one_and_done,5,1,2026-06-01,2026-06-01
9714,Female,Millennial,one_and_done,1,1,2025-11-09,2025-11-09
9715,Male,Boomer,loyal,5,18,2025-07-15,2026-07-02
9716,Male,Gen Z,occasional,1,5,2025-07-21,2026-07-02
9717,Male,Gen Z,regular,3,15,2025-07-02,2026-06-20
9718,Male,Gen Z,one_and_done,2,1,2025-07-28,2025-07-28
9719,Male,Millennial,occasional,1,7,2025-07-27,2026-07-01
9720,Male,Millennial,regular,2,22,2025-07-11,2026-07-03
9721,Female,Millennial,one_and_done,1,1,2026-04-13,2026-04-13
9722,Female,Gen Z,occasional,2,5,2025-09-08,2026-03-16
9723,Male,Gen Z,one_and_done,1,1,2026-05-06,2026-05-06
9724,Female,Millennial,one_and_done,1,1,2026-02-05,2026-02-05
9725,Male,Millennial,one_and_done,3,1,2026-01-07,2026-01-07
9726,Female,Boomer,regular,6,11,2025-09-06,2026-06-26
9727,Male,Millennial,occasional,5,7,2025-07-22,2026-04-27
9728,Male,Millennial,one_and_done,1,1,2026-05-08,2026-05-08
9729,Female,Millennial,one_and_done,2,1,2026-05-02,2026-05-02
9730,Male,Millennial,one_and_done,5,1,2026-01-17,2026-01-17
9731,Male,Gen Z,regular,1,15,2025-07-19,2026-06-12
9732,Male,Millennial,occasional,5,7,2025-09-27,2026-06-26
9733,Female,Millennial,regular,1,18,2025-07-26,2026-07-02
9734,Male,Gen X,one_and_done,1,1,2026-01-03,2026-01-03
9735,Female,Gen X,one_and_done,1,1,2025-07-11,2025-07-11
9736,Male,Millennial,occasional,2,7,2025-10-31,2026-07-09
9737,Male,Gen Z,one_and_done,1,1,2026-05-30,2026-05-30
9738,Female,Millennial,occasional,1,6,2025-09-25,2026-04-17
9739,Male,Millennial,regular,2,22,2025-07-07,2026-05-14
9740,Male,Millennial,one_and_done,3,1,2025-09-19,2025-09-19
9741,Male,Millennial,one_and_done,3,1,2026-02-19,2026-02-19
9742,Male,Gen Z,one_and_done,1,1,2026-03-06,2026-03-06
9743,Male,Boomer,regular,2,12,2025-08-01,2026-06-28
9744,Male,Millennial,one_and_done,1,1,2026-03-04,2026-03-04
9745,Male,Millennial,one_and_done,1,1,2025-09-26,2025-09-26
9746,Male,Gen X,one_and_done,2,1,2025-08-07,2025-08-07
9747,Male,Millennial,occasional,1,7,2025-07-15,2026-04-06
9748,Male,Millennial,one_and_done,1,1,2025-08-10,2025-08-10
9749,Male,Millennial,regular,1,22,2025-07-02,2026-06-22
9750,Male,Gen X,occasional,1,6,2025-07-10,2026-06-24
9751,Male,Gen Z,one_and_done,2,1,2026-04-21,2026-04-21
9752,Male,Gen Z,one_and_done,6,1,2025-09-27,2025-09-27
9753,Male,Millennial,regular,5,22,2025-08-01,2026-06-05
9754,Male,Gen X,one_and_done,7,1,2026-06-28,2026-06-28
9755,Female,Millennial,regular,2,18,2025-07-20,2026-07-06
9756,Male,Gen X,loyal,6,25,2025-07-12,2026-06-28
9757,Female,Millennial,one_and_done,1,1,2026-01-27,2026-01-27
9758,Male,Millennial,one_and_done,4,1,2025-11-09,2025-11-09
9759,Female,Gen X,loyal,1,23,2025-07-30,2026-06-27
9760,Female,Millennial,occasional,1,6,2025-07-05,2026-06-01
9761,Female,Boomer,occasional,9,4,2025-09-01,2026-03-27
9762,Male,Gen Z,regular,1,15,2025-08-25,2026-05-29
9763,Male,Millennial,regular,1,22,2025-07-19,2026-06-24
9764,Male,Gen X,regular,1,17,2025-07-10,2026-06-12
9765,Male,Millennial,occasional,6,7,2025-07-11,2026-04-04
9766,Male,Millennial,occasional,1,7,2025-08-18,2026-06-02
9767,Male,Millennial,one_and_done,3,1,2026-02-08,2026-02-08
9768,Female,Millennial,occasional,1,6,2025-08-23,2026-07-08
9769,Female,Millennial,regular,1,18,2025-07-10,2026-06-30
9770,Male,Millennial,one_and_done,6,1,2026-03-02,2026-03-02
9771,Male,Boomer,regular,1,12,2025-07-02,2026-05-20
9772,Male,Gen Z,one_and_done,3,1,2025-12-11,2025-12-11
9773,Male,Boomer,occasional,1,4,2025-08-21,2026-01-02
9774,Female,Gen X,one_and_done,1,1,2026-04-30,2026-04-30
9775,Male,Millennial,one_and_done,1,1,2026-06-08,2026-06-08
9776,Male,Millennial,one_and_done,3,1,2025-09-27,2025-09-27
9777,Male,Millennial,one_and_done,1,1,2025-07-01,2025-07-01
9778,Female,Gen Z,occasional,1,5,2025-07-16,2026-07-04
9779,Female,Gen X,one_and_done,7,1,2026-06-03,2026-06-03
9780,Male,Gen X,regular,1,17,2025-07-05,2026-06-19
9781,Male,Millennial,one_and_done,2,1,2025-10-16,2025-10-16
9782,Male,Millennial,regular,4,22,2025-07-19,2026-07-07
9783,Female,Gen X,one_and_done,5,1,2026-05-21,2026-05-21
9784,Male,Gen Z,loyal,3,23,2025-07-20,2026-07-02
9785,Male,Gen X,one_and_done,7,1,2026-04-03,2026-04-03
9786,Male,Gen X,occasional,3,6,2025-10-08,2026-02-12
9787,Female,Millennial,one_and_done,2,1,2026-06-28,2026-06-28
9788,Male,Gen Z,loyal,1,23,2025-08-07,2026-06-24
9789,Male,Millennial,regular,1,22,2025-08-02,2026-06-17
9790,Male,Millennial,one_and_done,1,1,2025-10-22,2025-10-22
9791,Female,Millennial,one_and_done,2,1,2026-05-30,2026-05-30
9792,Male,Millennial,one_and_done,1,1,2026-05-20,2026-05-20
9793,Female,Gen X,occasional,1,5,2025-08-30,2026-02-13
9794,Male,Boomer,one_and_done,8,1,2026-04-30,2026-04-30
9795,Male,Boomer,one_and_done,3,1,2026-06-13,2026-06-13
9796,Male,Gen X,loyal,2,25,2025-09-07,2026-07-08
9797,Female,Millennial,regular,1,18,2025-08-21,2026-07-05
9798,Male,Gen Z,one_and_done,1,1,2026-04-02,2026-04-02
9799,Female,Gen Z,regular,2,14,2025-07-02,2026-05-21
9800,Male,Millennial,one_and_done,4,1,2025-10-27,2025-10-27
9801,Male,Gen Z,regular,1,15,2025-07-07,2026-05-26
9802,Male,Millennial,one_and_done,1,1,2026-06-15,2026-06-15
9803,Female,Gen Z,one_and_done,1,1,2026-01-05,2026-01-05
9804,Female,Millennial,regular,2,18,2025-09-12,2026-06-15
9805,Female,Millennial,one_and_done,2,1,2026-02-28,2026-02-28
9806,Male,Millennial,loyal,4,32,2025-09-02,2026-07-05
9807,Male,Millennial,occasional,5,7,2025-07-06,2026-05-14
9808,Female,Millennial,loyal,1,27,2025-07-30,2026-06-29
9809,Male,Millennial,regular,6,22,2025-07-31,2026-06-09
9810,Female,Millennial,regular,7,18,2025-09-06,2026-07-07
9811,Male,Millennial,occasional,3,7,2025-08-05,2026-06-08
9812,Male,Gen Z,regular,2,15,2025-07-21,2026-05-29
9813,Male,Millennial,one_and_done,1,1,2026-03-02,2026-03-02
9814,Male,Millennial,one_and_done,1,1,2026-02-23,2026-02-23
9815,Female,Boomer,one_and_done,2,1,2026-05-29,2026-05-29
9816,Male,Millennial,loyal,5,32,2025-07-01,2026-06-29
9817,Male,Millennial,one_and_done,3,1,2025-10-14,2025-10-14
9818,Male,Gen X,one_and_done,6,1,2025-09-07,2025-09-07
9819,Male,Gen Z,regular,1,15,2025-07-10,2026-06-26
9820,Female,Millennial,one_and_done,5,1,2026-02-02,2026-02-02
9821,Female,Gen X,one_and_done,1,1,2025-10-05,2025-10-05
9822,Male,Boomer,regular,1,12,2025-07-30,2026-07-07
9823,Male,Millennial,one_and_done,1,1,2026-05-15,2026-05-15
9824,Male,Gen Z,one_and_done,1,1,2025-10-28,2025-10-28
9825,Female,Gen Z,occasional,7,5,2025-07-15,2026-04-23
9826,Male,Gen Z,one_and_done,1,1,2026-05-28,2026-05-28
9827,Male,Millennial,one_and_done,3,1,2025-10-31,2025-10-31
9828,Female,Millennial,one_and_done,5,1,2026-01-26,2026-01-26
9829,Male,Millennial,one_and_done,2,1,2026-04-16,2026-04-16
9830,Male,Gen Z,loyal,1,23,2025-07-08,2026-06-25
9831,Male,Gen X,occasional,2,6,2025-07-30,2026-05-18
9832,Female,Millennial,regular,2,18,2025-07-10,2026-05-28
9833,Male,Gen Z,one_and_done,7,1,2025-11-20,2025-11-20
9834,Female,Millennial,one_and_done,1,1,2026-04-20,2026-04-20
9835,Male,Millennial,one_and_done,1,1,2025-07-20,2025-07-20
9836,Male,Boomer,occasional,6,4,2025-07-25,2026-03-27
9837,Male,Boomer,one_and_done,1,1,2026-03-27,2026-03-27
9838,Male,Gen X,occasional,6,6,2025-07-30,2026-06-27
9839,Female,Millennial,occasional,1,6,2025-10-06,2026-04-18
9840,Male,Gen X,occasional,1,6,2025-08-12,2026-06-10
9841,Male,Gen Z,occasional,1,5,2025-10-19,2026-06-24
9842,Male,Millennial,regular,4,22,2025-07-15,2026-06-03
9843,Female,Millennial,one_and_done,5,1,2025-08-20,2025-08-20
9844,Male,Gen X,occasional,3,6,2025-07-12,2026-06-30
9845,Female,Gen X,one_and_done,1,1,2025-11-29,2025-11-29
9846,Female,Millennial,regular,1,18,2025-07-01,2026-06-28
9847,Male,Millennial,regular,1,22,2025-07-11,2026-07-08
9848,Male,Millennial,occasional,4,7,2025-10-03,2026-04-07
9849,Female,Gen Z,regular,1,14,2025-07-23,2026-06-26
9850,Male,Gen Z,loyal,1,23,2025-08-04,2026-07-09
9851,Male,Millennial,regular,1,22,2025-07-24,2026-06-11
9852,Female,Gen Z,occasional,3,5,2025-07-21,2026-03-30
9853,Male,Gen X,one_and_done,5,1,2026-04-17,2026-04-17
9854,Male,Millennial,occasional,6,7,2025-08-01,2026-02-09
9855,Female,Gen X,occasional,2,5,2025-07-01,2026-06-06
9856,Male,Millennial,one_and_done,1,1,2025-10-05,2025-10-05
9857,Female,Gen Z,one_and_done,1,1,2026-04-21,2026-04-21
9858,Female,Gen Z,regular,1,14,2025-07-18,2026-04-19
9859,Male,Millennial,regular,3,22,2025-07-02,2026-06-18
9860,Male,Millennial,regular,3,22,2025-08-27,2026-07-08
9861,Male,Millennial,regular,1,22,2025-07-09,2026-06-11
9862,Female,Millennial,loyal,2,27,2025-07-18,2026-07-03
9863,Male,Millennial,one_and_done,6,1,2026-02-04,2026-02-04
9864,Male,Millennial,loyal,1,32,2025-07-02,2026-07-05
9865,Female,Gen Z,one_and_done,6,1,2026-04-14,2026-04-14
9866,Male,Millennial,loyal,4,32,2025-07-26,2026-07-01
9867,Female,Boomer,one_and_done,1,1,2026-03-27,2026-03-27
9868,Female,Gen Z,one_and_done,3,1,2025-11-11,2025-11-11
9869,Male,Gen X,regular,4,17,2025-07-08,2026-06-20
9870,Female,Millennial,one_and_done,4,1,2026-06-04,2026-06-04
9871,Male,Boomer,one_and_done,3,1,2026-04-21,2026-04-21
9872,Female,Millennial,regular,1,18,2025-07-08,2026-05-30
9873,Female,Gen X,one_and_done,7,1,2025-08-29,2025-08-29
9874,Male,Millennial,occasional,1,7,2025-08-21,2026-05-08
9875,Male,Gen X,occasional,1,6,2025-07-26,2026-06-04
9876,Male,Millennial,occasional,4,7,2025-07-19,2026-07-01
9877,Male,Millennial,regular,1,22,2025-07-04,2026-06-29
9878,Male,Gen Z,occasional,6,5,2025-10-26,2026-05-27
9879,Male,Millennial,one_and_done,3,1,2026-06-08,2026-06-08
9880,Female,Gen X,regular,1,15,2025-07-29,2026-06-07
9881,Male,Millennial,occasional,3,7,2025-08-31,2026-06-04
9882,Female,Millennial,occasional,1,6,2025-09-15,2026-06-19
9883,Male,Millennial,occasional,3,7,2025-09-12,2026-05-21
9884,Male,Gen X,one_and_done,1,1,2026-02-26,2026-02-26
9885,Female,Gen Z,regular,1,14,2025-08-07,2026-06-26
9886,Female,Millennial,occasional,1,6,2025-08-05,2026-04-25
9887,Male,Millennial,one_and_done,1,1,2026-02-16,2026-02-16
9888,Male,Millennial,one_and_done,2,1,2025-12-29,2025-12-29
9889,Male,Boomer,one_and_done,3,1,2025-08-05,2025-08-05
9890,Female,Gen Z,one_and_done,1,1,2026-03-21,2026-03-21
9891,Male,Millennial,regular,6,22,2025-07-11,2026-07-02
9892,Female,Millennial,occasional,2,6,2025-07-15,2026-05-05
9893,Female,Boomer,one_and_done,3,1,2025-10-19,2025-10-19
9894,Male,Millennial,one_and_done,2,1,2025-12-15,2025-12-15
9895,Male,Gen X,one_and_done,1,1,2026-05-14,2026-05-14
9896,Male,Gen Z,one_and_done,1,1,2025-10-29,2025-10-29
9897,Male,Gen Z,one_and_done,4,1,2026-01-18,2026-01-18
9898,Female,Millennial,one_and_done,4,1,2025-12-20,2025-12-20
9899,Male,Gen X,loyal,1,25,2025-07-07,2026-06-29
9900,Female,Gen Z,occasional,9,5,2025-07-01,2026-05-13
9901,Male,Gen Z,one_and_done,1,1,2025-09-02,2025-09-02
9902,Male,Gen X,occasional,1,6,2025-07-04,2026-05-12
9903,Female,Millennial,one_and_done,1,1,2025-10-30,2025-10-30
9904,Male,Boomer,occasional,1,4,2025-07-23,2026-01-23
9905,Female,Boomer,one_and_done,2,1,2026-05-11,2026-05-11
9906,Male,Gen Z,regular,4,15,2025-07-20,2026-07-05
9907,Male,Gen Z,regular,4,15,2025-07-31,2026-05-17
9908,Male,Gen Z,one_and_done,2,1,2026-03-17,2026-03-17
9909,Male,Boomer,one_and_done,1,1,2025-12-22,2025-12-22
9910,Male,Millennial,occasional,1,7,2025-07-10,2026-05-26
9911,Female,Millennial,occasional,9,6,2025-08-01,2026-07-01
9912,Male,Millennial,one_and_done,1,1,2026-05-02,2026-05-02
9913,Male,Millennial,occasional,1,7,2025-10-15,2026-06-06
9914,Male,Millennial,regular,2,22,2025-07-01,2026-07-09
9915,Male,Millennial,one_and_done,2,1,2025-07-08,2025-07-08
9916,Male,Millennial,occasional,1,7,2025-07-16,2026-06-12
9917,Female,Millennial,one_and_done,9,1,2026-05-07,2026-05-07
9918,Female,Gen Z,one_and_done,1,1,2026-06-10,2026-06-10
9919,Male,Gen Z,occasional,4,5,2025-10-27,2026-07-07
9920,Male,Gen X,one_and_done,1,1,2026-04-27,2026-04-27
9921,Female,Millennial,occasional,1,6,2025-07-05,2026-06-24
9922,Male,Gen X,one_and_done,1,1,2026-04-03,2026-04-03
9923,Male,Gen X,occasional,1,6,2025-07-27,2026-04-19
9924,Male,Millennial,occasional,1,7,2025-08-10,2026-04-17
9925,Male,Millennial,one_and_done,1,1,2025-12-19,2025-12-19
9926,Female,Gen X,loyal,6,23,2025-08-13,2026-07-04
9927,Male,Gen X,regular,8,17,2025-07-28,2026-07-04
9928,Female,Millennial,one_and_done,2,1,2025-09-24,2025-09-24
9929,Male,Gen Z,regular,4,15,2025-10-01,2026-07-08
9930,Male,Millennial,occasional,1,7,2025-10-09,2026-05-05
9931,Female,Gen Z,one_and_done,5,1,2025-08-23,2025-08-23
9932,Male,Millennial,occasional,2,7,2025-07-31,2026-03-23
9933,Female,Millennial,one_and_done,3,1,2025-09-10,2025-09-10
9934,Male,Millennial,one_and_done,1,1,2025-10-29,2025-10-29
9935,Male,Millennial,regular,7,22,2025-07-22,2026-07-07
9936,Male,Millennial,one_and_done,3,1,2026-02-03,2026-02-03
9937,Female,Boomer,one_and_done,2,1,2025-12-06,2025-12-06
9938,Male,Millennial,one_and_done,2,1,2025-07-04,2025-07-04
9939,Female,Gen Z,regular,6,14,2025-07-06,2026-04-11
9940,Female,Gen Z,one_and_done,1,1,2026-06-28,2026-06-28
9941,Male,Millennial,occasional,1,7,2025-08-08,2026-07-09
9942,Male,Millennial,one_and_done,7,1,2026-01-14,2026-01-14
9943,Male,Millennial,occasional,4,7,2025-09-26,2026-06-08
9944,Male,Millennial,loyal,3,32,2025-07-05,2026-07-09
9945,Male,Millennial,regular,1,22,2025-07-02,2026-07-05
9946,Male,Gen X,occasional,4,6,2025-08-19,2026-06-26
9947,Female,Gen X,one_and_done,5,1,2026-05-22,2026-05-22
9948,Male,Gen X,one_and_done,1,1,2025-10-26,2025-10-26
9949,Male,Millennial,regular,1,22,2025-07-10,2026-07-09
9950,Female,Gen Z,regular,6,14,2025-07-18,2026-05-26
9951,Male,Millennial,regular,2,22,2025-07-18,2026-06-24
9952,Male,Gen Z,one_and_done,2,1,2026-01-01,2026-01-01
9953,Female,Gen Z,regular,6,14,2025-07-30,2026-06-15
9954,Female,Millennial,one_and_done,1,1,2025-12-05,2025-12-05
9955,Male,Millennial,regular,10,22,2025-07-14,2026-06-15
9956,Male,Gen X,one_and_done,1,1,2026-04-11,2026-04-11
9957,Female,Gen X,occasional,4,5,2025-09-29,2026-03-19
9958,Female,Gen Z,occasional,1,5,2025-07-26,2026-06-26
9959,Male,Millennial,one_and_done,2,1,2026-05-28,2026-05-28
9960,Female,Millennial,one_and_done,1,1,2025-12-29,2025-12-29
9961,Female,Gen Z,one_and_done,1,1,2026-06-19,2026-06-19
9962,Male,Millennial,one_and_done,6,1,2026-05-25,2026-05-25
9963,Male,Gen Z,occasional,4,5,2025-07-28,2026-05-29
9964,Female,Gen X,regular,5,15,2025-07-23,2026-06-15
9965,Male,Gen Z,regular,1,15,2025-09-15,2026-06-27
9966,Male,Gen Z,one_and_done,7,1,2026-06-30,2026-06-30
9967,Male,Millennial,one_and_done,4,1,2026-04-03,2026-04-03
9968,Male,Millennial,one_and_done,6,1,2025-12-10,2025-12-10
9969,Male,Gen Z,regular,1,15,2025-07-05,2026-07-07
9970,Female,Millennial,one_and_done,3,1,2025-09-20,2025-09-20
9971,Male,Boomer,one_and_done,3,1,2026-04-27,2026-04-27
9972,Male,Gen Z,one_and_done,1,1,2026-04-06,2026-04-06
9973,Male,Gen Z,regular,3,15,2025-08-06,2026-07-08
9974,Male,Millennial,one_and_done,3,1,2026-03-25,2026-03-25
9975,Female,Boomer,one_and_done,1,1,2025-12-11,2025-12-11
9976,Female,Gen Z,regular,1,14,2025-07-02,2026-06-26
9977,Male,Millennial,one_and_done,1,1,2025-11-07,2025-11-07
9978,Male,Gen Z,occasional,2,5,2025-08-15,2026-06-24
9979,Female,Gen X,loyal,2,23,2025-07-26,2026-07-09
9980,Male,Gen Z,one_and_done,2,1,2026-04-20,2026-04-20
9981,Female,Millennial,regular,4,18,2025-07-04,2026-07-03
9982,Male,Millennial,one_and_done,1,1,2025-10-21,2025-10-21
9983,Male,Gen Z,regular,1,15,2025-07-06,2026-04-25
9984,Male,Millennial,one_and_done,4,1,2026-01-12,2026-01-12
9985,Female,Gen Z,regular,1,14,2025-07-22,2026-05-23
9986,Male,Gen Z,one_and_done,1,1,2026-04-14,2026-04-14
9987,Male,Gen X,one_and_done,2,1,2025-12-12,2025-12-12
9988,Male,Gen Z,loyal,3,23,2025-07-08,2026-07-07
9989,Female,Millennial,one_and_done,1,1,2025-09-14,2025-09-14
9990,Male,Millennial,one_and_done,4,1,2026-06-25,2026-06-25
9991,Male,Gen X,regular,1,17,2025-08-07,2026-06-28
9992,Male,Millennial,occasional,3,7,2025-07-31,2026-07-03
9993,Female,Millennial,one_and_done,1,1,2026-01-31,2026-01-31
9994,Male,Millennial,one_and_done,5,1,2026-02-12,2026-02-12
9995,Male,Millennial,occasional,1,7,2025-07-26,2026-07-06
9996,Male,Millennial,occasional,10,7,2025-07-17,2026-04-05
9997,Female,Gen Z,occasional,3,5,2025-12-18,2026-03-04
9998,Female,Millennial,occasional,2,6,2025-08-01,2026-03-20
9999,Female,Millennial,regular,1,18,2025-07-08,2026-05-19
10000,Male,Gen Z,occasional,1,5,2025-07-12,2026-04-25
10001,Male,Millennial,one_and_done,3,1,2026-06-12,2026-06-12
10002,Male,Gen Z,loyal,1,23,2025-07-08,2026-07-05
10003,Female,Gen Z,one_and_done,1,1,2025-09-19,2025-09-19
10004,Male,Millennial,one_and_done,1,1,2025-11-29,2025-11-29
10005,Male,Gen X,occasional,1,6,2025-07-24,2026-07-08
10006,Male,Millennial,occasional,1,7,2025-07-19,2026-06-19
10007,Female,Millennial,one_and_done,3,1,2026-03-11,2026-03-11
10008,Female,Millennial,one_and_done,1,1,2026-03-07,2026-03-07
10009,Female,Millennial,occasional,4,6,2025-07-19,2026-04-23
10010,Male,Millennial,occasional,1,7,2025-08-21,2026-04-12
10011,Male,Millennial,occasional,1,7,2025-08-21,2026-05-02
10012,Male,Gen Z,one_and_done,1,1,2025-11-18,2025-11-18
10013,Female,Gen Z,occasional,4,5,2025-08-09,2026-05-01
10014,Female,Millennial,occasional,2,6,2025-07-19,2026-03-13
10015,Female,Millennial,occasional,1,6,2025-07-01,2026-03-09
10016,Female,Millennial,regular,1,18,2025-07-04,2026-06-25
10017,Female,Gen X,one_and_done,1,1,2026-05-19,2026-05-19
10018,Male,Gen X,regular,8,17,2025-08-05,2026-07-07
10019,Male,Gen Z,one_and_done,5,1,2025-11-29,2025-11-29
10020,Male,Gen X,one_and_done,4,1,2025-12-12,2025-12-12
10021,Female,Gen X,regular,5,15,2025-07-04,2026-07-09
10022,Male,Millennial,occasional,1,7,2025-07-12,2026-07-07
10023,Female,Millennial,regular,5,18,2025-08-11,2026-06-01
10024,Male,Gen X,occasional,1,6,2025-07-21,2026-06-13
10025,Male,Millennial,one_and_done,1,1,2025-10-01,2025-10-01
10026,Female,Gen Z,occasional,2,5,2025-07-09,2026-03-04
10027,Male,Gen Z,occasional,6,5,2025-09-27,2026-06-17
10028,Male,Gen Z,one_and_done,5,1,2026-02-02,2026-02-02
10029,Male,Millennial,loyal,2,32,2025-07-04,2026-06-20
10030,Female,Millennial,occasional,7,6,2025-07-14,2026-05-22
10031,Female,Millennial,one_and_done,3,1,2025-08-15,2025-08-15
10032,Male,Millennial,one_and_done,1,1,2026-01-05,2026-01-05
10033,Male,Millennial,regular,1,22,2025-08-26,2026-07-07
10034,Female,Millennial,occasional,2,6,2025-08-28,2026-03-18
10035,Male,Gen X,regular,3,17,2025-07-04,2026-07-08
10036,Male,Gen Z,one_and_done,2,1,2025-08-11,2025-08-11
10037,Male,Millennial,occasional,2,7,2025-10-01,2026-07-09
10038,Male,Millennial,loyal,5,32,2025-07-04,2026-06-12
10039,Female,Gen X,one_and_done,1,1,2026-04-05,2026-04-05
10040,Male,Gen X,one_and_done,1,1,2025-08-16,2025-08-16
10041,Female,Millennial,loyal,2,27,2025-07-01,2026-06-30
10042,Male,Millennial,occasional,1,7,2025-08-27,2026-07-08
10043,Male,Gen X,occasional,1,6,2025-07-07,2026-05-06
10044,Female,Gen X,one_and_done,4,1,2025-10-13,2025-10-13
10045,Male,Millennial,one_and_done,1,1,2026-06-30,2026-06-30
10046,Male,Millennial,one_and_done,1,1,2026-05-16,2026-05-16
10047,Male,Boomer,occasional,7,4,2025-07-23,2026-07-07
10048,Male,Millennial,regular,1,22,2025-07-05,2026-06-23
10049,Female,Millennial,occasional,2,6,2025-08-17,2026-03-05
10050,Male,Gen Z,one_and_done,2,1,2026-04-30,2026-04-30
10051,Male,Millennial,regular,1,22,2025-07-07,2026-07-09
10052,Male,Millennial,regular,1,22,2025-07-12,2026-07-01
10053,Female,Gen X,occasional,7,5,2025-11-17,2026-05-01
10054,Male,Gen Z,occasional,5,5,2025-07-01,2026-05-16
10055,Male,Millennial,regular,2,22,2025-07-24,2026-07-08
10056,Male,Millennial,one_and_done,1,1,2025-08-07,2025-08-07
10057,Female,Gen X,occasional,2,5,2025-07-06,2026-04-26
10058,Male,Gen X,regular,2,17,2025-07-11,2026-06-11
10059,Male,Millennial,one_and_done,1,1,2026-04-03,2026-04-03
10060,Male,Millennial,one_and_done,1,1,2026-03-11,2026-03-11
10061,Male,Millennial,one_and_done,1,1,2025-09-20,2025-09-20
10062,Male,Gen Z,one_and_done,2,1,2025-09-18,2025-09-18
10063,Male,Millennial,one_and_done,4,1,2025-08-26,2025-08-26
10064,Female,Gen Z,one_and_done,1,1,2025-10-24,2025-10-24
10065,Male,Millennial,occasional,2,7,2025-09-13,2026-06-20
10066,Male,Gen Z,regular,2,15,2025-08-31,2026-07-06
10067,Female,Millennial,one_and_done,1,1,2025-10-24,2025-10-24
10068,Female,Gen Z,one_and_done,2,1,2026-02-20,2026-02-20
10069,Female,Millennial,one_and_done,6,1,2026-03-04,2026-03-04
10070,Male,Millennial,one_and_done,2,1,2025-08-14,2025-08-14
10071,Female,Gen X,occasional,1,5,2025-11-02,2026-03-24
10072,Female,Boomer,regular,7,11,2025-07-04,2026-07-02
10073,Female,Gen Z,one_and_done,1,1,2025-10-27,2025-10-27
10074,Male,Gen X,one_and_done,3,1,2026-04-26,2026-04-26
10075,Male,Millennial,one_and_done,1,1,2025-09-10,2025-09-10
10076,Male,Gen Z,one_and_done,1,1,2026-01-11,2026-01-11
10077,Female,Boomer,regular,1,11,2025-07-07,2026-04-18
10078,Male,Gen Z,occasional,6,5,2025-08-05,2026-05-22
10079,Male,Millennial,regular,1,22,2025-07-02,2026-06-21
10080,Male,Millennial,occasional,4,7,2025-10-22,2026-04-26
10081,Male,Millennial,regular,1,22,2025-07-21,2026-07-07
10082,Female,Millennial,loyal,1,27,2025-07-05,2026-07-01
10083,Male,Millennial,one_and_done,1,1,2025-09-03,2025-09-03
10084,Male,Gen Z,occasional,5,5,2025-07-02,2026-05-23
10085,Male,Millennial,regular,2,22,2025-07-24,2026-07-05
10086,Male,Millennial,one_and_done,8,1,2026-05-31,2026-05-31
10087,Male,Millennial,occasional,2,7,2025-08-16,2026-06-01
10088,Male,Gen Z,regular,1,15,2025-07-21,2026-05-26
10089,Male,Gen Z,one_and_done,7,1,2026-01-24,2026-01-24
10090,Male,Millennial,occasional,1,7,2025-07-25,2026-05-08
10091,Male,Gen X,one_and_done,5,1,2026-02-09,2026-02-09
10092,Female,Millennial,one_and_done,1,1,2025-10-28,2025-10-28
10093,Male,Millennial,occasional,1,7,2025-07-18,2026-06-30
10094,Female,Gen Z,loyal,2,20,2025-07-03,2026-06-24
10095,Male,Gen Z,one_and_done,5,1,2026-05-09,2026-05-09
10096,Female,Gen Z,one_and_done,1,1,2025-12-20,2025-12-20
10097,Male,Boomer,occasional,4,4,2025-12-15,2026-06-05
10098,Male,Millennial,one_and_done,1,1,2025-07-21,2025-07-21
10099,Male,Millennial,one_and_done,1,1,2025-11-01,2025-11-01
10100,Male,Gen Z,one_and_done,3,1,2025-12-19,2025-12-19
10101,Female,Millennial,one_and_done,3,1,2026-06-20,2026-06-20
10102,Female,Millennial,regular,1,18,2025-07-11,2026-07-03
10103,Female,Gen X,one_and_done,2,1,2026-01-29,2026-01-29
10104,Male,Gen Z,occasional,7,5,2025-08-15,2026-03-08
10105,Male,Boomer,occasional,5,4,2025-11-12,2026-07-02
10106,Female,Gen X,loyal,1,23,2025-07-07,2026-07-04
10107,Male,Millennial,one_and_done,1,1,2026-01-02,2026-01-02
10108,Female,Millennial,one_and_done,1,1,2025-08-25,2025-08-25
10109,Male,Gen Z,loyal,2,23,2025-07-19,2026-06-05
10110,Female,Millennial,occasional,3,6,2025-10-17,2026-05-11
10111,Male,Millennial,one_and_done,2,1,2025-07-10,2025-07-10
10112,Male,Millennial,occasional,1,7,2025-07-10,2026-05-15
10113,Female,Gen Z,one_and_done,1,1,2025-11-24,2025-11-24
10114,Male,Gen Z,loyal,1,23,2025-07-08,2026-07-07
10115,Female,Millennial,occasional,1,6,2025-07-11,2026-06-09
10116,Male,Gen Z,one_and_done,8,1,2025-08-31,2025-08-31
10117,Male,Millennial,one_and_done,7,1,2026-06-21,2026-06-21
10118,Male,Millennial,occasional,1,7,2025-08-23,2026-07-02
10119,Male,Millennial,occasional,1,7,2025-08-04,2026-04-13
10120,Female,Gen Z,one_and_done,1,1,2026-01-18,2026-01-18
10121,Female,Millennial,one_and_done,1,1,2025-12-24,2025-12-24
10122,Male,Millennial,one_and_done,2,1,2025-09-30,2025-09-30
10123,Female,Millennial,regular,1,18,2025-08-01,2026-07-07
10124,Male,Gen Z,occasional,8,5,2025-07-26,2026-06-17
10125,Male,Gen Z,one_and_done,9,1,2025-12-18,2025-12-18
10126,Female,Millennial,occasional,1,6,2025-07-17,2026-02-15
10127,Male,Boomer,regular,1,12,2025-07-03,2026-06-16
10128,Male,Gen X,one_and_done,6,1,2026-03-30,2026-03-30
10129,Male,Millennial,one_and_done,5,1,2025-07-16,2025-07-16
10130,Male,Gen X,one_and_done,1,1,2025-12-26,2025-12-26
10131,Male,Millennial,one_and_done,6,1,2026-04-23,2026-04-23
10132,Male,Millennial,one_and_done,1,1,2026-06-09,2026-06-09
10133,Female,Gen X,one_and_done,1,1,2025-11-27,2025-11-27
10134,Male,Millennial,loyal,5,32,2025-07-10,2026-06-06
10135,Male,Gen X,one_and_done,1,1,2025-12-07,2025-12-07
10136,Female,Millennial,loyal,2,27,2025-07-09,2026-06-25
10137,Male,Gen Z,regular,7,15,2025-07-10,2026-06-25
10138,Male,Boomer,regular,1,12,2025-07-09,2026-06-13
10139,Female,Gen X,one_and_done,1,1,2026-06-12,2026-06-12
10140,Female,Gen Z,regular,1,14,2025-08-08,2026-06-18
10141,Female,Boomer,one_and_done,1,1,2025-10-16,2025-10-16
10142,Male,Millennial,occasional,1,7,2025-09-22,2026-06-01
10143,Male,Gen Z,occasional,1,5,2025-12-13,2026-06-25
10144,Male,Gen Z,regular,7,15,2025-07-12,2026-07-04
10145,Male,Gen Z,occasional,1,5,2025-09-30,2026-06-03
10146,Male,Gen X,regular,1,17,2025-09-05,2026-06-21
10147,Male,Gen X,one_and_done,1,1,2026-03-20,2026-03-20
10148,Female,Millennial,one_and_done,5,1,2025-07-14,2025-07-14
10149,Male,Millennial,occasional,1,7,2025-10-26,2026-07-05
10150,Male,Gen X,one_and_done,6,1,2025-09-04,2025-09-04
10151,Female,Gen Z,occasional,2,5,2025-07-11,2026-06-17
10152,Male,Millennial,regular,1,22,2025-07-04,2026-07-09
10153,Female,Millennial,regular,1,18,2025-07-29,2026-06-27
10154,Male,Boomer,one_and_done,4,1,2026-03-14,2026-03-14
10155,Male,Boomer,one_and_done,2,1,2025-07-08,2025-07-08
10156,Male,Millennial,one_and_done,1,1,2026-03-24,2026-03-24
10157,Female,Gen X,regular,1,15,2025-08-04,2026-06-14
10158,Male,Millennial,regular,1,22,2025-07-11,2026-06-27
10159,Male,Millennial,one_and_done,1,1,2026-05-30,2026-05-30
10160,Male,Millennial,regular,2,22,2025-08-01,2026-05-13
10161,Female,Gen Z,one_and_done,1,1,2026-05-20,2026-05-20
10162,Male,Boomer,regular,3,12,2025-09-16,2026-06-20
10163,Male,Gen X,one_and_done,1,1,2025-09-18,2025-09-18
10164,Female,Gen X,one_and_done,2,1,2026-04-27,2026-04-27
10165,Male,Millennial,occasional,1,7,2025-07-02,2026-07-09
10166,Male,Gen Z,occasional,2,5,2025-07-30,2026-03-05
10167,Female,Millennial,loyal,3,27,2025-07-26,2026-07-07
10168,Male,Millennial,loyal,1,32,2025-07-08,2026-06-30
10169,Male,Millennial,regular,1,22,2025-08-28,2026-07-04
10170,Male,Millennial,regular,1,22,2025-07-26,2026-06-28
10171,Female,Millennial,one_and_done,4,1,2025-12-23,2025-12-23
10172,Male,Millennial,occasional,1,7,2025-07-21,2026-06-06
10173,Male,Millennial,regular,3,22,2025-07-22,2026-05-22
10174,Female,Gen Z,regular,1,14,2025-07-12,2026-05-30
10175,Male,Millennial,one_and_done,4,1,2025-09-05,2025-09-05
10176,Female,Gen Z,one_and_done,1,1,2025-10-12,2025-10-12
10177,Male,Boomer,one_and_done,1,1,2026-01-07,2026-01-07
10178,Male,Boomer,one_and_done,1,1,2026-03-21,2026-03-21
10179,Male,Gen X,one_and_done,1,1,2026-01-03,2026-01-03
10180,Female,Millennial,occasional,6,6,2025-08-16,2026-01-29
10181,Male,Gen X,occasional,5,6,2025-07-30,2026-06-24
10182,Male,Millennial,occasional,1,7,2025-08-17,2026-07-02
10183,Female,Millennial,one_and_done,4,1,2025-11-12,2025-11-12
10184,Male,Gen X,one_and_done,2,1,2026-01-11,2026-01-11
10185,Male,Millennial,occasional,6,7,2025-10-05,2026-06-20
10186,Male,Boomer,one_and_done,3,1,2026-05-31,2026-05-31
10187,Male,Gen Z,regular,2,15,2025-07-29,2026-05-25
10188,Male,Millennial,occasional,7,7,2025-07-03,2026-06-12
10189,Female,Millennial,one_and_done,5,1,2025-11-02,2025-11-02
10190,Male,Gen Z,regular,1,15,2025-07-18,2026-06-07
10191,Male,Millennial,regular,3,22,2025-07-08,2026-06-19
10192,Male,Millennial,one_and_done,1,1,2025-12-01,2025-12-01
10193,Male,Millennial,one_and_done,1,1,2026-03-31,2026-03-31
10194,Male,Gen X,one_and_done,2,1,2026-03-15,2026-03-15
10195,Male,Millennial,one_and_done,1,1,2025-12-26,2025-12-26
10196,Male,Millennial,occasional,2,7,2025-07-18,2026-06-17
10197,Female,Millennial,one_and_done,2,1,2026-02-10,2026-02-10
10198,Male,Boomer,one_and_done,6,1,2026-06-20,2026-06-20
10199,Female,Millennial,occasional,1,6,2025-07-29,2026-06-15
10200,Female,Gen Z,one_and_done,1,1,2025-12-18,2025-12-18
10201,Male,Gen Z,regular,1,15,2025-08-09,2026-07-03
10202,Female,Millennial,loyal,1,27,2025-07-01,2026-07-09
10203,Female,Millennial,one_and_done,1,1,2026-05-13,2026-05-13
10204,Male,Millennial,regular,1,22,2025-07-14,2026-07-01
10205,Female,Millennial,one_and_done,2,1,2025-10-06,2025-10-06
10206,Male,Gen Z,regular,9,15,2025-07-05,2026-07-04
10207,Male,Gen Z,one_and_done,3,1,2026-06-18,2026-06-18
10208,Male,Millennial,one_and_done,2,1,2026-01-14,2026-01-14
10209,Female,Gen Z,occasional,4,5,2025-07-18,2026-03-13
10210,Male,Gen Z,occasional,1,5,2026-01-08,2026-06-13
10211,Male,Gen Z,one_and_done,5,1,2026-02-02,2026-02-02
10212,Male,Millennial,one_and_done,1,1,2025-08-12,2025-08-12
10213,Male,Gen Z,regular,1,15,2025-08-20,2026-05-20
10214,Male,Millennial,one_and_done,3,1,2025-07-23,2025-07-23
10215,Female,Boomer,regular,1,11,2025-07-17,2026-07-01
10216,Female,Gen X,regular,1,15,2025-07-23,2026-07-04
10217,Male,Gen Z,regular,2,15,2025-08-29,2026-07-06
10218,Female,Gen Z,occasional,1,5,2025-08-14,2026-06-27
10219,Male,Millennial,regular,1,22,2025-07-05,2026-07-03
10220,Male,Millennial,one_and_done,5,1,2026-03-03,2026-03-03
10221,Male,Gen X,loyal,1,25,2025-07-02,2026-06-25
10222,Male,Gen Z,loyal,1,23,2025-07-11,2026-06-26
10223,Male,Gen X,occasional,1,6,2025-07-06,2026-06-20
10224,Female,Gen Z,regular,1,14,2025-07-04,2026-06-26
10225,Male,Millennial,occasional,5,7,2025-07-07,2026-01-25
10226,Male,Boomer,loyal,3,18,2025-07-01,2026-07-05
10227,Female,Millennial,one_and_done,7,1,2025-10-21,2025-10-21
10228,Male,Millennial,occasional,1,7,2025-07-03,2026-04-17
10229,Female,Gen Z,one_and_done,3,1,2025-11-29,2025-11-29
10230,Female,Gen Z,one_and_done,6,1,2025-10-03,2025-10-03
10231,Male,Gen Z,one_and_done,5,1,2026-01-29,2026-01-29
10232,Male,Gen X,one_and_done,1,1,2026-04-25,2026-04-25
10233,Female,Millennial,one_and_done,1,1,2025-11-22,2025-11-22
10234,Male,Millennial,occasional,1,7,2025-08-16,2026-01-28
10235,Female,Millennial,regular,1,18,2025-07-20,2026-06-30
10236,Female,Millennial,one_and_done,8,1,2025-09-27,2025-09-27
10237,Male,Gen X,one_and_done,3,1,2025-12-04,2025-12-04
10238,Male,Gen Z,one_and_done,2,1,2026-06-14,2026-06-14
10239,Male,Gen Z,regular,1,15,2025-07-25,2026-07-02
10240,Male,Gen Z,one_and_done,1,1,2026-04-18,2026-04-18
10241,Female,Millennial,occasional,5,6,2025-10-20,2026-05-07
10242,Male,Gen X,occasional,1,6,2025-12-18,2026-07-02
10243,Female,Gen Z,occasional,1,5,2026-02-22,2026-07-02
10244,Male,Millennial,one_and_done,1,1,2025-07-28,2025-07-28
10245,Male,Boomer,regular,3,12,2025-08-02,2026-05-29
10246,Male,Millennial,regular,1,22,2025-07-13,2026-06-02
10247,Female,Gen Z,one_and_done,8,1,2025-10-23,2025-10-23
10248,Male,Gen Z,occasional,1,5,2025-09-05,2026-05-17
10249,Male,Gen Z,occasional,4,5,2025-09-16,2026-06-07
10250,Male,Gen Z,regular,1,15,2025-07-10,2026-06-03
10251,Male,Gen Z,regular,1,15,2025-07-04,2026-06-21
10252,Male,Gen Z,occasional,2,5,2025-09-13,2026-02-02
10253,Male,Gen X,one_and_done,5,1,2026-07-04,2026-07-04
10254,Female,Gen X,regular,1,15,2025-07-02,2026-05-03
10255,Male,Millennial,regular,1,22,2025-07-30,2026-07-09
10256,Male,Gen Z,regular,4,15,2025-08-02,2026-06-02
10257,Male,Gen X,regular,1,17,2025-07-01,2026-07-05
10258,Male,Millennial,one_and_done,1,1,2026-04-22,2026-04-22
10259,Male,Gen Z,occasional,1,5,2025-11-19,2026-07-03
10260,Female,Millennial,occasional,1,6,2025-08-04,2026-06-22
10261,Male,Gen Z,one_and_done,1,1,2025-08-09,2025-08-09
10262,Male,Gen Z,regular,1,15,2025-07-08,2026-05-22
10263,Male,Gen X,occasional,1,6,2025-09-17,2026-06-18
10264,Male,Millennial,regular,10,22,2025-07-05,2026-05-19
10265,Female,Gen Z,regular,1,14,2025-07-18,2026-07-05
10266,Male,Millennial,loyal,1,32,2025-07-02,2026-06-19
10267,Male,Gen Z,one_and_done,1,1,2026-07-04,2026-07-04
10268,Female,Gen Z,one_and_done,1,1,2025-09-17,2025-09-17
10269,Male,Gen Z,one_and_done,1,1,2025-09-23,2025-09-23
10270,Male,Millennial,occasional,1,7,2025-08-18,2026-06-06
10271,Male,Boomer,one_and_done,4,1,2026-04-30,2026-04-30
10272,Male,Millennial,regular,1,22,2025-07-06,2026-06-13
10273,Male,Gen X,regular,2,17,2025-07-10,2026-07-08
10274,Male,Millennial,occasional,1,7,2025-08-18,2026-05-30
10275,Male,Millennial,occasional,2,7,2025-09-13,2026-05-06
10276,Male,Millennial,regular,1,22,2025-07-12,2026-06-17
10277,Male,Millennial,regular,1,22,2025-07-08,2026-06-26
10278,Female,Millennial,one_and_done,1,1,2026-05-13,2026-05-13
10279,Male,Millennial,one_and_done,1,1,2026-05-10,2026-05-10
10280,Male,Millennial,one_and_done,1,1,2025-07-07,2025-07-07
10281,Male,Gen Z,occasional,2,5,2025-07-08,2026-06-13
10282,Male,Gen X,one_and_done,1,1,2025-09-25,2025-09-25
10283,Male,Millennial,occasional,1,7,2025-08-04,2026-06-28
10284,Male,Millennial,one_and_done,1,1,2026-02-27,2026-02-27
10285,Male,Millennial,regular,3,22,2025-07-05,2026-07-02
10286,Male,Gen Z,one_and_done,1,1,2025-08-22,2025-08-22
10287,Male,Gen X,occasional,2,6,2025-09-22,2026-06-21
10288,Male,Gen X,regular,2,17,2025-07-15,2026-07-07
10289,Female,Millennial,loyal,1,27,2025-07-02,2026-07-06
10290,Male,Millennial,one_and_done,4,1,2025-09-13,2025-09-13
10291,Female,Gen X,occasional,1,5,2025-10-22,2026-04-02
10292,Male,Boomer,occasional,5,4,2025-07-04,2026-03-13
10293,Male,Millennial,regular,1,22,2025-07-05,2026-07-09
10294,Male,Millennial,regular,3,22,2025-07-11,2026-07-08
10295,Male,Gen Z,one_and_done,6,1,2025-08-24,2025-08-24
10296,Male,Gen X,one_and_done,1,1,2026-01-12,2026-01-12
10297,Male,Millennial,occasional,9,7,2025-08-06,2026-06-30
10298,Male,Millennial,one_and_done,1,1,2025-07-07,2025-07-07
10299,Male,Gen Z,regular,1,15,2025-07-22,2026-05-15
10300,Male,Millennial,one_and_done,2,1,2025-12-05,2025-12-05
10301,Male,Gen Z,regular,1,15,2025-07-08,2026-07-04
10302,Female,Gen X,one_and_done,1,1,2025-11-15,2025-11-15
10303,Female,Gen X,occasional,1,5,2025-07-14,2026-06-23
10304,Female,Gen Z,regular,2,14,2025-07-24,2026-05-18
10305,Male,Gen Z,regular,7,15,2025-07-21,2026-05-18
10306,Male,Millennial,occasional,1,7,2025-07-11,2026-06-28
10307,Female,Millennial,occasional,1,6,2025-07-26,2026-05-23
10308,Male,Gen Z,occasional,1,5,2025-08-01,2026-06-16
10309,Male,Gen X,one_and_done,1,1,2026-05-10,2026-05-10
10310,Male,Gen Z,regular,1,15,2025-08-19,2026-07-07
10311,Female,Gen X,one_and_done,1,1,2026-05-01,2026-05-01
10312,Male,Millennial,occasional,1,7,2025-09-21,2026-05-26
10313,Female,Millennial,one_and_done,2,1,2025-09-15,2025-09-15
10314,Female,Millennial,occasional,2,6,2025-08-27,2026-05-28
10315,Male,Millennial,occasional,6,7,2025-08-14,2026-05-30
10316,Male,Gen Z,one_and_done,1,1,2025-12-29,2025-12-29
10317,Male,Millennial,one_and_done,2,1,2026-06-17,2026-06-17
10318,Female,Millennial,one_and_done,1,1,2025-11-15,2025-11-15
10319,Male,Millennial,one_and_done,5,1,2026-03-25,2026-03-25
10320,Male,Millennial,one_and_done,1,1,2025-09-14,2025-09-14
10321,Male,Millennial,occasional,7,7,2025-07-31,2026-06-06
10322,Male,Millennial,regular,1,22,2025-07-18,2026-07-09
10323,Male,Gen X,regular,1,17,2025-07-26,2026-06-23
10324,Male,Boomer,one_and_done,1,1,2026-06-26,2026-06-26
10325,Female,Gen Z,one_and_done,1,1,2025-09-17,2025-09-17
10326,Male,Gen X,occasional,2,6,2025-07-18,2026-06-17
10327,Male,Millennial,one_and_done,1,1,2025-10-21,2025-10-21
10328,Male,Millennial,occasional,2,7,2025-07-13,2026-06-30
10329,Male,Millennial,loyal,2,32,2025-07-17,2026-06-18
10330,Female,Millennial,occasional,3,6,2025-12-18,2026-07-07
10331,Male,Gen X,one_and_done,3,1,2026-04-22,2026-04-22
10332,Male,Millennial,occasional,3,7,2025-07-18,2026-06-03
10333,Male,Gen Z,one_and_done,8,1,2026-01-18,2026-01-18
10334,Male,Gen X,regular,1,17,2025-07-25,2026-07-05
10335,Male,Gen Z,occasional,1,5,2025-07-16,2026-05-23
10336,Male,Gen X,regular,1,17,2025-07-16,2026-07-07
10337,Male,Millennial,loyal,3,32,2025-07-11,2026-07-08
10338,Male,Millennial,occasional,4,7,2025-07-05,2026-07-02
10339,Male,Gen Z,one_and_done,2,1,2025-08-26,2025-08-26
10340,Male,Millennial,regular,4,22,2025-07-07,2026-07-06
10341,Male,Millennial,one_and_done,1,1,2026-03-07,2026-03-07
10342,Male,Gen X,one_and_done,3,1,2026-05-17,2026-05-17
10343,Male,Gen Z,regular,1,15,2025-07-25,2026-06-13
10344,Male,Millennial,occasional,1,7,2025-07-18,2026-02-26
10345,Male,Gen Z,one_and_done,1,1,2025-08-10,2025-08-10
10346,Female,Boomer,one_and_done,1,1,2026-01-23,2026-01-23
10347,Male,Gen X,regular,1,17,2025-07-13,2026-05-15
10348,Male,Millennial,one_and_done,5,1,2026-03-07,2026-03-07
10349,Female,Millennial,loyal,2,27,2025-07-05,2026-07-04
10350,Male,Gen Z,loyal,2,23,2025-07-07,2026-05-24
10351,Male,Gen X,regular,4,17,2025-07-05,2026-06-02
10352,Male,Millennial,one_and_done,1,1,2025-07-02,2025-07-02
10353,Male,Millennial,one_and_done,1,1,2026-03-26,2026-03-26
10354,Female,Millennial,regular,1,18,2025-07-04,2026-05-20
10355,Male,Millennial,occasional,1,7,2025-11-01,2026-06-26
10356,Male,Boomer,one_and_done,1,1,2026-01-26,2026-01-26
10357,Female,Millennial,loyal,8,27,2025-07-19,2026-06-25
10358,Male,Millennial,loyal,1,32,2025-07-03,2026-07-07
10359,Female,Gen X,regular,6,15,2025-07-24,2026-06-23
10360,Male,Gen X,one_and_done,3,1,2025-07-02,2025-07-02
10361,Male,Boomer,loyal,2,18,2025-07-24,2026-07-05
10362,Male,Gen Z,loyal,3,23,2025-07-11,2026-06-30
10363,Male,Millennial,occasional,1,7,2025-08-29,2026-06-04
10364,Female,Millennial,regular,1,18,2025-07-18,2026-06-08
10365,Male,Gen Z,regular,1,15,2025-08-21,2026-07-01
10366,Male,Millennial,one_and_done,2,1,2025-08-07,2025-08-07
10367,Male,Millennial,occasional,1,7,2025-10-13,2026-06-26
10368,Male,Boomer,regular,1,12,2025-07-11,2026-06-02
10369,Male,Gen Z,occasional,10,5,2025-10-25,2026-04-30
10370,Male,Gen X,occasional,3,6,2025-07-04,2026-06-30
10371,Female,Gen Z,loyal,6,20,2025-07-04,2026-05-28
10372,Female,Gen Z,one_and_done,1,1,2025-12-27,2025-12-27
10373,Female,Gen Z,occasional,1,5,2025-07-11,2026-06-16
10374,Male,Millennial,one_and_done,1,1,2026-06-11,2026-06-11
10375,Male,Gen X,one_and_done,1,1,2026-04-29,2026-04-29
10376,Male,Gen Z,occasional,5,5,2025-09-27,2026-06-27
10377,Male,Millennial,one_and_done,2,1,2025-12-28,2025-12-28
10378,Male,Millennial,one_and_done,2,1,2026-04-16,2026-04-16
10379,Male,Millennial,occasional,2,7,2025-07-29,2026-05-30
10380,Male,Gen X,one_and_done,1,1,2025-10-26,2025-10-26
10381,Male,Gen Z,one_and_done,1,1,2026-03-14,2026-03-14
10382,Male,Gen X,one_and_done,1,1,2025-12-12,2025-12-12
10383,Male,Millennial,occasional,3,7,2025-08-01,2026-05-03
10384,Female,Millennial,occasional,4,6,2025-09-27,2026-04-10
10385,Female,Millennial,one_and_done,2,1,2025-10-01,2025-10-01
10386,Male,Gen X,one_and_done,3,1,2025-08-24,2025-08-24
10387,Male,Millennial,loyal,6,32,2025-07-16,2026-07-06
10388,Male,Gen Z,one_and_done,1,1,2026-05-08,2026-05-08
10389,Male,Millennial,occasional,3,7,2025-07-10,2026-05-11
10390,Female,Millennial,one_and_done,2,1,2025-09-30,2025-09-30
10391,Male,Millennial,one_and_done,1,1,2026-02-14,2026-02-14
10392,Male,Gen X,loyal,1,25,2025-07-23,2026-06-27
10393,Female,Millennial,occasional,1,6,2025-09-06,2026-05-02
10394,Female,Millennial,one_and_done,1,1,2026-06-01,2026-06-01
10395,Male,Millennial,one_and_done,1,1,2026-02-14,2026-02-14
10396,Male,Millennial,loyal,1,32,2025-07-13,2026-07-01
10397,Female,Gen Z,one_and_done,1,1,2026-04-08,2026-04-08
10398,Female,Millennial,one_and_done,2,1,2025-12-30,2025-12-30
10399,Female,Millennial,occasional,1,6,2025-08-15,2026-06-30
10400,Male,Millennial,occasional,3,7,2025-07-19,2026-07-07
10401,Female,Millennial,one_and_done,9,1,2026-02-18,2026-02-18
10402,Female,Gen Z,loyal,1,20,2025-08-19,2026-06-20
10403,Male,Gen X,occasional,2,6,2025-07-29,2026-07-04
10404,Female,Gen Z,occasional,1,5,2025-11-10,2026-05-16
10405,Male,Millennial,one_and_done,4,1,2026-07-02,2026-07-02
10406,Female,Gen X,occasional,1,5,2025-10-10,2026-05-22
10407,Male,Millennial,occasional,5,7,2025-08-04,2026-04-12
10408,Female,Millennial,one_and_done,3,1,2026-05-26,2026-05-26
10409,Male,Gen X,loyal,5,25,2025-07-19,2026-06-30
10410,Female,Millennial,one_and_done,1,1,2026-01-20,2026-01-20
10411,Male,Millennial,one_and_done,2,1,2025-07-24,2025-07-24
10412,Male,Millennial,one_and_done,2,1,2025-09-28,2025-09-28
10413,Female,Gen Z,one_and_done,6,1,2026-05-16,2026-05-16
10414,Male,Gen X,occasional,4,6,2025-07-28,2026-06-05
10415,Female,Millennial,occasional,3,6,2025-08-05,2026-04-23
10416,Male,Gen Z,one_and_done,1,1,2025-12-30,2025-12-30
10417,Male,Millennial,one_and_done,1,1,2025-09-01,2025-09-01
10418,Male,Millennial,occasional,1,7,2025-08-08,2026-06-12
10419,Female,Millennial,regular,1,18,2025-07-11,2026-07-05
10420,Male,Millennial,regular,2,22,2025-07-04,2026-06-25
10421,Male,Gen Z,one_and_done,1,1,2025-07-07,2025-07-07
10422,Male,Gen Z,regular,6,15,2025-08-29,2026-07-04
10423,Male,Millennial,one_and_done,1,1,2025-07-10,2025-07-10
10424,Male,Gen Z,one_and_done,1,1,2026-07-07,2026-07-07
10425,Male,Millennial,one_and_done,1,1,2026-02-11,2026-02-11
10426,Female,Gen Z,regular,1,14,2025-07-07,2026-06-25
10427,Female,Millennial,one_and_done,1,1,2025-10-21,2025-10-21
10428,Female,Gen Z,one_and_done,6,1,2026-04-29,2026-04-29
10429,Male,Millennial,one_and_done,2,1,2026-06-06,2026-06-06
10430,Female,Millennial,one_and_done,1,1,2026-06-12,2026-06-12
10431,Male,Gen Z,occasional,1,5,2025-09-07,2026-06-24
10432,Female,Millennial,one_and_done,3,1,2026-03-27,2026-03-27
10433,Male,Gen Z,one_and_done,1,1,2025-11-14,2025-11-14
10434,Female,Millennial,occasional,9,6,2025-11-07,2026-06-18
10435,Female,Gen X,one_and_done,2,1,2026-06-20,2026-06-20
10436,Male,Gen Z,loyal,3,23,2025-09-04,2026-07-09
10437,Female,Millennial,regular,1,18,2025-07-23,2026-07-06
10438,Male,Millennial,one_and_done,5,1,2026-05-24,2026-05-24
10439,Male,Millennial,regular,1,22,2025-07-02,2026-06-30
10440,Male,Boomer,one_and_done,8,1,2026-04-07,2026-04-07
10441,Male,Gen X,one_and_done,4,1,2026-03-30,2026-03-30
10442,Female,Boomer,one_and_done,6,1,2026-03-04,2026-03-04
10443,Male,Millennial,one_and_done,1,1,2026-06-09,2026-06-09
10444,Male,Gen Z,occasional,4,5,2025-08-13,2026-07-04
10445,Male,Gen Z,one_and_done,2,1,2025-07-05,2025-07-05
10446,Female,Millennial,one_and_done,7,1,2026-02-25,2026-02-25
10447,Female,Millennial,occasional,4,6,2025-08-30,2026-03-25
10448,Female,Millennial,one_and_done,2,1,2025-10-17,2025-10-17
10449,Male,Gen Z,one_and_done,1,1,2025-08-02,2025-08-02
10450,Female,Millennial,occasional,1,6,2025-10-16,2025-11-27
10451,Male,Gen X,one_and_done,1,1,2026-01-10,2026-01-10
10452,Male,Gen Z,regular,8,15,2025-07-24,2026-07-09
10453,Female,Boomer,occasional,3,4,2025-09-05,2026-04-25
10454,Male,Gen X,regular,1,17,2025-07-05,2026-05-28
10455,Female,Millennial,occasional,1,6,2025-09-24,2026-04-21
10456,Male,Gen X,loyal,1,25,2025-08-22,2026-06-22
10457,Male,Millennial,one_and_done,6,1,2026-02-06,2026-02-06
10458,Male,Gen Z,regular,1,15,2025-07-02,2026-05-11
10459,Female,Millennial,occasional,1,6,2025-08-25,2026-05-05
10460,Male,Millennial,occasional,1,7,2025-09-10,2026-04-10
10461,Male,Gen Z,one_and_done,5,1,2025-08-22,2025-08-22
10462,Female,Gen Z,regular,3,14,2025-07-05,2026-05-21
10463,Female,Gen Z,regular,1,14,2025-07-08,2026-07-07
10464,Male,Millennial,one_and_done,1,1,2025-07-25,2025-07-25
10465,Male,Gen Z,one_and_done,1,1,2026-07-06,2026-07-06
10466,Female,Millennial,occasional,1,6,2025-08-22,2026-05-12
10467,Female,Gen X,regular,1,15,2025-08-19,2026-06-26
10468,Female,Gen X,one_and_done,3,1,2025-12-13,2025-12-13
10469,Female,Gen X,occasional,2,5,2025-08-29,2026-05-01
10470,Male,Millennial,occasional,1,7,2025-07-05,2026-06-04
10471,Female,Gen Z,one_and_done,2,1,2025-08-25,2025-08-25
10472,Male,Millennial,occasional,1,7,2025-07-02,2026-07-07
10473,Male,Gen Z,occasional,5,5,2025-08-08,2026-04-24
10474,Male,Gen Z,occasional,5,5,2025-08-15,2026-07-09
10475,Female,Millennial,one_and_done,8,1,2026-06-28,2026-06-28
10476,Female,Millennial,occasional,1,6,2025-07-30,2026-05-19
10477,Male,Millennial,regular,1,22,2025-08-29,2026-07-05
10478,Male,Millennial,one_and_done,2,1,2025-09-27,2025-09-27
10479,Male,Gen Z,one_and_done,1,1,2025-11-08,2025-11-08
10480,Male,Gen X,one_and_done,5,1,2025-08-24,2025-08-24
10481,Male,Gen X,occasional,2,6,2025-08-29,2026-02-13
10482,Female,Millennial,regular,1,18,2025-07-03,2026-06-21
10483,Male,Gen X,occasional,1,6,2025-12-16,2026-04-16
10484,Female,Millennial,one_and_done,3,1,2025-09-19,2025-09-19
10485,Male,Gen Z,regular,1,15,2025-07-22,2026-06-25
10486,Male,Millennial,one_and_done,2,1,2026-04-30,2026-04-30
10487,Female,Gen Z,one_and_done,1,1,2026-04-21,2026-04-21
10488,Male,Gen X,one_and_done,1,1,2026-02-02,2026-02-02
10489,Male,Gen X,one_and_done,1,1,2025-07-15,2025-07-15
10490,Male,Millennial,occasional,6,7,2025-08-10,2026-06-01
10491,Male,Boomer,occasional,1,4,2026-02-04,2026-06-21
10492,Female,Millennial,one_and_done,1,1,2026-01-15,2026-01-15
10493,Male,Millennial,occasional,3,7,2025-10-08,2026-05-26
10494,Male,Millennial,occasional,2,7,2025-07-26,2026-05-29
10495,Female,Millennial,regular,1,18,2025-07-05,2026-06-19
10496,Male,Gen X,occasional,1,6,2025-07-20,2026-04-14
10497,Female,Gen X,occasional,1,5,2025-10-07,2026-06-29
10498,Male,Millennial,regular,6,22,2025-07-19,2026-07-09
10499,Male,Millennial,loyal,1,32,2025-07-19,2026-07-03
10500,Female,Gen Z,one_and_done,1,1,2025-08-04,2025-08-04
10501,Male,Gen Z,regular,2,15,2025-07-02,2026-06-30
10502,Female,Millennial,one_and_done,4,1,2025-11-21,2025-11-21
10503,Male,Gen X,loyal,9,25,2025-07-01,2026-06-16
10504,Female,Gen X,one_and_done,1,1,2025-12-09,2025-12-09
10505,Male,Gen Z,occasional,1,5,2025-07-07,2026-06-02
10506,Female,Millennial,one_and_done,2,1,2026-05-22,2026-05-22
10507,Male,Millennial,one_and_done,2,1,2026-06-29,2026-06-29
10508,Male,Gen Z,occasional,1,5,2025-07-01,2026-04-05
10509,Male,Gen X,occasional,1,6,2025-10-09,2026-06-24
10510,Male,Millennial,one_and_done,9,1,2025-09-23,2025-09-23
10511,Male,Gen X,one_and_done,3,1,2025-10-24,2025-10-24
10512,Male,Boomer,occasional,7,4,2025-07-27,2026-01-16
10513,Male,Gen Z,loyal,2,23,2025-07-13,2026-06-16
10514,Male,Millennial,one_and_done,2,1,2025-09-03,2025-09-03
10515,Male,Millennial,one_and_done,1,1,2025-11-21,2025-11-21
10516,Male,Gen X,regular,2,17,2025-07-11,2026-07-09
10517,Male,Gen X,occasional,5,6,2025-08-20,2026-06-27
10518,Male,Millennial,one_and_done,5,1,2025-12-22,2025-12-22
10519,Male,Gen X,one_and_done,1,1,2025-08-12,2025-08-12
10520,Female,Millennial,loyal,1,27,2025-07-19,2026-07-05
10521,Female,Millennial,one_and_done,1,1,2025-07-21,2025-07-21
10522,Female,Millennial,one_and_done,6,1,2026-06-16,2026-06-16
10523,Male,Gen Z,one_and_done,1,1,2025-12-28,2025-12-28
10524,Male,Gen X,one_and_done,9,1,2026-01-31,2026-01-31
10525,Female,Millennial,one_and_done,4,1,2025-07-11,2025-07-11
10526,Female,Millennial,occasional,2,6,2025-07-18,2026-05-14
10527,Male,Gen Z,one_and_done,4,1,2026-05-23,2026-05-23
10528,Male,Gen Z,regular,1,15,2025-07-08,2026-06-28
10529,Male,Millennial,one_and_done,1,1,2026-01-24,2026-01-24
10530,Female,Millennial,one_and_done,1,1,2025-08-30,2025-08-30
10531,Male,Gen Z,one_and_done,1,1,2026-03-12,2026-03-12
10532,Female,Gen Z,one_and_done,1,1,2025-10-21,2025-10-21
10533,Male,Gen X,occasional,1,6,2025-07-28,2026-06-21
10534,Male,Gen X,one_and_done,1,1,2026-06-01,2026-06-01
10535,Male,Millennial,regular,1,22,2025-07-14,2026-06-22
10536,Female,Gen Z,one_and_done,1,1,2025-11-05,2025-11-05
10537,Male,Gen Z,occasional,1,5,2025-07-21,2026-05-23
10538,Female,Millennial,regular,2,18,2025-08-06,2026-07-03
10539,Male,Gen Z,occasional,4,5,2025-07-12,2025-09-24
10540,Male,Gen Z,regular,7,15,2025-08-23,2026-07-03
10541,Male,Gen Z,one_and_done,2,1,2025-07-03,2025-07-03
10542,Male,Gen Z,occasional,1,5,2025-08-24,2026-06-17
10543,Male,Boomer,one_and_done,1,1,2026-02-27,2026-02-27
10544,Female,Millennial,one_and_done,4,1,2026-03-08,2026-03-08
10545,Female,Millennial,one_and_done,1,1,2025-09-09,2025-09-09
10546,Male,Millennial,one_and_done,1,1,2025-10-19,2025-10-19
10547,Male,Millennial,regular,1,22,2025-07-20,2026-07-03
10548,Female,Boomer,one_and_done,1,1,2026-05-09,2026-05-09
10549,Male,Millennial,one_and_done,3,1,2026-01-30,2026-01-30
10550,Male,Gen Z,one_and_done,3,1,2026-03-28,2026-03-28
10551,Female,Millennial,regular,2,18,2025-08-19,2026-06-26
10552,Male,Millennial,occasional,1,7,2025-08-30,2026-07-09
10553,Male,Gen Z,occasional,1,5,2025-07-04,2026-05-16
10554,Male,Gen X,one_and_done,3,1,2026-06-21,2026-06-21
10555,Male,Gen X,one_and_done,4,1,2026-04-07,2026-04-07
10556,Female,Millennial,occasional,1,6,2025-08-03,2026-04-09
10557,Male,Gen Z,regular,3,15,2025-07-14,2026-06-17
10558,Male,Gen X,occasional,1,6,2025-08-29,2026-07-03
10559,Male,Gen Z,one_and_done,2,1,2026-02-13,2026-02-13
10560,Male,Millennial,loyal,4,32,2025-07-03,2026-07-04
10561,Male,Gen Z,regular,1,15,2025-07-18,2026-07-01
10562,Female,Gen Z,one_and_done,1,1,2026-03-08,2026-03-08
10563,Female,Gen X,loyal,1,23,2025-07-10,2026-07-04
10564,Male,Gen X,regular,1,17,2025-07-07,2026-07-07
10565,Male,Millennial,regular,1,22,2025-08-03,2026-07-06
10566,Female,Millennial,one_and_done,4,1,2025-10-29,2025-10-29
10567,Male,Gen Z,occasional,2,5,2025-08-27,2026-03-28
10568,Male,Gen Z,loyal,1,23,2025-07-04,2026-06-20
10569,Male,Gen Z,one_and_done,3,1,2025-12-18,2025-12-18
10570,Male,Gen Z,one_and_done,1,1,2025-09-27,2025-09-27
10571,Female,Gen Z,occasional,2,5,2025-10-25,2026-03-08
10572,Male,Millennial,regular,7,22,2025-07-30,2026-07-05
10573,Male,Millennial,regular,1,22,2025-07-24,2026-07-03
10574,Male,Millennial,one_and_done,2,1,2026-04-27,2026-04-27
10575,Female,Millennial,regular,2,18,2025-08-11,2026-07-04
10576,Male,Gen Z,regular,1,15,2025-07-10,2026-07-08
10577,Male,Boomer,one_and_done,1,1,2025-08-30,2025-08-30
10578,Female,Millennial,loyal,1,27,2025-07-22,2026-07-04
10579,Male,Millennial,occasional,1,7,2025-08-04,2026-03-14
10580,Male,Gen X,one_and_done,1,1,2025-08-25,2025-08-25
10581,Male,Gen X,one_and_done,1,1,2026-06-11,2026-06-11
10582,Female,Millennial,one_and_done,1,1,2025-09-09,2025-09-09
10583,Male,Gen Z,one_and_done,1,1,2026-06-16,2026-06-16
10584,Male,Gen Z,one_and_done,1,1,2026-02-11,2026-02-11
10585,Male,Gen Z,loyal,1,23,2025-07-13,2026-06-30
10586,Female,Gen X,loyal,1,23,2025-07-01,2026-07-04
10587,Male,Gen Z,regular,1,15,2025-07-18,2026-07-05
10588,Male,Millennial,occasional,8,7,2025-08-12,2026-07-05
10589,Female,Gen Z,one_and_done,9,1,2026-05-23,2026-05-23
10590,Female,Gen X,regular,1,15,2025-07-04,2026-06-05
10591,Male,Millennial,regular,1,22,2025-07-20,2026-07-08
10592,Male,Millennial,occasional,1,7,2025-08-16,2026-06-27
10593,Male,Boomer,occasional,2,4,2025-10-02,2026-04-12
10594,Female,Gen X,regular,1,15,2025-08-09,2026-07-04
10595,Male,Gen Z,regular,2,15,2025-07-15,2026-06-02
10596,Male,Millennial,occasional,1,7,2025-08-15,2026-04-17
10597,Male,Millennial,regular,1,22,2025-07-14,2026-06-19
10598,Male,Millennial,regular,1,22,2025-07-12,2026-06-27
10599,Male,Millennial,one_and_done,2,1,2025-09-03,2025-09-03
10600,Female,Gen X,one_and_done,1,1,2025-08-18,2025-08-18
10601,Male,Millennial,one_and_done,3,1,2025-10-31,2025-10-31
10602,Male,Gen X,loyal,7,25,2025-07-24,2026-07-06
10603,Male,Millennial,regular,1,22,2025-07-02,2026-05-30
10604,Male,Gen Z,loyal,1,23,2025-07-13,2026-07-04
10605,Male,Boomer,one_and_done,2,1,2026-03-09,2026-03-09
10606,Female,Millennial,occasional,4,6,2025-07-20,2026-05-16
10607,Male,Gen Z,occasional,4,5,2025-08-25,2026-06-13
10608,Male,Millennial,regular,1,22,2025-07-11,2026-05-07
10609,Male,Millennial,one_and_done,1,1,2026-05-20,2026-05-20
10610,Male,Boomer,loyal,2,18,2025-07-01,2026-06-12
10611,Male,Gen Z,one_and_done,2,1,2025-09-14,2025-09-14
10612,Male,Gen X,regular,1,17,2025-07-27,2026-05-23
10613,Male,Millennial,regular,1,22,2025-07-22,2026-06-16
10614,Male,Gen Z,regular,5,15,2025-07-31,2026-06-20
10615,Male,Millennial,regular,1,22,2025-07-11,2026-06-12
10616,Male,Gen Z,loyal,3,23,2025-07-31,2026-07-09
10617,Female,Millennial,loyal,2,27,2025-07-09,2026-07-06
10618,Male,Millennial,one_and_done,1,1,2026-05-08,2026-05-08
10619,Male,Gen Z,one_and_done,1,1,2026-04-04,2026-04-04
10620,Male,Gen X,one_and_done,6,1,2025-11-24,2025-11-24
10621,Female,Millennial,occasional,2,6,2025-10-18,2026-05-10
10622,Male,Boomer,one_and_done,3,1,2025-09-08,2025-09-08
10623,Female,Millennial,loyal,3,27,2025-07-09,2026-06-26
10624,Female,Millennial,loyal,2,27,2025-07-24,2026-06-30
10625,Male,Gen Z,regular,1,15,2025-08-17,2026-06-22
10626,Female,Millennial,occasional,9,6,2025-08-28,2026-05-30
10627,Male,Millennial,one_and_done,1,1,2026-02-21,2026-02-21
10628,Female,Millennial,one_and_done,1,1,2026-03-31,2026-03-31
10629,Male,Millennial,regular,1,22,2025-07-12,2026-07-05
10630,Female,Millennial,regular,1,18,2025-07-24,2026-07-07
10631,Male,Millennial,one_and_done,1,1,2025-07-09,2025-07-09
10632,Male,Boomer,one_and_done,1,1,2026-02-22,2026-02-22
10633,Male,Millennial,regular,3,22,2025-07-05,2026-07-08
10634,Male,Gen Z,loyal,1,23,2025-07-06,2026-05-03
10635,Male,Millennial,regular,4,22,2025-07-02,2026-07-08
10636,Female,Gen Z,occasional,3,5,2025-07-12,2026-06-18
10637,Female,Gen X,occasional,2,5,2025-08-20,2026-06-26
10638,Male,Millennial,loyal,2,32,2025-07-05,2026-07-06
10639,Male,Gen Z,one_and_done,3,1,2025-12-21,2025-12-21
10640,Female,Millennial,regular,3,18,2025-07-09,2026-06-05
10641,Male,Millennial,one_and_done,2,1,2026-07-06,2026-07-06
10642,Female,Millennial,one_and_done,9,1,2026-05-02,2026-05-02
10643,Male,Millennial,occasional,3,7,2025-07-13,2026-07-05
10644,Male,Gen X,one_and_done,1,1,2026-01-27,2026-01-27
10645,Female,Gen X,loyal,3,23,2025-07-01,2026-06-21
10646,Male,Gen Z,one_and_done,1,1,2025-11-15,2025-11-15
10647,Male,Millennial,regular,7,22,2025-09-13,2026-06-19
10648,Male,Gen Z,one_and_done,9,1,2026-04-18,2026-04-18
10649,Male,Millennial,one_and_done,1,1,2026-06-08,2026-06-08
10650,Male,Millennial,one_and_done,2,1,2025-08-05,2025-08-05
10651,Male,Gen X,one_and_done,1,1,2026-03-22,2026-03-22
10652,Female,Millennial,loyal,3,27,2025-07-24,2026-07-03
10653,Male,Millennial,occasional,2,7,2025-09-08,2026-04-01
10654,Female,Millennial,one_and_done,5,1,2025-11-28,2025-11-28
10655,Male,Millennial,one_and_done,2,1,2026-06-23,2026-06-23
10656,Female,Millennial,loyal,1,27,2025-07-08,2026-06-29
10657,Male,Gen Z,one_and_done,2,1,2025-07-17,2025-07-17
10658,Male,Millennial,one_and_done,2,1,2026-03-16,2026-03-16
10659,Male,Millennial,loyal,1,32,2025-07-18,2026-06-25
10660,Male,Millennial,one_and_done,2,1,2026-02-26,2026-02-26
10661,Female,Gen Z,occasional,1,5,2025-07-27,2026-01-20
10662,Male,Gen Z,regular,1,15,2025-07-08,2026-05-29
10663,Male,Millennial,regular,1,22,2025-07-20,2026-07-02
10664,Male,Millennial,occasional,1,7,2025-07-19,2026-06-03
10665,Male,Millennial,one_and_done,1,1,2026-04-09,2026-04-09
10666,Male,Millennial,loyal,4,32,2025-07-27,2026-07-05
10667,Female,Gen X,one_and_done,4,1,2025-07-25,2025-07-25
10668,Female,Millennial,one_and_done,5,1,2025-11-24,2025-11-24
10669,Male,Boomer,one_and_done,1,1,2026-05-27,2026-05-27
10670,Female,Gen X,one_and_done,1,1,2026-06-16,2026-06-16
10671,Male,Millennial,occasional,2,7,2025-09-11,2026-07-02
10672,Male,Gen Z,one_and_done,2,1,2025-09-13,2025-09-13
10673,Male,Millennial,one_and_done,1,1,2025-11-08,2025-11-08
10674,Female,Millennial,one_and_done,4,1,2026-07-02,2026-07-02
10675,Male,Boomer,one_and_done,3,1,2026-01-13,2026-01-13
10676,Female,Millennial,regular,2,18,2025-07-07,2026-07-04
10677,Male,Millennial,one_and_done,1,1,2026-01-03,2026-01-03
10678,Female,Gen X,one_and_done,1,1,2026-01-24,2026-01-24
10679,Female,Gen X,one_and_done,4,1,2026-05-19,2026-05-19
10680,Male,Millennial,one_and_done,5,1,2025-12-05,2025-12-05
10681,Male,Gen X,one_and_done,10,1,2026-06-13,2026-06-13
10682,Male,Gen Z,loyal,1,23,2025-07-04,2026-06-21
10683,Male,Gen Z,occasional,1,5,2025-07-31,2026-03-18
10684,Male,Gen X,occasional,7,6,2025-10-08,2026-07-07
10685,Male,Gen X,one_and_done,1,1,2026-06-06,2026-06-06
10686,Male,Millennial,one_and_done,6,1,2025-10-31,2025-10-31
10687,Male,Gen Z,loyal,6,23,2025-08-02,2026-06-24
10688,Male,Millennial,regular,5,22,2025-08-08,2026-05-24
10689,Male,Millennial,regular,1,22,2025-07-07,2026-06-04
10690,Male,Millennial,regular,2,22,2025-08-02,2026-07-08
10691,Male,Millennial,regular,3,22,2025-07-03,2026-05-29
10692,Male,Gen Z,regular,2,15,2025-07-06,2026-07-09
10693,Female,Gen Z,one_and_done,1,1,2025-12-07,2025-12-07
10694,Male,Millennial,occasional,1,7,2025-10-14,2026-06-19
10695,Female,Gen Z,occasional,1,5,2025-07-17,2026-07-08
10696,Male,Gen X,one_and_done,3,1,2026-04-06,2026-04-06
10697,Male,Millennial,one_and_done,2,1,2025-10-18,2025-10-18
10698,Male,Millennial,occasional,1,7,2025-10-18,2026-03-21
10699,Female,Millennial,one_and_done,2,1,2025-09-21,2025-09-21
10700,Female,Millennial,one_and_done,1,1,2025-12-25,2025-12-25
10701,Male,Gen X,one_and_done,2,1,2026-02-27,2026-02-27
10702,Male,Gen Z,one_and_done,5,1,2026-01-12,2026-01-12
10703,Male,Boomer,one_and_done,5,1,2026-03-21,2026-03-21
10704,Female,Gen Z,regular,2,14,2025-07-20,2026-06-30
10705,Female,Gen Z,regular,1,14,2025-07-22,2026-07-07
10706,Male,Gen X,one_and_done,6,1,2025-09-04,2025-09-04
10707,Male,Boomer,loyal,1,18,2025-07-18,2026-06-28
10708,Male,Gen Z,one_and_done,1,1,2026-05-27,2026-05-27
10709,Female,Gen Z,regular,1,14,2025-07-14,2026-06-09
10710,Female,Gen Z,one_and_done,1,1,2026-05-04,2026-05-04
10711,Male,Gen X,one_and_done,2,1,2026-01-27,2026-01-27
10712,Female,Boomer,one_and_done,2,1,2025-08-12,2025-08-12
10713,Female,Gen X,one_and_done,1,1,2026-07-01,2026-07-01
10714,Male,Gen Z,one_and_done,7,1,2025-12-20,2025-12-20
10715,Male,Millennial,one_and_done,5,1,2026-04-03,2026-04-03
10716,Male,Gen Z,one_and_done,7,1,2026-04-01,2026-04-01
10717,Male,Millennial,one_and_done,1,1,2025-11-26,2025-11-26
10718,Male,Millennial,one_and_done,1,1,2026-02-26,2026-02-26
10719,Male,Gen Z,occasional,4,5,2025-08-31,2026-06-29
10720,Male,Gen X,occasional,6,6,2025-08-08,2026-07-02
10721,Male,Gen X,occasional,3,6,2025-09-01,2026-06-07
10722,Male,Gen Z,one_and_done,1,1,2025-09-26,2025-09-26
10723,Male,Gen X,occasional,1,6,2025-07-10,2026-05-20
10724,Male,Millennial,one_and_done,1,1,2025-11-08,2025-11-08
10725,Male,Gen X,occasional,1,6,2025-08-22,2026-06-15
10726,Female,Millennial,regular,4,18,2025-07-03,2026-07-04
10727,Male,Gen X,one_and_done,1,1,2026-01-13,2026-01-13
10728,Male,Millennial,regular,2,22,2025-07-05,2026-06-28
10729,Female,Millennial,one_and_done,1,1,2026-03-09,2026-03-09
10730,Male,Gen Z,one_and_done,1,1,2025-11-14,2025-11-14
10731,Male,Gen Z,loyal,1,23,2025-08-02,2026-06-12
10732,Male,Boomer,occasional,1,4,2025-09-25,2026-05-01
10733,Male,Gen X,one_and_done,9,1,2026-03-14,2026-03-14
10734,Female,Gen X,occasional,1,5,2025-07-11,2026-07-03
10735,Male,Millennial,regular,7,22,2025-07-10,2026-07-03
10736,Female,Gen X,occasional,1,5,2025-08-20,2026-06-17
10737,Male,Gen Z,occasional,1,5,2025-08-09,2026-03-20
10738,Male,Millennial,one_and_done,1,1,2026-06-08,2026-06-08
10739,Male,Boomer,one_and_done,4,1,2026-06-02,2026-06-02
10740,Male,Gen Z,occasional,3,5,2025-07-11,2026-04-25
10741,Male,Gen Z,regular,8,15,2025-08-18,2026-06-29
10742,Male,Boomer,occasional,1,4,2025-10-03,2026-05-24
10743,Male,Millennial,regular,2,22,2025-07-04,2026-06-29
10744,Female,Millennial,one_and_done,2,1,2025-11-28,2025-11-28
10745,Male,Millennial,one_and_done,2,1,2026-03-20,2026-03-20
10746,Female,Millennial,one_and_done,5,1,2025-08-22,2025-08-22
10747,Male,Millennial,one_and_done,1,1,2026-04-08,2026-04-08
10748,Male,Gen Z,one_and_done,1,1,2026-04-04,2026-04-04
10749,Male,Millennial,loyal,1,32,2025-07-25,2026-06-30
10750,Male,Gen Z,one_and_done,3,1,2026-01-08,2026-01-08
10751,Male,Gen X,occasional,4,6,2025-09-01,2026-05-12
10752,Female,Gen X,one_and_done,2,1,2026-04-30,2026-04-30
10753,Female,Millennial,one_and_done,3,1,2026-07-07,2026-07-07
10754,Female,Boomer,occasional,5,4,2025-10-14,2026-06-30
10755,Male,Millennial,loyal,1,32,2025-07-27,2026-07-08
10756,Male,Millennial,occasional,1,7,2025-07-04,2026-02-11
10757,Male,Gen X,one_and_done,1,1,2026-06-12,2026-06-12
10758,Female,Millennial,occasional,1,6,2025-08-14,2026-01-10
10759,Female,Millennial,one_and_done,4,1,2026-01-13,2026-01-13
10760,Male,Millennial,loyal,1,32,2025-08-21,2026-07-08
10761,Male,Gen Z,loyal,5,23,2025-07-05,2026-07-09
10762,Male,Gen Z,loyal,6,23,2025-07-03,2026-07-06
10763,Male,Millennial,one_and_done,2,1,2026-03-05,2026-03-05
10764,Female,Millennial,one_and_done,3,1,2026-06-11,2026-06-11
10765,Female,Millennial,regular,4,18,2025-07-23,2026-07-06
10766,Female,Gen X,one_and_done,4,1,2026-05-18,2026-05-18
10767,Female,Gen Z,one_and_done,1,1,2026-06-27,2026-06-27
10768,Male,Gen X,one_and_done,5,1,2026-05-09,2026-05-09
10769,Female,Millennial,occasional,3,6,2025-07-31,2026-07-09
10770,Male,Gen Z,occasional,5,5,2025-07-28,2026-02-11
10771,Male,Gen Z,occasional,1,5,2025-07-07,2026-06-05
10772,Female,Gen X,occasional,1,5,2025-08-08,2026-04-09
10773,Male,Gen Z,one_and_done,2,1,2026-04-18,2026-04-18
10774,Male,Gen X,one_and_done,5,1,2026-06-25,2026-06-25
10775,Male,Gen Z,regular,1,15,2025-07-05,2026-06-12
10776,Male,Millennial,occasional,6,7,2025-09-27,2026-05-23
10777,Male,Gen X,regular,1,17,2025-07-07,2026-04-28
10778,Male,Millennial,occasional,1,7,2025-07-06,2026-06-14
10779,Male,Gen X,one_and_done,6,1,2025-07-19,2025-07-19
10780,Male,Millennial,occasional,6,7,2025-07-28,2026-06-05
10781,Male,Millennial,occasional,5,7,2025-09-13,2026-06-27
10782,Female,Millennial,occasional,1,6,2025-08-16,2026-04-28
10783,Female,Gen X,one_and_done,1,1,2025-09-28,2025-09-28
10784,Female,Gen X,occasional,4,5,2025-11-10,2026-05-11
10785,Male,Millennial,loyal,1,32,2025-07-02,2026-07-03
10786,Male,Millennial,loyal,2,32,2025-07-01,2026-07-07
10787,Male,Gen X,loyal,2,25,2025-07-04,2026-05-20
10788,Male,Millennial,regular,3,22,2025-07-15,2026-04-11
10789,Male,Millennial,occasional,4,7,2025-08-28,2026-04-25
10790,Female,Millennial,occasional,1,6,2025-07-24,2026-06-05
10791,Male,Millennial,occasional,1,7,2025-11-16,2026-05-28
10792,Female,Millennial,regular,1,18,2025-07-01,2026-07-09
10793,Male,Millennial,loyal,1,32,2025-07-17,2026-07-07
10794,Male,Millennial,regular,1,22,2025-07-18,2026-06-07
10795,Male,Boomer,loyal,1,18,2025-07-11,2026-07-03
10796,Male,Millennial,one_and_done,2,1,2026-04-21,2026-04-21
10797,Female,Millennial,occasional,3,6,2025-07-10,2026-03-16
10798,Male,Gen Z,one_and_done,1,1,2026-02-06,2026-02-06
10799,Female,Gen X,occasional,8,5,2025-07-19,2025-12-30
10800,Male,Millennial,occasional,1,7,2025-07-31,2026-03-19
10801,Male,Gen X,one_and_done,1,1,2025-10-17,2025-10-17
10802,Male,Gen Z,one_and_done,3,1,2026-05-17,2026-05-17
10803,Male,Boomer,occasional,2,4,2025-07-18,2026-07-02
10804,Male,Millennial,occasional,1,7,2025-07-25,2026-06-21
10805,Female,Millennial,occasional,1,6,2025-07-14,2026-06-16
10806,Male,Gen X,one_and_done,3,1,2025-08-15,2025-08-15
10807,Female,Gen Z,one_and_done,1,1,2026-04-16,2026-04-16
10808,Female,Gen X,occasional,4,5,2025-08-03,2026-05-07
10809,Male,Gen X,regular,1,17,2025-09-25,2026-06-22
10810,Male,Gen X,regular,1,17,2025-07-01,2026-06-25
10811,Male,Millennial,one_and_done,1,1,2026-02-09,2026-02-09
10812,Female,Millennial,occasional,2,6,2025-07-26,2026-02-24
10813,Female,Gen X,one_and_done,4,1,2025-07-30,2025-07-30
10814,Female,Millennial,one_and_done,6,1,2025-12-27,2025-12-27
10815,Female,Gen X,one_and_done,4,1,2025-08-22,2025-08-22
10816,Female,Gen X,occasional,1,5,2025-07-19,2026-01-03
10817,Female,Gen Z,loyal,6,20,2025-07-03,2026-07-06
10818,Female,Gen Z,regular,1,14,2025-07-25,2026-06-16
10819,Male,Millennial,one_and_done,1,1,2026-01-10,2026-01-10
10820,Male,Boomer,occasional,2,4,2025-08-03,2026-02-26
10821,Male,Millennial,occasional,4,7,2025-09-21,2026-07-04
10822,Male,Millennial,one_and_done,3,1,2026-01-21,2026-01-21
10823,Female,Gen Z,regular,1,14,2025-07-26,2026-06-19
10824,Male,Gen Z,one_and_done,3,1,2026-07-07,2026-07-07
10825,Male,Boomer,occasional,1,4,2025-09-17,2026-04-29
10826,Female,Gen Z,one_and_done,2,1,2026-02-27,2026-02-27
10827,Male,Millennial,occasional,1,7,2025-07-24,2026-02-03
10828,Male,Gen X,one_and_done,1,1,2026-02-28,2026-02-28
10829,Male,Gen Z,occasional,1,5,2025-08-04,2026-06-30
10830,Male,Millennial,regular,1,22,2025-07-06,2026-06-27
10831,Female,Millennial,one_and_done,9,1,2025-11-07,2025-11-07
10832,Male,Millennial,one_and_done,1,1,2025-12-17,2025-12-17
10833,Female,Gen Z,regular,1,14,2025-07-10,2026-06-20
10834,Female,Gen X,one_and_done,1,1,2025-07-09,2025-07-09
10835,Male,Gen Z,occasional,1,5,2025-09-14,2026-05-15
10836,Male,Millennial,regular,1,22,2025-07-09,2026-06-02
10837,Female,Gen Z,one_and_done,1,1,2026-06-19,2026-06-19
10838,Male,Millennial,one_and_done,5,1,2026-02-10,2026-02-10
10839,Female,Gen X,one_and_done,6,1,2026-01-05,2026-01-05
10840,Male,Millennial,loyal,1,32,2025-07-03,2026-07-03
10841,Male,Gen X,occasional,1,6,2025-10-24,2026-05-28
10842,Male,Gen Z,one_and_done,1,1,2025-12-14,2025-12-14
10843,Male,Millennial,occasional,1,7,2025-11-17,2026-06-19
10844,Male,Gen X,regular,4,17,2025-07-19,2026-06-16
10845,Male,Millennial,one_and_done,1,1,2025-07-17,2025-07-17
10846,Female,Gen X,loyal,1,23,2025-08-15,2026-06-25
10847,Male,Millennial,regular,1,22,2025-07-03,2026-07-06
10848,Female,Millennial,occasional,3,6,2025-08-09,2026-03-25
10849,Male,Gen Z,regular,4,15,2025-07-07,2026-07-08
10850,Male,Millennial,occasional,1,7,2025-08-06,2026-05-20
10851,Male,Gen X,one_and_done,1,1,2026-02-27,2026-02-27
10852,Female,Gen Z,one_and_done,5,1,2026-02-06,2026-02-06
10853,Female,Gen X,one_and_done,4,1,2026-04-08,2026-04-08
10854,Female,Millennial,regular,1,18,2025-07-10,2026-06-14
10855,Male,Millennial,occasional,1,7,2025-08-26,2026-05-28
10856,Male,Millennial,regular,1,22,2025-07-07,2026-06-26
10857,Female,Boomer,one_and_done,1,1,2025-10-23,2025-10-23
10858,Male,Millennial,occasional,3,7,2025-07-24,2026-05-28
10859,Female,Gen Z,one_and_done,10,1,2026-01-16,2026-01-16
10860,Male,Millennial,regular,2,22,2025-07-03,2026-06-29
10861,Male,Boomer,loyal,1,18,2025-08-17,2026-07-08
10862,Female,Millennial,one_and_done,1,1,2025-08-05,2025-08-05
10863,Male,Gen X,regular,1,17,2025-07-01,2026-05-23
10864,Male,Millennial,regular,1,22,2025-07-02,2026-06-23
10865,Male,Millennial,occasional,2,7,2025-09-17,2026-06-29
10866,Male,Gen X,regular,5,17,2025-07-06,2026-06-16
10867,Male,Millennial,regular,4,22,2025-08-21,2026-07-06
10868,Male,Gen Z,occasional,8,5,2025-12-05,2026-06-07
10869,Male,Millennial,regular,6,22,2025-07-06,2026-07-05
10870,Male,Millennial,occasional,2,7,2025-09-16,2026-06-29
10871,Male,Gen Z,loyal,1,23,2025-07-03,2026-06-18
10872,Male,Boomer,occasional,7,4,2025-08-03,2026-04-10
10873,Female,Millennial,regular,1,18,2025-07-27,2026-06-25
10874,Male,Gen X,occasional,3,6,2026-02-07,2026-06-22
10875,Female,Boomer,regular,4,11,2025-07-12,2026-05-18
10876,Male,Millennial,one_and_done,1,1,2025-11-18,2025-11-18
10877,Male,Gen X,regular,2,17,2025-07-26,2026-07-09
10878,Male,Millennial,one_and_done,3,1,2026-07-01,2026-07-01
10879,Male,Gen Z,one_and_done,5,1,2026-03-13,2026-03-13
10880,Male,Gen X,one_and_done,2,1,2026-03-07,2026-03-07
10881,Female,Gen Z,loyal,4,20,2025-07-21,2026-06-30
10882,Male,Gen X,loyal,3,25,2025-07-03,2026-06-27
10883,Male,Gen Z,occasional,4,5,2025-08-30,2026-03-04
10884,Male,Gen X,regular,10,17,2025-07-04,2026-06-16
10885,Female,Millennial,one_and_done,2,1,2025-12-27,2025-12-27
10886,Female,Gen Z,occasional,7,5,2025-08-12,2026-03-24
10887,Male,Millennial,one_and_done,2,1,2025-11-26,2025-11-26
10888,Male,Millennial,one_and_done,6,1,2025-10-20,2025-10-20
10889,Male,Gen Z,one_and_done,6,1,2025-10-07,2025-10-07
10890,Male,Millennial,one_and_done,1,1,2025-12-02,2025-12-02
10891,Male,Millennial,one_and_done,1,1,2025-12-20,2025-12-20
10892,Male,Millennial,occasional,1,7,2025-07-29,2026-04-10
10893,Female,Gen Z,one_and_done,5,1,2025-11-07,2025-11-07
10894,Male,Boomer,one_and_done,1,1,2025-09-25,2025-09-25
10895,Male,Millennial,occasional,3,7,2025-07-27,2026-05-27
10896,Male,Gen Z,one_and_done,6,1,2026-05-07,2026-05-07
10897,Female,Boomer,regular,1,11,2025-08-18,2026-06-22
10898,Male,Millennial,regular,3,22,2025-07-16,2026-06-13
10899,Female,Millennial,occasional,5,6,2025-09-09,2026-03-14
10900,Male,Gen Z,occasional,1,5,2025-08-28,2026-04-16
10901,Male,Millennial,one_and_done,1,1,2026-04-18,2026-04-18
10902,Female,Gen Z,one_and_done,1,1,2025-11-04,2025-11-04
10903,Female,Gen X,one_and_done,1,1,2026-02-05,2026-02-05
10904,Female,Millennial,regular,1,18,2025-07-20,2026-06-10
10905,Male,Gen X,one_and_done,7,1,2025-12-07,2025-12-07
10906,Female,Gen Z,one_and_done,6,1,2025-10-13,2025-10-13
10907,Male,Millennial,occasional,5,7,2025-08-01,2026-06-28
10908,Male,Millennial,occasional,1,7,2025-09-08,2025-12-15
10909,Female,Gen Z,occasional,1,5,2025-10-18,2025-12-23
10910,Male,Boomer,occasional,1,4,2025-11-04,2026-06-04
10911,Female,Gen Z,occasional,1,5,2025-09-05,2026-05-16
10912,Female,Millennial,regular,1,18,2025-07-06,2026-05-30
10913,Female,Boomer,one_and_done,1,1,2026-01-16,2026-01-16
10914,Male,Gen Z,one_and_done,2,1,2025-08-18,2025-08-18
10915,Male,Gen X,one_and_done,3,1,2025-11-20,2025-11-20
10916,Male,Millennial,loyal,1,32,2025-07-28,2026-06-06
10917,Male,Millennial,occasional,1,7,2025-07-11,2026-04-03
10918,Male,Boomer,one_and_done,1,1,2026-02-12,2026-02-12
10919,Female,Millennial,one_and_done,1,1,2025-10-07,2025-10-07
10920,Male,Millennial,one_and_done,1,1,2025-11-27,2025-11-27
10921,Male,Millennial,occasional,1,7,2025-08-02,2026-04-16
10922,Female,Millennial,occasional,1,6,2025-07-02,2026-05-15
10923,Female,Gen Z,occasional,1,5,2025-10-09,2026-06-16
10924,Female,Gen X,one_and_done,1,1,2025-09-08,2025-09-08
10925,Male,Gen Z,occasional,6,5,2025-11-29,2026-06-29
10926,Male,Gen X,one_and_done,3,1,2026-04-29,2026-04-29
10927,Male,Gen Z,occasional,2,5,2025-11-01,2026-03-09
10928,Male,Millennial,occasional,8,7,2025-07-04,2026-06-30
10929,Female,Gen X,regular,5,15,2025-07-07,2026-07-08
10930,Female,Gen Z,one_and_done,2,1,2026-03-24,2026-03-24
10931,Male,Millennial,one_and_done,3,1,2025-08-31,2025-08-31
10932,Male,Millennial,occasional,2,7,2025-08-07,2026-05-29
10933,Male,Gen X,occasional,8,6,2025-08-09,2026-03-06
10934,Male,Millennial,occasional,1,7,2025-07-12,2026-05-27
10935,Male,Millennial,regular,2,22,2025-07-25,2026-06-10
10936,Female,Millennial,occasional,2,6,2025-10-03,2026-03-26
10937,Male,Millennial,occasional,1,7,2025-07-14,2026-04-22
10938,Male,Millennial,regular,2,22,2025-07-19,2026-05-14
10939,Male,Millennial,one_and_done,1,1,2026-01-22,2026-01-22
10940,Male,Millennial,one_and_done,1,1,2025-11-22,2025-11-22
10941,Female,Millennial,regular,2,18,2025-07-03,2026-06-29
10942,Male,Gen Z,one_and_done,4,1,2025-07-23,2025-07-23
10943,Male,Millennial,regular,8,22,2025-07-09,2026-06-26
10944,Female,Gen X,one_and_done,2,1,2025-08-02,2025-08-02
10945,Male,Millennial,occasional,4,7,2025-08-14,2026-04-20
10946,Female,Millennial,one_and_done,1,1,2026-04-25,2026-04-25
10947,Female,Gen Z,occasional,1,5,2025-08-04,2026-05-19
10948,Female,Millennial,loyal,1,27,2025-07-10,2026-06-03
10949,Male,Millennial,one_and_done,1,1,2025-11-28,2025-11-28
10950,Male,Millennial,one_and_done,4,1,2025-07-12,2025-07-12
10951,Male,Gen X,one_and_done,3,1,2025-11-20,2025-11-20
10952,Male,Millennial,occasional,1,7,2025-07-07,2026-06-25
10953,Female,Millennial,one_and_done,1,1,2026-06-27,2026-06-27
10954,Female,Gen X,one_and_done,1,1,2025-08-09,2025-08-09
10955,Male,Gen X,one_and_done,4,1,2025-07-08,2025-07-08
10956,Male,Gen X,one_and_done,1,1,2026-05-07,2026-05-07
10957,Female,Millennial,regular,6,18,2025-07-12,2026-06-09
10958,Female,Millennial,regular,1,18,2025-07-28,2026-07-07
10959,Male,Millennial,one_and_done,1,1,2026-05-05,2026-05-05
10960,Male,Millennial,occasional,2,7,2025-07-10,2026-06-27
10961,Female,Millennial,regular,1,18,2025-07-12,2026-06-26
10962,Female,Millennial,one_and_done,1,1,2025-12-26,2025-12-26
10963,Male,Millennial,one_and_done,2,1,2026-01-06,2026-01-06
10964,Female,Millennial,one_and_done,8,1,2025-10-17,2025-10-17
10965,Female,Millennial,one_and_done,5,1,2025-10-18,2025-10-18
10966,Female,Gen X,loyal,2,23,2025-08-03,2026-07-08
10967,Male,Boomer,regular,2,12,2025-08-05,2026-07-09
10968,Male,Millennial,one_and_done,1,1,2026-02-15,2026-02-15
10969,Male,Gen Z,loyal,1,23,2025-07-17,2026-06-09
10970,Female,Gen Z,occasional,2,5,2025-08-27,2026-03-21
10971,Male,Gen X,regular,7,17,2025-07-04,2026-05-23
10972,Male,Millennial,one_and_done,2,1,2026-06-22,2026-06-22
10973,Male,Millennial,one_and_done,8,1,2026-06-27,2026-06-27
10974,Male,Millennial,loyal,1,32,2025-07-22,2026-07-04
10975,Female,Gen X,one_and_done,1,1,2026-01-09,2026-01-09
10976,Male,Millennial,one_and_done,1,1,2026-05-12,2026-05-12
10977,Female,Millennial,one_and_done,8,1,2026-06-09,2026-06-09
10978,Female,Millennial,occasional,1,6,2025-09-11,2026-06-03
10979,Female,Gen Z,one_and_done,1,1,2025-12-17,2025-12-17
10980,Male,Millennial,one_and_done,1,1,2025-12-31,2025-12-31
10981,Female,Millennial,occasional,2,6,2025-09-21,2026-04-18
10982,Male,Gen X,occasional,1,6,2025-07-05,2026-06-02
10983,Female,Gen X,occasional,5,5,2025-08-08,2026-05-28
10984,Male,Millennial,one_and_done,1,1,2026-05-07,2026-05-07
10985,Female,Gen Z,occasional,2,5,2025-10-17,2026-07-09
10986,Male,Millennial,one_and_done,1,1,2026-07-06,2026-07-06
10987,Male,Millennial,occasional,5,7,2025-12-12,2026-04-19
10988,Female,Millennial,regular,4,18,2025-07-04,2026-06-16
10989,Male,Millennial,one_and_done,1,1,2026-01-01,2026-01-01
10990,Male,Millennial,one_and_done,1,1,2025-12-22,2025-12-22
10991,Male,Gen X,one_and_done,1,1,2025-09-07,2025-09-07
10992,Male,Millennial,one_and_done,2,1,2026-02-14,2026-02-14
10993,Male,Millennial,one_and_done,1,1,2025-07-09,2025-07-09
10994,Male,Gen X,one_and_done,5,1,2026-03-14,2026-03-14
10995,Male,Gen X,one_and_done,1,1,2025-11-28,2025-11-28
10996,Male,Millennial,one_and_done,1,1,2025-09-20,2025-09-20
10997,Female,Millennial,occasional,1,6,2025-07-12,2026-06-08
10998,Male,Millennial,occasional,1,7,2025-10-02,2026-05-24
10999,Male,Gen X,loyal,1,25,2025-07-26,2026-07-02
11000,Female,Millennial,loyal,1,27,2025-07-01,2026-06-24
11001,Male,Gen X,one_and_done,4,1,2026-01-15,2026-01-15
11002,Female,Gen Z,one_and_done,1,1,2026-05-11,2026-05-11
11003,Female,Millennial,one_and_done,2,1,2025-09-25,2025-09-25
11004,Male,Gen Z,occasional,1,5,2025-12-30,2026-07-01
11005,Male,Millennial,occasional,1,7,2025-08-12,2026-06-28
11006,Female,Gen X,regular,6,15,2025-07-08,2026-06-12
11007,Male,Gen X,one_and_done,2,1,2025-09-14,2025-09-14
11008,Male,Gen Z,one_and_done,1,1,2025-08-27,2025-08-27
11009,Male,Millennial,one_and_done,2,1,2025-09-12,2025-09-12
11010,Male,Gen X,occasional,5,6,2025-07-28,2026-05-11
11011,Female,Millennial,loyal,1,27,2025-07-13,2026-06-30
11012,Male,Millennial,one_and_done,2,1,2026-01-30,2026-01-30
11013,Male,Gen Z,regular,3,15,2025-07-19,2026-06-19
11014,Female,Millennial,one_and_done,2,1,2026-03-28,2026-03-28
11015,Female,Gen Z,regular,1,14,2025-07-04,2026-06-27
11016,Female,Millennial,occasional,1,6,2025-08-23,2026-07-03
11017,Male,Millennial,loyal,1,32,2025-07-16,2026-07-05
11018,Male,Gen Z,regular,2,15,2025-08-27,2026-07-03
11019,Female,Gen X,loyal,1,23,2025-07-26,2026-06-23
11020,Male,Millennial,one_and_done,1,1,2025-09-19,2025-09-19
11021,Male,Gen Z,one_and_done,1,1,2025-09-12,2025-09-12
11022,Male,Gen X,one_and_done,2,1,2026-06-18,2026-06-18
11023,Male,Millennial,loyal,1,32,2025-07-09,2026-07-04
11024,Male,Millennial,occasional,9,7,2025-07-13,2026-06-26
11025,Female,Gen Z,one_and_done,1,1,2026-06-18,2026-06-18
11026,Male,Gen Z,regular,1,15,2025-07-18,2026-07-01
11027,Male,Gen X,one_and_done,3,1,2026-06-09,2026-06-09
11028,Male,Millennial,occasional,9,7,2025-10-13,2026-06-20
11029,Male,Gen X,occasional,2,6,2025-08-31,2026-04-23
11030,Female,Millennial,occasional,2,6,2025-07-02,2026-07-09
11031,Male,Gen X,one_and_done,1,1,2026-01-14,2026-01-14
11032,Female,Millennial,loyal,1,27,2025-07-18,2026-05-13
11033,Female,Gen Z,loyal,8,20,2025-07-03,2026-05-03
11034,Male,Millennial,occasional,5,7,2025-09-25,2026-06-29
11035,Male,Millennial,one_and_done,5,1,2025-12-06,2025-12-06
11036,Male,Millennial,occasional,4,7,2025-07-09,2026-03-03
11037,Male,Gen X,one_and_done,1,1,2026-02-14,2026-02-14
11038,Female,Millennial,one_and_done,3,1,2026-06-27,2026-06-27
11039,Male,Millennial,one_and_done,1,1,2026-03-12,2026-03-12
11040,Male,Millennial,loyal,2,32,2025-07-10,2026-06-18
11041,Male,Gen Z,loyal,2,23,2025-07-07,2026-06-26
11042,Female,Gen X,occasional,3,5,2025-07-07,2026-06-12
11043,Male,Millennial,occasional,1,7,2025-09-03,2026-05-23
11044,Male,Gen Z,regular,5,15,2025-07-31,2026-06-05
11045,Male,Millennial,loyal,1,32,2025-07-23,2026-06-25
11046,Male,Millennial,one_and_done,2,1,2026-06-20,2026-06-20
11047,Female,Gen Z,one_and_done,2,1,2026-05-19,2026-05-19
11048,Male,Millennial,regular,1,22,2025-07-12,2026-07-03
11049,Female,Gen X,one_and_done,1,1,2025-12-14,2025-12-14
11050,Male,Gen Z,one_and_done,4,1,2026-05-23,2026-05-23
11051,Male,Gen X,occasional,2,6,2025-07-30,2026-06-10
11052,Male,Millennial,one_and_done,1,1,2026-04-25,2026-04-25
11053,Male,Gen X,occasional,1,6,2025-09-15,2026-05-15
11054,Female,Boomer,one_and_done,6,1,2026-02-07,2026-02-07
11055,Male,Millennial,occasional,1,7,2025-09-23,2026-04-12
11056,Female,Millennial,one_and_done,2,1,2026-06-09,2026-06-09
11057,Female,Millennial,one_and_done,7,1,2026-04-19,2026-04-19
11058,Male,Millennial,regular,5,22,2025-07-19,2026-06-05
11059,Male,Millennial,occasional,4,7,2025-08-08,2026-06-18
11060,Male,Millennial,occasional,1,7,2025-07-05,2026-04-17
11061,Male,Gen Z,occasional,8,5,2025-07-05,2026-05-08
11062,Female,Millennial,loyal,1,27,2025-07-04,2026-06-30
11063,Male,Gen X,one_and_done,4,1,2025-10-06,2025-10-06
11064,Male,Gen Z,regular,4,15,2025-08-30,2026-05-28
11065,Male,Millennial,one_and_done,3,1,2025-12-16,2025-12-16
11066,Female,Millennial,occasional,4,6,2025-08-06,2026-07-03
11067,Male,Millennial,regular,4,22,2025-07-05,2026-06-27
11068,Male,Gen X,occasional,8,6,2025-09-12,2026-05-21
11069,Female,Millennial,occasional,4,6,2025-09-01,2026-06-29
11070,Female,Millennial,occasional,2,6,2025-08-08,2026-03-14
11071,Male,Millennial,loyal,5,32,2025-07-16,2026-07-07
11072,Male,Millennial,occasional,3,7,2025-08-30,2026-06-28
11073,Male,Millennial,one_and_done,1,1,2026-01-01,2026-01-01
11074,Male,Millennial,one_and_done,4,1,2025-08-16,2025-08-16
11075,Male,Millennial,regular,2,22,2025-08-23,2026-06-29
11076,Male,Boomer,one_and_done,3,1,2025-07-14,2025-07-14
11077,Male,Millennial,occasional,1,7,2025-07-02,2026-07-03
11078,Female,Gen Z,loyal,1,20,2025-07-15,2026-07-04
11079,Male,Boomer,occasional,1,4,2025-07-12,2026-03-19
11080,Male,Gen Z,occasional,1,5,2025-07-01,2026-06-12
11081,Male,Millennial,occasional,1,7,2025-08-23,2026-05-09
11082,Male,Millennial,one_and_done,1,1,2026-02-09,2026-02-09
11083,Male,Gen Z,one_and_done,1,1,2025-12-31,2025-12-31
11084,Male,Millennial,occasional,1,7,2025-10-11,2026-07-04
11085,Male,Boomer,one_and_done,6,1,2026-01-02,2026-01-02
11086,Male,Millennial,loyal,1,32,2025-07-31,2026-07-05
11087,Female,Gen X,occasional,2,5,2025-10-24,2026-05-08
11088,Female,Gen X,one_and_done,6,1,2026-05-18,2026-05-18
11089,Female,Gen X,occasional,3,5,2025-07-03,2026-07-09
11090,Female,Gen X,occasional,6,5,2025-08-27,2026-05-08
11091,Male,Gen X,one_and_done,1,1,2025-11-04,2025-11-04
11092,Male,Millennial,one_and_done,1,1,2026-03-23,2026-03-23
11093,Male,Gen Z,one_and_done,1,1,2026-04-06,2026-04-06
11094,Male,Gen Z,occasional,1,5,2025-07-26,2026-05-26
11095,Male,Gen Z,one_and_done,4,1,2026-03-02,2026-03-02
11096,Male,Millennial,one_and_done,2,1,2026-01-16,2026-01-16
11097,Male,Millennial,one_and_done,1,1,2025-10-31,2025-10-31
11098,Male,Millennial,one_and_done,1,1,2025-10-16,2025-10-16
11099,Male,Millennial,one_and_done,8,1,2026-06-25,2026-06-25
11100,Female,Gen Z,one_and_done,1,1,2025-07-10,2025-07-10
11101,Male,Gen Z,regular,1,15,2025-08-11,2026-06-05
11102,Male,Gen X,one_and_done,7,1,2025-10-25,2025-10-25
11103,Male,Millennial,regular,3,22,2025-07-07,2026-07-05
11104,Female,Gen X,one_and_done,1,1,2026-02-16,2026-02-16
11105,Male,Boomer,one_and_done,1,1,2026-07-09,2026-07-09
11106,Male,Millennial,one_and_done,6,1,2026-02-03,2026-02-03
11107,Female,Millennial,occasional,2,6,2025-07-10,2026-06-09
11108,Male,Millennial,occasional,1,7,2025-09-07,2026-07-08
11109,Female,Gen X,one_and_done,1,1,2026-01-09,2026-01-09
11110,Male,Gen Z,one_and_done,1,1,2026-04-03,2026-04-03
11111,Male,Boomer,regular,1,12,2025-07-19,2026-06-20
11112,Male,Millennial,occasional,2,7,2025-07-05,2026-05-20
11113,Male,Millennial,one_and_done,1,1,2026-02-02,2026-02-02
11114,Female,Gen Z,one_and_done,2,1,2025-08-02,2025-08-02
11115,Male,Millennial,occasional,1,7,2025-07-02,2026-06-21
11116,Female,Millennial,one_and_done,1,1,2025-12-04,2025-12-04
11117,Female,Millennial,regular,2,18,2025-08-08,2026-05-30
11118,Female,Boomer,one_and_done,2,1,2025-11-18,2025-11-18
11119,Male,Millennial,loyal,1,32,2025-07-04,2026-07-01
11120,Male,Millennial,one_and_done,1,1,2026-03-05,2026-03-05
11121,Male,Gen X,loyal,3,25,2025-07-15,2026-07-05
11122,Female,Millennial,one_and_done,1,1,2025-12-24,2025-12-24
11123,Male,Gen X,occasional,2,6,2025-07-02,2026-06-08
11124,Male,Gen Z,one_and_done,1,1,2026-03-21,2026-03-21
11125,Male,Gen X,occasional,1,6,2025-07-10,2026-05-28
11126,Male,Millennial,loyal,1,32,2025-07-02,2026-07-08
11127,Male,Gen X,regular,1,17,2025-07-03,2026-06-29
11128,Female,Gen Z,one_and_done,8,1,2025-07-07,2025-07-07
11129,Male,Millennial,loyal,2,32,2025-07-15,2026-06-27
11130,Male,Gen X,occasional,2,6,2025-07-27,2026-05-09
11131,Female,Millennial,occasional,3,6,2025-08-28,2026-07-01
11132,Female,Gen X,one_and_done,8,1,2025-07-20,2025-07-20
11133,Female,Millennial,regular,1,18,2025-07-05,2026-04-30
11134,Male,Boomer,one_and_done,1,1,2025-11-20,2025-11-20
11135,Female,Gen X,one_and_done,1,1,2025-07-21,2025-07-21
11136,Female,Gen Z,one_and_done,1,1,2025-07-08,2025-07-08
11137,Male,Gen Z,one_and_done,1,1,2025-09-21,2025-09-21
11138,Male,Gen Z,regular,1,15,2025-08-10,2026-04-24
11139,Male,Millennial,one_and_done,2,1,2026-02-19,2026-02-19
11140,Male,Millennial,regular,1,22,2025-07-08,2026-06-23
11141,Male,Gen Z,loyal,1,23,2025-07-03,2026-06-25
11142,Male,Millennial,one_and_done,3,1,2025-11-01,2025-11-01
11143,Male,Gen Z,occasional,7,5,2025-08-15,2026-04-03
11144,Male,Gen Z,regular,2,15,2025-07-12,2026-07-07
11145,Male,Millennial,loyal,8,32,2025-07-25,2026-07-08
11146,Male,Gen Z,one_and_done,1,1,2025-12-02,2025-12-02
11147,Male,Millennial,one_and_done,1,1,2026-01-07,2026-01-07
11148,Male,Boomer,one_and_done,5,1,2026-04-03,2026-04-03
11149,Female,Gen Z,regular,1,14,2025-10-14,2026-06-13
11150,Male,Millennial,one_and_done,1,1,2026-04-26,2026-04-26
11151,Female,Gen Z,loyal,1,20,2025-07-19,2026-07-07
11152,Female,Millennial,occasional,7,6,2025-07-17,2026-06-14
11153,Male,Gen Z,loyal,1,23,2025-07-31,2026-07-08
11154,Male,Millennial,regular,10,22,2025-08-17,2026-07-08
11155,Female,Millennial,one_and_done,1,1,2025-09-09,2025-09-09
11156,Female,Gen X,one_and_done,3,1,2025-11-04,2025-11-04
11157,Male,Gen X,one_and_done,1,1,2026-01-28,2026-01-28
11158,Male,Gen Z,occasional,1,5,2025-07-09,2026-07-06
11159,Male,Gen X,loyal,1,25,2025-07-01,2026-06-06
11160,Male,Gen Z,regular,1,15,2025-08-30,2026-07-08
11161,Male,Millennial,one_and_done,1,1,2025-10-25,2025-10-25
11162,Male,Millennial,one_and_done,3,1,2026-04-09,2026-04-09
11163,Male,Gen Z,one_and_done,1,1,2026-06-13,2026-06-13
11164,Female,Gen X,one_and_done,4,1,2026-03-17,2026-03-17
11165,Male,Millennial,one_and_done,1,1,2026-03-19,2026-03-19
11166,Female,Gen Z,regular,1,14,2025-07-03,2026-05-30
11167,Female,Millennial,regular,5,18,2025-07-05,2026-06-29
11168,Female,Millennial,one_and_done,3,1,2025-11-18,2025-11-18
11169,Male,Millennial,one_and_done,2,1,2025-09-09,2025-09-09
11170,Male,Millennial,regular,1,22,2025-07-25,2026-06-27
11171,Female,Millennial,regular,2,18,2025-08-02,2026-07-09
11172,Male,Boomer,occasional,1,4,2025-12-09,2026-06-22
11173,Male,Gen X,regular,1,17,2025-07-08,2026-07-03
11174,Female,Gen X,one_and_done,1,1,2026-03-12,2026-03-12
11175,Female,Millennial,occasional,7,6,2025-10-06,2026-06-18
11176,Male,Millennial,loyal,1,32,2025-07-19,2026-06-11
11177,Male,Gen Z,regular,3,15,2025-07-04,2026-05-14
11178,Female,Millennial,regular,1,18,2025-07-14,2026-05-07
11179,Male,Millennial,occasional,3,7,2025-07-15,2026-06-26
11180,Female,Millennial,regular,2,18,2025-08-05,2026-06-28
11181,Male,Millennial,one_and_done,2,1,2026-02-05,2026-02-05
11182,Male,Gen Z,regular,3,15,2025-08-23,2026-07-04
11183,Male,Gen Z,regular,7,15,2025-07-22,2026-06-21
11184,Female,Millennial,regular,1,18,2025-07-08,2026-05-22
11185,Male,Millennial,one_and_done,1,1,2026-03-21,2026-03-21
11186,Male,Gen X,one_and_done,1,1,2026-06-05,2026-06-05
11187,Male,Gen X,occasional,1,6,2025-07-28,2026-06-28
11188,Female,Boomer,occasional,1,4,2025-09-01,2026-06-02
11189,Male,Millennial,occasional,1,7,2025-07-03,2026-05-23
11190,Male,Boomer,one_and_done,1,1,2026-05-16,2026-05-16
11191,Female,Boomer,regular,1,11,2025-07-19,2026-03-05
11192,Female,Gen Z,one_and_done,5,1,2026-01-22,2026-01-22
11193,Male,Millennial,one_and_done,1,1,2025-09-28,2025-09-28
11194,Female,Gen X,occasional,1,5,2025-10-31,2026-06-22
11195,Male,Gen Z,one_and_done,1,1,2026-05-12,2026-05-12
11196,Male,Gen X,occasional,1,6,2025-09-08,2026-06-16
11197,Male,Gen Z,one_and_done,7,1,2025-09-24,2025-09-24
11198,Female,Millennial,occasional,1,6,2025-10-09,2026-06-08
11199,Male,Millennial,regular,2,22,2025-07-05,2026-06-23
11200,Female,Millennial,one_and_done,1,1,2025-09-01,2025-09-01
11201,Female,Gen Z,one_and_done,1,1,2026-04-10,2026-04-10
11202,Male,Gen X,occasional,1,6,2025-09-30,2026-03-30
11203,Male,Gen X,regular,3,17,2025-07-11,2026-04-03
11204,Female,Millennial,one_and_done,6,1,2025-12-14,2025-12-14
11205,Male,Gen X,occasional,2,6,2025-10-13,2026-06-13
11206,Female,Millennial,regular,2,18,2025-07-11,2026-07-01
11207,Male,Millennial,loyal,2,32,2025-07-02,2026-07-04
11208,Male,Gen Z,one_and_done,7,1,2025-11-04,2025-11-04
11209,Male,Gen X,one_and_done,2,1,2025-08-25,2025-08-25
11210,Female,Gen Z,one_and_done,5,1,2025-11-02,2025-11-02
11211,Male,Millennial,one_and_done,1,1,2025-12-24,2025-12-24
11212,Female,Millennial,occasional,1,6,2025-07-04,2026-05-14
11213,Male,Millennial,loyal,1,32,2025-07-24,2026-07-04
11214,Male,Millennial,one_and_done,3,1,2025-10-12,2025-10-12
11215,Male,Millennial,regular,1,22,2025-07-06,2026-07-02
11216,Male,Millennial,occasional,1,7,2025-10-14,2026-07-04
11217,Female,Millennial,occasional,1,6,2025-10-31,2026-06-24
11218,Male,Millennial,occasional,1,7,2025-10-31,2026-06-16
11219,Male,Millennial,one_and_done,3,1,2026-05-12,2026-05-12
11220,Male,Gen Z,loyal,1,23,2025-07-02,2026-07-08
11221,Male,Boomer,one_and_done,1,1,2026-07-07,2026-07-07
11222,Male,Gen Z,regular,4,15,2025-08-06,2026-06-26
11223,Male,Millennial,occasional,1,7,2025-07-24,2026-06-18
11224,Male,Boomer,one_and_done,1,1,2026-05-03,2026-05-03
11225,Female,Millennial,one_and_done,2,1,2025-08-01,2025-08-01
11226,Female,Gen X,regular,4,15,2025-07-10,2026-07-06
11227,Female,Millennial,occasional,1,6,2025-08-26,2026-02-03
11228,Male,Gen Z,one_and_done,6,1,2025-07-24,2025-07-24
11229,Male,Millennial,occasional,1,7,2025-08-13,2026-06-19
11230,Female,Gen X,regular,9,15,2025-07-16,2026-05-29
11231,Male,Millennial,occasional,3,7,2025-08-22,2026-06-19
11232,Female,Gen Z,loyal,7,20,2025-07-25,2026-07-01
11233,Female,Millennial,one_and_done,1,1,2025-10-12,2025-10-12
11234,Female,Millennial,occasional,1,6,2025-08-04,2025-12-18
11235,Male,Millennial,one_and_done,10,1,2026-06-18,2026-06-18
11236,Male,Gen Z,regular,5,15,2025-07-05,2026-06-06
11237,Male,Millennial,occasional,2,7,2025-07-11,2026-07-02
11238,Male,Millennial,one_and_done,1,1,2025-10-26,2025-10-26
11239,Male,Millennial,one_and_done,2,1,2026-06-29,2026-06-29
11240,Female,Millennial,occasional,1,6,2025-08-08,2026-06-07
11241,Male,Millennial,one_and_done,3,1,2026-06-02,2026-06-02
11242,Female,Millennial,loyal,1,27,2025-07-01,2026-07-08
11243,Male,Gen X,loyal,1,25,2025-07-06,2026-07-06
11244,Male,Millennial,regular,1,22,2025-07-14,2026-06-14
11245,Male,Gen Z,regular,1,15,2025-08-17,2026-06-10
11246,Female,Millennial,one_and_done,1,1,2026-06-25,2026-06-25
11247,Female,Millennial,loyal,1,27,2025-07-11,2026-05-24
11248,Male,Gen Z,one_and_done,1,1,2026-04-01,2026-04-01
11249,Male,Millennial,one_and_done,3,1,2026-01-15,2026-01-15
11250,Female,Millennial,one_and_done,7,1,2026-02-25,2026-02-25
11251,Male,Gen Z,loyal,1,23,2025-07-18,2026-04-26
11252,Male,Millennial,regular,3,22,2025-07-03,2026-06-14
11253,Female,Gen Z,one_and_done,1,1,2026-03-03,2026-03-03
11254,Female,Millennial,one_and_done,5,1,2026-06-28,2026-06-28
11255,Male,Millennial,regular,1,22,2025-07-11,2026-06-02
11256,Female,Millennial,loyal,1,27,2025-07-07,2026-07-09
11257,Male,Millennial,one_and_done,1,1,2026-01-12,2026-01-12
11258,Male,Millennial,one_and_done,3,1,2025-12-27,2025-12-27
11259,Male,Gen X,regular,1,17,2025-07-15,2026-06-05
11260,Female,Millennial,one_and_done,1,1,2025-08-21,2025-08-21
11261,Male,Millennial,one_and_done,2,1,2026-05-08,2026-05-08
11262,Male,Millennial,loyal,1,32,2025-07-01,2026-07-08
11263,Female,Millennial,occasional,2,6,2025-07-13,2026-07-06
11264,Male,Millennial,one_and_done,5,1,2026-03-24,2026-03-24
11265,Male,Gen Z,one_and_done,1,1,2025-11-30,2025-11-30
11266,Male,Millennial,one_and_done,5,1,2025-11-05,2025-11-05
11267,Female,Millennial,one_and_done,1,1,2026-05-15,2026-05-15
11268,Male,Boomer,occasional,1,4,2026-01-04,2026-05-23
11269,Male,Millennial,occasional,7,7,2025-07-02,2026-06-29
11270,Female,Millennial,one_and_done,1,1,2025-12-13,2025-12-13
11271,Male,Boomer,occasional,8,4,2025-10-27,2026-06-26
11272,Female,Gen X,one_and_done,1,1,2025-08-27,2025-08-27
11273,Male,Gen Z,one_and_done,1,1,2026-01-15,2026-01-15
11274,Female,Boomer,one_and_done,4,1,2026-06-23,2026-06-23
11275,Male,Gen X,occasional,2,6,2025-09-03,2026-05-31
11276,Male,Millennial,loyal,4,32,2025-07-09,2026-06-27
11277,Male,Gen X,occasional,1,6,2025-07-20,2026-04-30
11278,Female,Millennial,one_and_done,4,1,2026-07-09,2026-07-09
11279,Female,Gen Z,one_and_done,7,1,2026-01-11,2026-01-11
11280,Male,Millennial,one_and_done,5,1,2026-05-26,2026-05-26
11281,Male,Gen Z,regular,2,15,2025-07-12,2026-07-07
11282,Male,Millennial,occasional,4,7,2025-07-08,2026-07-04
11283,Female,Gen X,one_and_done,2,1,2026-03-09,2026-03-09
11284,Female,Millennial,one_and_done,10,1,2025-08-10,2025-08-10
11285,Male,Millennial,one_and_done,3,1,2025-07-21,2025-07-21
11286,Female,Gen X,occasional,2,5,2025-08-09,2026-03-11
11287,Male,Gen X,loyal,2,25,2025-07-15,2026-07-06
11288,Male,Millennial,one_and_done,4,1,2026-01-09,2026-01-09
11289,Female,Millennial,one_and_done,8,1,2026-05-25,2026-05-25
11290,Female,Gen X,one_and_done,2,1,2026-03-12,2026-03-12
11291,Male,Gen X,occasional,3,6,2025-09-13,2026-03-30
11292,Male,Boomer,regular,7,12,2025-07-07,2026-06-26
11293,Male,Millennial,one_and_done,1,1,2026-03-22,2026-03-22
11294,Male,Millennial,regular,1,22,2025-07-04,2026-06-22
11295,Female,Millennial,one_and_done,1,1,2026-05-01,2026-05-01
11296,Male,Millennial,occasional,3,7,2025-07-08,2026-05-23
11297,Male,Millennial,one_and_done,1,1,2025-11-11,2025-11-11
11298,Male,Boomer,occasional,1,4,2025-08-11,2026-04-03
11299,Female,Gen X,one_and_done,1,1,2026-03-09,2026-03-09
11300,Male,Gen Z,regular,1,15,2025-07-04,2026-06-11
11301,Male,Millennial,occasional,1,7,2025-07-12,2026-06-17
11302,Female,Gen X,one_and_done,1,1,2026-02-13,2026-02-13
11303,Male,Gen Z,regular,1,15,2025-07-24,2026-07-06
11304,Female,Millennial,occasional,3,6,2025-07-29,2026-06-08
11305,Female,Boomer,one_and_done,5,1,2025-12-18,2025-12-18
11306,Male,Millennial,one_and_done,3,1,2026-05-30,2026-05-30
11307,Male,Millennial,regular,3,22,2025-07-08,2026-07-09
11308,Female,Millennial,one_and_done,1,1,2025-09-01,2025-09-01
11309,Male,Millennial,one_and_done,9,1,2025-09-22,2025-09-22
11310,Female,Millennial,regular,2,18,2025-07-09,2026-07-03
11311,Male,Millennial,one_and_done,1,1,2025-11-02,2025-11-02
11312,Male,Gen Z,one_and_done,1,1,2025-08-11,2025-08-11
11313,Male,Millennial,one_and_done,1,1,2025-09-01,2025-09-01
11314,Male,Millennial,one_and_done,2,1,2026-06-07,2026-06-07
11315,Male,Millennial,one_and_done,1,1,2026-06-01,2026-06-01
11316,Male,Millennial,loyal,4,32,2025-07-01,2026-06-05
11317,Female,Millennial,one_and_done,1,1,2026-07-09,2026-07-09
11318,Female,Boomer,one_and_done,1,1,2026-03-21,2026-03-21
11319,Male,Millennial,regular,2,22,2025-07-13,2026-06-17
11320,Male,Gen X,one_and_done,3,1,2025-07-03,2025-07-03
11321,Male,Gen Z,occasional,2,5,2025-09-02,2026-03-25
11322,Male,Boomer,loyal,1,18,2025-07-11,2026-07-03
11323,Female,Gen X,regular,3,15,2025-07-04,2026-05-22
11324,Female,Millennial,regular,1,18,2025-07-24,2026-06-09
11325,Female,Millennial,one_and_done,4,1,2026-04-07,2026-04-07
11326,Female,Millennial,one_and_done,1,1,2025-09-06,2025-09-06
11327,Male,Gen X,one_and_done,1,1,2026-03-09,2026-03-09
11328,Male,Gen X,one_and_done,6,1,2025-07-20,2025-07-20
11329,Male,Millennial,occasional,2,7,2025-08-29,2026-06-15
11330,Male,Gen Z,regular,6,15,2025-09-14,2026-06-10
11331,Male,Gen Z,regular,1,15,2025-07-09,2026-06-20
11332,Male,Gen Z,one_and_done,1,1,2025-09-25,2025-09-25
11333,Male,Gen X,regular,3,17,2025-07-17,2026-06-15
11334,Male,Millennial,regular,1,22,2025-07-08,2026-06-15
11335,Female,Millennial,occasional,1,6,2025-07-27,2026-06-18
11336,Male,Millennial,occasional,3,7,2025-10-31,2026-06-27
11337,Male,Gen X,regular,1,17,2025-07-13,2026-06-05
11338,Female,Gen Z,one_and_done,2,1,2026-01-22,2026-01-22
11339,Male,Millennial,loyal,1,32,2025-07-22,2026-06-22
11340,Female,Gen Z,regular,1,14,2025-07-05,2026-07-03
11341,Female,Gen X,one_and_done,4,1,2025-12-28,2025-12-28
11342,Male,Boomer,loyal,2,18,2025-07-16,2026-05-21
11343,Male,Gen Z,occasional,1,5,2025-08-01,2026-07-02
11344,Male,Millennial,occasional,7,7,2025-08-06,2026-03-17
11345,Male,Millennial,one_and_done,1,1,2026-01-29,2026-01-29
11346,Male,Millennial,occasional,4,7,2025-10-13,2026-06-30
11347,Male,Millennial,one_and_done,2,1,2025-09-19,2025-09-19
11348,Male,Millennial,one_and_done,1,1,2025-12-02,2025-12-02
11349,Male,Millennial,one_and_done,4,1,2026-05-08,2026-05-08
11350,Male,Boomer,occasional,1,4,2025-07-04,2026-03-20
11351,Male,Millennial,occasional,1,7,2025-07-11,2026-07-08
11352,Female,Millennial,occasional,2,6,2025-07-03,2026-06-10
11353,Female,Millennial,one_and_done,1,1,2025-11-18,2025-11-18
11354,Male,Gen X,one_and_done,1,1,2026-05-27,2026-05-27
11355,Male,Gen X,one_and_done,3,1,2025-07-04,2025-07-04
11356,Female,Millennial,occasional,1,6,2025-09-30,2026-06-19
11357,Male,Gen X,one_and_done,6,1,2025-10-18,2025-10-18
11358,Female,Millennial,occasional,1,6,2025-07-23,2026-06-17
11359,Male,Gen X,occasional,1,6,2025-07-17,2026-06-02
11360,Female,Boomer,one_and_done,4,1,2026-01-11,2026-01-11
11361,Male,Gen Z,one_and_done,1,1,2025-08-11,2025-08-11
11362,Male,Millennial,occasional,6,7,2025-08-26,2026-06-28
11363,Male,Gen Z,loyal,1,23,2025-08-13,2026-06-19
11364,Male,Millennial,regular,1,22,2025-07-12,2026-06-01
11365,Male,Millennial,regular,1,22,2025-07-07,2026-05-30
11366,Male,Millennial,regular,3,22,2025-07-03,2026-06-30
11367,Female,Boomer,one_and_done,1,1,2025-07-03,2025-07-03
11368,Female,Millennial,one_and_done,5,1,2026-01-23,2026-01-23
11369,Male,Gen Z,occasional,3,5,2025-07-17,2026-04-30
11370,Female,Millennial,occasional,2,6,2025-07-24,2026-06-18
11371,Female,Gen Z,occasional,2,5,2025-11-25,2026-06-24
11372,Male,Millennial,one_and_done,1,1,2025-08-07,2025-08-07
11373,Female,Boomer,one_and_done,1,1,2026-06-20,2026-06-20
11374,Male,Millennial,occasional,1,7,2025-07-23,2026-06-24
11375,Male,Gen Z,regular,1,15,2025-08-09,2026-05-04
11376,Female,Millennial,regular,2,18,2025-07-17,2026-07-08
11377,Female,Millennial,one_and_done,1,1,2025-12-13,2025-12-13
11378,Male,Gen X,one_and_done,3,1,2026-05-01,2026-05-01
11379,Male,Gen X,one_and_done,1,1,2026-05-05,2026-05-05
11380,Male,Gen X,one_and_done,1,1,2025-08-18,2025-08-18
11381,Male,Gen Z,one_and_done,1,1,2025-08-21,2025-08-21
11382,Male,Millennial,occasional,8,7,2025-11-28,2026-06-19
11383,Male,Gen Z,one_and_done,1,1,2025-09-28,2025-09-28
11384,Male,Millennial,one_and_done,4,1,2025-08-23,2025-08-23
11385,Male,Gen Z,occasional,1,5,2025-10-01,2026-05-09
11386,Male,Gen Z,loyal,2,23,2025-09-07,2026-07-06
11387,Male,Gen X,regular,2,17,2025-07-04,2026-06-22
11388,Male,Millennial,occasional,1,7,2025-10-26,2026-06-07
11389,Male,Gen X,one_and_done,1,1,2025-09-30,2025-09-30
11390,Male,Gen X,loyal,4,25,2025-07-08,2026-06-11
11391,Female,Gen Z,one_and_done,1,1,2025-09-26,2025-09-26
11392,Male,Millennial,occasional,2,7,2025-10-10,2026-06-15
11393,Male,Millennial,regular,1,22,2025-07-09,2026-06-30
11394,Male,Millennial,loyal,1,32,2025-07-02,2026-07-09
11395,Female,Millennial,one_and_done,1,1,2025-08-05,2025-08-05
11396,Male,Millennial,one_and_done,1,1,2025-08-26,2025-08-26
11397,Male,Gen X,one_and_done,1,1,2025-11-09,2025-11-09
11398,Male,Gen Z,regular,5,15,2025-07-04,2026-07-04
11399,Female,Gen Z,one_and_done,3,1,2026-06-04,2026-06-04
11400,Female,Millennial,one_and_done,1,1,2025-11-17,2025-11-17
11401,Female,Millennial,one_and_done,3,1,2025-11-18,2025-11-18
11402,Male,Millennial,occasional,3,7,2025-07-20,2026-03-12
11403,Male,Gen Z,one_and_done,3,1,2026-06-25,2026-06-25
11404,Male,Millennial,occasional,6,7,2025-07-27,2026-05-21
11405,Female,Millennial,occasional,8,6,2025-07-17,2026-03-04
11406,Female,Gen Z,loyal,6,20,2025-07-25,2026-06-24
11407,Male,Millennial,loyal,2,32,2025-07-06,2026-07-07
11408,Male,Gen Z,one_and_done,5,1,2025-12-25,2025-12-25
11409,Female,Gen X,regular,1,15,2025-07-18,2026-07-04
11410,Male,Millennial,one_and_done,4,1,2025-09-19,2025-09-19
11411,Male,Millennial,occasional,4,7,2025-09-29,2026-07-03
11412,Female,Millennial,one_and_done,1,1,2026-05-26,2026-05-26
11413,Female,Gen X,one_and_done,1,1,2026-05-15,2026-05-15
11414,Female,Gen Z,regular,4,14,2025-07-07,2026-04-16
11415,Male,Millennial,one_and_done,1,1,2025-09-01,2025-09-01
11416,Male,Gen X,regular,3,17,2025-07-03,2026-07-05
11417,Male,Millennial,loyal,2,32,2025-07-02,2026-07-01
11418,Male,Gen Z,loyal,2,23,2025-07-08,2026-06-30
11419,Male,Gen Z,occasional,1,5,2025-09-19,2026-06-18
11420,Male,Gen X,regular,5,17,2025-07-20,2026-06-17
11421,Male,Millennial,one_and_done,4,1,2026-04-25,2026-04-25
11422,Male,Boomer,one_and_done,1,1,2025-12-24,2025-12-24
11423,Male,Millennial,regular,4,22,2025-07-06,2026-06-06
11424,Male,Millennial,regular,1,22,2025-08-04,2026-06-29
11425,Male,Boomer,loyal,1,18,2025-07-09,2026-07-04
11426,Female,Millennial,one_and_done,6,1,2026-05-08,2026-05-08
11427,Male,Gen X,one_and_done,1,1,2026-04-03,2026-04-03
11428,Male,Millennial,one_and_done,1,1,2025-09-05,2025-09-05
11429,Female,Boomer,one_and_done,1,1,2025-07-06,2025-07-06
11430,Male,Millennial,one_and_done,3,1,2026-03-13,2026-03-13
11431,Male,Gen Z,one_and_done,1,1,2025-10-03,2025-10-03
11432,Female,Millennial,one_and_done,1,1,2025-07-03,2025-07-03
11433,Female,Millennial,regular,1,18,2025-07-25,2026-06-03
11434,Male,Millennial,loyal,1,32,2025-07-16,2026-06-25
11435,Male,Gen Z,occasional,2,5,2025-07-26,2026-05-30
11436,Male,Millennial,one_and_done,2,1,2026-04-06,2026-04-06
11437,Female,Millennial,one_and_done,1,1,2026-01-10,2026-01-10
11438,Female,Millennial,one_and_done,4,1,2025-08-30,2025-08-30
11439,Female,Millennial,regular,1,18,2025-07-05,2026-06-30
11440,Male,Millennial,regular,5,22,2025-07-19,2026-05-31
11441,Female,Gen X,one_and_done,1,1,2026-02-20,2026-02-20
11442,Male,Millennial,one_and_done,3,1,2026-04-25,2026-04-25
11443,Female,Gen Z,one_and_done,2,1,2026-03-27,2026-03-27
11444,Male,Millennial,one_and_done,2,1,2026-04-06,2026-04-06
11445,Male,Gen Z,regular,1,15,2025-07-13,2026-06-25
11446,Female,Millennial,loyal,1,27,2025-07-19,2026-06-30
11447,Female,Gen X,one_and_done,3,1,2026-04-10,2026-04-10
11448,Male,Millennial,one_and_done,5,1,2025-11-03,2025-11-03
11449,Male,Millennial,one_and_done,1,1,2025-11-08,2025-11-08
11450,Male,Gen X,one_and_done,3,1,2026-03-28,2026-03-28
11451,Male,Gen Z,occasional,1,5,2025-10-26,2026-06-26
11452,Male,Gen Z,one_and_done,1,1,2026-02-04,2026-02-04
11453,Male,Millennial,one_and_done,4,1,2026-04-24,2026-04-24
11454,Male,Gen X,occasional,1,6,2025-07-16,2026-04-03
11455,Male,Millennial,one_and_done,5,1,2025-09-17,2025-09-17
11456,Female,Millennial,one_and_done,1,1,2026-05-08,2026-05-08
11457,Male,Millennial,regular,1,22,2025-07-28,2026-07-08
11458,Male,Boomer,regular,1,12,2025-07-14,2026-07-04
11459,Female,Gen Z,one_and_done,2,1,2026-01-15,2026-01-15
11460,Male,Boomer,loyal,3,18,2025-07-24,2026-06-26
11461,Male,Millennial,occasional,8,7,2025-07-18,2026-07-08
11462,Male,Millennial,one_and_done,3,1,2026-01-24,2026-01-24
11463,Male,Gen Z,one_and_done,3,1,2026-02-15,2026-02-15
11464,Female,Gen X,occasional,4,5,2025-09-11,2026-01-03
11465,Male,Gen X,occasional,1,6,2025-07-05,2026-06-15
11466,Male,Gen Z,occasional,1,5,2025-08-08,2026-04-05
11467,Male,Millennial,regular,5,22,2025-07-10,2026-06-05
11468,Male,Millennial,regular,4,22,2025-07-03,2026-07-07
11469,Male,Gen X,one_and_done,1,1,2025-11-07,2025-11-07
11470,Female,Millennial,occasional,6,6,2025-08-20,2026-02-06
11471,Male,Gen X,one_and_done,3,1,2026-04-02,2026-04-02
11472,Male,Millennial,regular,6,22,2025-07-12,2026-06-12
11473,Male,Millennial,one_and_done,5,1,2025-07-14,2025-07-14
11474,Female,Boomer,loyal,1,16,2025-07-04,2026-06-13
11475,Female,Boomer,occasional,1,4,2025-09-03,2026-06-10
11476,Male,Gen Z,one_and_done,1,1,2026-02-04,2026-02-04
11477,Female,Millennial,regular,2,18,2025-07-04,2026-04-28
11478,Female,Gen Z,one_and_done,2,1,2026-07-05,2026-07-05
11479,Male,Millennial,one_and_done,2,1,2025-07-24,2025-07-24
11480,Male,Gen X,one_and_done,5,1,2025-12-02,2025-12-02
11481,Male,Millennial,one_and_done,4,1,2025-10-31,2025-10-31
11482,Male,Gen Z,one_and_done,1,1,2025-08-14,2025-08-14
11483,Male,Millennial,one_and_done,1,1,2026-04-24,2026-04-24
11484,Male,Gen Z,occasional,1,5,2025-07-29,2026-05-08
11485,Female,Millennial,regular,3,18,2025-07-01,2026-06-27
11486,Male,Gen X,one_and_done,3,1,2026-06-28,2026-06-28
11487,Male,Millennial,loyal,1,32,2025-07-13,2026-07-03
11488,Female,Millennial,occasional,5,6,2025-07-04,2026-03-06
11489,Male,Boomer,loyal,1,18,2025-07-04,2026-06-21
11490,Male,Millennial,occasional,1,7,2025-10-05,2026-06-03
11491,Male,Millennial,occasional,1,7,2025-08-20,2026-06-07
11492,Male,Boomer,one_and_done,1,1,2025-12-03,2025-12-03
11493,Male,Millennial,one_and_done,5,1,2026-03-26,2026-03-26
11494,Male,Boomer,loyal,1,18,2025-07-28,2026-06-13
11495,Male,Millennial,loyal,5,32,2025-07-02,2026-07-06
11496,Male,Millennial,one_and_done,4,1,2026-06-23,2026-06-23
11497,Female,Millennial,occasional,1,6,2025-07-18,2026-05-20
11498,Male,Millennial,occasional,1,7,2025-09-10,2026-03-29
11499,Male,Millennial,loyal,1,32,2025-07-01,2026-07-04
11500,Male,Millennial,loyal,1,32,2025-07-03,2026-06-17
11501,Male,Millennial,occasional,5,7,2025-08-12,2026-04-13
11502,Male,Millennial,regular,1,22,2025-07-12,2026-07-04
11503,Male,Boomer,one_and_done,1,1,2025-11-18,2025-11-18
11504,Male,Millennial,occasional,3,7,2025-07-13,2026-04-28
11505,Male,Millennial,regular,3,22,2025-07-08,2026-06-12
11506,Male,Millennial,one_and_done,1,1,2025-07-01,2025-07-01
11507,Male,Millennial,one_and_done,1,1,2025-11-26,2025-11-26
11508,Female,Millennial,one_and_done,2,1,2026-04-01,2026-04-01
11509,Male,Gen X,occasional,1,6,2025-09-09,2026-03-03
11510,Female,Gen Z,loyal,1,20,2025-07-08,2026-04-25
11511,Female,Gen X,occasional,1,5,2025-10-24,2026-04-26
11512,Male,Gen Z,one_and_done,2,1,2026-06-10,2026-06-10
11513,Male,Gen Z,one_and_done,1,1,2025-11-12,2025-11-12
11514,Male,Millennial,occasional,1,7,2025-07-04,2026-05-01
11515,Male,Gen X,one_and_done,1,1,2026-01-20,2026-01-20
11516,Female,Gen Z,one_and_done,1,1,2026-01-13,2026-01-13
11517,Male,Millennial,occasional,2,7,2025-08-01,2026-03-03
11518,Female,Gen X,one_and_done,1,1,2025-11-13,2025-11-13
11519,Male,Millennial,one_and_done,1,1,2026-05-29,2026-05-29
11520,Female,Millennial,loyal,1,27,2025-07-17,2026-07-01
11521,Male,Gen Z,occasional,1,5,2026-01-01,2026-06-29
11522,Male,Gen X,loyal,1,25,2025-07-02,2026-06-26
11523,Female,Boomer,regular,1,11,2025-07-15,2026-07-03
11524,Male,Boomer,occasional,2,4,2025-10-07,2026-06-16
11525,Female,Millennial,one_and_done,2,1,2025-11-26,2025-11-26
11526,Male,Gen X,regular,4,17,2025-07-16,2026-07-04
11527,Male,Boomer,one_and_done,1,1,2025-11-05,2025-11-05
11528,Male,Gen X,loyal,7,25,2025-07-13,2026-07-07
11529,Female,Millennial,one_and_done,1,1,2025-07-12,2025-07-12
11530,Male,Gen Z,regular,1,15,2025-07-11,2026-05-29
11531,Female,Gen X,one_and_done,1,1,2026-05-13,2026-05-13
11532,Male,Millennial,regular,2,22,2025-07-02,2026-07-07
11533,Male,Millennial,one_and_done,1,1,2026-06-06,2026-06-06
11534,Male,Millennial,regular,1,22,2025-07-01,2026-06-03
11535,Male,Gen X,occasional,2,6,2025-09-11,2026-06-19
11536,Male,Millennial,occasional,5,7,2025-07-21,2026-06-28
11537,Female,Millennial,regular,2,18,2025-07-06,2026-06-25
11538,Female,Gen Z,occasional,1,5,2025-10-20,2026-05-25
11539,Male,Gen Z,one_and_done,1,1,2025-10-12,2025-10-12
11540,Female,Millennial,occasional,1,6,2025-08-13,2026-05-18
11541,Male,Boomer,one_and_done,1,1,2026-01-30,2026-01-30
11542,Male,Gen X,occasional,6,6,2025-09-20,2026-07-02
11543,Female,Gen X,one_and_done,1,1,2026-04-18,2026-04-18
11544,Male,Boomer,loyal,7,18,2025-07-31,2026-06-19
11545,Male,Gen Z,regular,1,15,2025-07-09,2026-07-02
11546,Male,Millennial,regular,1,22,2025-08-16,2026-06-02
11547,Male,Millennial,occasional,2,7,2025-08-01,2026-06-09
11548,Male,Millennial,one_and_done,2,1,2026-04-02,2026-04-02
11549,Female,Gen X,regular,1,15,2025-08-08,2026-06-13
11550,Female,Millennial,one_and_done,3,1,2025-12-12,2025-12-12
11551,Male,Gen X,regular,1,17,2025-07-15,2026-07-08
11552,Female,Millennial,occasional,1,6,2025-09-11,2026-05-18
11553,Male,Gen X,regular,1,17,2025-08-16,2026-05-09
11554,Female,Boomer,regular,5,11,2025-07-03,2026-04-03
11555,Male,Gen X,one_and_done,6,1,2025-12-14,2025-12-14
11556,Male,Gen Z,regular,2,15,2025-09-11,2026-06-16
11557,Female,Gen Z,one_and_done,1,1,2026-04-21,2026-04-21
11558,Female,Millennial,loyal,2,27,2025-07-12,2026-06-21
11559,Male,Gen X,one_and_done,6,1,2026-06-30,2026-06-30
11560,Male,Gen Z,occasional,9,5,2025-07-05,2026-05-04
11561,Male,Boomer,occasional,1,4,2025-09-24,2026-07-03
11562,Male,Gen Z,occasional,1,5,2025-10-09,2026-04-20
11563,Female,Millennial,occasional,4,6,2025-07-05,2026-05-26
11564,Female,Millennial,loyal,5,27,2025-07-14,2026-06-28
11565,Female,Millennial,one_and_done,1,1,2025-09-12,2025-09-12
11566,Male,Millennial,one_and_done,5,1,2025-08-03,2025-08-03
11567,Male,Millennial,one_and_done,1,1,2025-09-29,2025-09-29
11568,Male,Millennial,one_and_done,5,1,2026-02-24,2026-02-24
11569,Male,Gen Z,loyal,1,23,2025-07-21,2026-07-01
11570,Male,Millennial,regular,4,22,2025-07-19,2026-07-09
11571,Male,Millennial,one_and_done,1,1,2026-03-03,2026-03-03
11572,Male,Gen Z,one_and_done,1,1,2026-04-06,2026-04-06
11573,Male,Millennial,one_and_done,1,1,2025-09-20,2025-09-20
11574,Male,Millennial,one_and_done,1,1,2025-07-31,2025-07-31
11575,Male,Millennial,regular,1,22,2025-07-05,2026-07-08
11576,Female,Millennial,one_and_done,1,1,2026-01-09,2026-01-09
11577,Male,Millennial,one_and_done,1,1,2025-12-24,2025-12-24
11578,Male,Gen Z,one_and_done,1,1,2026-02-17,2026-02-17
11579,Male,Millennial,regular,4,22,2025-07-12,2026-06-26
11580,Male,Millennial,occasional,1,7,2025-07-10,2026-06-13
11581,Male,Millennial,one_and_done,1,1,2025-12-30,2025-12-30
11582,Female,Gen X,regular,1,15,2025-09-13,2026-04-10
11583,Male,Millennial,loyal,3,32,2025-07-18,2026-07-09
11584,Male,Millennial,one_and_done,2,1,2026-07-02,2026-07-02
11585,Male,Gen X,regular,1,17,2025-08-11,2026-05-20
11586,Male,Gen X,one_and_done,1,1,2026-06-21,2026-06-21
11587,Female,Millennial,one_and_done,6,1,2025-11-24,2025-11-24
11588,Male,Millennial,regular,1,22,2025-07-20,2026-06-20
11589,Male,Gen Z,loyal,3,23,2025-07-14,2026-06-22
11590,Female,Boomer,regular,1,11,2025-08-20,2026-07-05
11591,Male,Millennial,loyal,1,32,2025-07-04,2026-06-14
11592,Male,Millennial,occasional,1,7,2025-08-26,2026-04-22
11593,Male,Millennial,one_and_done,2,1,2025-10-25,2025-10-25
11594,Male,Millennial,one_and_done,1,1,2025-07-18,2025-07-18
11595,Male,Gen Z,regular,1,15,2025-07-14,2026-05-23
11596,Male,Gen X,one_and_done,1,1,2025-12-31,2025-12-31
11597,Male,Millennial,one_and_done,9,1,2025-07-09,2025-07-09
11598,Male,Millennial,one_and_done,1,1,2025-10-27,2025-10-27
11599,Male,Millennial,one_and_done,4,1,2026-05-08,2026-05-08
11600,Male,Gen Z,occasional,1,5,2025-09-08,2026-02-03
11601,Female,Gen Z,one_and_done,1,1,2026-05-20,2026-05-20
11602,Female,Gen Z,regular,4,14,2025-07-03,2026-06-24
11603,Male,Gen Z,loyal,2,23,2025-07-20,2026-07-07
11604,Male,Gen X,loyal,7,25,2025-07-07,2026-07-03
11605,Male,Gen X,occasional,2,6,2025-07-31,2026-04-20
11606,Male,Millennial,occasional,6,7,2026-02-08,2026-05-19
11607,Male,Millennial,one_and_done,1,1,2025-07-16,2025-07-16
11608,Female,Millennial,loyal,4,27,2025-07-02,2026-07-05
11609,Female,Millennial,one_and_done,4,1,2025-12-20,2025-12-20
11610,Female,Millennial,occasional,1,6,2025-10-18,2026-03-14
11611,Male,Millennial,one_and_done,3,1,2026-04-29,2026-04-29
11612,Female,Gen X,loyal,8,23,2025-07-16,2026-07-03
11613,Male,Gen X,regular,1,17,2025-07-17,2026-07-08
11614,Male,Millennial,one_and_done,5,1,2025-11-09,2025-11-09
11615,Male,Millennial,one_and_done,6,1,2026-04-04,2026-04-04
11616,Male,Gen Z,one_and_done,7,1,2025-12-06,2025-12-06
11617,Male,Gen Z,occasional,6,5,2025-07-19,2026-05-10
11618,Female,Millennial,loyal,1,27,2025-07-22,2026-06-25
11619,Male,Millennial,regular,3,22,2025-07-04,2026-07-09
11620,Male,Gen Z,loyal,1,23,2025-07-06,2026-05-14
11621,Male,Millennial,one_and_done,1,1,2026-04-24,2026-04-24
11622,Female,Millennial,loyal,5,27,2025-07-03,2026-07-03
11623,Male,Millennial,occasional,1,7,2025-07-11,2026-06-10
11624,Male,Gen Z,one_and_done,1,1,2026-03-14,2026-03-14
11625,Female,Millennial,one_and_done,1,1,2025-08-15,2025-08-15
11626,Male,Millennial,regular,1,22,2025-07-05,2026-06-22
11627,Male,Millennial,one_and_done,5,1,2026-03-23,2026-03-23
11628,Male,Gen Z,one_and_done,2,1,2026-02-02,2026-02-02
11629,Male,Millennial,one_and_done,1,1,2026-05-02,2026-05-02
11630,Female,Gen X,one_and_done,5,1,2026-04-22,2026-04-22
11631,Male,Gen X,occasional,1,6,2025-10-08,2026-06-09
11632,Male,Gen Z,one_and_done,3,1,2026-05-01,2026-05-01
11633,Female,Gen X,regular,3,15,2025-07-04,2026-05-08
11634,Male,Gen X,one_and_done,1,1,2025-12-28,2025-12-28
11635,Female,Gen X,regular,6,15,2025-07-22,2026-05-08
11636,Male,Millennial,one_and_done,2,1,2026-03-28,2026-03-28
11637,Female,Gen X,occasional,2,5,2025-07-21,2026-06-11
11638,Male,Gen Z,one_and_done,1,1,2026-01-18,2026-01-18
11639,Female,Millennial,one_and_done,2,1,2026-07-02,2026-07-02
11640,Male,Millennial,loyal,4,32,2025-07-07,2026-06-10
11641,Male,Millennial,regular,1,22,2025-07-20,2026-07-02
11642,Male,Millennial,loyal,4,32,2025-08-07,2026-06-18
11643,Male,Gen Z,regular,1,15,2025-07-28,2026-05-01
11644,Male,Gen Z,occasional,1,5,2025-08-04,2026-02-16
11645,Male,Millennial,one_and_done,1,1,2026-05-16,2026-05-16
11646,Male,Gen Z,one_and_done,6,1,2025-10-24,2025-10-24
11647,Male,Millennial,occasional,1,7,2025-09-09,2026-07-05
11648,Male,Millennial,occasional,1,7,2025-08-06,2026-03-13
11649,Male,Gen X,one_and_done,1,1,2025-11-14,2025-11-14
11650,Female,Gen Z,loyal,1,20,2025-08-22,2026-07-03
11651,Male,Millennial,regular,1,22,2025-07-18,2026-06-23
11652,Male,Boomer,regular,2,12,2025-10-05,2026-06-27
11653,Male,Millennial,one_and_done,7,1,2026-06-06,2026-06-06
11654,Male,Gen Z,one_and_done,1,1,2026-03-16,2026-03-16
11655,Male,Millennial,one_and_done,2,1,2026-07-05,2026-07-05
11656,Male,Gen X,regular,5,17,2025-07-07,2026-05-16
11657,Male,Gen Z,loyal,2,23,2025-08-01,2026-06-28
11658,Male,Boomer,loyal,2,18,2025-07-21,2026-06-11
11659,Female,Gen Z,regular,1,14,2025-07-13,2026-06-26
11660,Male,Boomer,regular,1,12,2025-10-22,2026-06-19
11661,Female,Millennial,one_and_done,4,1,2025-10-24,2025-10-24
11662,Male,Gen X,regular,1,17,2025-08-13,2026-05-02
11663,Female,Gen X,one_and_done,1,1,2025-09-25,2025-09-25
11664,Male,Gen X,regular,1,17,2025-08-15,2026-06-13
11665,Male,Millennial,occasional,3,7,2025-07-21,2026-07-05
11666,Female,Gen X,loyal,1,23,2025-07-26,2026-06-12
11667,Male,Millennial,regular,4,22,2025-07-05,2026-07-05
11668,Female,Gen X,occasional,10,5,2025-08-08,2026-06-12
11669,Male,Gen X,one_and_done,1,1,2025-10-03,2025-10-03
11670,Female,Millennial,occasional,1,6,2025-11-21,2026-06-07
11671,Male,Millennial,regular,4,22,2025-07-25,2026-05-29
11672,Male,Gen X,regular,5,17,2025-07-01,2026-06-17
11673,Female,Gen Z,one_and_done,1,1,2026-01-28,2026-01-28
11674,Female,Millennial,regular,5,18,2025-08-07,2026-07-08
11675,Female,Gen X,occasional,1,5,2025-07-12,2026-02-10
11676,Male,Gen Z,one_and_done,3,1,2025-08-06,2025-08-06
11677,Male,Gen X,one_and_done,3,1,2026-04-25,2026-04-25
11678,Male,Millennial,regular,2,22,2025-07-01,2026-05-14
11679,Male,Millennial,regular,1,22,2025-07-12,2026-06-22
11680,Female,Gen Z,one_and_done,4,1,2026-04-24,2026-04-24
11681,Female,Millennial,one_and_done,1,1,2025-09-13,2025-09-13
11682,Female,Millennial,regular,8,18,2025-07-06,2026-06-15
11683,Male,Gen Z,regular,2,15,2025-07-02,2026-06-24
11684,Male,Millennial,loyal,1,32,2025-07-01,2026-06-30
11685,Female,Gen Z,occasional,1,5,2025-07-22,2026-06-24
11686,Male,Gen X,occasional,1,6,2025-07-05,2026-01-20
11687,Male,Millennial,regular,6,22,2025-07-24,2026-06-27
11688,Male,Millennial,one_and_done,1,1,2025-10-25,2025-10-25
11689,Male,Millennial,loyal,1,32,2025-07-04,2026-07-03
11690,Female,Gen Z,occasional,1,5,2025-07-08,2026-01-02
11691,Male,Millennial,one_and_done,2,1,2025-09-06,2025-09-06
11692,Male,Gen X,one_and_done,1,1,2025-12-23,2025-12-23
11693,Male,Millennial,occasional,1,7,2025-09-04,2026-07-04
11694,Female,Millennial,regular,2,18,2025-08-24,2026-05-12
11695,Male,Millennial,one_and_done,2,1,2026-04-25,2026-04-25
11696,Female,Gen Z,occasional,1,5,2025-10-23,2026-05-26
11697,Male,Gen Z,regular,1,15,2025-07-23,2026-07-08
11698,Female,Millennial,one_and_done,3,1,2026-02-27,2026-02-27
11699,Male,Millennial,one_and_done,1,1,2026-05-17,2026-05-17
11700,Female,Gen Z,one_and_done,1,1,2026-05-20,2026-05-20
11701,Male,Gen X,occasional,1,6,2025-07-09,2026-07-03
11702,Male,Millennial,regular,2,22,2025-07-13,2026-05-16
11703,Female,Gen Z,regular,1,14,2025-07-09,2026-06-18
11704,Male,Gen X,occasional,1,6,2025-08-04,2026-03-07
11705,Female,Millennial,loyal,2,27,2025-07-06,2026-07-05
11706,Male,Gen X,one_and_done,1,1,2026-02-12,2026-02-12
11707,Male,Millennial,occasional,1,7,2025-08-21,2026-05-26
11708,Male,Millennial,occasional,1,7,2025-07-06,2026-01-06
11709,Male,Millennial,occasional,8,7,2025-07-17,2026-06-16
11710,Female,Millennial,regular,1,18,2025-07-09,2026-06-15
11711,Male,Gen Z,one_and_done,6,1,2026-02-15,2026-02-15
11712,Female,Millennial,one_and_done,1,1,2026-05-02,2026-05-02
11713,Male,Millennial,one_and_done,3,1,2025-08-25,2025-08-25
11714,Female,Gen Z,one_and_done,1,1,2026-03-21,2026-03-21
11715,Male,Gen Z,occasional,1,5,2025-07-15,2026-06-25
11716,Male,Millennial,loyal,2,32,2025-07-10,2026-07-09
11717,Female,Gen X,one_and_done,4,1,2025-08-15,2025-08-15
11718,Male,Gen X,one_and_done,3,1,2026-04-27,2026-04-27
11719,Male,Gen Z,regular,3,15,2025-07-12,2026-06-23
11720,Male,Millennial,loyal,1,32,2025-07-12,2026-06-23
11721,Female,Millennial,one_and_done,1,1,2026-01-02,2026-01-02
11722,Female,Gen Z,occasional,3,5,2025-08-18,2026-06-11
11723,Male,Gen Z,one_and_done,7,1,2025-12-27,2025-12-27
11724,Female,Millennial,one_and_done,2,1,2026-02-12,2026-02-12
11725,Male,Gen Z,one_and_done,1,1,2025-10-15,2025-10-15
11726,Male,Millennial,one_and_done,1,1,2025-12-17,2025-12-17
11727,Male,Gen X,regular,2,17,2025-07-11,2026-03-24
11728,Female,Millennial,one_and_done,1,1,2025-07-12,2025-07-12
11729,Female,Millennial,one_and_done,1,1,2025-08-30,2025-08-30
11730,Male,Gen Z,one_and_done,3,1,2025-10-02,2025-10-02
11731,Female,Gen X,one_and_done,2,1,2026-01-17,2026-01-17
11732,Female,Gen Z,occasional,1,5,2025-07-31,2026-03-27
11733,Male,Millennial,regular,5,22,2025-08-17,2026-06-27
11734,Male,Gen X,one_and_done,4,1,2025-08-07,2025-08-07
11735,Male,Millennial,one_and_done,6,1,2025-11-15,2025-11-15
11736,Male,Millennial,occasional,3,7,2025-11-25,2026-07-02
11737,Female,Gen Z,one_and_done,1,1,2025-10-16,2025-10-16
11738,Female,Gen X,one_and_done,1,1,2026-05-20,2026-05-20
11739,Female,Millennial,occasional,1,6,2025-09-24,2026-06-11
11740,Male,Boomer,one_and_done,8,1,2025-12-09,2025-12-09
11741,Male,Boomer,occasional,1,4,2025-11-23,2026-05-22
11742,Male,Gen Z,regular,5,15,2025-07-07,2026-06-18
11743,Male,Gen Z,occasional,3,5,2025-10-20,2026-06-27
11744,Male,Gen X,one_and_done,1,1,2026-01-18,2026-01-18
11745,Male,Gen X,regular,1,17,2025-08-08,2026-06-19
11746,Male,Gen X,occasional,5,6,2025-09-11,2026-05-01
11747,Female,Gen X,occasional,5,5,2025-08-18,2026-06-27
11748,Male,Millennial,one_and_done,1,1,2025-08-29,2025-08-29
11749,Male,Boomer,loyal,1,18,2025-07-29,2026-07-04
11750,Male,Gen X,regular,4,17,2025-07-08,2026-07-04
11751,Male,Millennial,occasional,1,7,2025-08-26,2026-02-17
11752,Female,Millennial,occasional,3,6,2025-07-05,2026-06-27
11753,Male,Gen X,regular,1,17,2025-07-05,2026-07-03
11754,Male,Millennial,one_and_done,1,1,2026-04-18,2026-04-18
11755,Male,Millennial,regular,1,22,2025-07-20,2026-05-26
11756,Male,Gen Z,loyal,1,23,2025-07-30,2026-06-28
11757,Female,Millennial,occasional,2,6,2025-07-05,2026-06-12
11758,Female,Gen Z,occasional,1,5,2025-08-01,2026-02-11
11759,Male,Gen X,one_and_done,1,1,2025-11-06,2025-11-06
11760,Male,Gen X,loyal,1,25,2025-07-10,2026-06-10
11761,Male,Gen Z,one_and_done,2,1,2025-09-16,2025-09-16
11762,Male,Gen X,loyal,5,25,2025-07-04,2026-06-30
11763,Female,Millennial,regular,1,18,2025-07-21,2026-06-27
11764,Male,Boomer,one_and_done,1,1,2026-01-15,2026-01-15
11765,Male,Millennial,occasional,1,7,2026-01-24,2026-06-24
11766,Male,Gen X,occasional,1,6,2025-08-19,2026-05-17
11767,Female,Millennial,one_and_done,8,1,2025-09-19,2025-09-19
11768,Male,Gen X,one_and_done,6,1,2025-09-11,2025-09-11
11769,Male,Millennial,one_and_done,3,1,2025-11-04,2025-11-04
11770,Male,Millennial,one_and_done,4,1,2026-04-26,2026-04-26
11771,Male,Gen Z,regular,1,15,2025-07-30,2026-05-10
11772,Male,Millennial,occasional,1,7,2025-07-20,2026-05-19
11773,Female,Millennial,occasional,2,6,2025-07-01,2026-06-30
11774,Male,Boomer,loyal,1,18,2025-07-20,2026-06-22
11775,Female,Gen Z,occasional,1,5,2025-07-06,2026-04-17
11776,Female,Millennial,one_and_done,1,1,2025-10-17,2025-10-17
11777,Female,Millennial,regular,4,18,2025-08-11,2026-05-31
11778,Male,Gen X,one_and_done,1,1,2026-04-09,2026-04-09
11779,Male,Gen Z,regular,1,15,2025-07-25,2026-05-25
11780,Male,Millennial,one_and_done,1,1,2026-02-22,2026-02-22
11781,Female,Gen Z,one_and_done,3,1,2026-06-15,2026-06-15
11782,Male,Gen Z,one_and_done,1,1,2025-08-03,2025-08-03
11783,Male,Millennial,one_and_done,2,1,2026-01-10,2026-01-10
11784,Female,Millennial,occasional,3,6,2025-08-09,2026-07-02
11785,Male,Millennial,regular,5,22,2025-07-10,2026-07-03
11786,Male,Gen Z,one_and_done,1,1,2025-07-09,2025-07-09
11787,Male,Gen X,regular,4,17,2025-07-07,2026-07-09
11788,Male,Gen X,loyal,1,25,2025-07-16,2026-06-28
11789,Male,Millennial,regular,2,22,2025-07-04,2026-07-03
11790,Male,Gen Z,regular,1,15,2025-07-01,2026-03-18
11791,Male,Millennial,one_and_done,1,1,2026-01-03,2026-01-03
11792,Female,Millennial,occasional,6,6,2025-09-22,2026-04-21
11793,Male,Gen Z,one_and_done,2,1,2025-09-11,2025-09-11
11794,Male,Millennial,one_and_done,2,1,2026-03-05,2026-03-05
11795,Male,Millennial,one_and_done,1,1,2026-03-12,2026-03-12
11796,Male,Millennial,one_and_done,5,1,2026-01-30,2026-01-30
11797,Male,Millennial,loyal,3,32,2025-07-09,2026-06-24
11798,Female,Millennial,one_and_done,4,1,2026-06-11,2026-06-11
11799,Male,Gen X,regular,8,17,2025-08-08,2026-07-03
11800,Male,Millennial,occasional,1,7,2025-10-12,2026-05-28
11801,Male,Boomer,occasional,3,4,2025-10-12,2026-02-01
11802,Male,Millennial,occasional,4,7,2025-10-02,2026-05-21
11803,Female,Millennial,one_and_done,2,1,2026-01-21,2026-01-21
11804,Male,Millennial,regular,2,22,2025-07-05,2026-07-02
11805,Male,Gen Z,occasional,1,5,2025-08-01,2026-06-19
11806,Male,Gen Z,regular,1,15,2025-07-09,2026-06-11
11807,Female,Millennial,regular,1,18,2025-08-02,2026-06-28
11808,Female,Gen Z,one_and_done,3,1,2026-05-12,2026-05-12
11809,Male,Millennial,one_and_done,6,1,2026-06-27,2026-06-27
11810,Male,Gen Z,one_and_done,1,1,2025-08-28,2025-08-28
11811,Male,Gen X,one_and_done,2,1,2025-10-17,2025-10-17
11812,Female,Millennial,one_and_done,6,1,2025-10-26,2025-10-26
11813,Male,Millennial,regular,3,22,2025-07-02,2026-07-04
11814,Female,Gen Z,occasional,6,5,2025-09-04,2026-05-29
11815,Male,Gen Z,one_and_done,3,1,2026-06-23,2026-06-23
11816,Male,Millennial,occasional,1,7,2025-08-31,2026-06-18
11817,Male,Gen X,one_and_done,2,1,2025-07-19,2025-07-19
11818,Female,Millennial,one_and_done,6,1,2025-11-12,2025-11-12
11819,Male,Millennial,regular,9,22,2025-08-26,2026-06-25
11820,Male,Gen Z,regular,1,15,2025-07-05,2026-06-25
11821,Male,Boomer,regular,5,12,2025-10-07,2026-06-18
11822,Male,Millennial,one_and_done,6,1,2026-05-24,2026-05-24
11823,Male,Boomer,one_and_done,1,1,2026-01-13,2026-01-13
11824,Male,Millennial,one_and_done,5,1,2025-09-15,2025-09-15
11825,Male,Millennial,loyal,2,32,2025-07-06,2026-06-27
11826,Male,Millennial,one_and_done,3,1,2026-06-27,2026-06-27
11827,Male,Millennial,occasional,1,7,2025-08-28,2026-06-27
11828,Male,Boomer,one_and_done,2,1,2025-11-13,2025-11-13
11829,Male,Gen Z,regular,5,15,2025-08-11,2026-07-05
11830,Male,Boomer,occasional,3,4,2025-12-05,2026-06-27
11831,Male,Gen X,loyal,1,25,2025-07-14,2026-07-07
11832,Male,Millennial,regular,7,22,2025-07-22,2026-06-17
11833,Female,Millennial,regular,2,18,2025-07-03,2026-05-25
11834,Female,Gen X,regular,1,15,2025-07-04,2026-06-27
11835,Male,Millennial,occasional,1,7,2025-07-07,2026-05-23
11836,Female,Gen X,one_and_done,1,1,2025-10-21,2025-10-21
11837,Male,Gen Z,occasional,2,5,2025-09-03,2026-05-20
11838,Male,Millennial,loyal,4,32,2025-07-03,2026-07-07
11839,Male,Millennial,occasional,1,7,2025-07-04,2026-03-31
11840,Male,Gen Z,one_and_done,5,1,2025-08-10,2025-08-10
11841,Male,Millennial,one_and_done,9,1,2025-10-31,2025-10-31
11842,Male,Gen Z,one_and_done,1,1,2026-06-10,2026-06-10
11843,Female,Millennial,one_and_done,5,1,2026-05-08,2026-05-08
11844,Male,Gen Z,occasional,2,5,2025-07-06,2026-02-14
11845,Female,Gen X,occasional,1,5,2025-08-19,2026-05-10
11846,Female,Millennial,loyal,5,27,2025-07-21,2026-07-09
11847,Female,Gen Z,one_and_done,4,1,2025-11-08,2025-11-08
11848,Female,Millennial,occasional,1,6,2025-08-21,2026-06-15
11849,Male,Millennial,regular,1,22,2025-07-07,2026-07-06
11850,Male,Gen X,loyal,6,25,2025-07-10,2026-06-27
11851,Female,Millennial,one_and_done,2,1,2025-07-07,2025-07-07
11852,Male,Millennial,regular,3,22,2025-07-18,2026-06-24
11853,Male,Millennial,occasional,1,7,2025-08-18,2026-07-04
11854,Male,Gen Z,occasional,1,5,2025-07-11,2026-05-30
11855,Male,Gen Z,one_and_done,6,1,2025-11-27,2025-11-27
11856,Male,Gen X,one_and_done,1,1,2026-03-29,2026-03-29
11857,Male,Gen Z,regular,1,15,2025-07-08,2026-06-15
11858,Male,Millennial,one_and_done,7,1,2025-11-08,2025-11-08
11859,Male,Millennial,one_and_done,1,1,2025-11-29,2025-11-29
11860,Male,Millennial,one_and_done,1,1,2026-04-09,2026-04-09
11861,Female,Millennial,occasional,2,6,2025-08-01,2026-04-15
11862,Female,Gen Z,one_and_done,5,1,2026-02-05,2026-02-05
11863,Male,Millennial,one_and_done,1,1,2026-02-20,2026-02-20
11864,Male,Gen X,one_and_done,1,1,2025-11-02,2025-11-02
11865,Female,Gen Z,occasional,1,5,2025-12-09,2026-04-26
11866,Male,Gen X,one_and_done,1,1,2026-06-14,2026-06-14
11867,Male,Millennial,one_and_done,1,1,2026-05-26,2026-05-26
11868,Male,Gen X,occasional,5,6,2025-07-03,2026-07-08
11869,Male,Millennial,loyal,2,32,2025-07-10,2026-06-24
11870,Male,Millennial,one_and_done,7,1,2025-10-06,2025-10-06
11871,Male,Millennial,regular,1,22,2025-07-07,2026-07-07
11872,Male,Gen Z,one_and_done,7,1,2025-10-22,2025-10-22
11873,Male,Gen X,one_and_done,6,1,2025-09-23,2025-09-23
11874,Female,Millennial,one_and_done,10,1,2026-04-02,2026-04-02
11875,Male,Millennial,one_and_done,1,1,2026-07-03,2026-07-03
11876,Female,Boomer,regular,1,11,2025-07-03,2026-06-17
11877,Male,Gen X,regular,1,17,2025-07-09,2026-06-02
11878,Female,Millennial,occasional,1,6,2025-07-16,2026-05-05
11879,Male,Millennial,one_and_done,2,1,2026-03-23,2026-03-23
11880,Male,Millennial,one_and_done,1,1,2025-11-07,2025-11-07
11881,Male,Millennial,one_and_done,1,1,2025-12-20,2025-12-20
11882,Male,Gen X,one_and_done,2,1,2026-01-19,2026-01-19
11883,Male,Gen X,occasional,4,6,2025-09-06,2026-06-15
11884,Male,Millennial,one_and_done,1,1,2025-08-02,2025-08-02
11885,Female,Boomer,occasional,1,4,2025-10-13,2026-06-17
11886,Male,Millennial,one_and_done,7,1,2025-09-24,2025-09-24
11887,Male,Gen Z,one_and_done,5,1,2026-03-24,2026-03-24
11888,Male,Millennial,occasional,8,7,2025-07-07,2026-06-13
11889,Male,Gen X,regular,1,17,2025-07-02,2026-06-27
11890,Male,Millennial,one_and_done,1,1,2025-11-11,2025-11-11
11891,Female,Boomer,occasional,1,4,2025-07-10,2026-06-18
11892,Female,Boomer,regular,2,11,2025-07-16,2026-04-16
11893,Male,Millennial,regular,1,22,2025-08-01,2026-06-27
11894,Male,Gen X,one_and_done,10,1,2025-11-20,2025-11-20
11895,Male,Millennial,regular,1,22,2025-07-03,2026-07-04
11896,Female,Boomer,one_and_done,10,1,2026-06-19,2026-06-19
11897,Male,Millennial,one_and_done,1,1,2025-08-15,2025-08-15
11898,Male,Gen Z,regular,2,15,2025-08-15,2026-05-11
11899,Male,Millennial,occasional,5,7,2025-07-12,2025-12-16
11900,Male,Boomer,one_and_done,4,1,2026-02-07,2026-02-07
11901,Male,Millennial,occasional,2,7,2025-09-28,2026-05-18
11902,Male,Gen X,one_and_done,1,1,2025-09-18,2025-09-18
11903,Female,Gen Z,one_and_done,1,1,2026-03-04,2026-03-04
11904,Male,Gen Z,one_and_done,1,1,2026-01-25,2026-01-25
11905,Female,Gen X,one_and_done,1,1,2026-05-05,2026-05-05
11906,Female,Gen Z,one_and_done,2,1,2025-10-26,2025-10-26
11907,Female,Gen Z,loyal,6,20,2025-07-04,2026-06-05
11908,Male,Gen Z,one_and_done,1,1,2025-11-10,2025-11-10
11909,Female,Millennial,occasional,2,6,2025-08-02,2026-04-22
11910,Male,Millennial,one_and_done,1,1,2025-07-18,2025-07-18
11911,Female,Millennial,loyal,5,27,2025-07-08,2026-06-20
11912,Male,Millennial,occasional,5,7,2025-07-08,2026-01-19
11913,Male,Gen Z,one_and_done,5,1,2025-07-03,2025-07-03
11914,Female,Millennial,one_and_done,5,1,2025-08-27,2025-08-27
11915,Male,Gen X,occasional,1,6,2025-09-18,2026-04-15
11916,Male,Millennial,one_and_done,3,1,2025-07-26,2025-07-26
11917,Male,Millennial,occasional,1,7,2025-07-07,2026-02-21
11918,Male,Millennial,loyal,1,32,2025-07-04,2026-06-29
11919,Male,Millennial,one_and_done,1,1,2026-06-14,2026-06-14
11920,Male,Gen Z,one_and_done,6,1,2026-06-30,2026-06-30
11921,Male,Gen X,occasional,1,6,2025-10-16,2026-07-04
11922,Female,Millennial,one_and_done,2,1,2025-11-10,2025-11-10
11923,Female,Gen Z,regular,2,14,2025-07-05,2026-06-20
11924,Male,Gen X,loyal,2,25,2025-07-01,2026-07-01
11925,Male,Gen X,one_and_done,3,1,2026-01-17,2026-01-17
11926,Male,Millennial,one_and_done,1,1,2025-12-21,2025-12-21
11927,Male,Millennial,one_and_done,1,1,2026-05-28,2026-05-28
11928,Female,Millennial,loyal,1,27,2025-07-02,2026-06-26
11929,Female,Millennial,occasional,1,6,2025-07-06,2026-04-14
11930,Female,Millennial,occasional,1,6,2025-08-25,2026-04-19
11931,Male,Millennial,one_and_done,1,1,2025-07-01,2025-07-01
11932,Female,Gen Z,regular,2,14,2025-07-12,2026-07-09
11933,Male,Gen Z,one_and_done,4,1,2025-09-22,2025-09-22
11934,Male,Millennial,one_and_done,1,1,2025-10-01,2025-10-01
11935,Female,Gen Z,regular,5,14,2025-07-19,2026-04-28
11936,Female,Millennial,one_and_done,1,1,2025-12-21,2025-12-21
11937,Male,Gen Z,one_and_done,2,1,2025-11-13,2025-11-13
11938,Male,Millennial,occasional,4,7,2025-07-18,2026-06-21
11939,Female,Gen Z,one_and_done,1,1,2026-07-05,2026-07-05
11940,Male,Millennial,regular,6,22,2025-07-04,2026-06-30
11941,Male,Millennial,regular,2,22,2025-07-14,2026-06-05
11942,Male,Millennial,one_and_done,3,1,2025-10-04,2025-10-04
11943,Male,Gen X,loyal,1,25,2025-07-02,2026-06-28
11944,Male,Millennial,occasional,6,7,2025-09-14,2026-05-21
11945,Male,Gen X,one_and_done,4,1,2025-09-03,2025-09-03
11946,Male,Gen X,one_and_done,1,1,2026-07-06,2026-07-06
11947,Male,Gen X,one_and_done,1,1,2025-07-24,2025-07-24
11948,Female,Gen X,occasional,1,5,2025-12-09,2026-05-27
11949,Male,Gen Z,one_and_done,1,1,2025-07-16,2025-07-16
11950,Male,Millennial,one_and_done,2,1,2026-01-02,2026-01-02
11951,Male,Gen Z,one_and_done,4,1,2025-11-15,2025-11-15
11952,Female,Gen X,occasional,4,5,2025-10-05,2026-05-26
11953,Female,Gen Z,occasional,3,5,2025-09-25,2026-04-15
11954,Female,Millennial,one_and_done,9,1,2026-05-01,2026-05-01
11955,Male,Millennial,one_and_done,1,1,2025-07-25,2025-07-25
11956,Male,Gen Z,one_and_done,1,1,2026-04-28,2026-04-28
11957,Male,Millennial,occasional,1,7,2025-08-14,2026-06-30
11958,Male,Millennial,one_and_done,3,1,2026-04-29,2026-04-29
11959,Male,Gen Z,one_and_done,4,1,2026-06-03,2026-06-03
11960,Male,Millennial,occasional,5,7,2025-07-14,2026-04-26
11961,Male,Gen X,loyal,1,25,2025-07-08,2026-06-20
11962,Male,Millennial,one_and_done,3,1,2026-06-19,2026-06-19
11963,Male,Gen Z,one_and_done,1,1,2026-03-28,2026-03-28
11964,Male,Gen X,loyal,2,25,2025-07-08,2026-07-01
11965,Male,Gen Z,one_and_done,3,1,2026-01-02,2026-01-02
11966,Male,Gen X,regular,4,17,2025-07-12,2026-07-02
11967,Male,Millennial,one_and_done,1,1,2025-08-14,2025-08-14
11968,Male,Millennial,one_and_done,1,1,2026-07-01,2026-07-01
11969,Female,Gen Z,one_and_done,1,1,2025-07-09,2025-07-09
11970,Male,Gen X,one_and_done,1,1,2025-12-11,2025-12-11
11971,Female,Millennial,loyal,3,27,2025-07-07,2026-07-08
11972,Female,Millennial,loyal,2,27,2025-07-09,2026-06-19
11973,Male,Gen X,loyal,1,25,2025-07-09,2026-07-07
11974,Male,Millennial,one_and_done,1,1,2026-06-21,2026-06-21
11975,Male,Millennial,one_and_done,3,1,2026-03-27,2026-03-27
11976,Female,Gen X,regular,4,15,2025-09-03,2026-07-02
11977,Male,Millennial,one_and_done,3,1,2026-01-16,2026-01-16
11978,Male,Millennial,one_and_done,2,1,2025-09-20,2025-09-20
11979,Female,Millennial,regular,1,18,2025-07-03,2026-06-10
11980,Male,Millennial,one_and_done,3,1,2026-02-13,2026-02-13
11981,Female,Gen X,regular,5,15,2025-07-05,2026-06-03
11982,Male,Millennial,one_and_done,8,1,2026-03-12,2026-03-12
11983,Female,Millennial,occasional,6,6,2025-08-02,2026-06-30
11984,Male,Millennial,regular,1,22,2025-07-08,2026-06-27
11985,Female,Gen Z,regular,3,14,2025-07-01,2026-05-03
11986,Female,Gen Z,regular,2,14,2025-07-25,2026-05-31
11987,Female,Millennial,occasional,1,6,2025-08-23,2026-05-25
11988,Male,Gen X,occasional,2,6,2025-09-10,2026-06-22
11989,Male,Millennial,occasional,1,7,2025-08-16,2026-06-11
11990,Female,Gen Z,loyal,1,20,2025-07-21,2026-04-25
11991,Female,Gen Z,one_and_done,2,1,2025-12-15,2025-12-15
11992,Female,Gen Z,loyal,5,20,2025-07-10,2026-06-19
11993,Male,Gen X,regular,1,17,2025-09-03,2026-06-19
11994,Female,Gen Z,one_and_done,2,1,2025-09-08,2025-09-08
11995,Male,Boomer,regular,3,12,2025-07-19,2026-06-25
11996,Male,Millennial,occasional,2,7,2025-08-23,2026-06-15
11997,Female,Millennial,loyal,7,27,2025-07-03,2026-06-23
11998,Male,Boomer,loyal,1,18,2025-07-24,2026-06-26
11999,Female,Gen Z,one_and_done,1,1,2026-04-03,2026-04-03
12000,Male,Millennial,one_and_done,3,1,2025-11-06,2025-11-06
12001,Male,Millennial,one_and_done,1,1,2026-02-05,2026-02-05
12002,Male,Boomer,one_and_done,3,1,2026-07-06,2026-07-06
12003,Male,Millennial,one_and_done,4,1,2026-06-04,2026-06-04
12004,Male,Millennial,regular,3,22,2025-07-09,2026-07-09
12005,Male,Gen X,one_and_done,2,1,2026-02-20,2026-02-20
12006,Male,Millennial,occasional,1,7,2025-07-25,2026-06-26
12007,Female,Millennial,one_and_done,8,1,2026-04-09,2026-04-09
12008,Male,Boomer,occasional,1,4,2025-07-12,2026-04-15
12009,Male,Gen Z,one_and_done,3,1,2026-04-18,2026-04-18
12010,Female,Boomer,one_and_done,6,1,2025-11-06,2025-11-06
12011,Male,Gen Z,regular,1,15,2025-07-22,2026-05-21
12012,Male,Boomer,one_and_done,2,1,2025-12-14,2025-12-14
12013,Male,Gen X,one_and_done,1,1,2025-10-10,2025-10-10
12014,Male,Boomer,loyal,1,18,2025-07-25,2026-06-26
12015,Male,Millennial,occasional,5,7,2025-10-04,2026-03-18
12016,Female,Gen X,one_and_done,3,1,2026-02-19,2026-02-19
12017,Female,Gen X,one_and_done,1,1,2025-12-15,2025-12-15
12018,Male,Millennial,one_and_done,4,1,2026-03-19,2026-03-19
12019,Male,Boomer,one_and_done,2,1,2026-05-02,2026-05-02
12020,Female,Millennial,regular,2,18,2025-07-15,2026-05-15
12021,Female,Gen X,occasional,1,5,2025-07-26,2026-05-05
12022,Male,Gen Z,one_and_done,2,1,2026-06-18,2026-06-18
12023,Male,Millennial,one_and_done,5,1,2026-05-22,2026-05-22
12024,Male,Gen Z,one_and_done,1,1,2025-11-12,2025-11-12
12025,Male,Millennial,one_and_done,2,1,2025-11-17,2025-11-17
12026,Male,Millennial,occasional,10,7,2025-07-05,2026-04-15
12027,Female,Millennial,regular,1,18,2025-07-03,2026-07-03
12028,Female,Gen Z,one_and_done,3,1,2026-05-02,2026-05-02
12029,Male,Gen Z,one_and_done,5,1,2026-05-21,2026-05-21
12030,Male,Boomer,one_and_done,1,1,2025-09-11,2025-09-11
12031,Female,Gen Z,one_and_done,4,1,2026-01-04,2026-01-04
12032,Male,Millennial,one_and_done,1,1,2025-11-14,2025-11-14
12033,Male,Gen X,occasional,4,6,2025-08-06,2026-06-28
12034,Male,Gen Z,occasional,1,5,2025-07-10,2026-02-16
12035,Male,Millennial,regular,1,22,2025-07-23,2026-07-08
12036,Male,Millennial,regular,1,22,2025-07-08,2026-07-03
12037,Male,Gen X,one_and_done,1,1,2026-01-24,2026-01-24
12038,Male,Millennial,one_and_done,1,1,2025-08-06,2025-08-06
12039,Female,Millennial,one_and_done,1,1,2026-05-03,2026-05-03
12040,Male,Millennial,regular,1,22,2025-07-19,2026-07-08
12041,Female,Millennial,regular,4,18,2025-08-04,2026-07-04
12042,Female,Millennial,regular,1,18,2025-08-15,2026-06-29
12043,Male,Gen X,one_and_done,1,1,2026-04-28,2026-04-28
12044,Male,Millennial,loyal,1,32,2025-07-01,2026-07-03
12045,Female,Millennial,regular,3,18,2025-08-21,2026-07-01
12046,Female,Millennial,regular,1,18,2025-07-17,2026-07-07
12047,Female,Gen X,loyal,1,23,2025-07-26,2026-06-26
12048,Male,Millennial,one_and_done,1,1,2026-07-06,2026-07-06
12049,Male,Gen X,one_and_done,1,1,2025-10-13,2025-10-13
12050,Male,Millennial,regular,6,22,2025-07-17,2026-06-25
12051,Male,Millennial,one_and_done,5,1,2026-03-09,2026-03-09
12052,Male,Millennial,occasional,7,7,2025-09-07,2026-05-20
12053,Male,Gen X,occasional,5,6,2025-07-05,2026-06-16
12054,Male,Gen Z,one_and_done,1,1,2026-01-13,2026-01-13
12055,Male,Gen Z,one_and_done,3,1,2025-09-05,2025-09-05
12056,Male,Gen X,occasional,4,6,2025-10-25,2026-05-08
12057,Male,Millennial,regular,1,22,2025-08-02,2026-06-27
12058,Male,Gen X,regular,3,17,2025-07-12,2026-06-25
12059,Male,Millennial,occasional,1,7,2025-09-19,2026-04-09
12060,Male,Millennial,regular,5,22,2025-07-13,2026-07-02
12061,Male,Gen X,occasional,1,6,2025-10-31,2026-06-26
12062,Male,Millennial,one_and_done,1,1,2026-05-02,2026-05-02
12063,Male,Millennial,occasional,3,7,2025-08-13,2026-07-01
12064,Male,Millennial,regular,1,22,2025-07-14,2026-06-20
12065,Male,Gen Z,loyal,1,23,2025-07-20,2026-06-30
12066,Male,Gen Z,one_and_done,1,1,2025-10-06,2025-10-06
12067,Male,Gen X,occasional,1,6,2025-08-09,2026-04-05
12068,Female,Millennial,occasional,1,6,2025-09-20,2026-04-14
12069,Female,Gen X,one_and_done,1,1,2026-07-02,2026-07-02
12070,Male,Millennial,one_and_done,4,1,2025-10-27,2025-10-27
12071,Male,Millennial,one_and_done,1,1,2026-04-24,2026-04-24
12072,Male,Millennial,loyal,1,32,2025-07-13,2026-06-18
12073,Male,Millennial,one_and_done,1,1,2025-11-13,2025-11-13
12074,Male,Millennial,occasional,2,7,2025-07-23,2026-04-25
12075,Male,Gen X,loyal,1,25,2025-07-09,2026-06-28
12076,Male,Millennial,occasional,1,7,2025-10-03,2026-03-11
12077,Male,Millennial,one_and_done,4,1,2025-11-21,2025-11-21
12078,Male,Millennial,occasional,2,7,2025-09-18,2026-05-09
12079,Male,Gen Z,one_and_done,1,1,2025-09-10,2025-09-10
12080,Male,Millennial,occasional,8,7,2025-08-30,2026-04-28
12081,Female,Gen Z,one_and_done,6,1,2025-07-21,2025-07-21
12082,Female,Gen X,regular,4,15,2025-08-12,2026-06-27
12083,Male,Millennial,regular,3,22,2025-08-01,2026-07-01
12084,Male,Millennial,occasional,4,7,2025-09-28,2026-05-09
12085,Male,Millennial,one_and_done,1,1,2026-04-11,2026-04-11
12086,Male,Gen X,occasional,1,6,2025-07-04,2026-06-08
12087,Female,Millennial,occasional,1,6,2025-08-09,2026-04-30
12088,Female,Gen X,occasional,1,5,2025-10-31,2026-04-30
12089,Male,Gen X,occasional,1,6,2025-08-21,2026-05-07
12090,Male,Gen Z,regular,4,15,2025-07-10,2026-07-06
12091,Female,Millennial,loyal,4,27,2025-07-05,2026-07-07
12092,Male,Gen X,one_and_done,1,1,2025-09-27,2025-09-27
12093,Male,Millennial,regular,3,22,2025-07-03,2026-07-04
12094,Male,Gen Z,regular,1,15,2025-07-11,2026-07-08
12095,Male,Millennial,loyal,6,32,2025-07-04,2026-06-13
12096,Male,Millennial,loyal,6,32,2025-07-09,2026-07-08
12097,Male,Gen Z,one_and_done,2,1,2026-03-30,2026-03-30
12098,Male,Millennial,one_and_done,1,1,2026-02-20,2026-02-20
12099,Female,Millennial,one_and_done,1,1,2025-11-10,2025-11-10
12100,Male,Millennial,occasional,1,7,2025-07-02,2026-06-26
12101,Male,Gen X,occasional,1,6,2025-07-11,2026-05-15
12102,Male,Gen Z,one_and_done,6,1,2025-10-25,2025-10-25
12103,Male,Millennial,occasional,1,7,2025-10-11,2026-07-06
12104,Male,Millennial,one_and_done,5,1,2025-10-31,2025-10-31
12105,Male,Boomer,loyal,1,18,2025-07-12,2026-04-25
12106,Male,Millennial,one_and_done,1,1,2025-09-02,2025-09-02
12107,Male,Millennial,loyal,6,32,2025-07-04,2026-07-03
12108,Male,Millennial,one_and_done,4,1,2026-02-07,2026-02-07
12109,Male,Gen X,one_and_done,2,1,2026-02-06,2026-02-06
12110,Male,Millennial,occasional,1,7,2025-07-07,2026-05-29
12111,Male,Gen X,one_and_done,5,1,2026-01-07,2026-01-07
12112,Female,Gen Z,one_and_done,10,1,2025-08-11,2025-08-11
12113,Male,Millennial,occasional,2,7,2026-01-26,2026-06-29
12114,Male,Millennial,regular,2,22,2025-08-13,2026-06-14
12115,Male,Millennial,one_and_done,1,1,2026-05-28,2026-05-28
12116,Female,Gen X,occasional,1,5,2025-09-17,2026-05-06
12117,Female,Millennial,regular,10,18,2025-07-13,2026-06-14
12118,Male,Gen X,loyal,1,25,2025-07-05,2026-06-21
12119,Male,Millennial,loyal,4,32,2025-07-18,2026-07-08
12120,Male,Millennial,one_and_done,1,1,2025-08-04,2025-08-04
12121,Male,Millennial,occasional,1,7,2025-07-20,2026-06-02
12122,Male,Boomer,regular,1,12,2025-07-29,2026-05-09
12123,Female,Millennial,regular,3,18,2025-07-07,2026-06-28
12124,Male,Millennial,occasional,1,7,2025-08-08,2026-06-06
12125,Male,Millennial,occasional,2,7,2025-09-11,2026-07-09
12126,Female,Gen X,one_and_done,1,1,2026-05-19,2026-05-19
12127,Male,Gen Z,one_and_done,3,1,2025-07-12,2025-07-12
12128,Male,Gen X,one_and_done,10,1,2025-11-09,2025-11-09
12129,Male,Boomer,occasional,1,4,2025-08-06,2026-06-06
12130,Male,Gen Z,one_and_done,5,1,2025-08-14,2025-08-14
12131,Female,Millennial,one_and_done,1,1,2025-08-02,2025-08-02
12132,Male,Gen Z,regular,7,15,2025-11-14,2026-06-13
12133,Female,Millennial,occasional,5,6,2025-09-12,2026-04-23
12134,Female,Gen Z,one_and_done,1,1,2026-04-03,2026-04-03
12135,Male,Gen X,occasional,1,6,2025-09-19,2026-07-06
12136,Female,Millennial,one_and_done,6,1,2025-07-29,2025-07-29
12137,Male,Millennial,occasional,1,7,2025-07-04,2026-05-16
12138,Male,Millennial,occasional,8,7,2025-09-05,2026-05-12
12139,Male,Gen Z,loyal,6,23,2025-07-09,2026-06-05
12140,Male,Boomer,regular,1,12,2025-07-17,2026-01-30
12141,Female,Millennial,regular,7,18,2025-08-23,2026-06-02
12142,Male,Millennial,regular,1,22,2025-07-11,2026-06-28
12143,Female,Gen Z,occasional,4,5,2025-08-27,2026-05-29
12144,Female,Gen Z,loyal,1,20,2025-07-30,2026-06-28
12145,Female,Gen Z,one_and_done,1,1,2025-12-16,2025-12-16
12146,Female,Gen Z,one_and_done,4,1,2026-06-28,2026-06-28
12147,Male,Gen X,one_and_done,2,1,2026-02-16,2026-02-16
12148,Female,Gen Z,one_and_done,1,1,2026-01-07,2026-01-07
12149,Male,Millennial,one_and_done,1,1,2026-07-09,2026-07-09
12150,Male,Millennial,regular,1,22,2025-07-07,2026-06-27
12151,Female,Millennial,one_and_done,6,1,2025-12-13,2025-12-13
12152,Male,Boomer,one_and_done,5,1,2026-05-22,2026-05-22
12153,Male,Millennial,regular,1,22,2025-07-12,2026-06-30
12154,Male,Millennial,regular,1,22,2025-07-17,2026-06-26
12155,Male,Gen Z,loyal,1,23,2025-07-10,2026-06-26
12156,Male,Gen X,regular,1,17,2025-07-18,2026-07-03
12157,Male,Millennial,regular,1,22,2025-07-05,2026-06-20
12158,Male,Gen X,occasional,7,6,2025-07-18,2026-06-04
12159,Male,Gen Z,one_and_done,4,1,2026-01-31,2026-01-31
12160,Male,Gen Z,occasional,1,5,2025-09-02,2026-04-26
12161,Male,Boomer,one_and_done,3,1,2025-07-01,2025-07-01
12162,Male,Millennial,regular,9,22,2025-07-04,2026-06-26
12163,Male,Gen X,occasional,1,6,2025-08-06,2026-05-11
12164,Male,Millennial,occasional,1,7,2025-07-24,2026-06-26
12165,Male,Millennial,one_and_done,1,1,2026-04-10,2026-04-10
12166,Male,Boomer,one_and_done,3,1,2026-04-25,2026-04-25
12167,Male,Gen X,one_and_done,1,1,2025-07-13,2025-07-13
12168,Male,Millennial,occasional,2,7,2025-08-08,2026-06-29
12169,Female,Millennial,regular,1,18,2025-07-15,2026-07-02
12170,Female,Gen Z,occasional,2,5,2025-08-01,2026-07-06
12171,Male,Millennial,occasional,1,7,2025-08-29,2026-05-31
12172,Male,Millennial,one_and_done,1,1,2026-02-22,2026-02-22
12173,Male,Millennial,occasional,1,7,2025-12-27,2026-07-04
12174,Female,Gen Z,occasional,2,5,2025-07-25,2026-05-28
12175,Male,Gen Z,occasional,3,5,2025-09-07,2026-06-13
12176,Female,Gen Z,regular,1,14,2025-07-07,2026-06-12
12177,Male,Gen Z,one_and_done,1,1,2026-06-20,2026-06-20
12178,Male,Boomer,one_and_done,1,1,2025-10-30,2025-10-30
12179,Female,Millennial,occasional,3,6,2025-08-29,2026-06-19
12180,Female,Gen X,one_and_done,1,1,2025-09-26,2025-09-26
12181,Male,Gen Z,one_and_done,1,1,2026-06-13,2026-06-13
12182,Male,Gen X,loyal,5,25,2025-07-01,2026-06-21
12183,Male,Millennial,occasional,6,7,2025-07-02,2026-07-01
12184,Male,Gen X,regular,1,17,2025-07-24,2026-07-09
12185,Male,Gen Z,one_and_done,3,1,2026-02-04,2026-02-04
12186,Male,Millennial,one_and_done,4,1,2026-01-13,2026-01-13
12187,Male,Gen X,one_and_done,1,1,2026-01-25,2026-01-25
12188,Male,Millennial,loyal,4,32,2025-07-14,2026-07-04
12189,Male,Millennial,one_and_done,1,1,2025-07-27,2025-07-27
12190,Male,Gen Z,occasional,5,5,2025-08-23,2026-06-27
12191,Male,Gen X,occasional,1,6,2025-07-04,2026-05-27
12192,Male,Gen X,occasional,3,6,2026-01-09,2026-06-26
12193,Female,Millennial,one_and_done,1,1,2026-05-01,2026-05-01
12194,Male,Gen X,regular,2,17,2025-07-31,2026-05-30
12195,Male,Gen Z,loyal,1,23,2025-07-03,2026-07-07
12196,Female,Gen X,one_and_done,3,1,2025-07-13,2025-07-13
12197,Male,Millennial,loyal,7,32,2025-07-10,2026-07-06
12198,Male,Gen Z,regular,2,15,2025-07-08,2026-06-21
12199,Female,Gen X,one_and_done,2,1,2026-06-22,2026-06-22
12200,Male,Gen Z,regular,1,15,2025-07-14,2026-06-19
12201,Female,Millennial,one_and_done,4,1,2026-03-05,2026-03-05
12202,Male,Gen Z,occasional,6,5,2025-09-12,2026-04-15
12203,Male,Gen X,one_and_done,3,1,2026-01-29,2026-01-29
12204,Female,Millennial,regular,3,18,2025-07-06,2026-06-25
12205,Male,Gen Z,occasional,1,5,2025-08-14,2026-02-15
12206,Male,Boomer,one_and_done,1,1,2026-03-02,2026-03-02
12207,Male,Millennial,one_and_done,1,1,2026-05-04,2026-05-04
12208,Male,Millennial,loyal,2,32,2025-07-02,2026-07-03
12209,Male,Millennial,regular,1,22,2025-07-18,2026-06-23
12210,Female,Millennial,occasional,1,6,2025-07-06,2026-05-12
12211,Male,Boomer,one_and_done,2,1,2026-05-24,2026-05-24
12212,Male,Gen Z,one_and_done,3,1,2025-11-05,2025-11-05
12213,Female,Gen Z,occasional,2,5,2025-07-21,2026-05-09
12214,Male,Gen X,one_and_done,2,1,2026-01-02,2026-01-02
12215,Female,Gen Z,one_and_done,1,1,2026-01-30,2026-01-30
12216,Male,Gen Z,occasional,6,5,2025-07-16,2026-06-09
12217,Female,Millennial,one_and_done,1,1,2025-08-15,2025-08-15
12218,Male,Millennial,occasional,1,7,2025-07-14,2026-06-19
12219,Male,Gen Z,one_and_done,7,1,2025-10-24,2025-10-24
12220,Female,Millennial,one_and_done,2,1,2025-12-17,2025-12-17
12221,Male,Gen X,occasional,1,6,2025-07-18,2026-05-23
12222,Male,Gen X,one_and_done,1,1,2026-03-28,2026-03-28
12223,Female,Millennial,regular,1,18,2025-07-02,2026-06-27
12224,Female,Millennial,one_and_done,3,1,2025-12-22,2025-12-22
12225,Male,Millennial,occasional,8,7,2025-07-01,2026-07-01
12226,Male,Gen Z,one_and_done,1,1,2025-10-24,2025-10-24
12227,Male,Millennial,regular,1,22,2025-08-01,2026-06-08
12228,Female,Gen Z,one_and_done,2,1,2025-10-04,2025-10-04
12229,Male,Millennial,occasional,1,7,2025-09-14,2026-06-24
12230,Male,Millennial,regular,1,22,2025-07-01,2026-07-06
12231,Female,Gen Z,regular,2,14,2025-08-10,2026-07-04
12232,Male,Millennial,one_and_done,10,1,2026-02-23,2026-02-23
12233,Male,Millennial,occasional,1,7,2025-09-05,2026-05-01
12234,Male,Gen X,one_and_done,2,1,2026-04-01,2026-04-01
12235,Female,Millennial,one_and_done,1,1,2026-05-02,2026-05-02
12236,Male,Gen Z,regular,2,15,2025-07-16,2026-07-09
12237,Male,Gen X,one_and_done,1,1,2026-06-10,2026-06-10
12238,Male,Gen Z,regular,7,15,2025-07-14,2026-06-29
12239,Female,Gen X,regular,2,15,2025-07-30,2026-04-24
12240,Female,Millennial,one_and_done,1,1,2025-10-24,2025-10-24
12241,Male,Gen X,occasional,7,6,2025-08-14,2026-02-06
12242,Female,Millennial,occasional,5,6,2025-08-07,2026-02-05
12243,Male,Millennial,regular,1,22,2025-07-27,2026-07-07
12244,Male,Gen Z,regular,3,15,2025-08-08,2026-07-09
12245,Male,Boomer,occasional,2,4,2025-09-13,2026-02-27
12246,Male,Millennial,one_and_done,1,1,2025-10-12,2025-10-12
12247,Male,Gen X,one_and_done,1,1,2025-11-22,2025-11-22
12248,Male,Millennial,occasional,4,7,2025-07-04,2026-06-27
12249,Female,Gen Z,regular,1,14,2025-07-05,2026-06-30
12250,Male,Millennial,occasional,7,7,2025-07-27,2026-05-08
12251,Male,Millennial,one_and_done,4,1,2026-02-05,2026-02-05
12252,Male,Gen X,regular,10,17,2025-07-23,2026-06-09
12253,Male,Millennial,one_and_done,1,1,2025-07-08,2025-07-08
12254,Female,Gen Z,one_and_done,1,1,2025-11-15,2025-11-15
12255,Female,Boomer,one_and_done,1,1,2026-02-21,2026-02-21
12256,Male,Gen X,occasional,1,6,2025-09-12,2026-04-25
12257,Female,Millennial,loyal,4,27,2025-07-01,2026-07-03
12258,Female,Millennial,one_and_done,4,1,2025-12-01,2025-12-01
12259,Female,Gen Z,one_and_done,1,1,2026-06-22,2026-06-22
12260,Female,Boomer,regular,5,11,2025-10-11,2026-05-16
12261,Female,Millennial,one_and_done,3,1,2026-02-08,2026-02-08
12262,Male,Gen X,loyal,3,25,2025-07-17,2026-07-01
12263,Male,Millennial,occasional,4,7,2025-08-02,2026-06-11
12264,Male,Millennial,occasional,2,7,2025-07-20,2026-07-02
12265,Female,Millennial,regular,1,18,2025-07-07,2026-06-24
12266,Male,Boomer,occasional,7,4,2025-08-30,2026-05-19
12267,Male,Millennial,one_and_done,1,1,2026-01-01,2026-01-01
12268,Female,Gen Z,loyal,1,20,2025-07-23,2026-06-26
12269,Male,Millennial,one_and_done,1,1,2025-09-18,2025-09-18
12270,Female,Millennial,occasional,2,6,2025-07-19,2026-05-07
12271,Male,Gen X,occasional,1,6,2025-07-27,2026-06-14
12272,Male,Millennial,occasional,1,7,2025-09-01,2026-05-20
12273,Female,Millennial,loyal,3,27,2025-07-26,2026-07-05
12274,Male,Gen X,occasional,1,6,2025-08-07,2026-05-28
12275,Male,Gen Z,one_and_done,1,1,2026-02-07,2026-02-07
12276,Female,Gen Z,one_and_done,5,1,2026-05-15,2026-05-15
12277,Male,Gen X,one_and_done,3,1,2025-10-14,2025-10-14
12278,Female,Gen X,regular,7,15,2025-09-07,2026-06-24
12279,Male,Millennial,one_and_done,1,1,2025-12-20,2025-12-20
12280,Male,Gen X,occasional,1,6,2025-07-18,2026-05-18
12281,Female,Gen Z,one_and_done,2,1,2026-03-13,2026-03-13
12282,Male,Millennial,one_and_done,1,1,2026-06-11,2026-06-11
12283,Male,Millennial,occasional,1,7,2025-07-31,2026-07-04
12284,Male,Millennial,loyal,1,32,2025-07-22,2026-07-08
12285,Female,Boomer,one_and_done,3,1,2026-07-07,2026-07-07
12286,Male,Millennial,one_and_done,7,1,2026-04-30,2026-04-30
12287,Male,Gen Z,one_and_done,1,1,2026-06-09,2026-06-09
12288,Male,Gen Z,one_and_done,1,1,2025-10-23,2025-10-23
12289,Male,Millennial,one_and_done,1,1,2026-06-07,2026-06-07
12290,Male,Gen Z,occasional,4,5,2025-07-11,2026-06-14
12291,Male,Gen Z,regular,7,15,2025-07-31,2026-07-07
12292,Male,Millennial,occasional,5,7,2025-07-22,2026-07-02
12293,Male,Millennial,one_and_done,2,1,2025-08-22,2025-08-22
12294,Male,Millennial,regular,5,22,2025-07-30,2026-07-08
12295,Male,Millennial,loyal,1,32,2025-07-26,2026-06-22
12296,Female,Millennial,one_and_done,2,1,2026-05-13,2026-05-13
12297,Female,Millennial,occasional,5,6,2025-07-11,2026-06-20
12298,Male,Boomer,loyal,7,18,2025-08-19,2026-07-08
12299,Male,Gen Z,occasional,2,5,2025-08-02,2026-06-04
12300,Female,Gen X,regular,4,15,2025-07-20,2026-06-29
12301,Female,Millennial,one_and_done,1,1,2025-11-25,2025-11-25
12302,Male,Millennial,one_and_done,1,1,2025-07-24,2025-07-24
12303,Female,Millennial,loyal,1,27,2025-07-02,2026-07-04
12304,Male,Gen Z,one_and_done,2,1,2025-09-22,2025-09-22
12305,Female,Millennial,regular,2,18,2025-08-08,2026-06-23
12306,Male,Millennial,regular,4,22,2025-09-09,2026-07-02
12307,Male,Millennial,one_and_done,9,1,2025-09-11,2025-09-11
12308,Male,Gen X,regular,2,17,2025-07-07,2026-06-27
12309,Male,Millennial,one_and_done,4,1,2025-11-04,2025-11-04
12310,Female,Gen Z,one_and_done,1,1,2026-04-01,2026-04-01
12311,Male,Gen X,occasional,5,6,2025-07-31,2026-05-31
12312,Male,Millennial,regular,1,22,2025-07-09,2026-07-05
12313,Male,Gen X,one_and_done,6,1,2025-08-29,2025-08-29
12314,Female,Millennial,occasional,1,6,2025-07-01,2026-06-01
12315,Male,Millennial,one_and_done,1,1,2025-09-16,2025-09-16
12316,Female,Millennial,one_and_done,5,1,2025-12-16,2025-12-16
12317,Male,Gen Z,regular,1,15,2025-08-05,2026-05-22
12318,Male,Millennial,one_and_done,1,1,2025-08-25,2025-08-25
12319,Male,Millennial,one_and_done,1,1,2026-03-10,2026-03-10
12320,Male,Gen Z,one_and_done,1,1,2025-10-21,2025-10-21
12321,Male,Gen X,one_and_done,2,1,2026-01-09,2026-01-09
12322,Female,Gen X,occasional,1,5,2025-10-29,2026-06-05
12323,Male,Gen Z,loyal,1,23,2025-09-09,2026-07-05
12324,Male,Millennial,loyal,1,32,2025-07-01,2026-06-28
12325,Female,Millennial,one_and_done,1,1,2026-02-14,2026-02-14
12326,Female,Gen Z,one_and_done,1,1,2026-01-23,2026-01-23
12327,Male,Millennial,occasional,3,7,2025-07-02,2026-04-04
12328,Female,Gen Z,loyal,1,20,2025-07-05,2026-04-24
12329,Male,Millennial,one_and_done,6,1,2025-08-30,2025-08-30
12330,Male,Millennial,one_and_done,1,1,2026-01-24,2026-01-24
12331,Male,Gen Z,regular,2,15,2025-07-19,2026-06-18
12332,Female,Millennial,occasional,6,6,2025-08-25,2026-04-08
12333,Male,Gen Z,one_and_done,3,1,2026-03-16,2026-03-16
12334,Female,Gen X,occasional,1,5,2025-11-25,2026-05-29
12335,Male,Millennial,regular,1,22,2025-08-11,2026-07-02
12336,Male,Gen X,occasional,8,6,2025-09-08,2026-03-04
12337,Male,Millennial,one_and_done,1,1,2025-11-28,2025-11-28
12338,Male,Gen X,one_and_done,2,1,2025-07-20,2025-07-20
12339,Female,Gen Z,one_and_done,1,1,2026-05-21,2026-05-21
12340,Male,Millennial,one_and_done,1,1,2026-04-27,2026-04-27
12341,Male,Gen X,one_and_done,2,1,2025-12-04,2025-12-04
12342,Female,Millennial,loyal,6,27,2025-07-01,2026-06-23
12343,Male,Gen Z,regular,3,15,2025-07-03,2026-06-30
12344,Female,Millennial,occasional,1,6,2025-07-15,2026-04-17
12345,Male,Millennial,one_and_done,2,1,2025-12-06,2025-12-06
12346,Male,Gen X,occasional,1,6,2025-07-01,2026-07-02
12347,Male,Boomer,one_and_done,1,1,2026-03-16,2026-03-16
12348,Male,Gen Z,regular,2,15,2025-07-06,2026-05-27
12349,Male,Gen X,regular,5,17,2025-07-10,2026-07-03
12350,Male,Millennial,occasional,4,7,2025-07-05,2026-04-18
12351,Male,Gen Z,loyal,2,23,2025-07-12,2026-07-06
12352,Male,Millennial,one_and_done,1,1,2025-08-18,2025-08-18
12353,Male,Millennial,occasional,1,7,2025-07-15,2026-05-26
12354,Male,Gen X,one_and_done,1,1,2025-12-23,2025-12-23
12355,Female,Gen Z,one_and_done,1,1,2026-06-03,2026-06-03
12356,Male,Gen Z,one_and_done,1,1,2026-03-03,2026-03-03
12357,Female,Millennial,occasional,1,6,2025-11-29,2026-05-14
12358,Male,Millennial,loyal,1,32,2025-07-01,2026-06-23
12359,Male,Gen Z,regular,1,15,2025-07-24,2026-06-21
12360,Female,Millennial,one_and_done,1,1,2026-04-23,2026-04-23
12361,Male,Millennial,occasional,2,7,2025-07-25,2026-06-17
12362,Female,Millennial,loyal,5,27,2025-07-03,2026-06-28
12363,Female,Gen X,regular,2,15,2025-07-02,2026-05-28
12364,Male,Millennial,one_and_done,1,1,2025-07-17,2025-07-17
12365,Male,Millennial,one_and_done,4,1,2026-07-01,2026-07-01
12366,Female,Millennial,occasional,3,6,2025-09-12,2026-07-03
12367,Female,Boomer,one_and_done,1,1,2026-06-26,2026-06-26
12368,Male,Gen Z,loyal,1,23,2025-07-04,2026-07-06
12369,Female,Boomer,loyal,1,16,2025-07-13,2026-04-11
12370,Male,Gen Z,one_and_done,1,1,2026-03-26,2026-03-26
12371,Male,Gen Z,occasional,3,5,2025-07-08,2026-06-20
12372,Male,Millennial,regular,3,22,2025-07-03,2026-06-21
12373,Male,Gen Z,regular,7,15,2025-07-12,2026-06-17
12374,Male,Millennial,one_and_done,2,1,2025-09-13,2025-09-13
12375,Male,Millennial,regular,4,22,2025-07-19,2026-07-04
12376,Male,Boomer,occasional,1,4,2025-07-30,2025-11-05
12377,Female,Millennial,occasional,2,6,2025-12-10,2026-04-14
12378,Female,Millennial,occasional,9,6,2025-08-15,2026-06-22
12379,Male,Gen Z,occasional,2,5,2025-10-03,2026-04-25
12380,Male,Gen Z,loyal,1,23,2025-07-23,2026-07-01
12381,Male,Millennial,one_and_done,2,1,2025-11-01,2025-11-01
12382,Male,Gen Z,occasional,1,5,2025-12-03,2026-04-16
12383,Female,Gen Z,occasional,1,5,2025-10-29,2026-06-06
12384,Female,Millennial,regular,1,18,2025-07-14,2026-07-09
12385,Male,Gen X,occasional,1,6,2025-07-29,2026-07-05
12386,Male,Gen Z,regular,2,15,2025-08-02,2026-06-25
12387,Female,Gen Z,occasional,8,5,2025-07-01,2026-06-30
12388,Female,Gen Z,regular,2,14,2025-08-06,2026-07-03
12389,Male,Millennial,regular,6,22,2025-07-05,2026-07-06
12390,Male,Millennial,regular,1,22,2025-07-11,2026-05-12
12391,Male,Gen X,occasional,3,6,2025-09-04,2026-04-20
12392,Female,Gen X,occasional,2,5,2025-07-07,2026-06-02
12393,Male,Millennial,one_and_done,1,1,2026-01-14,2026-01-14
12394,Male,Millennial,one_and_done,1,1,2025-10-05,2025-10-05
12395,Female,Gen X,occasional,1,5,2025-09-19,2026-05-11
12396,Female,Millennial,loyal,1,27,2025-07-04,2026-07-05
12397,Male,Gen Z,one_and_done,8,1,2026-02-14,2026-02-14
12398,Male,Boomer,one_and_done,1,1,2025-08-28,2025-08-28
12399,Male,Gen Z,regular,1,15,2025-08-02,2026-06-17
12400,Female,Millennial,one_and_done,1,1,2025-12-26,2025-12-26
12401,Male,Millennial,loyal,1,32,2025-07-12,2026-06-29
12402,Male,Gen X,one_and_done,10,1,2025-12-05,2025-12-05
12403,Male,Millennial,occasional,2,7,2025-09-12,2026-07-06
12404,Male,Gen Z,regular,1,15,2025-08-05,2026-07-04
12405,Male,Millennial,one_and_done,1,1,2025-08-20,2025-08-20
12406,Female,Gen Z,one_and_done,1,1,2025-08-21,2025-08-21
12407,Male,Millennial,regular,1,22,2025-07-18,2026-06-28
12408,Male,Millennial,occasional,1,7,2025-09-09,2026-02-20
12409,Male,Boomer,one_and_done,6,1,2026-04-04,2026-04-04
12410,Male,Gen X,loyal,1,25,2025-07-17,2026-07-09
12411,Male,Gen X,one_and_done,5,1,2026-04-14,2026-04-14
12412,Male,Millennial,occasional,1,7,2025-08-12,2026-05-12
12413,Female,Millennial,one_and_done,3,1,2025-07-10,2025-07-10
12414,Female,Gen Z,one_and_done,1,1,2026-03-17,2026-03-17
12415,Male,Gen Z,one_and_done,4,1,2026-03-19,2026-03-19
12416,Male,Millennial,regular,5,22,2025-07-03,2026-07-02
12417,Male,Gen Z,occasional,2,5,2025-07-12,2026-03-28
12418,Female,Gen X,one_and_done,2,1,2026-02-19,2026-02-19
12419,Male,Millennial,regular,3,22,2025-07-26,2026-07-08
12420,Female,Millennial,occasional,3,6,2025-12-11,2026-05-30
12421,Female,Gen Z,loyal,2,20,2025-08-01,2026-07-06
12422,Female,Millennial,regular,1,18,2025-07-03,2026-05-04
12423,Male,Millennial,one_and_done,3,1,2026-04-25,2026-04-25
12424,Male,Gen X,loyal,1,25,2025-08-04,2026-06-28
12425,Female,Millennial,one_and_done,1,1,2026-03-03,2026-03-03
12426,Male,Millennial,occasional,1,7,2025-10-09,2026-04-18
12427,Male,Gen X,loyal,1,25,2025-07-05,2026-06-25
12428,Male,Millennial,one_and_done,1,1,2026-01-04,2026-01-04
12429,Male,Millennial,one_and_done,1,1,2026-04-02,2026-04-02
12430,Male,Gen Z,loyal,4,23,2025-07-13,2026-06-29
12431,Male,Millennial,occasional,2,7,2025-07-02,2026-06-25
12432,Female,Gen Z,one_and_done,7,1,2025-07-16,2025-07-16
12433,Female,Millennial,occasional,1,6,2025-07-16,2026-06-19
12434,Female,Millennial,one_and_done,1,1,2026-02-11,2026-02-11
12435,Male,Millennial,occasional,1,7,2025-08-15,2026-06-26
12436,Male,Millennial,loyal,3,32,2025-07-10,2026-07-09
12437,Male,Millennial,occasional,4,7,2025-07-03,2026-06-08
12438,Female,Millennial,regular,4,18,2025-10-19,2026-06-30
12439,Female,Gen Z,one_and_done,2,1,2026-03-21,2026-03-21
12440,Male,Millennial,regular,4,22,2025-07-14,2026-07-08
12441,Female,Millennial,one_and_done,1,1,2025-09-20,2025-09-20
12442,Male,Gen Z,occasional,3,5,2026-01-07,2026-06-28
12443,Male,Millennial,one_and_done,7,1,2025-12-27,2025-12-27
12444,Female,Gen X,occasional,4,5,2025-07-17,2026-06-18
12445,Male,Gen X,regular,3,17,2025-08-02,2026-06-19
12446,Female,Millennial,occasional,1,6,2025-07-12,2026-06-10
12447,Male,Gen Z,one_and_done,1,1,2025-08-29,2025-08-29
12448,Male,Gen Z,loyal,1,23,2025-07-05,2026-07-08
12449,Male,Gen Z,occasional,3,5,2025-07-19,2026-05-28
12450,Male,Gen X,regular,1,17,2025-07-15,2026-07-09
12451,Male,Millennial,one_and_done,1,1,2025-09-12,2025-09-12
12452,Male,Gen X,one_and_done,1,1,2026-05-01,2026-05-01
12453,Male,Gen X,occasional,6,6,2025-08-09,2026-05-16
12454,Male,Gen Z,regular,3,15,2025-07-14,2026-06-15
12455,Male,Gen Z,one_and_done,7,1,2026-05-02,2026-05-02
12456,Male,Millennial,one_and_done,1,1,2025-11-26,2025-11-26
12457,Male,Boomer,one_and_done,6,1,2026-03-16,2026-03-16
12458,Female,Gen Z,occasional,2,5,2025-08-02,2026-03-05
12459,Male,Millennial,regular,1,22,2025-07-05,2026-05-20
12460,Female,Millennial,regular,1,18,2025-07-04,2026-07-08
12461,Female,Gen Z,loyal,1,20,2025-07-24,2026-06-27
12462,Female,Gen Z,occasional,3,5,2025-09-22,2026-06-25
12463,Female,Millennial,occasional,3,6,2025-07-15,2026-06-20
12464,Male,Millennial,one_and_done,3,1,2025-11-07,2025-11-07
12465,Male,Boomer,one_and_done,1,1,2025-11-02,2025-11-02
12466,Male,Millennial,one_and_done,3,1,2025-12-18,2025-12-18
12467,Female,Millennial,occasional,3,6,2025-08-08,2026-06-04
12468,Male,Millennial,loyal,2,32,2025-07-03,2026-07-01
12469,Male,Millennial,one_and_done,2,1,2026-06-05,2026-06-05
12470,Male,Millennial,one_and_done,1,1,2025-08-08,2025-08-08
12471,Male,Gen X,regular,3,17,2025-07-15,2026-06-30
12472,Female,Millennial,regular,1,18,2025-07-12,2026-06-25
12473,Female,Gen Z,regular,1,14,2025-07-29,2026-07-05
12474,Male,Millennial,occasional,2,7,2025-08-20,2026-05-25
12475,Male,Millennial,loyal,4,32,2025-07-20,2026-07-01
12476,Male,Boomer,regular,2,12,2025-08-25,2026-05-27
12477,Male,Millennial,occasional,2,7,2025-08-01,2026-07-02
12478,Female,Millennial,one_and_done,3,1,2026-04-29,2026-04-29
12479,Female,Millennial,occasional,7,6,2025-07-10,2026-06-29
12480,Male,Millennial,occasional,4,7,2025-07-20,2026-01-25
12481,Female,Gen Z,one_and_done,5,1,2026-06-18,2026-06-18
12482,Male,Millennial,regular,1,22,2025-07-28,2026-06-21
12483,Female,Gen Z,occasional,1,5,2025-07-22,2026-05-06
12484,Female,Millennial,one_and_done,1,1,2026-01-11,2026-01-11
12485,Female,Gen X,one_and_done,1,1,2025-11-24,2025-11-24
12486,Female,Gen Z,one_and_done,5,1,2025-09-06,2025-09-06
12487,Male,Millennial,one_and_done,10,1,2026-06-15,2026-06-15
12488,Male,Millennial,one_and_done,1,1,2026-05-05,2026-05-05
12489,Male,Gen X,one_and_done,1,1,2025-07-11,2025-07-11
12490,Female,Millennial,one_and_done,1,1,2026-04-03,2026-04-03
12491,Female,Gen X,one_and_done,1,1,2026-06-04,2026-06-04
12492,Male,Boomer,one_and_done,2,1,2026-01-21,2026-01-21
12493,Female,Millennial,one_and_done,1,1,2025-08-15,2025-08-15
12494,Male,Millennial,regular,5,22,2025-07-06,2026-06-26
12495,Female,Gen Z,one_and_done,1,1,2025-07-07,2025-07-07
12496,Female,Millennial,occasional,1,6,2025-07-03,2026-04-27
12497,Male,Millennial,one_and_done,1,1,2025-07-24,2025-07-24
12498,Female,Millennial,occasional,1,6,2025-07-12,2026-03-08
12499,Female,Gen Z,regular,4,14,2025-07-03,2026-05-27
12500,Male,Gen X,regular,7,17,2025-07-10,2026-07-08
12501,Male,Millennial,one_and_done,3,1,2026-05-30,2026-05-30
12502,Male,Gen Z,one_and_done,2,1,2026-05-10,2026-05-10
12503,Female,Gen Z,one_and_done,9,1,2026-05-01,2026-05-01
12504,Male,Gen X,loyal,3,25,2025-07-01,2026-07-05
12505,Male,Gen Z,one_and_done,7,1,2025-12-18,2025-12-18
12506,Male,Gen Z,one_and_done,1,1,2026-03-27,2026-03-27
12507,Male,Gen Z,occasional,1,5,2025-11-06,2026-05-26
12508,Male,Millennial,one_and_done,1,1,2025-10-10,2025-10-10
12509,Male,Gen X,one_and_done,1,1,2025-07-07,2025-07-07
12510,Male,Boomer,regular,2,12,2025-07-18,2026-06-23
12511,Female,Millennial,occasional,2,6,2025-07-14,2026-06-13
12512,Female,Gen X,one_and_done,1,1,2025-08-16,2025-08-16
12513,Male,Gen Z,occasional,2,5,2025-07-02,2026-03-04
12514,Male,Gen Z,regular,10,15,2025-08-28,2026-06-11
12515,Male,Gen X,one_and_done,3,1,2025-09-18,2025-09-18
12516,Male,Millennial,occasional,1,7,2025-08-04,2026-07-09
12517,Male,Millennial,one_and_done,1,1,2025-09-10,2025-09-10
12518,Female,Millennial,one_and_done,4,1,2025-07-25,2025-07-25
12519,Male,Millennial,one_and_done,5,1,2026-01-15,2026-01-15
12520,Male,Millennial,regular,4,22,2025-07-12,2026-07-09
12521,Male,Millennial,regular,1,22,2025-07-05,2026-07-09
12522,Female,Gen Z,one_and_done,2,1,2025-10-31,2025-10-31
12523,Male,Gen X,loyal,1,25,2025-07-16,2026-06-27
12524,Male,Millennial,one_and_done,1,1,2026-06-13,2026-06-13
12525,Male,Millennial,one_and_done,2,1,2025-08-28,2025-08-28
12526,Female,Millennial,regular,1,18,2025-07-14,2026-05-21
12527,Male,Gen Z,occasional,1,5,2025-08-09,2026-04-25
12528,Male,Millennial,loyal,1,32,2025-07-11,2026-07-06
12529,Female,Millennial,one_and_done,1,1,2026-04-09,2026-04-09
12530,Male,Millennial,one_and_done,1,1,2025-10-28,2025-10-28
12531,Male,Millennial,occasional,1,7,2025-08-15,2026-03-30
12532,Male,Millennial,occasional,1,7,2025-08-10,2026-06-04
12533,Female,Millennial,regular,1,18,2025-07-11,2026-07-07
12534,Male,Millennial,one_and_done,1,1,2025-11-21,2025-11-21
12535,Female,Gen X,occasional,3,5,2025-07-02,2026-05-06
12536,Female,Millennial,one_and_done,1,1,2025-12-06,2025-12-06
12537,Male,Millennial,regular,4,22,2025-08-26,2026-07-04
12538,Female,Gen X,one_and_done,1,1,2026-04-02,2026-04-02
12539,Male,Boomer,regular,3,12,2025-07-02,2026-06-13
12540,Female,Millennial,one_and_done,1,1,2026-05-23,2026-05-23
12541,Male,Millennial,one_and_done,5,1,2026-04-26,2026-04-26
12542,Male,Gen X,one_and_done,4,1,2025-09-24,2025-09-24
12543,Female,Gen X,one_and_done,7,1,2026-02-07,2026-02-07
12544,Male,Gen X,loyal,1,25,2025-07-08,2026-07-02
12545,Male,Gen Z,one_and_done,1,1,2025-09-19,2025-09-19
12546,Female,Boomer,occasional,1,4,2025-09-14,2026-03-18
12547,Male,Millennial,one_and_done,1,1,2026-03-09,2026-03-09
12548,Male,Gen X,occasional,1,6,2025-07-10,2026-06-26
12549,Male,Gen Z,regular,2,15,2025-07-26,2026-07-06
12550,Male,Boomer,regular,1,12,2025-08-08,2026-06-27
12551,Male,Millennial,occasional,1,7,2025-09-14,2026-04-23
12552,Male,Gen Z,one_and_done,2,1,2026-02-06,2026-02-06
12553,Female,Millennial,occasional,2,6,2025-07-03,2026-05-12
12554,Male,Gen X,regular,1,17,2025-07-03,2026-05-11
12555,Male,Millennial,one_and_done,1,1,2026-03-23,2026-03-23
12556,Female,Millennial,one_and_done,8,1,2025-12-16,2025-12-16
12557,Female,Millennial,one_and_done,1,1,2025-09-18,2025-09-18
12558,Male,Millennial,occasional,2,7,2025-09-24,2026-04-01
12559,Male,Millennial,one_and_done,1,1,2025-11-05,2025-11-05
12560,Male,Gen Z,occasional,3,5,2025-07-29,2026-02-03
12561,Male,Gen Z,occasional,3,5,2025-11-26,2026-04-11
12562,Female,Millennial,loyal,2,27,2025-07-04,2026-06-26
12563,Male,Gen X,regular,1,17,2025-07-11,2026-06-25
12564,Female,Millennial,one_and_done,4,1,2026-06-26,2026-06-26
12565,Female,Millennial,one_and_done,1,1,2025-11-03,2025-11-03
12566,Male,Gen Z,one_and_done,1,1,2026-03-17,2026-03-17
12567,Male,Gen X,regular,2,17,2025-07-01,2026-06-26
12568,Male,Gen Z,one_and_done,1,1,2025-12-31,2025-12-31
12569,Male,Millennial,one_and_done,3,1,2026-03-12,2026-03-12
12570,Female,Boomer,occasional,1,4,2025-09-15,2026-05-08
12571,Male,Millennial,loyal,3,32,2025-07-05,2026-07-06
12572,Male,Millennial,one_and_done,1,1,2025-08-02,2025-08-02
12573,Female,Gen X,one_and_done,2,1,2026-03-07,2026-03-07
12574,Male,Gen X,one_and_done,1,1,2025-09-13,2025-09-13
12575,Male,Millennial,regular,1,22,2025-07-28,2026-07-04
12576,Male,Gen X,one_and_done,4,1,2026-05-12,2026-05-12
12577,Female,Millennial,loyal,3,27,2025-07-05,2026-06-28
12578,Male,Millennial,loyal,7,32,2025-07-01,2026-07-08
12579,Male,Gen X,occasional,1,6,2025-09-25,2026-05-19
12580,Male,Boomer,one_and_done,4,1,2026-05-31,2026-05-31
12581,Male,Millennial,one_and_done,1,1,2025-11-08,2025-11-08
12582,Female,Gen Z,occasional,5,5,2025-07-05,2026-05-03
12583,Male,Gen Z,regular,1,15,2025-07-27,2026-07-05
12584,Female,Millennial,one_and_done,3,1,2025-09-05,2025-09-05
12585,Male,Millennial,regular,5,22,2025-08-15,2026-07-03
12586,Male,Gen Z,occasional,6,5,2025-08-22,2026-05-06
12587,Male,Gen Z,occasional,9,5,2025-07-03,2026-05-25
12588,Female,Millennial,occasional,4,6,2025-08-18,2026-05-29
12589,Male,Millennial,one_and_done,1,1,2026-07-03,2026-07-03
12590,Male,Boomer,loyal,1,18,2025-07-10,2026-07-03
12591,Female,Gen X,regular,1,15,2025-07-19,2026-07-04
12592,Male,Gen Z,one_and_done,2,1,2026-05-22,2026-05-22
12593,Male,Millennial,regular,3,22,2025-07-07,2026-07-02
12594,Male,Millennial,one_and_done,5,1,2025-11-11,2025-11-11
12595,Female,Boomer,loyal,8,16,2025-07-11,2026-07-04
12596,Male,Gen X,occasional,1,6,2025-07-18,2026-03-15
12597,Male,Gen X,one_and_done,2,1,2025-10-24,2025-10-24
12598,Female,Gen Z,occasional,1,5,2025-07-10,2025-12-31
12599,Male,Gen Z,occasional,7,5,2025-08-23,2026-04-24
12600,Female,Gen X,one_and_done,1,1,2025-12-31,2025-12-31
12601,Male,Millennial,occasional,6,7,2025-10-30,2026-06-27
12602,Male,Gen X,loyal,4,25,2025-07-07,2026-07-04
12603,Male,Millennial,one_and_done,1,1,2026-03-18,2026-03-18
12604,Male,Millennial,one_and_done,2,1,2025-08-21,2025-08-21
12605,Female,Millennial,one_and_done,2,1,2026-01-11,2026-01-11
12606,Female,Millennial,one_and_done,2,1,2025-08-16,2025-08-16
12607,Male,Gen Z,regular,2,15,2025-07-04,2026-04-23
12608,Male,Gen Z,one_and_done,1,1,2026-02-21,2026-02-21
12609,Male,Gen X,one_and_done,1,1,2026-03-24,2026-03-24
12610,Male,Gen Z,regular,2,15,2025-07-13,2026-07-03
12611,Male,Millennial,regular,1,22,2025-07-05,2026-06-24
12612,Male,Gen X,one_and_done,1,1,2025-08-18,2025-08-18
12613,Male,Boomer,loyal,1,18,2025-07-17,2026-06-09
12614,Male,Millennial,regular,4,22,2025-07-14,2026-06-01
12615,Female,Gen Z,regular,8,14,2025-07-01,2026-06-23
12616,Male,Millennial,loyal,1,32,2025-08-29,2026-07-03
12617,Male,Gen X,one_and_done,1,1,2025-12-13,2025-12-13
12618,Female,Gen Z,occasional,1,5,2025-08-11,2026-04-17
12619,Female,Millennial,occasional,4,6,2025-07-05,2026-07-07
12620,Female,Millennial,one_and_done,1,1,2025-11-01,2025-11-01
12621,Male,Gen X,occasional,2,6,2025-11-01,2026-05-22
12622,Male,Millennial,loyal,2,32,2025-07-04,2026-07-02
12623,Male,Millennial,one_and_done,1,1,2026-01-04,2026-01-04
12624,Female,Gen Z,one_and_done,1,1,2026-05-14,2026-05-14
12625,Female,Millennial,one_and_done,4,1,2026-03-04,2026-03-04
12626,Female,Millennial,one_and_done,1,1,2025-11-08,2025-11-08
12627,Male,Gen Z,occasional,2,5,2025-11-28,2026-05-25
12628,Female,Millennial,one_and_done,2,1,2026-03-21,2026-03-21
12629,Female,Millennial,regular,1,18,2025-07-25,2026-06-06
12630,Male,Gen Z,one_and_done,8,1,2026-04-24,2026-04-24
12631,Male,Gen Z,one_and_done,1,1,2026-02-02,2026-02-02
12632,Male,Millennial,occasional,1,7,2025-07-19,2026-03-21
12633,Male,Millennial,one_and_done,2,1,2025-08-06,2025-08-06
12634,Male,Gen Z,one_and_done,1,1,2026-01-04,2026-01-04
12635,Female,Gen X,occasional,4,5,2025-07-22,2026-02-02
12636,Male,Gen Z,one_and_done,1,1,2026-02-27,2026-02-27
12637,Male,Millennial,one_and_done,1,1,2026-01-22,2026-01-22
12638,Female,Gen X,one_and_done,1,1,2025-07-07,2025-07-07
12639,Male,Millennial,one_and_done,1,1,2025-12-31,2025-12-31
12640,Male,Millennial,loyal,1,32,2025-07-01,2026-07-06
12641,Male,Gen X,one_and_done,4,1,2026-01-18,2026-01-18
12642,Male,Gen X,occasional,6,6,2025-08-13,2026-07-03
12643,Male,Gen X,one_and_done,1,1,2026-04-24,2026-04-24
12644,Female,Gen Z,regular,2,14,2025-08-20,2026-06-12
12645,Male,Gen Z,loyal,5,23,2025-07-21,2026-07-07
12646,Male,Millennial,one_and_done,1,1,2025-11-20,2025-11-20
12647,Male,Gen Z,one_and_done,6,1,2025-12-16,2025-12-16
12648,Male,Gen X,occasional,4,6,2025-07-10,2026-05-20
12649,Male,Gen Z,one_and_done,1,1,2026-03-29,2026-03-29
12650,Male,Gen Z,one_and_done,2,1,2025-12-20,2025-12-20
12651,Male,Gen Z,regular,2,15,2025-07-01,2026-07-02
12652,Male,Millennial,one_and_done,5,1,2026-05-08,2026-05-08
12653,Male,Millennial,occasional,3,7,2025-07-11,2025-12-28
12654,Female,Millennial,occasional,5,6,2025-09-29,2026-05-29
12655,Male,Millennial,one_and_done,7,1,2026-01-27,2026-01-27
12656,Male,Millennial,loyal,1,32,2025-07-20,2026-07-04
12657,Male,Millennial,occasional,2,7,2025-10-15,2026-06-05
12658,Male,Gen Z,one_and_done,4,1,2025-10-11,2025-10-11
12659,Female,Millennial,one_and_done,1,1,2026-02-16,2026-02-16
12660,Male,Millennial,one_and_done,1,1,2025-10-04,2025-10-04
12661,Female,Gen X,regular,1,15,2025-07-13,2026-06-25
12662,Male,Millennial,one_and_done,1,1,2025-09-19,2025-09-19
12663,Male,Gen Z,occasional,1,5,2025-11-29,2026-06-26
12664,Male,Gen Z,one_and_done,1,1,2026-06-29,2026-06-29
12665,Female,Millennial,occasional,1,6,2025-11-18,2026-05-08
12666,Male,Millennial,occasional,6,7,2025-08-18,2026-06-19
12667,Male,Millennial,loyal,1,32,2025-07-19,2026-07-08
12668,Male,Gen Z,occasional,6,5,2025-09-11,2026-04-24
12669,Male,Gen Z,regular,1,15,2025-07-09,2026-07-06
12670,Male,Gen Z,one_and_done,5,1,2025-10-03,2025-10-03
12671,Male,Gen X,occasional,1,6,2025-08-19,2026-07-07
12672,Male,Millennial,loyal,3,32,2025-08-08,2026-06-29
12673,Female,Gen X,one_and_done,6,1,2026-06-25,2026-06-25
12674,Male,Boomer,regular,1,12,2025-11-08,2026-06-30
12675,Male,Millennial,one_and_done,1,1,2025-12-23,2025-12-23
12676,Male,Millennial,one_and_done,1,1,2025-08-23,2025-08-23
12677,Male,Millennial,regular,5,22,2025-07-03,2026-06-23
12678,Male,Gen Z,occasional,2,5,2025-07-18,2026-06-03
12679,Female,Millennial,occasional,2,6,2025-07-25,2026-05-08
12680,Male,Gen Z,one_and_done,1,1,2025-09-25,2025-09-25
12681,Male,Millennial,occasional,1,7,2025-08-23,2026-06-15
12682,Female,Gen Z,one_and_done,1,1,2026-05-17,2026-05-17
12683,Male,Millennial,occasional,1,7,2025-07-11,2026-07-02
12684,Male,Gen Z,regular,3,15,2025-08-22,2026-05-31
12685,Female,Gen Z,regular,1,14,2025-08-06,2026-06-26
12686,Male,Millennial,loyal,4,32,2025-07-04,2026-06-20
12687,Female,Millennial,occasional,4,6,2025-09-08,2026-06-23
12688,Female,Gen X,one_and_done,5,1,2025-08-01,2025-08-01
12689,Male,Gen Z,loyal,2,23,2025-08-07,2026-06-04
12690,Female,Millennial,loyal,2,27,2025-07-02,2026-06-29
12691,Male,Gen Z,one_and_done,2,1,2026-03-25,2026-03-25
12692,Female,Millennial,occasional,1,6,2025-09-16,2026-04-24
12693,Female,Gen X,one_and_done,1,1,2025-08-30,2025-08-30
12694,Male,Gen X,loyal,1,25,2025-08-08,2026-07-09
12695,Male,Millennial,one_and_done,1,1,2026-01-02,2026-01-02
12696,Female,Gen Z,regular,6,14,2025-07-07,2026-07-07
12697,Male,Millennial,regular,1,22,2025-07-11,2026-03-31
12698,Male,Gen X,occasional,1,6,2026-01-01,2026-05-23
12699,Male,Boomer,occasional,5,4,2025-08-25,2026-05-31
12700,Male,Gen Z,loyal,1,23,2025-07-19,2026-05-24
12701,Male,Boomer,occasional,2,4,2025-09-13,2026-05-08
12702,Male,Millennial,occasional,1,7,2025-07-09,2026-05-28
12703,Male,Gen X,occasional,1,6,2025-07-28,2026-06-19
12704,Male,Millennial,occasional,2,7,2025-08-08,2026-04-24
12705,Female,Gen Z,one_and_done,1,1,2026-03-20,2026-03-20
12706,Male,Boomer,one_and_done,5,1,2026-02-17,2026-02-17
12707,Female,Gen Z,occasional,2,5,2025-07-24,2026-05-16
12708,Male,Gen Z,occasional,1,5,2025-07-21,2026-05-08
12709,Female,Millennial,one_and_done,2,1,2026-04-22,2026-04-22
12710,Male,Millennial,occasional,1,7,2025-07-11,2026-05-15
12711,Male,Millennial,occasional,1,7,2025-07-22,2026-06-13
12712,Male,Boomer,one_and_done,10,1,2025-10-31,2025-10-31
12713,Male,Gen Z,one_and_done,1,1,2025-10-17,2025-10-17
12714,Male,Millennial,one_and_done,1,1,2026-07-01,2026-07-01
12715,Male,Millennial,occasional,2,7,2025-08-05,2026-05-02
12716,Male,Gen Z,loyal,5,23,2025-07-05,2026-06-30
12717,Male,Gen Z,regular,7,15,2025-07-14,2026-07-04
12718,Male,Gen X,regular,5,17,2025-08-02,2026-07-08
12719,Male,Gen X,regular,1,17,2025-07-26,2026-04-10
12720,Female,Millennial,loyal,2,27,2025-08-12,2026-07-04
12721,Male,Gen X,occasional,1,6,2025-08-05,2026-05-16
12722,Female,Boomer,one_and_done,10,1,2026-01-14,2026-01-14
12723,Male,Gen Z,occasional,1,5,2025-08-28,2026-02-12
12724,Male,Gen Z,one_and_done,5,1,2026-04-15,2026-04-15
12725,Male,Millennial,one_and_done,1,1,2025-09-29,2025-09-29
12726,Male,Boomer,loyal,9,18,2025-07-26,2026-07-01
12727,Male,Millennial,one_and_done,1,1,2025-10-03,2025-10-03
12728,Male,Gen Z,loyal,1,23,2025-07-03,2026-06-13
12729,Male,Boomer,loyal,1,18,2025-07-02,2026-06-20
12730,Male,Millennial,one_and_done,1,1,2025-10-22,2025-10-22
12731,Male,Millennial,occasional,3,7,2025-07-17,2026-05-13
12732,Female,Gen Z,occasional,1,5,2025-07-03,2026-02-06
12733,Male,Millennial,occasional,8,7,2025-07-04,2026-05-12
12734,Male,Millennial,regular,1,22,2025-07-24,2026-06-25
12735,Female,Millennial,occasional,2,6,2025-09-19,2026-06-20
12736,Female,Gen X,one_and_done,1,1,2025-09-22,2025-09-22
12737,Male,Gen Z,regular,4,15,2025-07-06,2026-06-04
12738,Female,Millennial,one_and_done,2,1,2026-03-29,2026-03-29
12739,Male,Gen Z,regular,1,15,2025-07-25,2026-07-04
12740,Male,Millennial,regular,1,22,2025-07-02,2026-07-08
12741,Male,Millennial,regular,10,22,2025-07-30,2026-07-04
12742,Female,Gen Z,occasional,2,5,2025-08-28,2026-03-30
12743,Male,Gen X,occasional,1,6,2025-07-07,2026-06-24
12744,Male,Boomer,one_and_done,2,1,2025-11-04,2025-11-04
12745,Male,Millennial,one_and_done,1,1,2026-01-18,2026-01-18
12746,Female,Gen Z,occasional,1,5,2025-07-10,2026-04-27
12747,Female,Gen X,occasional,1,5,2025-11-22,2026-07-07
12748,Male,Gen X,occasional,1,6,2025-08-10,2026-05-06
12749,Female,Millennial,one_and_done,2,1,2026-02-05,2026-02-05
12750,Female,Gen X,one_and_done,6,1,2026-01-03,2026-01-03
12751,Male,Gen X,one_and_done,1,1,2025-07-30,2025-07-30
12752,Female,Gen X,one_and_done,1,1,2025-07-31,2025-07-31
12753,Male,Gen Z,loyal,3,23,2025-07-10,2026-06-12
12754,Male,Gen Z,one_and_done,1,1,2026-03-29,2026-03-29
12755,Female,Gen Z,regular,3,14,2025-09-13,2026-06-08
12756,Male,Millennial,one_and_done,1,1,2025-07-11,2025-07-11
12757,Male,Gen Z,one_and_done,5,1,2026-06-12,2026-06-12
12758,Female,Gen X,occasional,1,5,2025-08-22,2026-04-20
12759,Male,Gen Z,regular,1,15,2025-08-16,2026-06-20
12760,Male,Millennial,occasional,1,7,2025-08-03,2026-06-28
12761,Female,Millennial,regular,1,18,2025-08-07,2026-06-20
12762,Male,Millennial,one_and_done,5,1,2025-11-01,2025-11-01
12763,Female,Gen X,one_and_done,1,1,2025-10-12,2025-10-12
12764,Male,Millennial,one_and_done,2,1,2026-05-30,2026-05-30
12765,Male,Gen X,loyal,1,25,2025-07-15,2026-06-16
12766,Male,Gen X,regular,8,17,2025-07-08,2026-06-29
12767,Female,Gen Z,one_and_done,1,1,2026-02-25,2026-02-25
12768,Male,Gen Z,one_and_done,4,1,2026-01-14,2026-01-14
12769,Male,Gen Z,one_and_done,1,1,2025-08-25,2025-08-25
12770,Male,Gen Z,one_and_done,3,1,2026-05-18,2026-05-18
12771,Male,Millennial,occasional,6,7,2025-08-28,2026-04-21
12772,Female,Gen Z,occasional,1,5,2025-07-20,2026-07-01
12773,Male,Millennial,one_and_done,5,1,2026-01-25,2026-01-25
12774,Male,Millennial,one_and_done,3,1,2026-04-11,2026-04-11
12775,Male,Gen X,occasional,5,6,2025-08-02,2026-04-19
12776,Male,Gen Z,loyal,2,23,2025-07-11,2026-07-09
12777,Female,Gen Z,regular,6,14,2025-07-12,2026-06-15
12778,Male,Gen X,occasional,4,6,2025-08-30,2026-06-03
12779,Male,Millennial,one_and_done,10,1,2025-10-17,2025-10-17
12780,Female,Millennial,one_and_done,2,1,2025-09-11,2025-09-11
12781,Female,Millennial,one_and_done,4,1,2026-02-21,2026-02-21
12782,Male,Millennial,loyal,1,32,2025-07-25,2026-07-09
12783,Male,Millennial,loyal,1,32,2025-07-04,2026-07-04
12784,Male,Millennial,one_and_done,2,1,2025-09-05,2025-09-05
12785,Female,Millennial,one_and_done,2,1,2025-08-01,2025-08-01
12786,Female,Boomer,one_and_done,6,1,2025-08-25,2025-08-25
12787,Male,Gen X,one_and_done,10,1,2026-04-12,2026-04-12
12788,Male,Millennial,regular,1,22,2025-07-04,2026-06-28
12789,Male,Gen Z,one_and_done,9,1,2026-03-11,2026-03-11
12790,Female,Gen Z,occasional,6,5,2025-10-03,2026-06-13
12791,Male,Millennial,occasional,1,7,2025-07-19,2026-05-14
12792,Female,Millennial,occasional,1,6,2025-08-29,2026-05-04
12793,Male,Millennial,occasional,3,7,2025-08-30,2026-05-15
12794,Male,Gen Z,one_and_done,2,1,2026-06-18,2026-06-18
12795,Female,Millennial,loyal,1,27,2025-07-03,2026-07-02
12796,Male,Gen X,occasional,1,6,2025-09-16,2026-07-04
12797,Male,Millennial,one_and_done,3,1,2026-02-07,2026-02-07
12798,Male,Gen X,one_and_done,1,1,2025-09-18,2025-09-18
12799,Male,Gen Z,loyal,1,23,2025-07-18,2026-07-07
12800,Male,Millennial,one_and_done,1,1,2025-08-08,2025-08-08
12801,Male,Millennial,one_and_done,1,1,2025-10-10,2025-10-10
12802,Male,Gen Z,one_and_done,1,1,2026-05-02,2026-05-02
12803,Male,Millennial,one_and_done,1,1,2026-01-17,2026-01-17
12804,Female,Millennial,one_and_done,4,1,2026-05-05,2026-05-05
12805,Male,Millennial,one_and_done,1,1,2026-06-03,2026-06-03
12806,Male,Millennial,occasional,5,7,2025-08-28,2026-06-08
12807,Female,Gen Z,occasional,1,5,2025-12-26,2026-03-14
12808,Male,Millennial,one_and_done,1,1,2025-10-06,2025-10-06
12809,Male,Millennial,loyal,10,32,2025-07-03,2026-06-30
12810,Male,Gen Z,one_and_done,1,1,2026-04-10,2026-04-10
12811,Male,Millennial,one_and_done,4,1,2025-09-22,2025-09-22
12812,Male,Millennial,occasional,1,7,2025-07-17,2026-02-11
12813,Male,Boomer,loyal,6,18,2025-07-15,2026-05-26
12814,Male,Millennial,occasional,1,7,2025-08-06,2026-05-02
12815,Male,Millennial,occasional,2,7,2025-07-05,2026-05-15
12816,Male,Millennial,loyal,3,32,2025-07-05,2026-06-08
12817,Male,Millennial,occasional,1,7,2025-08-14,2026-05-23
12818,Female,Millennial,one_and_done,5,1,2026-05-15,2026-05-15
12819,Male,Millennial,occasional,1,7,2025-09-23,2026-06-09
12820,Male,Gen Z,one_and_done,8,1,2026-01-14,2026-01-14
12821,Male,Millennial,regular,1,22,2025-07-19,2026-06-26
12822,Male,Gen Z,regular,1,15,2025-07-19,2026-06-18
12823,Male,Gen Z,one_and_done,2,1,2026-02-21,2026-02-21
12824,Female,Millennial,one_and_done,2,1,2025-12-10,2025-12-10
12825,Male,Millennial,regular,1,22,2025-07-15,2026-06-22
12826,Female,Millennial,one_and_done,1,1,2026-04-09,2026-04-09
12827,Female,Gen X,one_and_done,1,1,2025-12-01,2025-12-01
12828,Male,Gen Z,one_and_done,1,1,2025-10-15,2025-10-15
12829,Male,Gen X,one_and_done,4,1,2025-08-20,2025-08-20
12830,Female,Gen X,regular,1,15,2025-08-23,2026-07-07
12831,Female,Millennial,regular,5,18,2025-08-03,2026-07-02
12832,Male,Gen Z,regular,1,15,2025-07-20,2026-05-27
12833,Male,Millennial,occasional,1,7,2025-08-02,2026-07-06
12834,Male,Boomer,regular,1,12,2025-07-25,2026-03-12
12835,Male,Gen X,regular,1,17,2025-07-05,2026-07-09
12836,Male,Gen Z,one_and_done,3,1,2026-06-11,2026-06-11
12837,Male,Gen X,regular,1,17,2025-07-12,2026-06-28
12838,Female,Gen Z,regular,6,14,2025-07-16,2026-06-08
12839,Female,Millennial,occasional,7,6,2025-08-04,2026-06-21
12840,Male,Gen Z,one_and_done,2,1,2026-04-01,2026-04-01
12841,Female,Gen X,one_and_done,1,1,2026-03-01,2026-03-01
12842,Female,Millennial,one_and_done,5,1,2026-03-23,2026-03-23
12843,Male,Millennial,loyal,3,32,2025-07-16,2026-06-25
12844,Female,Gen Z,one_and_done,1,1,2025-12-18,2025-12-18
12845,Male,Gen Z,loyal,1,23,2025-07-12,2026-07-04
12846,Male,Gen Z,one_and_done,3,1,2026-02-04,2026-02-04
12847,Female,Millennial,occasional,3,6,2025-07-23,2026-04-18
12848,Female,Millennial,one_and_done,1,1,2025-08-17,2025-08-17
12849,Female,Millennial,occasional,1,6,2025-07-24,2026-06-15
12850,Male,Gen Z,regular,8,15,2025-07-17,2026-06-06
12851,Male,Gen X,loyal,4,25,2025-07-12,2026-06-27
12852,Female,Gen Z,occasional,1,5,2025-11-03,2026-05-03
12853,Male,Gen Z,regular,1,15,2025-07-12,2026-07-04
12854,Male,Gen X,occasional,3,6,2025-07-25,2026-06-18
12855,Male,Millennial,regular,1,22,2025-07-02,2026-06-11
12856,Female,Millennial,one_and_done,5,1,2025-07-26,2025-07-26
12857,Male,Millennial,regular,3,22,2025-07-05,2026-05-09
12858,Male,Millennial,regular,4,22,2025-07-30,2026-05-29
12859,Male,Millennial,occasional,1,7,2025-07-13,2026-05-15
12860,Male,Gen Z,one_and_done,1,1,2025-10-03,2025-10-03
12861,Male,Gen X,regular,1,17,2025-08-23,2026-06-18
12862,Male,Gen Z,occasional,4,5,2025-09-15,2026-06-10
12863,Male,Gen Z,loyal,8,23,2025-07-02,2026-06-24
12864,Male,Millennial,occasional,2,7,2025-08-08,2026-05-23
12865,Female,Gen X,one_and_done,2,1,2025-09-29,2025-09-29
12866,Male,Millennial,one_and_done,1,1,2026-02-26,2026-02-26
12867,Female,Boomer,occasional,1,4,2025-11-22,2026-05-03
12868,Male,Boomer,one_and_done,2,1,2026-06-02,2026-06-02
12869,Female,Millennial,one_and_done,2,1,2026-05-13,2026-05-13
12870,Male,Gen Z,regular,1,15,2025-07-09,2026-07-03
12871,Female,Millennial,occasional,1,6,2025-11-14,2026-04-17
12872,Male,Millennial,occasional,1,7,2025-08-08,2026-03-18
12873,Male,Millennial,one_and_done,5,1,2026-01-29,2026-01-29
12874,Female,Gen Z,one_and_done,1,1,2025-07-25,2025-07-25
12875,Male,Millennial,occasional,1,7,2025-08-08,2026-06-07
12876,Male,Gen Z,loyal,5,23,2025-07-17,2026-06-13
12877,Female,Gen X,one_and_done,2,1,2025-09-26,2025-09-26
12878,Male,Millennial,occasional,3,7,2025-08-23,2026-06-24
12879,Male,Millennial,one_and_done,1,1,2026-06-26,2026-06-26
12880,Male,Gen X,regular,2,17,2025-07-07,2026-07-01
12881,Female,Millennial,occasional,1,6,2025-08-09,2026-06-20
12882,Female,Millennial,one_and_done,5,1,2025-09-22,2025-09-22
12883,Male,Millennial,one_and_done,5,1,2025-08-22,2025-08-22
12884,Male,Millennial,occasional,1,7,2025-07-12,2026-02-17
12885,Male,Gen Z,regular,1,15,2025-07-11,2026-06-02
12886,Male,Millennial,occasional,1,7,2025-07-20,2026-06-22
12887,Male,Gen X,occasional,4,6,2025-07-20,2026-05-21
12888,Female,Millennial,one_and_done,1,1,2025-09-05,2025-09-05
12889,Male,Boomer,one_and_done,1,1,2025-10-09,2025-10-09
12890,Male,Millennial,one_and_done,2,1,2026-05-12,2026-05-12
12891,Female,Gen X,occasional,1,5,2025-07-09,2026-07-05
12892,Male,Millennial,loyal,4,32,2025-07-11,2026-07-09
12893,Male,Millennial,one_and_done,1,1,2026-02-08,2026-02-08
12894,Male,Millennial,occasional,3,7,2025-08-15,2026-07-09
12895,Male,Millennial,one_and_done,4,1,2025-11-14,2025-11-14
12896,Female,Gen Z,one_and_done,2,1,2025-09-10,2025-09-10
12897,Male,Millennial,one_and_done,2,1,2026-07-03,2026-07-03
12898,Male,Millennial,one_and_done,1,1,2026-02-21,2026-02-21
12899,Male,Millennial,one_and_done,2,1,2025-11-22,2025-11-22
12900,Male,Millennial,one_and_done,1,1,2025-10-02,2025-10-02
12901,Female,Millennial,occasional,6,6,2025-07-16,2026-02-23
12902,Female,Millennial,occasional,7,6,2025-07-24,2026-06-22
12903,Male,Millennial,one_and_done,1,1,2025-12-26,2025-12-26
12904,Female,Millennial,one_and_done,1,1,2026-06-01,2026-06-01
12905,Female,Gen Z,one_and_done,8,1,2026-05-08,2026-05-08
12906,Male,Gen Z,regular,1,15,2025-08-22,2026-07-09
12907,Male,Millennial,loyal,10,32,2025-07-27,2026-07-09
12908,Male,Gen Z,one_and_done,1,1,2026-01-25,2026-01-25
12909,Male,Gen X,regular,1,17,2025-07-10,2026-07-06
12910,Male,Gen X,one_and_done,1,1,2025-12-01,2025-12-01
12911,Male,Gen Z,occasional,1,5,2025-12-27,2026-06-15
12912,Female,Boomer,occasional,2,4,2026-01-30,2026-06-10
12913,Male,Gen Z,regular,10,15,2025-07-26,2026-06-19
12914,Male,Millennial,one_and_done,7,1,2025-11-29,2025-11-29
12915,Male,Gen X,occasional,1,6,2025-10-11,2026-05-30
12916,Male,Millennial,loyal,1,32,2025-07-10,2026-07-06
12917,Male,Gen Z,one_and_done,1,1,2026-06-21,2026-06-21
12918,Male,Gen X,one_and_done,1,1,2025-10-07,2025-10-07
12919,Male,Millennial,one_and_done,2,1,2025-11-08,2025-11-08
12920,Female,Gen X,regular,5,15,2025-07-13,2026-06-25
12921,Male,Gen Z,occasional,1,5,2025-08-30,2026-05-01
12922,Female,Boomer,one_and_done,1,1,2026-01-17,2026-01-17
12923,Male,Millennial,one_and_done,4,1,2026-05-03,2026-05-03
12924,Female,Millennial,occasional,6,6,2025-07-03,2026-06-29
12925,Female,Gen X,one_and_done,3,1,2026-04-08,2026-04-08
12926,Male,Millennial,occasional,3,7,2025-07-12,2026-03-15
12927,Male,Boomer,occasional,2,4,2025-07-12,2025-12-24
12928,Female,Gen X,one_and_done,1,1,2025-08-12,2025-08-12
12929,Male,Gen X,regular,2,17,2025-07-15,2026-07-02
12930,Male,Millennial,occasional,1,7,2025-07-12,2026-07-02
12931,Female,Millennial,one_and_done,3,1,2026-04-14,2026-04-14
12932,Female,Millennial,regular,1,18,2025-07-15,2026-07-07
12933,Male,Gen X,loyal,1,25,2025-07-10,2026-06-29
12934,Male,Gen Z,one_and_done,6,1,2026-05-23,2026-05-23
12935,Male,Millennial,one_and_done,1,1,2026-01-05,2026-01-05
12936,Male,Millennial,regular,1,22,2025-07-12,2026-05-29
12937,Male,Millennial,loyal,3,32,2025-07-03,2026-06-10
12938,Male,Millennial,occasional,1,7,2025-07-21,2026-06-27
12939,Male,Millennial,occasional,5,7,2025-09-10,2026-06-20
12940,Male,Millennial,one_and_done,2,1,2026-03-15,2026-03-15
12941,Male,Gen Z,one_and_done,1,1,2026-04-15,2026-04-15
12942,Female,Boomer,occasional,1,4,2026-02-25,2026-06-22
12943,Female,Millennial,regular,1,18,2025-07-04,2026-07-09
12944,Male,Gen Z,loyal,2,23,2025-07-01,2026-05-29
12945,Male,Gen X,occasional,2,6,2025-09-11,2026-06-09
12946,Male,Millennial,occasional,1,7,2025-08-20,2026-04-20
12947,Female,Millennial,occasional,1,6,2025-07-30,2026-05-23
12948,Male,Millennial,occasional,2,7,2025-09-05,2026-05-15
12949,Male,Gen Z,occasional,3,5,2025-08-29,2026-05-06
12950,Female,Millennial,occasional,2,6,2025-09-04,2026-03-23
12951,Male,Gen X,occasional,1,6,2025-11-12,2026-06-21
12952,Male,Millennial,regular,4,22,2025-07-12,2026-07-07
12953,Female,Millennial,occasional,2,6,2026-02-08,2026-06-30
12954,Female,Gen X,regular,4,15,2025-08-20,2026-07-08
12955,Female,Millennial,occasional,3,6,2025-10-17,2026-04-16
12956,Male,Boomer,one_and_done,1,1,2025-08-22,2025-08-22
12957,Male,Millennial,regular,1,22,2025-07-07,2026-06-15
12958,Male,Millennial,occasional,3,7,2025-07-10,2026-07-05
12959,Male,Millennial,one_and_done,1,1,2026-06-06,2026-06-06
12960,Female,Gen Z,occasional,6,5,2025-10-24,2026-04-10
12961,Male,Boomer,loyal,6,18,2025-07-05,2026-05-12
12962,Male,Boomer,one_and_done,1,1,2025-11-14,2025-11-14
12963,Male,Millennial,occasional,1,7,2025-08-05,2026-07-08
12964,Male,Millennial,one_and_done,7,1,2025-09-20,2025-09-20
12965,Male,Gen Z,one_and_done,1,1,2026-02-28,2026-02-28
12966,Female,Millennial,occasional,7,6,2025-11-14,2026-07-01
12967,Female,Millennial,occasional,5,6,2025-08-25,2026-06-01
12968,Male,Millennial,one_and_done,1,1,2026-04-04,2026-04-04
12969,Male,Gen Z,one_and_done,2,1,2026-05-30,2026-05-30
12970,Male,Millennial,occasional,2,7,2025-07-07,2026-07-09
12971,Male,Gen Z,one_and_done,1,1,2026-01-02,2026-01-02
12972,Female,Boomer,one_and_done,1,1,2025-08-02,2025-08-02
12973,Female,Millennial,regular,1,18,2025-08-23,2026-06-07
12974,Male,Millennial,occasional,2,7,2025-10-04,2026-05-20
12975,Male,Gen Z,one_and_done,1,1,2026-06-27,2026-06-27
12976,Female,Gen Z,one_and_done,1,1,2025-11-26,2025-11-26
12977,Male,Gen Z,one_and_done,7,1,2025-12-15,2025-12-15
12978,Male,Gen Z,one_and_done,4,1,2026-02-01,2026-02-01
12979,Male,Gen Z,one_and_done,5,1,2026-03-06,2026-03-06
12980,Female,Millennial,occasional,4,6,2025-09-06,2026-05-27
12981,Male,Millennial,occasional,1,7,2025-07-06,2026-05-24
12982,Male,Millennial,one_and_done,2,1,2026-06-10,2026-06-10
12983,Male,Millennial,one_and_done,1,1,2025-08-30,2025-08-30
12984,Male,Millennial,regular,1,22,2025-07-05,2026-05-11
12985,Male,Gen Z,one_and_done,1,1,2025-09-09,2025-09-09
12986,Male,Gen X,regular,4,17,2025-07-05,2026-07-06
12987,Male,Gen Z,one_and_done,1,1,2026-04-09,2026-04-09
12988,Female,Millennial,one_and_done,1,1,2025-09-03,2025-09-03
12989,Female,Gen X,one_and_done,3,1,2025-12-16,2025-12-16
12990,Female,Boomer,regular,5,11,2025-07-10,2026-07-06
12991,Male,Gen Z,one_and_done,1,1,2025-12-19,2025-12-19
12992,Male,Gen X,occasional,3,6,2025-08-02,2026-04-29
12993,Male,Gen Z,occasional,1,5,2025-09-01,2026-04-17
12994,Male,Millennial,one_and_done,2,1,2026-05-28,2026-05-28
12995,Male,Gen Z,occasional,9,5,2025-08-17,2026-05-11
12996,Male,Boomer,occasional,1,4,2025-09-04,2026-05-17
12997,Male,Millennial,loyal,7,32,2025-07-13,2026-06-28
12998,Female,Millennial,occasional,5,6,2025-07-23,2026-06-17
12999,Female,Gen X,one_and_done,4,1,2026-06-12,2026-06-12
13000,Female,Millennial,regular,1,18,2025-08-01,2026-07-05
13001,Female,Boomer,one_and_done,6,1,2026-01-19,2026-01-19
13002,Male,Millennial,one_and_done,1,1,2025-11-14,2025-11-14
13003,Female,Millennial,loyal,4,27,2025-07-07,2026-06-29
13004,Male,Millennial,regular,6,22,2025-08-24,2026-06-17
13005,Male,Gen X,occasional,6,6,2025-08-09,2026-06-13
13006,Male,Gen Z,regular,2,15,2025-07-09,2026-05-15
13007,Male,Gen Z,one_and_done,1,1,2026-02-26,2026-02-26
13008,Male,Millennial,one_and_done,5,1,2026-01-02,2026-01-02
13009,Male,Millennial,occasional,8,7,2025-07-12,2026-06-21
13010,Male,Gen Z,one_and_done,6,1,2026-05-03,2026-05-03
13011,Male,Gen X,one_and_done,1,1,2026-03-10,2026-03-10
13012,Male,Gen Z,one_and_done,1,1,2025-08-22,2025-08-22
13013,Male,Gen Z,one_and_done,1,1,2025-12-07,2025-12-07
13014,Female,Millennial,one_and_done,1,1,2025-07-02,2025-07-02
13015,Male,Millennial,one_and_done,1,1,2026-03-18,2026-03-18
13016,Male,Millennial,one_and_done,1,1,2026-04-17,2026-04-17
13017,Male,Gen Z,occasional,4,5,2025-07-13,2026-07-06
13018,Male,Millennial,one_and_done,3,1,2026-06-05,2026-06-05
13019,Male,Boomer,one_and_done,5,1,2026-06-26,2026-06-26
13020,Male,Millennial,one_and_done,1,1,2026-06-12,2026-06-12
13021,Male,Gen Z,occasional,2,5,2025-10-08,2026-07-04
13022,Male,Millennial,occasional,7,7,2025-07-29,2026-06-25
13023,Male,Millennial,regular,1,22,2025-08-01,2026-06-12
13024,Male,Millennial,occasional,2,7,2025-08-08,2026-07-09
13025,Male,Millennial,one_and_done,5,1,2026-05-16,2026-05-16
13026,Female,Gen Z,one_and_done,3,1,2026-05-07,2026-05-07
13027,Male,Gen Z,regular,1,15,2025-07-16,2026-05-29
13028,Female,Gen Z,one_and_done,1,1,2025-11-10,2025-11-10
13029,Male,Gen X,one_and_done,2,1,2025-08-08,2025-08-08
13030,Male,Millennial,one_and_done,1,1,2025-10-10,2025-10-10
13031,Male,Gen X,occasional,1,6,2025-10-26,2026-04-05
13032,Male,Boomer,one_and_done,1,1,2025-10-25,2025-10-25
13033,Female,Gen X,one_and_done,1,1,2026-04-02,2026-04-02
13034,Female,Millennial,one_and_done,3,1,2025-10-22,2025-10-22
13035,Male,Gen Z,regular,1,15,2025-07-04,2026-04-25
13036,Female,Millennial,one_and_done,4,1,2025-08-04,2025-08-04
13037,Male,Millennial,one_and_done,2,1,2025-09-03,2025-09-03
13038,Male,Millennial,one_and_done,2,1,2026-05-30,2026-05-30
13039,Male,Gen Z,one_and_done,1,1,2026-01-20,2026-01-20
13040,Female,Gen X,one_and_done,1,1,2026-02-06,2026-02-06
13041,Male,Millennial,one_and_done,4,1,2025-10-06,2025-10-06
13042,Male,Gen Z,one_and_done,1,1,2025-10-10,2025-10-10
13043,Male,Millennial,one_and_done,1,1,2026-05-26,2026-05-26
13044,Male,Millennial,one_and_done,5,1,2025-11-10,2025-11-10
13045,Female,Gen X,regular,1,15,2025-08-26,2026-05-09
13046,Female,Millennial,regular,1,18,2025-07-05,2026-07-09
13047,Male,Millennial,one_and_done,1,1,2025-11-11,2025-11-11
13048,Female,Gen Z,loyal,1,20,2025-07-03,2026-07-06
13049,Male,Millennial,occasional,2,7,2025-10-25,2026-05-09
13050,Female,Gen Z,occasional,6,5,2025-07-11,2026-01-16
13051,Female,Gen Z,occasional,8,5,2025-07-24,2026-01-31
13052,Male,Millennial,one_and_done,1,1,2025-08-21,2025-08-21
13053,Male,Gen X,one_and_done,6,1,2025-11-18,2025-11-18
13054,Male,Millennial,occasional,2,7,2025-07-02,2026-06-16
13055,Female,Millennial,one_and_done,1,1,2025-11-27,2025-11-27
13056,Female,Millennial,one_and_done,3,1,2026-06-27,2026-06-27
13057,Female,Millennial,one_and_done,3,1,2026-07-06,2026-07-06
13058,Female,Millennial,one_and_done,1,1,2026-04-25,2026-04-25
13059,Male,Gen Z,regular,3,15,2025-07-15,2026-05-02
13060,Male,Gen X,one_and_done,1,1,2025-12-15,2025-12-15
13061,Female,Gen X,one_and_done,1,1,2026-07-07,2026-07-07
13062,Female,Millennial,one_and_done,6,1,2026-04-20,2026-04-20
13063,Male,Gen Z,occasional,2,5,2025-09-09,2026-06-23
13064,Male,Millennial,one_and_done,1,1,2026-02-25,2026-02-25
13065,Female,Millennial,one_and_done,4,1,2025-07-11,2025-07-11
13066,Female,Millennial,one_and_done,1,1,2026-06-20,2026-06-20
13067,Female,Gen Z,loyal,8,20,2025-07-04,2026-07-04
13068,Female,Millennial,one_and_done,1,1,2026-03-23,2026-03-23
13069,Male,Gen Z,one_and_done,1,1,2026-03-30,2026-03-30
13070,Male,Gen Z,one_and_done,1,1,2025-11-28,2025-11-28
13071,Female,Millennial,one_and_done,1,1,2026-03-01,2026-03-01
13072,Female,Millennial,one_and_done,1,1,2025-12-14,2025-12-14
13073,Male,Gen X,loyal,1,25,2025-07-07,2026-07-02
13074,Female,Millennial,one_and_done,1,1,2026-01-06,2026-01-06
13075,Male,Millennial,one_and_done,2,1,2026-01-16,2026-01-16
13076,Female,Gen X,regular,4,15,2025-07-10,2026-04-21
13077,Female,Gen X,one_and_done,4,1,2026-05-04,2026-05-04
13078,Male,Millennial,one_and_done,1,1,2026-04-22,2026-04-22
13079,Female,Millennial,one_and_done,1,1,2026-03-06,2026-03-06
13080,Male,Boomer,one_and_done,4,1,2026-07-05,2026-07-05
13081,Male,Millennial,regular,1,22,2025-07-17,2026-07-01
13082,Male,Millennial,regular,2,22,2025-08-30,2026-07-03
13083,Male,Millennial,one_and_done,3,1,2026-05-17,2026-05-17
13084,Male,Gen Z,one_and_done,4,1,2026-01-09,2026-01-09
13085,Male,Millennial,one_and_done,1,1,2026-03-22,2026-03-22
13086,Male,Gen X,loyal,6,25,2025-07-14,2026-07-04
13087,Male,Millennial,loyal,2,32,2025-07-20,2026-06-12
13088,Female,Millennial,loyal,1,27,2025-07-08,2026-06-21
13089,Male,Boomer,one_and_done,1,1,2025-11-06,2025-11-06
13090,Male,Boomer,loyal,4,18,2025-07-04,2026-07-06
13091,Male,Gen Z,occasional,3,5,2025-10-05,2026-07-05
13092,Female,Gen Z,regular,1,14,2025-07-19,2026-06-19
13093,Female,Gen X,occasional,1,5,2025-08-14,2026-04-18
13094,Female,Gen Z,regular,1,14,2025-07-12,2026-07-06
13095,Female,Gen Z,regular,4,14,2025-07-07,2026-07-04
13096,Male,Millennial,one_and_done,1,1,2026-05-28,2026-05-28
13097,Female,Millennial,one_and_done,4,1,2025-09-09,2025-09-09
13098,Male,Millennial,loyal,5,32,2025-07-04,2026-07-08
13099,Female,Gen Z,one_and_done,2,1,2025-08-16,2025-08-16
13100,Male,Boomer,one_and_done,1,1,2025-08-30,2025-08-30
13101,Female,Gen X,one_and_done,10,1,2026-06-27,2026-06-27
13102,Male,Millennial,one_and_done,1,1,2025-09-19,2025-09-19
13103,Male,Millennial,one_and_done,3,1,2025-08-23,2025-08-23
13104,Female,Millennial,one_and_done,1,1,2025-10-04,2025-10-04
13105,Male,Gen Z,occasional,6,5,2025-08-04,2026-01-28
13106,Male,Gen Z,loyal,2,23,2025-08-10,2026-07-09
13107,Male,Gen Z,occasional,2,5,2025-07-17,2026-06-11
13108,Male,Millennial,one_and_done,5,1,2025-12-15,2025-12-15
13109,Male,Gen X,one_and_done,6,1,2026-07-05,2026-07-05
13110,Male,Millennial,regular,1,22,2025-07-04,2026-07-07
13111,Male,Gen Z,one_and_done,2,1,2025-09-12,2025-09-12
13112,Male,Millennial,occasional,1,7,2025-10-28,2026-07-01
13113,Male,Gen Z,one_and_done,1,1,2025-09-27,2025-09-27
13114,Male,Gen Z,loyal,1,23,2025-07-18,2026-07-03
13115,Male,Gen X,one_and_done,5,1,2025-07-31,2025-07-31
13116,Male,Gen Z,regular,7,15,2025-07-13,2026-06-13
13117,Male,Boomer,regular,2,12,2025-07-26,2026-06-23
13118,Male,Millennial,one_and_done,3,1,2025-09-13,2025-09-13
13119,Female,Millennial,regular,3,18,2025-07-05,2026-06-12
13120,Male,Gen X,regular,2,17,2025-07-06,2026-06-26
13121,Female,Gen X,regular,5,15,2025-07-02,2026-07-04
13122,Male,Millennial,occasional,2,7,2025-07-09,2026-05-13
13123,Male,Gen Z,one_and_done,1,1,2026-04-10,2026-04-10
13124,Male,Millennial,one_and_done,2,1,2025-07-17,2025-07-17
13125,Male,Gen X,one_and_done,1,1,2025-09-08,2025-09-08
13126,Female,Gen Z,one_and_done,6,1,2025-08-29,2025-08-29
13127,Female,Gen Z,occasional,1,5,2025-07-06,2026-03-03
13128,Female,Gen Z,loyal,1,20,2025-07-04,2026-06-17
13129,Male,Gen Z,regular,4,15,2025-07-18,2026-06-13
13130,Male,Gen X,one_and_done,1,1,2026-05-30,2026-05-30
13131,Female,Gen Z,regular,1,14,2025-07-23,2026-06-19
13132,Female,Millennial,one_and_done,1,1,2025-10-04,2025-10-04
13133,Male,Gen Z,loyal,1,23,2025-07-05,2026-07-02
13134,Female,Gen Z,one_and_done,5,1,2025-10-15,2025-10-15
13135,Male,Gen Z,occasional,6,5,2025-08-09,2026-03-25
13136,Male,Millennial,loyal,1,32,2025-07-10,2026-06-22
13137,Male,Millennial,loyal,1,32,2025-07-01,2026-06-12
13138,Male,Gen Z,occasional,3,5,2025-07-15,2026-05-05
13139,Female,Millennial,one_and_done,2,1,2026-02-01,2026-02-01
13140,Male,Millennial,one_and_done,1,1,2025-10-06,2025-10-06
13141,Male,Millennial,occasional,2,7,2025-08-11,2026-06-10
13142,Male,Boomer,one_and_done,1,1,2025-12-02,2025-12-02
13143,Male,Gen X,one_and_done,2,1,2026-01-25,2026-01-25
13144,Male,Millennial,regular,1,22,2025-08-04,2026-06-06
13145,Male,Gen Z,loyal,3,23,2025-07-29,2026-07-07
13146,Female,Millennial,regular,1,18,2025-07-19,2026-07-02
13147,Male,Gen Z,occasional,1,5,2025-10-30,2026-05-21
13148,Female,Boomer,one_and_done,1,1,2026-04-30,2026-04-30
13149,Male,Millennial,occasional,1,7,2025-10-10,2026-06-01
13150,Male,Millennial,occasional,5,7,2025-07-09,2026-06-03
13151,Male,Millennial,loyal,1,32,2025-07-06,2026-07-07
13152,Male,Millennial,one_and_done,3,1,2025-08-08,2025-08-08
13153,Male,Millennial,occasional,1,7,2025-07-27,2026-04-30
13154,Male,Gen X,occasional,1,6,2025-09-09,2026-04-05
13155,Male,Gen Z,regular,1,15,2025-07-22,2026-07-08
13156,Male,Boomer,one_and_done,6,1,2026-05-08,2026-05-08
13157,Female,Millennial,occasional,3,6,2025-07-28,2026-03-16
13158,Male,Gen Z,loyal,7,23,2025-07-04,2026-06-24
13159,Female,Gen Z,occasional,2,5,2025-08-01,2026-07-02
13160,Female,Gen X,one_and_done,2,1,2026-07-01,2026-07-01
13161,Male,Millennial,one_and_done,1,1,2025-11-29,2025-11-29
13162,Female,Millennial,one_and_done,1,1,2026-01-09,2026-01-09
13163,Male,Millennial,occasional,1,7,2025-09-26,2026-05-25
13164,Male,Millennial,one_and_done,1,1,2025-10-10,2025-10-10
13165,Male,Gen Z,loyal,1,23,2025-07-03,2026-06-09
13166,Male,Gen X,occasional,1,6,2025-10-19,2026-06-17
13167,Female,Gen Z,regular,6,14,2025-07-03,2026-07-07
13168,Male,Boomer,regular,1,12,2025-07-01,2026-06-05
13169,Male,Gen Z,one_and_done,1,1,2025-12-18,2025-12-18
13170,Female,Millennial,one_and_done,6,1,2026-02-17,2026-02-17
13171,Female,Millennial,regular,1,18,2025-07-19,2026-05-05
13172,Male,Gen Z,one_and_done,5,1,2026-03-08,2026-03-08
13173,Female,Millennial,one_and_done,1,1,2026-06-18,2026-06-18
13174,Male,Millennial,one_and_done,4,1,2025-10-07,2025-10-07
13175,Male,Millennial,occasional,8,7,2025-08-16,2026-06-09
13176,Male,Millennial,one_and_done,1,1,2025-08-20,2025-08-20
13177,Female,Millennial,occasional,2,6,2025-11-14,2026-07-07
13178,Male,Millennial,occasional,1,7,2025-10-26,2026-05-09
13179,Female,Gen Z,one_and_done,6,1,2026-01-29,2026-01-29
13180,Male,Millennial,occasional,1,7,2025-07-03,2026-05-01
13181,Male,Millennial,loyal,1,32,2025-07-05,2026-06-13
13182,Female,Gen Z,regular,1,14,2025-07-04,2026-07-08
13183,Female,Millennial,one_and_done,2,1,2026-06-14,2026-06-14
13184,Male,Millennial,regular,1,22,2025-07-05,2026-06-17
13185,Male,Millennial,one_and_done,7,1,2026-01-21,2026-01-21
13186,Male,Gen Z,one_and_done,1,1,2026-02-26,2026-02-26
13187,Male,Millennial,regular,4,22,2025-07-01,2026-07-09
13188,Male,Millennial,one_and_done,4,1,2025-10-03,2025-10-03
13189,Female,Millennial,one_and_done,1,1,2026-03-15,2026-03-15
13190,Male,Gen Z,loyal,6,23,2025-07-05,2026-06-26
13191,Female,Gen X,regular,9,15,2025-08-18,2026-06-23
13192,Male,Gen X,loyal,2,25,2025-09-02,2026-06-29
13193,Male,Millennial,loyal,2,32,2025-07-27,2026-07-08
13194,Male,Millennial,one_and_done,2,1,2026-02-10,2026-02-10
13195,Male,Gen Z,regular,1,15,2025-08-27,2026-06-25
13196,Male,Boomer,one_and_done,2,1,2026-06-26,2026-06-26
13197,Male,Millennial,regular,2,22,2025-07-09,2026-07-06
13198,Male,Millennial,one_and_done,2,1,2026-03-26,2026-03-26
13199,Male,Gen Z,one_and_done,1,1,2026-06-03,2026-06-03
13200,Male,Gen X,regular,1,17,2025-07-06,2026-06-23
13201,Male,Millennial,one_and_done,6,1,2026-06-15,2026-06-15
13202,Male,Gen Z,one_and_done,1,1,2025-11-12,2025-11-12
13203,Male,Gen X,one_and_done,5,1,2025-09-05,2025-09-05
13204,Female,Millennial,one_and_done,1,1,2025-12-22,2025-12-22
13205,Male,Gen Z,one_and_done,1,1,2026-01-27,2026-01-27
13206,Female,Gen Z,occasional,2,5,2025-09-12,2026-06-13
13207,Male,Gen X,regular,4,17,2025-10-02,2026-06-26
13208,Female,Gen Z,occasional,3,5,2025-08-16,2026-05-07
13209,Male,Millennial,one_and_done,2,1,2025-08-06,2025-08-06
13210,Male,Millennial,one_and_done,1,1,2025-11-02,2025-11-02
13211,Female,Millennial,occasional,1,6,2025-07-11,2026-05-01
13212,Female,Millennial,loyal,2,27,2025-07-09,2026-07-06
13213,Male,Boomer,regular,1,12,2025-07-07,2026-06-29
13214,Male,Millennial,occasional,4,7,2025-07-22,2026-05-22
13215,Male,Gen Z,occasional,1,5,2025-08-25,2026-05-10
13216,Male,Gen Z,loyal,1,23,2025-07-04,2026-07-05
13217,Female,Millennial,loyal,1,27,2025-07-06,2026-05-14
13218,Male,Millennial,one_and_done,2,1,2025-11-16,2025-11-16
13219,Male,Gen Z,one_and_done,2,1,2025-07-25,2025-07-25
13220,Male,Gen X,one_and_done,1,1,2025-08-06,2025-08-06
13221,Male,Millennial,one_and_done,1,1,2025-07-25,2025-07-25
13222,Male,Millennial,occasional,1,7,2025-10-08,2026-02-01
13223,Female,Gen Z,one_and_done,2,1,2025-09-11,2025-09-11
13224,Female,Millennial,regular,4,18,2025-07-17,2026-07-04
13225,Female,Millennial,one_and_done,3,1,2025-07-26,2025-07-26
13226,Male,Millennial,regular,1,22,2025-07-02,2026-06-26
13227,Male,Millennial,occasional,1,7,2025-07-04,2026-05-10
13228,Male,Gen X,occasional,1,6,2025-07-04,2026-06-28
13229,Male,Millennial,one_and_done,1,1,2025-08-08,2025-08-08
13230,Male,Millennial,regular,1,22,2025-07-05,2026-05-17
13231,Male,Millennial,one_and_done,3,1,2026-06-26,2026-06-26
13232,Male,Gen Z,occasional,8,5,2025-08-08,2026-06-07
13233,Male,Gen X,one_and_done,2,1,2025-12-20,2025-12-20
13234,Female,Millennial,regular,5,18,2025-08-01,2026-07-01
13235,Female,Gen X,one_and_done,1,1,2025-12-20,2025-12-20
13236,Male,Gen X,one_and_done,2,1,2025-12-17,2025-12-17
13237,Female,Millennial,one_and_done,4,1,2026-05-30,2026-05-30
13238,Male,Millennial,regular,1,22,2025-08-07,2026-06-30
13239,Male,Millennial,occasional,6,7,2025-07-26,2026-01-14
13240,Male,Millennial,one_and_done,2,1,2026-01-16,2026-01-16
13241,Male,Millennial,one_and_done,1,1,2025-10-04,2025-10-04
13242,Male,Gen X,occasional,1,6,2025-07-01,2026-05-27
13243,Male,Gen Z,one_and_done,1,1,2026-01-16,2026-01-16
13244,Female,Millennial,occasional,1,6,2025-07-18,2026-06-05
13245,Male,Millennial,one_and_done,5,1,2025-12-11,2025-12-11
13246,Male,Millennial,occasional,1,7,2025-09-01,2026-05-28
13247,Female,Millennial,regular,1,18,2025-07-04,2026-05-12
13248,Female,Gen Z,one_and_done,4,1,2025-12-18,2025-12-18
13249,Male,Millennial,loyal,2,32,2025-07-03,2026-07-01
13250,Male,Millennial,one_and_done,1,1,2025-10-04,2025-10-04
13251,Male,Gen X,occasional,1,6,2025-07-14,2026-06-12
13252,Male,Gen Z,occasional,4,5,2025-07-22,2026-03-16
13253,Male,Millennial,occasional,2,7,2025-07-19,2026-05-11
13254,Female,Millennial,one_and_done,1,1,2026-06-24,2026-06-24
13255,Male,Gen X,one_and_done,6,1,2026-03-16,2026-03-16
13256,Male,Gen Z,one_and_done,1,1,2026-06-22,2026-06-22
13257,Male,Millennial,one_and_done,5,1,2026-01-29,2026-01-29
13258,Female,Millennial,regular,1,18,2025-07-31,2026-07-03
13259,Female,Millennial,regular,2,18,2025-07-17,2026-06-19
13260,Male,Millennial,one_and_done,3,1,2026-01-14,2026-01-14
13261,Female,Millennial,occasional,2,6,2025-07-23,2026-04-25
13262,Male,Millennial,one_and_done,1,1,2026-03-25,2026-03-25
13263,Male,Gen X,one_and_done,1,1,2026-06-01,2026-06-01
13264,Male,Millennial,one_and_done,1,1,2025-08-07,2025-08-07
13265,Female,Gen X,one_and_done,6,1,2026-07-09,2026-07-09
13266,Male,Gen X,one_and_done,1,1,2026-04-10,2026-04-10
13267,Male,Millennial,occasional,7,7,2025-09-18,2026-01-30
13268,Male,Gen Z,loyal,5,23,2025-07-16,2026-07-04
13269,Female,Millennial,one_and_done,1,1,2026-01-24,2026-01-24
13270,Male,Millennial,one_and_done,7,1,2025-11-09,2025-11-09
13271,Female,Millennial,regular,3,18,2025-07-02,2026-07-02
13272,Female,Millennial,occasional,1,6,2025-07-15,2026-01-10
13273,Male,Gen X,occasional,1,6,2025-07-21,2026-02-26
13274,Male,Gen Z,one_and_done,1,1,2026-03-13,2026-03-13
13275,Male,Millennial,one_and_done,2,1,2025-11-04,2025-11-04
13276,Male,Millennial,regular,2,22,2025-08-06,2026-06-29
13277,Female,Gen X,occasional,3,5,2025-07-20,2026-06-18
13278,Female,Millennial,regular,1,18,2025-08-16,2026-07-03
13279,Female,Boomer,one_and_done,3,1,2025-09-13,2025-09-13
13280,Female,Gen X,loyal,1,23,2025-07-12,2026-06-26
13281,Male,Millennial,regular,4,22,2025-07-08,2026-06-02
13282,Female,Gen X,occasional,4,5,2025-07-11,2026-07-04
13283,Male,Gen X,one_and_done,1,1,2026-06-26,2026-06-26
13284,Male,Gen Z,one_and_done,2,1,2025-07-11,2025-07-11
13285,Female,Millennial,occasional,5,6,2025-10-28,2026-04-21
13286,Male,Gen Z,one_and_done,5,1,2025-10-09,2025-10-09
13287,Male,Boomer,regular,1,12,2025-07-23,2026-07-05
13288,Male,Millennial,one_and_done,1,1,2025-11-21,2025-11-21
13289,Female,Millennial,one_and_done,5,1,2026-05-09,2026-05-09
13290,Male,Gen X,one_and_done,2,1,2026-03-06,2026-03-06
13291,Male,Millennial,regular,4,22,2025-07-16,2026-05-31
13292,Male,Gen X,occasional,8,6,2025-07-25,2026-07-08
13293,Male,Gen X,one_and_done,1,1,2025-11-06,2025-11-06
13294,Male,Boomer,regular,1,12,2025-07-06,2026-06-07
13295,Male,Millennial,one_and_done,5,1,2025-12-05,2025-12-05
13296,Male,Gen Z,occasional,4,5,2025-10-11,2026-02-17
13297,Female,Millennial,occasional,3,6,2025-07-11,2026-05-28
13298,Male,Millennial,loyal,1,32,2025-07-04,2026-07-01
13299,Male,Millennial,one_and_done,1,1,2025-09-24,2025-09-24
13300,Female,Gen Z,regular,1,14,2025-07-03,2026-07-05
13301,Male,Millennial,regular,2,22,2025-07-12,2026-07-04
13302,Female,Millennial,one_and_done,1,1,2025-09-14,2025-09-14
13303,Male,Millennial,loyal,4,32,2025-07-03,2026-06-07
13304,Female,Millennial,regular,1,18,2025-07-01,2026-07-04
13305,Male,Gen X,one_and_done,1,1,2025-12-09,2025-12-09
13306,Male,Gen X,regular,1,17,2025-07-05,2026-07-06
13307,Female,Gen Z,one_and_done,1,1,2026-03-07,2026-03-07
13308,Female,Millennial,one_and_done,1,1,2025-07-24,2025-07-24
13309,Male,Millennial,regular,1,22,2025-07-01,2026-07-03
13310,Male,Gen Z,one_and_done,1,1,2025-09-02,2025-09-02
13311,Female,Gen Z,occasional,6,5,2025-11-03,2026-06-12
13312,Female,Gen Z,loyal,2,20,2025-07-03,2026-07-09
13313,Female,Millennial,regular,2,18,2025-07-11,2026-06-23
13314,Male,Millennial,one_and_done,1,1,2026-02-17,2026-02-17
13315,Female,Boomer,one_and_done,4,1,2026-04-15,2026-04-15
13316,Male,Millennial,one_and_done,1,1,2025-10-23,2025-10-23
13317,Female,Gen Z,one_and_done,1,1,2026-03-09,2026-03-09
13318,Male,Gen Z,one_and_done,4,1,2025-12-03,2025-12-03
13319,Female,Gen X,regular,1,15,2025-07-21,2026-06-13
13320,Male,Gen Z,one_and_done,2,1,2026-06-24,2026-06-24
13321,Male,Gen Z,one_and_done,1,1,2026-02-18,2026-02-18
13322,Male,Millennial,one_and_done,1,1,2025-07-07,2025-07-07
13323,Female,Gen Z,one_and_done,1,1,2025-10-19,2025-10-19
13324,Male,Gen X,regular,1,17,2025-07-04,2026-06-24
13325,Male,Gen X,regular,1,17,2025-07-01,2026-07-05
13326,Female,Gen Z,occasional,1,5,2025-08-26,2026-03-20
13327,Male,Millennial,regular,5,22,2025-07-04,2026-07-03
13328,Male,Millennial,occasional,1,7,2025-07-10,2026-03-23
13329,Female,Gen Z,one_and_done,1,1,2025-07-24,2025-07-24
13330,Male,Gen Z,occasional,1,5,2025-08-15,2026-07-09
13331,Male,Gen Z,occasional,1,5,2025-10-24,2026-04-17
13332,Male,Gen X,one_and_done,1,1,2025-09-08,2025-09-08
13333,Male,Millennial,occasional,1,7,2025-07-29,2026-06-26
13334,Male,Millennial,regular,1,22,2025-07-11,2026-06-18
13335,Female,Boomer,one_and_done,1,1,2026-02-13,2026-02-13
13336,Male,Gen Z,loyal,3,23,2025-07-19,2026-07-07
13337,Male,Millennial,regular,1,22,2025-07-05,2026-07-01
13338,Male,Boomer,one_and_done,3,1,2025-12-29,2025-12-29
13339,Male,Gen Z,occasional,10,5,2025-09-11,2026-04-30
13340,Male,Gen X,occasional,1,6,2025-10-09,2026-07-02
13341,Female,Gen Z,one_and_done,1,1,2025-09-27,2025-09-27
13342,Male,Millennial,occasional,2,7,2025-07-11,2026-07-09
13343,Male,Millennial,one_and_done,5,1,2025-12-07,2025-12-07
13344,Male,Gen X,loyal,1,25,2025-07-25,2026-06-30
13345,Female,Gen Z,occasional,2,5,2025-08-24,2026-06-23
13346,Male,Millennial,one_and_done,1,1,2026-06-03,2026-06-03
13347,Female,Millennial,loyal,1,27,2025-07-03,2026-05-24
13348,Male,Gen Z,one_and_done,6,1,2025-09-04,2025-09-04
13349,Female,Millennial,occasional,1,6,2025-07-04,2026-06-27
13350,Male,Gen Z,regular,1,15,2025-07-11,2026-06-07
13351,Male,Millennial,one_and_done,3,1,2025-10-18,2025-10-18
13352,Female,Millennial,one_and_done,1,1,2026-02-21,2026-02-21
13353,Male,Millennial,occasional,9,7,2025-10-02,2026-03-30
13354,Male,Boomer,loyal,1,18,2025-07-21,2026-07-04
13355,Male,Gen X,one_and_done,1,1,2025-08-25,2025-08-25
13356,Male,Millennial,loyal,4,32,2025-07-11,2026-07-04
13357,Male,Gen Z,regular,4,15,2025-07-12,2026-06-27
13358,Male,Boomer,one_and_done,1,1,2026-01-10,2026-01-10
13359,Female,Millennial,one_and_done,1,1,2025-10-11,2025-10-11
13360,Male,Millennial,one_and_done,5,1,2026-04-28,2026-04-28
13361,Male,Gen Z,one_and_done,3,1,2025-08-01,2025-08-01
13362,Male,Gen X,one_and_done,1,1,2025-09-24,2025-09-24
13363,Male,Millennial,occasional,1,7,2025-07-14,2026-02-10
13364,Male,Boomer,loyal,1,18,2025-08-13,2026-06-24
13365,Female,Gen X,occasional,1,5,2025-11-27,2026-06-26
13366,Female,Gen Z,one_and_done,9,1,2025-07-22,2025-07-22
13367,Male,Gen X,occasional,1,6,2025-08-13,2026-03-13
13368,Female,Gen Z,one_and_done,4,1,2026-02-27,2026-02-27
13369,Female,Millennial,one_and_done,9,1,2025-11-21,2025-11-21
13370,Male,Boomer,occasional,2,4,2026-03-13,2026-06-13
13371,Female,Millennial,loyal,1,27,2025-07-14,2026-06-06
13372,Female,Millennial,one_and_done,1,1,2026-02-23,2026-02-23
13373,Male,Gen Z,regular,2,15,2025-07-05,2026-06-22
13374,Female,Millennial,regular,1,18,2025-08-19,2026-06-20
13375,Male,Millennial,loyal,1,32,2025-07-03,2026-07-06
13376,Male,Gen X,loyal,3,25,2025-07-09,2026-06-26
13377,Male,Boomer,one_and_done,1,1,2025-11-24,2025-11-24
13378,Male,Gen Z,occasional,1,5,2025-08-12,2026-05-21
13379,Female,Millennial,one_and_done,3,1,2026-02-12,2026-02-12
13380,Male,Gen Z,occasional,4,5,2025-09-16,2026-06-03
13381,Male,Millennial,one_and_done,5,1,2026-02-13,2026-02-13
13382,Male,Millennial,occasional,7,7,2025-07-27,2026-06-19
13383,Male,Millennial,loyal,10,32,2025-07-04,2026-06-29
13384,Female,Millennial,regular,1,18,2025-07-18,2026-06-03
13385,Male,Millennial,one_and_done,8,1,2025-11-03,2025-11-03
13386,Male,Gen Z,one_and_done,1,1,2026-02-21,2026-02-21
13387,Male,Gen Z,occasional,3,5,2025-08-30,2026-05-29
13388,Male,Boomer,occasional,1,4,2025-08-27,2026-07-09
13389,Male,Gen Z,regular,2,15,2025-07-11,2026-07-08
13390,Male,Millennial,one_and_done,5,1,2026-01-30,2026-01-30
13391,Male,Millennial,regular,1,22,2025-07-22,2026-07-06
13392,Female,Gen X,one_and_done,1,1,2026-01-17,2026-01-17
13393,Female,Gen Z,one_and_done,3,1,2026-06-14,2026-06-14
13394,Female,Gen X,occasional,4,5,2025-08-31,2026-06-20
13395,Female,Millennial,occasional,3,6,2025-12-14,2026-07-03
13396,Female,Millennial,loyal,1,27,2025-07-18,2026-07-05
13397,Male,Gen Z,one_and_done,2,1,2025-12-06,2025-12-06
13398,Male,Gen X,one_and_done,3,1,2025-10-24,2025-10-24
13399,Male,Gen Z,regular,1,15,2025-07-09,2026-04-25
13400,Female,Gen X,occasional,1,5,2025-10-09,2026-03-02
13401,Male,Gen Z,one_and_done,3,1,2025-07-19,2025-07-19
13402,Male,Gen Z,regular,1,15,2025-08-28,2026-05-19
13403,Male,Millennial,regular,3,22,2025-07-07,2026-06-22
13404,Male,Millennial,regular,1,22,2025-07-17,2026-06-20
13405,Male,Millennial,regular,1,22,2025-07-11,2026-04-30
13406,Female,Boomer,regular,8,11,2025-07-04,2026-06-16
13407,Male,Millennial,regular,1,22,2025-07-22,2026-06-12
13408,Male,Gen X,one_and_done,4,1,2025-11-17,2025-11-17
13409,Male,Millennial,one_and_done,2,1,2026-04-10,2026-04-10
13410,Male,Gen X,one_and_done,1,1,2025-07-04,2025-07-04
13411,Male,Gen Z,one_and_done,4,1,2026-02-16,2026-02-16
13412,Male,Millennial,one_and_done,4,1,2025-08-02,2025-08-02
13413,Male,Millennial,one_and_done,1,1,2026-03-20,2026-03-20
13414,Male,Millennial,loyal,5,32,2025-07-05,2026-06-21
13415,Female,Millennial,occasional,1,6,2025-07-24,2026-03-04
13416,Female,Millennial,regular,4,18,2025-07-04,2026-07-03
13417,Male,Boomer,one_and_done,2,1,2025-11-01,2025-11-01
13418,Male,Gen Z,one_and_done,1,1,2025-09-30,2025-09-30
13419,Male,Gen Z,one_and_done,3,1,2026-05-19,2026-05-19
13420,Male,Gen X,occasional,1,6,2025-07-21,2026-06-12
13421,Female,Millennial,regular,1,18,2025-07-09,2026-06-19
13422,Male,Gen Z,one_and_done,1,1,2025-08-01,2025-08-01
13423,Male,Millennial,one_and_done,1,1,2026-07-03,2026-07-03
13424,Female,Millennial,loyal,1,27,2025-08-28,2026-07-04
13425,Male,Millennial,one_and_done,6,1,2025-11-22,2025-11-22
13426,Female,Millennial,one_and_done,1,1,2026-06-23,2026-06-23
13427,Male,Millennial,regular,2,22,2025-07-02,2026-07-04
13428,Male,Boomer,one_and_done,1,1,2026-05-21,2026-05-21
13429,Male,Gen Z,occasional,2,5,2025-08-27,2026-03-16
13430,Female,Millennial,one_and_done,2,1,2025-09-21,2025-09-21
13431,Male,Gen X,loyal,1,25,2025-07-06,2026-07-04
13432,Female,Millennial,loyal,3,27,2025-07-26,2026-06-28
13433,Male,Millennial,occasional,1,7,2025-08-17,2026-04-28
13434,Male,Gen Z,one_and_done,1,1,2026-01-03,2026-01-03
13435,Male,Gen X,one_and_done,5,1,2025-08-09,2025-08-09
13436,Female,Millennial,one_and_done,2,1,2026-02-28,2026-02-28
13437,Male,Gen Z,one_and_done,1,1,2025-07-09,2025-07-09
13438,Male,Gen X,loyal,1,25,2025-07-15,2026-05-08
13439,Male,Boomer,regular,1,12,2025-07-17,2026-05-28
13440,Male,Millennial,one_and_done,1,1,2025-10-11,2025-10-11
13441,Male,Boomer,one_and_done,1,1,2026-01-25,2026-01-25
13442,Female,Millennial,regular,2,18,2025-07-23,2026-07-07
13443,Male,Gen Z,regular,1,15,2025-07-07,2026-06-10
13444,Female,Millennial,occasional,5,6,2026-01-24,2026-06-19
13445,Male,Millennial,occasional,3,7,2025-09-06,2026-06-30
13446,Male,Boomer,regular,1,12,2025-07-12,2026-06-19
13447,Male,Gen Z,regular,4,15,2025-07-08,2026-06-16
13448,Male,Millennial,one_and_done,2,1,2026-02-27,2026-02-27
13449,Male,Gen X,occasional,2,6,2025-08-31,2026-04-18
13450,Female,Millennial,regular,1,18,2025-07-02,2026-06-05
13451,Male,Millennial,one_and_done,1,1,2025-11-15,2025-11-15
13452,Female,Gen X,loyal,9,23,2025-08-01,2026-06-29
13453,Male,Boomer,regular,1,12,2025-08-08,2026-06-01
13454,Male,Gen X,regular,1,17,2025-07-14,2026-06-08
13455,Female,Millennial,one_and_done,1,1,2025-09-01,2025-09-01
13456,Male,Millennial,occasional,2,7,2025-09-06,2026-06-19
13457,Male,Gen X,loyal,3,25,2025-07-13,2026-06-23
13458,Male,Gen X,occasional,6,6,2025-09-07,2026-06-26
13459,Male,Millennial,one_and_done,2,1,2025-10-26,2025-10-26
13460,Male,Gen X,occasional,1,6,2025-11-25,2026-07-06
13461,Male,Millennial,one_and_done,4,1,2025-10-27,2025-10-27
13462,Male,Millennial,occasional,1,7,2025-10-01,2026-04-22
13463,Male,Gen Z,loyal,1,23,2025-07-12,2026-06-12
13464,Male,Gen Z,occasional,5,5,2025-08-15,2026-04-15
13465,Male,Millennial,regular,3,22,2025-07-30,2026-07-07
13466,Male,Boomer,occasional,6,4,2025-09-03,2026-07-08
13467,Male,Millennial,loyal,6,32,2025-07-01,2026-07-04
13468,Female,Millennial,occasional,1,6,2025-07-25,2026-07-07
13469,Female,Millennial,loyal,3,27,2025-08-02,2026-07-05
13470,Male,Gen X,occasional,6,6,2025-07-12,2026-05-09
13471,Male,Millennial,one_and_done,2,1,2026-02-28,2026-02-28
13472,Male,Boomer,one_and_done,1,1,2026-06-14,2026-06-14
13473,Female,Gen X,one_and_done,1,1,2026-02-06,2026-02-06
13474,Male,Gen Z,one_and_done,1,1,2025-08-22,2025-08-22
13475,Female,Gen Z,one_and_done,4,1,2026-05-17,2026-05-17
13476,Male,Millennial,occasional,4,7,2025-07-07,2026-07-03
13477,Male,Millennial,loyal,5,32,2025-07-02,2026-06-27
13478,Female,Millennial,one_and_done,4,1,2025-09-27,2025-09-27
13479,Female,Gen Z,one_and_done,5,1,2025-10-10,2025-10-10
13480,Male,Millennial,loyal,2,32,2025-07-02,2026-07-08
13481,Female,Gen X,occasional,1,5,2025-07-13,2026-06-25
13482,Male,Millennial,one_and_done,1,1,2025-11-19,2025-11-19
13483,Female,Gen Z,one_and_done,1,1,2026-04-15,2026-04-15
13484,Male,Millennial,one_and_done,2,1,2026-03-01,2026-03-01
13485,Male,Millennial,occasional,1,7,2025-08-26,2026-04-17
13486,Female,Millennial,one_and_done,1,1,2026-02-05,2026-02-05
13487,Male,Millennial,one_and_done,5,1,2026-02-20,2026-02-20
13488,Male,Millennial,regular,2,22,2025-07-07,2026-07-02
13489,Female,Millennial,regular,1,18,2025-07-19,2026-06-26
13490,Female,Gen Z,one_and_done,10,1,2025-09-30,2025-09-30
13491,Male,Gen X,one_and_done,2,1,2025-09-26,2025-09-26
13492,Male,Millennial,occasional,5,7,2025-07-26,2026-02-03
13493,Female,Gen X,one_and_done,1,1,2025-10-15,2025-10-15
13494,Female,Millennial,loyal,1,27,2025-07-12,2026-06-25
13495,Female,Millennial,one_and_done,1,1,2025-09-28,2025-09-28
13496,Female,Millennial,one_and_done,3,1,2026-06-23,2026-06-23
13497,Female,Gen X,one_and_done,1,1,2026-07-08,2026-07-08
13498,Female,Millennial,one_and_done,1,1,2026-01-03,2026-01-03
13499,Female,Millennial,occasional,1,6,2025-07-11,2026-06-15
13500,Female,Millennial,one_and_done,1,1,2026-02-28,2026-02-28
13501,Male,Millennial,occasional,1,7,2025-12-08,2026-04-23
13502,Female,Millennial,occasional,4,6,2025-07-04,2026-06-05
13503,Male,Millennial,one_and_done,7,1,2025-11-22,2025-11-22
13504,Male,Gen X,one_and_done,1,1,2025-12-02,2025-12-02
13505,Male,Millennial,occasional,1,7,2025-08-14,2026-05-09
13506,Male,Millennial,one_and_done,1,1,2025-09-15,2025-09-15
13507,Female,Millennial,one_and_done,2,1,2026-01-24,2026-01-24
13508,Male,Gen Z,one_and_done,8,1,2026-03-13,2026-03-13
13509,Male,Millennial,one_and_done,1,1,2025-09-25,2025-09-25
13510,Male,Millennial,loyal,1,32,2025-07-06,2026-07-05
13511,Male,Millennial,occasional,1,7,2025-11-24,2026-07-07
13512,Female,Millennial,regular,7,18,2025-08-02,2026-07-09
13513,Male,Gen X,regular,1,17,2025-07-03,2026-04-06
13514,Female,Boomer,regular,2,11,2025-08-21,2026-07-02
13515,Male,Gen Z,regular,1,15,2025-08-11,2026-06-10
13516,Female,Millennial,one_and_done,1,1,2025-11-03,2025-11-03
13517,Male,Millennial,one_and_done,1,1,2026-01-16,2026-01-16
13518,Female,Gen Z,loyal,1,20,2025-08-05,2026-07-03
13519,Male,Millennial,one_and_done,2,1,2025-10-21,2025-10-21
13520,Female,Gen X,regular,1,15,2025-07-09,2026-07-09
13521,Female,Millennial,regular,2,18,2025-08-01,2026-07-09
13522,Female,Gen Z,regular,2,14,2025-07-17,2026-06-23
13523,Male,Millennial,regular,8,22,2025-07-06,2026-06-09
13524,Male,Millennial,loyal,3,32,2025-08-04,2026-07-05
13525,Male,Gen X,loyal,5,25,2025-07-19,2026-07-09
13526,Female,Millennial,occasional,1,6,2025-12-31,2026-06-16
13527,Male,Millennial,occasional,1,7,2025-07-19,2026-04-24
13528,Female,Millennial,occasional,1,6,2025-07-29,2026-05-31
13529,Male,Gen X,one_and_done,1,1,2026-04-11,2026-04-11
13530,Male,Gen Z,regular,1,15,2025-07-25,2026-06-09
13531,Female,Gen Z,loyal,1,20,2025-07-22,2026-07-07
13532,Male,Millennial,regular,6,22,2025-07-04,2026-06-07
13533,Male,Millennial,regular,1,22,2025-07-19,2026-07-03
13534,Male,Millennial,occasional,1,7,2025-07-20,2026-05-07
13535,Male,Gen Z,occasional,1,5,2025-07-14,2026-06-19
13536,Female,Gen Z,regular,2,14,2025-07-11,2026-06-27
13537,Male,Gen X,one_and_done,3,1,2025-10-21,2025-10-21
13538,Female,Millennial,one_and_done,7,1,2025-10-30,2025-10-30
13539,Female,Millennial,loyal,1,27,2025-07-20,2026-07-06
13540,Female,Millennial,loyal,1,27,2025-07-07,2026-05-18
13541,Male,Millennial,one_and_done,1,1,2025-10-24,2025-10-24
13542,Male,Gen Z,one_and_done,3,1,2025-11-02,2025-11-02
13543,Male,Gen X,regular,2,17,2025-07-11,2026-06-12
13544,Female,Millennial,regular,7,18,2025-07-05,2026-07-03
13545,Female,Gen X,one_and_done,2,1,2026-05-10,2026-05-10
13546,Male,Gen Z,one_and_done,2,1,2026-04-05,2026-04-05
13547,Female,Gen Z,regular,2,14,2025-07-18,2026-06-23
13548,Male,Gen X,regular,4,17,2025-07-26,2026-06-27
13549,Male,Gen Z,one_and_done,2,1,2026-01-12,2026-01-12
13550,Female,Gen Z,regular,1,14,2025-09-05,2026-07-02
13551,Female,Millennial,one_and_done,8,1,2025-11-14,2025-11-14
13552,Male,Millennial,one_and_done,1,1,2026-01-17,2026-01-17
13553,Male,Millennial,occasional,4,7,2025-09-12,2026-05-03
13554,Male,Millennial,one_and_done,1,1,2026-03-04,2026-03-04
13555,Female,Millennial,one_and_done,3,1,2026-06-09,2026-06-09
13556,Male,Millennial,regular,8,22,2025-07-31,2026-07-08
13557,Male,Gen Z,one_and_done,1,1,2026-05-01,2026-05-01
13558,Female,Gen X,occasional,1,5,2025-11-01,2026-05-27
13559,Male,Gen Z,one_and_done,1,1,2026-04-17,2026-04-17
13560,Male,Millennial,occasional,3,7,2025-07-05,2026-06-24
13561,Male,Gen X,loyal,2,25,2025-07-14,2026-07-08
13562,Male,Boomer,one_and_done,6,1,2025-12-02,2025-12-02
13563,Male,Millennial,regular,1,22,2025-07-10,2026-07-01
13564,Male,Boomer,one_and_done,3,1,2025-10-24,2025-10-24
13565,Male,Gen Z,one_and_done,2,1,2025-12-27,2025-12-27
13566,Male,Gen Z,one_and_done,3,1,2026-04-12,2026-04-12
13567,Male,Millennial,one_and_done,1,1,2025-12-04,2025-12-04
13568,Male,Millennial,loyal,6,32,2025-07-15,2026-07-09
13569,Male,Millennial,loyal,2,32,2025-07-09,2026-07-09
13570,Female,Millennial,one_and_done,1,1,2025-10-08,2025-10-08
13571,Male,Gen X,one_and_done,1,1,2026-05-03,2026-05-03
13572,Male,Gen X,loyal,1,25,2025-08-28,2026-07-04
13573,Male,Millennial,one_and_done,5,1,2025-10-03,2025-10-03
13574,Male,Millennial,occasional,1,7,2025-07-21,2026-04-28
13575,Male,Millennial,regular,1,22,2025-07-12,2026-06-29
13576,Male,Gen Z,regular,4,15,2025-07-19,2026-07-07
13577,Male,Gen Z,one_and_done,1,1,2025-08-14,2025-08-14
13578,Male,Gen Z,occasional,1,5,2025-07-12,2026-03-05
13579,Male,Millennial,one_and_done,2,1,2025-12-08,2025-12-08
13580,Male,Gen Z,regular,1,15,2025-07-03,2026-06-18
13581,Female,Millennial,regular,1,18,2025-07-12,2026-06-02
13582,Male,Gen Z,regular,6,15,2025-07-04,2026-07-01
13583,Male,Millennial,regular,5,22,2025-07-06,2026-06-09
13584,Male,Gen Z,regular,1,15,2025-08-07,2026-07-03
13585,Male,Millennial,one_and_done,1,1,2025-12-11,2025-12-11
13586,Female,Millennial,occasional,1,6,2025-08-01,2026-03-23
13587,Female,Millennial,occasional,6,6,2025-07-30,2026-06-22
13588,Female,Gen Z,one_and_done,2,1,2025-12-08,2025-12-08
13589,Female,Boomer,occasional,2,4,2025-10-16,2026-05-27
13590,Male,Gen Z,regular,1,15,2025-07-16,2026-06-16
13591,Female,Millennial,occasional,1,6,2025-08-16,2026-06-29
13592,Male,Millennial,occasional,1,7,2025-07-29,2026-03-28
13593,Female,Millennial,one_and_done,1,1,2025-10-07,2025-10-07
13594,Male,Millennial,regular,1,22,2025-07-17,2026-07-04
13595,Male,Gen Z,one_and_done,1,1,2026-05-16,2026-05-16
13596,Male,Millennial,one_and_done,1,1,2026-06-13,2026-06-13
13597,Male,Gen Z,one_and_done,1,1,2026-02-26,2026-02-26
13598,Male,Gen X,regular,1,17,2025-07-22,2026-07-07
13599,Male,Gen Z,one_and_done,1,1,2025-12-01,2025-12-01
13600,Female,Millennial,loyal,1,27,2025-07-23,2026-06-09
13601,Female,Boomer,one_and_done,1,1,2025-10-22,2025-10-22
13602,Male,Millennial,loyal,1,32,2025-07-05,2026-07-08
13603,Male,Gen X,one_and_done,9,1,2026-06-22,2026-06-22
13604,Male,Millennial,one_and_done,9,1,2025-08-23,2025-08-23
13605,Male,Gen Z,occasional,2,5,2025-09-27,2026-07-07
13606,Male,Millennial,one_and_done,1,1,2026-05-08,2026-05-08
13607,Male,Gen Z,loyal,2,23,2025-08-02,2026-06-04
13608,Male,Millennial,regular,1,22,2025-07-31,2026-07-05
13609,Male,Millennial,occasional,1,7,2025-08-19,2026-07-01
13610,Male,Gen Z,occasional,2,5,2025-07-21,2026-06-07
13611,Male,Millennial,occasional,2,7,2025-11-29,2026-06-24
13612,Male,Millennial,loyal,1,32,2025-07-18,2026-06-19
13613,Male,Gen X,one_and_done,1,1,2025-10-26,2025-10-26
13614,Male,Gen X,occasional,3,6,2025-07-04,2026-06-29
13615,Male,Gen X,loyal,1,25,2025-07-12,2026-06-24
13616,Female,Gen X,regular,1,15,2025-07-24,2026-07-04
13617,Female,Millennial,occasional,2,6,2025-07-15,2026-07-07
13618,Male,Millennial,regular,1,22,2025-07-01,2026-07-06
13619,Male,Millennial,loyal,1,32,2025-07-06,2026-07-08
13620,Male,Millennial,regular,5,22,2025-07-11,2026-06-23
13621,Male,Millennial,occasional,1,7,2025-07-11,2026-04-24
13622,Female,Boomer,occasional,5,4,2025-11-12,2026-04-25
13623,Male,Boomer,regular,2,12,2025-07-02,2026-06-23
13624,Female,Gen Z,regular,1,14,2025-09-05,2026-05-24
13625,Female,Millennial,regular,5,18,2025-07-11,2026-06-17
13626,Male,Boomer,occasional,1,4,2025-08-01,2026-02-01
13627,Female,Millennial,occasional,1,6,2025-11-22,2026-07-08
13628,Male,Millennial,one_and_done,2,1,2025-11-02,2025-11-02
13629,Male,Gen Z,regular,8,15,2025-07-05,2026-06-30
13630,Male,Gen Z,occasional,1,5,2025-08-31,2026-05-22
13631,Male,Gen Z,one_and_done,5,1,2025-09-09,2025-09-09
13632,Female,Boomer,occasional,4,4,2025-09-29,2026-03-24
13633,Male,Millennial,occasional,7,7,2025-08-28,2026-05-01
13634,Female,Millennial,regular,1,18,2025-07-03,2026-06-28
13635,Male,Millennial,one_and_done,1,1,2026-02-22,2026-02-22
13636,Female,Gen Z,regular,1,14,2025-07-11,2026-05-29
13637,Male,Gen X,occasional,4,6,2025-12-07,2026-06-18
13638,Female,Millennial,occasional,1,6,2025-07-31,2026-06-17
13639,Female,Gen X,one_and_done,4,1,2025-08-07,2025-08-07
13640,Female,Gen X,regular,4,15,2025-07-02,2026-06-06
13641,Female,Millennial,regular,3,18,2025-07-06,2026-06-12
13642,Female,Gen Z,one_and_done,1,1,2026-01-01,2026-01-01
13643,Male,Gen X,one_and_done,1,1,2026-06-30,2026-06-30
13644,Male,Millennial,one_and_done,1,1,2026-02-07,2026-02-07
13645,Male,Millennial,one_and_done,7,1,2026-02-24,2026-02-24
13646,Female,Gen Z,one_and_done,4,1,2025-11-19,2025-11-19
13647,Male,Gen Z,occasional,1,5,2025-07-01,2026-06-30
13648,Male,Millennial,one_and_done,1,1,2026-01-31,2026-01-31
13649,Male,Gen X,occasional,2,6,2025-10-02,2026-04-16
13650,Female,Millennial,regular,6,18,2025-07-28,2026-04-08
13651,Male,Millennial,occasional,8,7,2025-07-26,2026-03-31
13652,Male,Gen X,one_and_done,1,1,2026-02-27,2026-02-27
13653,Male,Millennial,one_and_done,2,1,2026-06-30,2026-06-30
13654,Female,Gen X,occasional,1,5,2025-10-02,2026-07-01
13655,Male,Millennial,occasional,2,7,2025-07-02,2026-03-20
13656,Male,Gen Z,occasional,6,5,2025-07-05,2026-03-18
13657,Male,Gen X,one_and_done,1,1,2025-09-16,2025-09-16
13658,Male,Millennial,one_and_done,2,1,2025-12-14,2025-12-14
13659,Male,Millennial,one_and_done,1,1,2026-05-25,2026-05-25
13660,Male,Millennial,loyal,7,32,2025-07-24,2026-07-08
13661,Female,Millennial,one_and_done,7,1,2025-07-17,2025-07-17
13662,Male,Gen X,one_and_done,1,1,2026-01-16,2026-01-16
13663,Female,Millennial,one_and_done,3,1,2025-10-25,2025-10-25
13664,Female,Boomer,one_and_done,1,1,2026-01-30,2026-01-30
13665,Female,Millennial,occasional,2,6,2025-11-04,2026-06-29
13666,Male,Boomer,one_and_done,4,1,2026-03-13,2026-03-13
13667,Male,Boomer,one_and_done,1,1,2026-02-21,2026-02-21
13668,Male,Millennial,loyal,2,32,2025-07-24,2026-07-08
13669,Male,Millennial,loyal,5,32,2025-07-05,2026-06-01
13670,Male,Millennial,loyal,4,32,2025-07-01,2026-07-03
13671,Male,Millennial,occasional,9,7,2025-07-06,2026-05-11
13672,Female,Gen X,loyal,1,23,2025-07-21,2026-07-09
13673,Female,Millennial,loyal,2,27,2025-07-30,2026-06-23
13674,Male,Gen Z,regular,3,15,2025-08-02,2026-06-30
13675,Female,Millennial,regular,1,18,2025-07-11,2026-07-08
13676,Female,Boomer,regular,1,11,2025-07-24,2026-07-05
13677,Male,Boomer,one_and_done,3,1,2026-07-06,2026-07-06
13678,Male,Gen X,regular,3,17,2025-07-04,2026-05-26
13679,Male,Millennial,one_and_done,1,1,2026-06-23,2026-06-23
13680,Female,Millennial,occasional,2,6,2025-09-16,2026-07-07
13681,Female,Gen Z,occasional,3,5,2025-12-06,2026-06-08
13682,Male,Gen Z,occasional,1,5,2025-09-25,2026-03-23
13683,Male,Millennial,one_and_done,1,1,2025-11-03,2025-11-03
13684,Male,Millennial,occasional,10,7,2025-10-16,2026-05-18
13685,Male,Millennial,regular,2,22,2025-07-09,2026-06-13
13686,Female,Millennial,one_and_done,3,1,2025-08-01,2025-08-01
13687,Female,Gen Z,loyal,1,20,2025-07-01,2026-07-08
13688,Male,Millennial,one_and_done,1,1,2026-05-04,2026-05-04
13689,Male,Gen Z,regular,7,15,2025-07-01,2026-06-15
13690,Female,Gen Z,loyal,1,20,2025-07-22,2026-06-27
13691,Male,Millennial,one_and_done,1,1,2026-07-01,2026-07-01
13692,Male,Boomer,one_and_done,5,1,2025-08-19,2025-08-19
13693,Male,Millennial,occasional,2,7,2025-08-21,2026-06-14
13694,Female,Millennial,one_and_done,1,1,2026-04-25,2026-04-25
13695,Female,Millennial,occasional,1,6,2025-08-05,2026-01-14
13696,Male,Millennial,one_and_done,1,1,2025-09-28,2025-09-28
13697,Female,Millennial,one_and_done,7,1,2025-09-05,2025-09-05
13698,Male,Millennial,one_and_done,9,1,2026-01-16,2026-01-16
13699,Male,Millennial,regular,1,22,2025-07-05,2026-06-18
13700,Male,Millennial,one_and_done,3,1,2026-01-19,2026-01-19
13701,Male,Gen X,one_and_done,4,1,2025-07-01,2025-07-01
13702,Female,Millennial,one_and_done,1,1,2026-04-24,2026-04-24
13703,Male,Boomer,occasional,1,4,2025-10-23,2026-06-13
13704,Male,Boomer,regular,1,12,2025-08-13,2026-07-05
13705,Female,Millennial,occasional,2,6,2025-07-04,2026-06-22
13706,Male,Gen X,occasional,3,6,2025-07-30,2026-05-23
13707,Male,Gen X,one_and_done,1,1,2026-02-23,2026-02-23
13708,Male,Millennial,one_and_done,1,1,2025-12-18,2025-12-18
13709,Male,Millennial,one_and_done,6,1,2026-01-11,2026-01-11
13710,Female,Millennial,regular,2,18,2025-07-23,2026-04-06
13711,Male,Gen Z,one_and_done,1,1,2025-09-08,2025-09-08
13712,Male,Gen Z,one_and_done,6,1,2026-01-12,2026-01-12
13713,Male,Boomer,one_and_done,1,1,2026-06-26,2026-06-26
13714,Male,Boomer,one_and_done,1,1,2026-07-08,2026-07-08
13715,Male,Millennial,regular,5,22,2025-08-01,2026-06-23
13716,Male,Gen Z,occasional,1,5,2025-09-21,2026-06-08
13717,Female,Gen Z,one_and_done,1,1,2026-06-05,2026-06-05
13718,Male,Millennial,one_and_done,2,1,2025-12-13,2025-12-13
13719,Male,Gen X,occasional,4,6,2025-08-08,2026-07-01
13720,Male,Millennial,loyal,1,32,2025-07-03,2026-06-25
13721,Male,Millennial,one_and_done,7,1,2025-09-18,2025-09-18
13722,Female,Gen Z,regular,1,14,2025-07-26,2026-07-01
13723,Male,Millennial,regular,6,22,2025-07-22,2026-06-04
13724,Male,Millennial,one_and_done,3,1,2025-08-01,2025-08-01
13725,Male,Gen X,occasional,5,6,2025-07-04,2026-06-27
13726,Female,Millennial,regular,1,18,2025-07-31,2026-07-01
13727,Male,Millennial,one_and_done,5,1,2025-07-26,2025-07-26
13728,Female,Millennial,regular,3,18,2025-07-03,2026-07-01
13729,Female,Gen X,occasional,3,5,2025-07-24,2026-03-31
13730,Male,Gen Z,loyal,4,23,2025-07-11,2026-07-06
13731,Male,Millennial,occasional,4,7,2025-10-08,2026-07-02
13732,Male,Gen Z,regular,5,15,2025-08-01,2026-05-28
13733,Female,Millennial,one_and_done,8,1,2026-06-07,2026-06-07
13734,Female,Boomer,loyal,5,16,2025-07-04,2026-06-24
13735,Female,Millennial,one_and_done,1,1,2026-03-14,2026-03-14
13736,Female,Millennial,one_and_done,1,1,2025-10-12,2025-10-12
13737,Female,Gen X,regular,5,15,2025-08-01,2026-06-25
13738,Male,Millennial,one_and_done,2,1,2025-12-08,2025-12-08
13739,Male,Millennial,one_and_done,1,1,2026-02-04,2026-02-04
13740,Male,Millennial,one_and_done,3,1,2026-05-21,2026-05-21
13741,Female,Boomer,regular,6,11,2025-07-18,2026-02-03
13742,Male,Boomer,one_and_done,2,1,2026-04-17,2026-04-17
13743,Male,Gen X,one_and_done,2,1,2025-12-27,2025-12-27
13744,Male,Millennial,regular,1,22,2025-07-13,2026-06-13
13745,Female,Gen X,loyal,4,23,2025-07-01,2026-06-27
13746,Female,Gen Z,loyal,1,20,2025-07-09,2026-06-17
13747,Female,Boomer,one_and_done,1,1,2026-07-03,2026-07-03
13748,Female,Gen Z,one_and_done,2,1,2025-08-12,2025-08-12
13749,Male,Gen Z,one_and_done,1,1,2026-04-23,2026-04-23
13750,Female,Millennial,one_and_done,1,1,2025-12-26,2025-12-26
13751,Female,Millennial,one_and_done,1,1,2026-01-30,2026-01-30
13752,Male,Gen Z,occasional,7,5,2025-07-15,2026-06-12
13753,Female,Gen X,occasional,4,5,2025-08-23,2026-06-02
13754,Male,Millennial,one_and_done,5,1,2025-07-07,2025-07-07
13755,Female,Millennial,one_and_done,4,1,2025-07-15,2025-07-15
13756,Male,Gen X,one_and_done,1,1,2026-03-20,2026-03-20
13757,Male,Gen X,one_and_done,6,1,2025-10-17,2025-10-17
13758,Female,Millennial,one_and_done,4,1,2025-12-06,2025-12-06
13759,Female,Gen X,one_and_done,1,1,2026-05-21,2026-05-21
13760,Male,Gen Z,one_and_done,1,1,2025-08-02,2025-08-02
13761,Female,Millennial,loyal,3,27,2025-07-11,2026-06-04
13762,Male,Gen X,one_and_done,1,1,2026-05-14,2026-05-14
13763,Male,Millennial,regular,3,22,2025-07-01,2026-06-12
13764,Male,Millennial,regular,2,22,2025-07-15,2026-06-11
13765,Female,Gen Z,regular,6,14,2025-08-13,2026-06-13
13766,Male,Gen Z,occasional,7,5,2025-08-08,2026-05-13
13767,Female,Millennial,regular,3,18,2025-07-12,2026-07-01
13768,Female,Gen X,one_and_done,1,1,2026-01-19,2026-01-19
13769,Male,Boomer,one_and_done,4,1,2025-10-08,2025-10-08
13770,Male,Millennial,loyal,1,32,2025-07-11,2026-06-25
13771,Male,Millennial,regular,1,22,2025-07-25,2026-07-08
13772,Female,Millennial,one_and_done,7,1,2026-04-24,2026-04-24
13773,Female,Millennial,occasional,1,6,2025-07-08,2026-05-08
13774,Male,Gen Z,one_and_done,5,1,2025-11-10,2025-11-10
13775,Male,Gen Z,one_and_done,7,1,2026-01-10,2026-01-10
13776,Male,Gen Z,occasional,4,5,2025-07-08,2026-04-25
13777,Female,Gen Z,occasional,3,5,2025-08-22,2026-07-04
13778,Male,Gen X,regular,7,17,2025-07-08,2026-06-17
13779,Male,Gen X,regular,3,17,2025-07-11,2026-07-01
13780,Female,Millennial,occasional,1,6,2025-08-01,2026-06-29
13781,Female,Gen X,loyal,3,23,2025-07-11,2026-07-07
13782,Male,Millennial,one_and_done,1,1,2025-09-29,2025-09-29
13783,Male,Gen Z,regular,8,15,2025-07-04,2026-07-03
13784,Male,Gen X,regular,1,17,2025-07-28,2026-05-09
13785,Male,Gen X,regular,1,17,2025-07-07,2026-05-28
13786,Female,Boomer,one_and_done,1,1,2025-12-01,2025-12-01
13787,Male,Gen Z,regular,6,15,2025-08-29,2026-06-24
13788,Female,Millennial,regular,1,18,2025-07-06,2026-05-02
13789,Male,Millennial,loyal,1,32,2025-07-15,2026-07-04
13790,Male,Millennial,one_and_done,1,1,2026-03-03,2026-03-03
13791,Female,Millennial,one_and_done,3,1,2025-07-05,2025-07-05
13792,Male,Millennial,regular,5,22,2025-07-16,2026-07-07
13793,Male,Millennial,one_and_done,2,1,2025-12-09,2025-12-09
13794,Male,Millennial,occasional,2,7,2025-08-26,2026-03-20
13795,Male,Millennial,occasional,4,7,2025-08-25,2026-06-12
13796,Male,Millennial,one_and_done,3,1,2026-07-09,2026-07-09
13797,Male,Millennial,occasional,7,7,2025-08-20,2026-04-23
13798,Female,Gen Z,occasional,5,5,2025-07-04,2026-03-11
13799,Male,Millennial,one_and_done,1,1,2025-07-16,2025-07-16
13800,Male,Gen Z,regular,1,15,2025-07-19,2026-07-03
13801,Male,Gen X,regular,4,17,2025-07-05,2026-07-09
13802,Male,Gen Z,occasional,7,5,2025-10-24,2026-03-29
13803,Male,Millennial,one_and_done,1,1,2025-12-31,2025-12-31
13804,Male,Millennial,occasional,4,7,2025-07-19,2026-05-03
13805,Male,Boomer,regular,1,12,2025-07-09,2026-05-07
13806,Male,Gen X,loyal,5,25,2025-07-13,2026-06-26
13807,Female,Millennial,one_and_done,1,1,2025-11-11,2025-11-11
13808,Male,Gen X,one_and_done,1,1,2026-02-02,2026-02-02
13809,Male,Gen X,one_and_done,3,1,2026-06-23,2026-06-23
13810,Male,Boomer,loyal,1,18,2025-08-29,2026-06-29
13811,Female,Millennial,one_and_done,2,1,2026-03-22,2026-03-22
13812,Male,Gen X,one_and_done,1,1,2026-02-17,2026-02-17
13813,Male,Boomer,one_and_done,1,1,2025-11-08,2025-11-08
13814,Male,Millennial,occasional,9,7,2025-09-07,2026-06-26
13815,Male,Millennial,occasional,1,7,2025-07-19,2026-05-19
13816,Male,Millennial,occasional,4,7,2025-07-02,2026-06-16
13817,Male,Millennial,regular,3,22,2025-07-26,2026-07-04
13818,Male,Millennial,one_and_done,2,1,2025-12-17,2025-12-17
13819,Female,Millennial,loyal,1,27,2025-07-05,2026-07-09
13820,Male,Millennial,occasional,1,7,2025-08-07,2026-06-19
13821,Male,Millennial,one_and_done,6,1,2025-07-17,2025-07-17
13822,Male,Boomer,one_and_done,1,1,2025-07-19,2025-07-19
13823,Female,Millennial,occasional,9,6,2025-10-05,2026-07-01
13824,Male,Gen Z,occasional,1,5,2025-09-25,2026-04-10
13825,Male,Gen Z,occasional,1,5,2025-07-11,2026-06-06
13826,Male,Gen Z,occasional,2,5,2025-09-16,2026-05-31
13827,Male,Millennial,one_and_done,1,1,2025-09-05,2025-09-05
13828,Male,Gen X,one_and_done,1,1,2025-11-07,2025-11-07
13829,Male,Gen X,one_and_done,2,1,2025-11-01,2025-11-01
13830,Male,Millennial,regular,1,22,2025-07-17,2026-07-04
13831,Female,Millennial,one_and_done,6,1,2025-10-04,2025-10-04
13832,Female,Gen X,loyal,3,23,2025-08-14,2026-07-08
13833,Female,Millennial,one_and_done,1,1,2026-05-17,2026-05-17
13834,Male,Millennial,one_and_done,1,1,2025-07-06,2025-07-06
13835,Male,Gen X,occasional,7,6,2025-07-25,2026-07-04
13836,Female,Millennial,loyal,1,27,2025-07-14,2026-06-24
13837,Male,Millennial,regular,1,22,2025-07-01,2026-07-02
13838,Female,Millennial,occasional,1,6,2025-12-07,2026-04-13
13839,Male,Millennial,occasional,7,7,2025-09-13,2026-05-19
13840,Female,Millennial,loyal,2,27,2025-07-04,2026-06-30
13841,Male,Gen X,loyal,1,25,2025-07-14,2026-05-25
13842,Male,Gen Z,one_and_done,4,1,2025-10-27,2025-10-27
13843,Male,Millennial,one_and_done,1,1,2026-07-04,2026-07-04
13844,Male,Gen X,regular,8,17,2025-07-06,2026-07-02
13845,Male,Gen Z,one_and_done,6,1,2025-12-16,2025-12-16
13846,Male,Millennial,one_and_done,1,1,2025-10-18,2025-10-18
13847,Male,Millennial,one_and_done,2,1,2026-01-08,2026-01-08
13848,Female,Gen X,loyal,1,23,2025-07-03,2026-06-25
13849,Female,Millennial,one_and_done,1,1,2026-01-22,2026-01-22
13850,Male,Gen Z,occasional,1,5,2025-07-04,2026-06-08
13851,Male,Gen Z,one_and_done,1,1,2025-12-29,2025-12-29
13852,Male,Gen Z,regular,6,15,2025-07-06,2026-07-09
13853,Female,Gen Z,regular,1,14,2025-07-11,2026-04-18
13854,Male,Millennial,regular,1,22,2025-07-30,2026-06-25
13855,Female,Millennial,regular,5,18,2025-07-05,2026-06-24
13856,Female,Millennial,regular,2,18,2025-07-23,2026-07-06
13857,Male,Gen Z,one_and_done,6,1,2026-02-07,2026-02-07
13858,Male,Millennial,one_and_done,1,1,2026-06-13,2026-06-13
13859,Male,Millennial,regular,1,22,2025-07-17,2026-07-06
13860,Female,Gen Z,occasional,2,5,2025-08-05,2025-12-12
13861,Female,Millennial,one_and_done,1,1,2025-07-16,2025-07-16
13862,Female,Gen Z,one_and_done,9,1,2025-09-07,2025-09-07
13863,Male,Gen X,one_and_done,8,1,2026-06-28,2026-06-28
13864,Male,Boomer,occasional,4,4,2025-09-05,2026-06-18
13865,Male,Millennial,occasional,1,7,2025-11-20,2026-04-08
13866,Male,Gen Z,one_and_done,1,1,2025-11-04,2025-11-04
13867,Male,Millennial,occasional,1,7,2025-09-04,2026-05-27
13868,Male,Gen Z,regular,1,15,2025-07-22,2026-07-06
13869,Male,Millennial,occasional,1,7,2025-08-23,2026-06-26
13870,Male,Millennial,occasional,1,7,2025-09-21,2026-06-21
13871,Female,Gen Z,regular,1,14,2025-07-10,2026-06-04
13872,Male,Gen Z,loyal,1,23,2025-07-05,2026-05-22
13873,Female,Gen Z,regular,1,14,2025-07-11,2026-06-13
13874,Female,Gen Z,occasional,1,5,2025-07-16,2026-05-27
13875,Female,Millennial,one_and_done,3,1,2025-07-13,2025-07-13
13876,Male,Gen X,loyal,1,25,2025-07-10,2026-06-21
13877,Male,Millennial,occasional,1,7,2025-07-15,2026-06-19
13878,Male,Gen Z,one_and_done,1,1,2025-10-30,2025-10-30
13879,Female,Gen X,occasional,7,5,2025-10-06,2026-03-16
13880,Male,Millennial,one_and_done,5,1,2025-12-19,2025-12-19
13881,Male,Gen Z,one_and_done,1,1,2026-07-03,2026-07-03
13882,Female,Gen Z,occasional,5,5,2025-07-22,2026-05-18
13883,Female,Boomer,one_and_done,1,1,2026-07-07,2026-07-07
13884,Male,Millennial,one_and_done,1,1,2026-03-19,2026-03-19
13885,Male,Millennial,one_and_done,1,1,2025-10-23,2025-10-23
13886,Male,Gen Z,one_and_done,1,1,2025-07-22,2025-07-22
13887,Female,Gen X,one_and_done,1,1,2025-11-14,2025-11-14
13888,Female,Millennial,occasional,5,6,2026-02-17,2026-06-28
13889,Female,Millennial,occasional,1,6,2025-07-01,2026-02-27
13890,Female,Millennial,one_and_done,1,1,2025-09-25,2025-09-25
13891,Male,Millennial,one_and_done,3,1,2025-12-01,2025-12-01
13892,Male,Gen X,regular,1,17,2025-07-10,2026-06-11
13893,Male,Gen Z,occasional,1,5,2025-07-13,2026-03-06
13894,Male,Millennial,one_and_done,2,1,2026-06-12,2026-06-12
13895,Female,Gen Z,one_and_done,1,1,2026-05-01,2026-05-01
13896,Female,Millennial,loyal,8,27,2025-07-26,2026-07-05
13897,Male,Gen Z,one_and_done,1,1,2026-01-22,2026-01-22
13898,Female,Gen X,regular,1,15,2025-09-01,2026-07-08
13899,Male,Gen Z,loyal,3,23,2025-07-08,2026-06-26
13900,Male,Millennial,one_and_done,2,1,2025-10-26,2025-10-26
13901,Male,Millennial,occasional,1,7,2025-07-10,2026-07-08
13902,Male,Gen Z,regular,4,15,2025-07-11,2026-06-29
13903,Female,Millennial,one_and_done,1,1,2025-09-23,2025-09-23
13904,Male,Boomer,one_and_done,1,1,2026-02-21,2026-02-21
13905,Female,Gen X,one_and_done,4,1,2025-12-20,2025-12-20
13906,Male,Millennial,one_and_done,7,1,2026-02-06,2026-02-06
13907,Female,Millennial,occasional,1,6,2025-08-27,2026-06-20
13908,Male,Boomer,one_and_done,3,1,2025-10-31,2025-10-31
13909,Male,Gen Z,one_and_done,3,1,2025-11-27,2025-11-27
13910,Female,Gen X,one_and_done,2,1,2025-12-27,2025-12-27
13911,Male,Gen Z,regular,1,15,2025-07-11,2026-07-05
13912,Male,Gen X,one_and_done,1,1,2025-12-05,2025-12-05
13913,Male,Millennial,one_and_done,1,1,2025-10-06,2025-10-06
13914,Female,Gen X,one_and_done,1,1,2026-05-26,2026-05-26
13915,Female,Gen X,regular,5,15,2025-07-15,2026-06-28
13916,Female,Millennial,occasional,3,6,2025-07-28,2026-06-06
13917,Male,Millennial,one_and_done,1,1,2025-07-08,2025-07-08
13918,Female,Millennial,regular,7,18,2025-07-28,2026-07-08
13919,Female,Millennial,loyal,1,27,2025-07-11,2026-07-04
13920,Female,Millennial,one_and_done,1,1,2025-08-20,2025-08-20
13921,Male,Millennial,one_and_done,2,1,2025-09-12,2025-09-12
13922,Female,Gen Z,loyal,1,20,2025-07-25,2026-07-09
13923,Male,Millennial,regular,8,22,2025-07-08,2026-05-31
13924,Male,Millennial,occasional,8,7,2025-09-15,2026-06-04
13925,Female,Millennial,occasional,1,6,2025-09-25,2026-04-22
13926,Female,Gen X,one_and_done,7,1,2026-02-20,2026-02-20
13927,Male,Gen Z,one_and_done,3,1,2025-07-21,2025-07-21
13928,Male,Gen Z,one_and_done,3,1,2026-05-08,2026-05-08
13929,Male,Gen Z,one_and_done,1,1,2025-07-11,2025-07-11
13930,Female,Gen Z,regular,7,14,2025-08-22,2026-06-26
13931,Male,Gen Z,one_and_done,2,1,2026-06-27,2026-06-27
13932,Female,Millennial,regular,1,18,2025-08-07,2026-07-09
13933,Male,Gen X,loyal,2,25,2025-07-06,2026-06-22
13934,Male,Gen X,regular,10,17,2025-08-30,2026-06-25
13935,Male,Millennial,loyal,1,32,2025-07-05,2026-06-27
13936,Female,Gen X,regular,3,15,2025-07-07,2026-06-26
13937,Male,Gen X,one_and_done,1,1,2026-04-18,2026-04-18
13938,Male,Millennial,loyal,6,32,2025-07-04,2026-06-25
13939,Female,Millennial,loyal,4,27,2025-08-06,2026-06-30
13940,Male,Millennial,regular,10,22,2025-07-13,2026-07-03
13941,Female,Gen X,one_and_done,4,1,2026-02-28,2026-02-28
13942,Male,Millennial,one_and_done,1,1,2025-12-30,2025-12-30
13943,Male,Millennial,occasional,1,7,2025-09-13,2026-06-20
13944,Female,Millennial,occasional,2,6,2025-07-16,2026-05-14
13945,Female,Millennial,occasional,5,6,2025-11-19,2026-07-03
13946,Male,Millennial,regular,2,22,2025-07-24,2026-06-12
13947,Male,Boomer,occasional,1,4,2025-07-25,2026-06-05
13948,Male,Millennial,one_and_done,6,1,2025-11-07,2025-11-07
13949,Female,Millennial,one_and_done,1,1,2025-10-12,2025-10-12
13950,Male,Millennial,occasional,3,7,2025-09-07,2026-06-23
13951,Female,Millennial,one_and_done,1,1,2025-11-22,2025-11-22
13952,Male,Millennial,regular,8,22,2025-07-15,2026-06-29
13953,Male,Millennial,one_and_done,1,1,2026-05-06,2026-05-06
13954,Male,Millennial,occasional,1,7,2025-08-06,2026-07-03
13955,Male,Millennial,regular,2,22,2025-08-03,2026-06-01
13956,Male,Gen Z,one_and_done,1,1,2026-06-01,2026-06-01
13957,Female,Gen Z,loyal,1,20,2025-07-04,2026-07-09
13958,Male,Millennial,one_and_done,1,1,2026-05-26,2026-05-26
13959,Female,Millennial,loyal,5,27,2025-07-10,2026-06-20
13960,Male,Gen X,regular,4,17,2025-07-03,2026-07-07
13961,Female,Gen X,occasional,1,5,2025-07-24,2026-07-06
13962,Male,Millennial,one_and_done,2,1,2025-09-16,2025-09-16
13963,Male,Gen X,one_and_done,1,1,2026-01-20,2026-01-20
13964,Male,Millennial,one_and_done,5,1,2025-11-15,2025-11-15
13965,Female,Millennial,one_and_done,10,1,2026-01-17,2026-01-17
13966,Male,Gen Z,regular,1,15,2025-07-17,2026-07-03
13967,Male,Gen Z,one_and_done,6,1,2025-07-31,2025-07-31
13968,Male,Gen X,regular,7,17,2025-08-19,2026-04-23
13969,Male,Millennial,regular,1,22,2025-07-03,2026-07-03
13970,Male,Gen Z,one_and_done,1,1,2026-04-11,2026-04-11
13971,Male,Millennial,one_and_done,1,1,2025-12-13,2025-12-13
13972,Male,Boomer,occasional,3,4,2025-10-07,2026-05-30
13973,Female,Millennial,regular,1,18,2025-07-14,2026-05-16
13974,Male,Gen Z,regular,1,15,2025-09-05,2026-05-29
13975,Male,Millennial,occasional,1,7,2025-07-25,2026-04-06
13976,Male,Millennial,regular,2,22,2025-07-14,2026-06-13
13977,Female,Millennial,one_and_done,1,1,2025-12-30,2025-12-30
13978,Female,Gen Z,regular,4,14,2025-07-29,2026-07-08
13979,Male,Boomer,one_and_done,3,1,2026-05-28,2026-05-28
13980,Female,Millennial,occasional,3,6,2025-07-08,2026-06-07
13981,Male,Gen Z,regular,1,15,2025-07-25,2026-05-12
13982,Male,Millennial,occasional,3,7,2025-07-26,2026-04-24
13983,Female,Millennial,regular,10,18,2025-08-28,2026-06-20
13984,Male,Gen Z,occasional,1,5,2025-09-22,2026-03-10
13985,Female,Millennial,occasional,8,6,2025-08-22,2026-03-29
13986,Male,Gen X,one_and_done,4,1,2026-05-13,2026-05-13
13987,Male,Millennial,one_and_done,3,1,2025-09-27,2025-09-27
13988,Female,Millennial,one_and_done,2,1,2026-04-14,2026-04-14
13989,Female,Gen X,one_and_done,7,1,2025-07-25,2025-07-25
13990,Male,Gen Z,occasional,1,5,2025-09-13,2026-06-29
13991,Male,Millennial,occasional,1,7,2025-09-16,2026-06-09
13992,Male,Gen X,regular,2,17,2025-07-24,2026-07-01
13993,Female,Gen Z,regular,1,14,2025-07-03,2026-07-07
13994,Female,Millennial,regular,5,18,2025-07-28,2026-05-31
13995,Male,Gen X,regular,4,17,2025-08-05,2026-06-22
13996,Male,Gen Z,occasional,1,5,2025-08-22,2026-05-13
13997,Male,Millennial,one_and_done,1,1,2025-11-12,2025-11-12
13998,Male,Millennial,regular,1,22,2025-07-07,2026-07-01
13999,Male,Millennial,regular,1,22,2025-07-20,2026-05-26
14000,Female,Millennial,one_and_done,1,1,2025-10-06,2025-10-06
14001,Male,Gen Z,one_and_done,1,1,2025-09-08,2025-09-08
14002,Male,Gen X,occasional,3,6,2025-10-27,2026-06-06
14003,Male,Millennial,occasional,2,7,2025-10-29,2026-06-22
14004,Male,Millennial,occasional,3,7,2025-08-21,2026-05-28
14005,Male,Millennial,regular,2,22,2025-07-09,2026-07-03
14006,Female,Gen Z,one_and_done,3,1,2026-07-04,2026-07-04
14007,Female,Millennial,one_and_done,4,1,2025-12-12,2025-12-12
14008,Male,Gen Z,regular,1,15,2025-07-20,2026-07-02
14009,Male,Boomer,one_and_done,7,1,2026-06-11,2026-06-11
14010,Male,Gen Z,regular,1,15,2025-07-04,2026-06-28
14011,Male,Millennial,regular,6,22,2025-07-03,2026-06-18
14012,Female,Gen X,loyal,4,23,2025-07-23,2026-07-09
14013,Male,Gen Z,one_and_done,1,1,2026-06-19,2026-06-19
14014,Female,Millennial,one_and_done,1,1,2026-06-10,2026-06-10
14015,Male,Gen Z,regular,3,15,2025-07-30,2026-06-21
14016,Male,Millennial,regular,1,22,2025-08-31,2026-07-03
14017,Male,Gen Z,one_and_done,7,1,2026-05-29,2026-05-29
14018,Male,Gen Z,one_and_done,2,1,2025-11-21,2025-11-21
14019,Male,Millennial,one_and_done,1,1,2025-08-11,2025-08-11
14020,Male,Gen Z,occasional,1,5,2025-07-28,2026-03-21
14021,Female,Boomer,one_and_done,3,1,2025-11-15,2025-11-15
14022,Male,Gen X,occasional,1,6,2025-07-06,2026-02-04
14023,Female,Gen X,one_and_done,1,1,2025-08-05,2025-08-05
14024,Male,Gen Z,occasional,1,5,2025-07-27,2026-06-22
14025,Male,Millennial,one_and_done,1,1,2025-07-22,2025-07-22
14026,Female,Boomer,loyal,1,16,2025-07-02,2026-04-14
14027,Male,Millennial,loyal,7,32,2025-07-26,2026-05-31
14028,Female,Millennial,loyal,7,27,2025-07-26,2026-07-05
14029,Male,Gen Z,occasional,1,5,2025-08-31,2026-06-16
14030,Female,Gen Z,one_and_done,1,1,2026-02-06,2026-02-06
14031,Male,Millennial,loyal,1,32,2025-07-01,2026-06-25
14032,Male,Millennial,occasional,1,7,2025-09-05,2026-05-26
14033,Female,Gen Z,one_and_done,2,1,2025-09-24,2025-09-24
14034,Male,Boomer,one_and_done,4,1,2026-04-10,2026-04-10
14035,Male,Millennial,one_and_done,1,1,2026-03-26,2026-03-26
14036,Male,Millennial,regular,3,22,2025-07-16,2026-06-27
14037,Female,Millennial,regular,1,18,2025-07-30,2026-07-04
14038,Female,Millennial,one_and_done,4,1,2025-12-05,2025-12-05
14039,Female,Boomer,occasional,2,4,2025-08-13,2026-06-20
14040,Female,Millennial,one_and_done,1,1,2026-05-08,2026-05-08
14041,Male,Gen Z,regular,1,15,2025-08-09,2026-05-09
14042,Male,Gen Z,one_and_done,1,1,2026-01-25,2026-01-25
14043,Female,Millennial,loyal,6,27,2025-07-04,2026-07-08
14044,Male,Boomer,one_and_done,1,1,2025-09-03,2025-09-03
14045,Female,Gen Z,one_and_done,2,1,2025-12-14,2025-12-14
14046,Male,Millennial,one_and_done,1,1,2026-05-14,2026-05-14
14047,Female,Millennial,one_and_done,4,1,2025-07-28,2025-07-28
14048,Female,Millennial,one_and_done,1,1,2026-06-11,2026-06-11
14049,Male,Gen Z,occasional,1,5,2025-08-05,2026-05-23
14050,Male,Millennial,one_and_done,3,1,2025-09-30,2025-09-30
14051,Female,Gen X,one_and_done,5,1,2025-08-21,2025-08-21
14052,Female,Millennial,occasional,1,6,2025-07-03,2026-06-21
14053,Female,Millennial,one_and_done,7,1,2026-05-30,2026-05-30
14054,Female,Millennial,occasional,1,6,2025-08-08,2026-07-04
14055,Female,Boomer,regular,1,11,2025-08-28,2026-05-17
14056,Male,Gen Z,one_and_done,1,1,2025-12-10,2025-12-10
14057,Male,Gen Z,one_and_done,1,1,2026-02-04,2026-02-04
14058,Male,Millennial,one_and_done,4,1,2025-08-17,2025-08-17
14059,Female,Gen Z,one_and_done,7,1,2025-12-13,2025-12-13
14060,Male,Gen Z,occasional,2,5,2025-11-30,2026-05-18
14061,Female,Millennial,regular,1,18,2025-07-20,2026-07-09
14062,Male,Millennial,one_and_done,6,1,2025-12-19,2025-12-19
14063,Male,Gen Z,one_and_done,6,1,2025-10-13,2025-10-13
14064,Male,Millennial,one_and_done,4,1,2026-06-19,2026-06-19
14065,Male,Gen X,occasional,6,6,2025-07-18,2026-07-02
14066,Female,Gen X,one_and_done,3,1,2025-11-14,2025-11-14
14067,Male,Gen X,one_and_done,1,1,2025-12-12,2025-12-12
14068,Male,Gen X,occasional,2,6,2025-07-19,2026-02-21
14069,Male,Gen Z,one_and_done,1,1,2026-02-12,2026-02-12
14070,Male,Millennial,one_and_done,1,1,2025-12-25,2025-12-25
14071,Male,Gen Z,one_and_done,3,1,2025-10-31,2025-10-31
14072,Male,Millennial,one_and_done,1,1,2026-05-15,2026-05-15
14073,Female,Millennial,regular,1,18,2025-07-02,2026-06-17
14074,Male,Gen Z,loyal,2,23,2025-07-04,2026-06-01
14075,Male,Gen X,regular,6,17,2025-07-13,2026-07-07
14076,Male,Gen Z,one_and_done,5,1,2026-02-25,2026-02-25
14077,Male,Millennial,one_and_done,1,1,2025-09-17,2025-09-17
14078,Female,Millennial,one_and_done,1,1,2026-04-17,2026-04-17
14079,Male,Millennial,regular,1,22,2025-07-06,2026-07-07
14080,Male,Millennial,one_and_done,2,1,2025-07-11,2025-07-11
14081,Male,Millennial,occasional,1,7,2025-09-14,2026-07-03
14082,Male,Millennial,occasional,2,7,2025-07-11,2026-02-28
14083,Male,Gen Z,occasional,1,5,2025-07-11,2026-06-06
14084,Male,Millennial,one_and_done,1,1,2025-10-29,2025-10-29
14085,Female,Millennial,occasional,2,6,2025-09-15,2026-03-29
14086,Male,Gen Z,regular,1,15,2025-07-26,2026-05-30
14087,Male,Boomer,loyal,1,18,2025-07-14,2026-03-25
14088,Male,Millennial,loyal,4,32,2025-07-07,2026-07-03
14089,Male,Gen Z,regular,1,15,2025-08-19,2026-06-17
14090,Female,Millennial,one_and_done,4,1,2025-07-02,2025-07-02
14091,Male,Millennial,regular,1,22,2025-08-01,2026-07-06
14092,Male,Millennial,regular,1,22,2025-07-08,2026-05-19
14093,Female,Gen X,occasional,1,5,2025-10-05,2026-05-21
14094,Male,Millennial,regular,1,22,2025-07-06,2026-07-07
14095,Male,Gen Z,regular,1,15,2025-08-26,2026-06-29
14096,Male,Gen Z,one_and_done,1,1,2025-10-17,2025-10-17
14097,Female,Gen X,occasional,4,5,2025-07-07,2026-01-14
14098,Male,Boomer,one_and_done,1,1,2026-04-30,2026-04-30
14099,Male,Gen Z,one_and_done,5,1,2025-10-13,2025-10-13
14100,Female,Millennial,one_and_done,5,1,2026-02-11,2026-02-11
14101,Female,Millennial,one_and_done,1,1,2026-05-03,2026-05-03
14102,Male,Gen Z,occasional,1,5,2025-07-29,2026-03-20
14103,Male,Gen Z,regular,5,15,2025-08-08,2026-05-31
14104,Male,Millennial,regular,1,22,2025-07-23,2026-06-03
14105,Male,Boomer,occasional,2,4,2025-07-14,2026-01-12
14106,Male,Gen X,one_and_done,1,1,2025-09-06,2025-09-06
14107,Male,Millennial,loyal,2,32,2025-07-21,2026-07-04
14108,Male,Gen Z,regular,6,15,2025-07-05,2026-06-03
14109,Female,Millennial,one_and_done,1,1,2026-01-20,2026-01-20
14110,Female,Millennial,one_and_done,3,1,2026-06-14,2026-06-14
14111,Female,Millennial,loyal,4,27,2025-07-04,2026-06-30
14112,Male,Millennial,one_and_done,1,1,2025-07-25,2025-07-25
14113,Female,Millennial,one_and_done,2,1,2025-12-18,2025-12-18
14114,Female,Boomer,one_and_done,1,1,2026-02-05,2026-02-05
14115,Male,Gen Z,occasional,1,5,2025-09-07,2026-06-04
14116,Female,Millennial,one_and_done,1,1,2026-06-23,2026-06-23
14117,Male,Gen Z,one_and_done,4,1,2026-05-08,2026-05-08
14118,Female,Millennial,regular,1,18,2025-07-01,2026-07-07
14119,Male,Gen Z,loyal,1,23,2025-07-17,2026-06-26
14120,Male,Millennial,occasional,1,7,2025-08-23,2026-06-20
14121,Female,Millennial,one_and_done,1,1,2025-10-11,2025-10-11
14122,Male,Millennial,one_and_done,1,1,2026-02-16,2026-02-16
14123,Male,Millennial,occasional,1,7,2025-09-19,2026-06-28
14124,Male,Millennial,one_and_done,1,1,2025-11-24,2025-11-24
14125,Male,Millennial,one_and_done,7,1,2026-03-29,2026-03-29
14126,Male,Millennial,occasional,7,7,2025-07-03,2026-06-25
14127,Male,Millennial,occasional,1,7,2025-07-08,2026-05-16
14128,Male,Millennial,occasional,7,7,2025-08-24,2026-06-20
14129,Male,Millennial,regular,4,22,2025-07-13,2026-06-11
14130,Male,Gen X,one_and_done,2,1,2026-03-03,2026-03-03
14131,Female,Gen X,occasional,3,5,2025-07-31,2026-03-06
14132,Male,Millennial,one_and_done,1,1,2025-08-08,2025-08-08
14133,Female,Millennial,loyal,1,27,2025-07-26,2026-06-10
14134,Male,Millennial,one_and_done,1,1,2026-06-25,2026-06-25
14135,Female,Boomer,one_and_done,4,1,2025-07-13,2025-07-13
14136,Female,Gen Z,regular,4,14,2025-07-16,2026-05-26
14137,Male,Gen Z,regular,6,15,2025-08-15,2026-07-04
14138,Male,Millennial,regular,1,22,2025-07-04,2026-06-13
14139,Female,Millennial,occasional,1,6,2025-07-03,2026-07-01
14140,Male,Gen X,occasional,8,6,2025-07-28,2026-05-06
14141,Male,Millennial,one_and_done,1,1,2026-05-30,2026-05-30
14142,Male,Gen X,occasional,6,6,2025-10-08,2026-07-08
14143,Male,Gen Z,regular,1,15,2025-09-01,2026-05-10
14144,Female,Gen Z,one_and_done,1,1,2025-11-21,2025-11-21
14145,Male,Gen Z,regular,2,15,2025-07-02,2026-06-24
14146,Male,Gen Z,one_and_done,1,1,2026-01-08,2026-01-08
14147,Male,Gen X,one_and_done,2,1,2025-07-19,2025-07-19
14148,Male,Gen X,regular,3,17,2025-07-01,2026-04-14
14149,Male,Millennial,one_and_done,1,1,2026-05-01,2026-05-01
14150,Male,Millennial,regular,3,22,2025-07-14,2026-07-05
14151,Female,Gen Z,regular,1,14,2025-07-03,2026-06-08
14152,Female,Boomer,regular,3,11,2025-07-25,2026-04-15
14153,Male,Gen X,one_and_done,3,1,2026-04-25,2026-04-25
14154,Female,Gen X,occasional,5,5,2025-08-08,2026-02-25
14155,Male,Gen X,occasional,1,6,2025-10-13,2026-05-27
14156,Male,Millennial,occasional,4,7,2025-07-16,2026-07-02
14157,Male,Gen X,occasional,1,6,2025-07-25,2026-05-14
14158,Male,Millennial,one_and_done,1,1,2025-11-27,2025-11-27
14159,Male,Gen X,regular,3,17,2025-08-04,2026-06-29
14160,Female,Gen Z,one_and_done,1,1,2025-07-01,2025-07-01
14161,Female,Gen Z,occasional,1,5,2025-07-11,2026-05-03
14162,Male,Millennial,one_and_done,3,1,2025-10-27,2025-10-27
14163,Female,Gen Z,one_and_done,5,1,2026-05-02,2026-05-02
14164,Male,Millennial,regular,1,22,2025-07-22,2026-07-07
14165,Female,Millennial,occasional,3,6,2025-08-15,2026-05-29
14166,Male,Gen Z,regular,1,15,2025-07-01,2026-07-09
14167,Male,Gen Z,regular,4,15,2025-09-19,2026-05-10
14168,Female,Gen X,regular,1,15,2025-07-31,2026-07-02
14169,Female,Millennial,one_and_done,2,1,2025-11-26,2025-11-26
14170,Male,Gen X,regular,1,17,2025-08-01,2026-06-08
14171,Female,Boomer,one_and_done,7,1,2025-10-02,2025-10-02
14172,Male,Gen X,loyal,1,25,2025-07-03,2026-06-30
14173,Female,Millennial,regular,2,18,2025-07-21,2026-07-08
14174,Male,Boomer,occasional,1,4,2026-01-26,2026-06-06
14175,Male,Gen Z,occasional,2,5,2025-11-30,2026-06-02
14176,Male,Millennial,occasional,4,7,2025-07-12,2026-06-26
14177,Male,Gen X,one_and_done,2,1,2026-06-07,2026-06-07
14178,Male,Gen Z,loyal,1,23,2025-07-04,2026-07-06
14179,Female,Gen Z,one_and_done,5,1,2026-01-03,2026-01-03
14180,Male,Gen Z,one_and_done,1,1,2025-10-05,2025-10-05
14181,Male,Millennial,occasional,2,7,2025-09-25,2026-07-06
14182,Male,Millennial,regular,2,22,2025-07-17,2026-06-28
14183,Male,Millennial,occasional,1,7,2025-08-21,2026-06-19
14184,Female,Millennial,one_and_done,1,1,2026-01-07,2026-01-07
14185,Male,Gen X,one_and_done,1,1,2026-04-06,2026-04-06
14186,Male,Millennial,one_and_done,7,1,2025-08-01,2025-08-01
14187,Male,Boomer,one_and_done,2,1,2026-05-14,2026-05-14
14188,Male,Millennial,one_and_done,1,1,2026-01-06,2026-01-06
14189,Female,Gen X,one_and_done,1,1,2025-07-11,2025-07-11
14190,Male,Millennial,occasional,2,7,2025-07-23,2026-05-14
14191,Male,Gen Z,regular,1,15,2025-07-05,2026-06-16
14192,Female,Gen Z,one_and_done,2,1,2026-02-18,2026-02-18
14193,Female,Millennial,one_and_done,1,1,2025-08-23,2025-08-23
14194,Male,Gen X,one_and_done,1,1,2025-09-20,2025-09-20
14195,Male,Gen Z,loyal,3,23,2025-07-18,2026-06-25
14196,Male,Millennial,regular,9,22,2025-07-26,2026-07-03
14197,Female,Gen Z,one_and_done,1,1,2026-01-23,2026-01-23
14198,Female,Millennial,regular,1,18,2025-07-04,2026-06-27
14199,Female,Millennial,one_and_done,3,1,2026-04-22,2026-04-22
14200,Male,Gen Z,one_and_done,8,1,2026-05-26,2026-05-26
14201,Female,Millennial,one_and_done,3,1,2026-01-25,2026-01-25
14202,Female,Millennial,one_and_done,1,1,2026-04-21,2026-04-21
14203,Female,Millennial,occasional,6,6,2025-08-12,2026-05-01
14204,Male,Millennial,occasional,1,7,2025-08-15,2026-04-03
14205,Male,Gen X,one_and_done,1,1,2025-12-17,2025-12-17
14206,Male,Millennial,one_and_done,1,1,2025-12-15,2025-12-15
14207,Female,Gen Z,one_and_done,6,1,2025-11-10,2025-11-10
14208,Male,Millennial,regular,7,22,2025-07-01,2026-07-05
14209,Male,Millennial,regular,1,22,2025-07-06,2026-07-08
14210,Female,Gen X,occasional,1,5,2025-07-06,2026-01-06
14211,Female,Millennial,loyal,2,27,2025-07-05,2026-06-29
14212,Male,Gen X,occasional,1,6,2025-08-13,2026-05-15
14213,Male,Gen X,one_and_done,1,1,2026-05-15,2026-05-15
14214,Male,Gen Z,occasional,1,5,2025-10-24,2026-04-13
14215,Male,Gen Z,one_and_done,6,1,2025-07-14,2025-07-14
14216,Female,Gen Z,regular,1,14,2025-07-23,2026-04-06
14217,Male,Millennial,regular,1,22,2025-07-07,2026-06-02
14218,Male,Millennial,loyal,1,32,2025-07-19,2026-07-02
14219,Male,Millennial,one_and_done,1,1,2026-01-26,2026-01-26
14220,Female,Millennial,regular,3,18,2025-07-22,2026-07-02
14221,Male,Boomer,loyal,1,18,2025-07-17,2026-06-18
14222,Male,Gen Z,occasional,5,5,2025-10-02,2026-02-21
14223,Male,Gen X,loyal,1,25,2025-07-17,2026-06-10
14224,Female,Millennial,regular,1,18,2025-07-25,2026-07-03
14225,Male,Gen X,occasional,1,6,2025-07-07,2026-06-11
14226,Male,Gen Z,one_and_done,1,1,2025-07-24,2025-07-24
14227,Female,Gen Z,occasional,6,5,2025-10-08,2026-04-23
14228,Male,Millennial,one_and_done,1,1,2026-01-15,2026-01-15
14229,Female,Gen X,regular,2,15,2025-08-30,2026-07-03
14230,Male,Gen Z,one_and_done,1,1,2026-04-14,2026-04-14
14231,Male,Gen X,one_and_done,4,1,2025-12-11,2025-12-11
14232,Female,Millennial,one_and_done,3,1,2025-07-30,2025-07-30
14233,Female,Gen Z,regular,6,14,2025-08-18,2026-07-01
14234,Female,Millennial,one_and_done,1,1,2026-06-10,2026-06-10
14235,Male,Boomer,one_and_done,9,1,2026-02-05,2026-02-05
14236,Male,Millennial,loyal,6,32,2025-07-10,2026-06-27
14237,Male,Gen Z,one_and_done,7,1,2026-01-08,2026-01-08
14238,Male,Millennial,loyal,1,32,2025-07-13,2026-07-07
14239,Male,Gen Z,occasional,2,5,2025-07-20,2026-06-28
14240,Male,Millennial,one_and_done,1,1,2025-08-07,2025-08-07
14241,Male,Gen X,one_and_done,5,1,2026-04-30,2026-04-30
14242,Male,Gen Z,regular,7,15,2025-08-14,2026-05-29
14243,Female,Millennial,one_and_done,2,1,2025-10-31,2025-10-31
14244,Female,Millennial,regular,1,18,2025-07-06,2026-05-21
14245,Female,Gen X,regular,5,15,2025-07-21,2026-06-08
14246,Male,Gen X,one_and_done,1,1,2026-02-22,2026-02-22
14247,Male,Millennial,occasional,2,7,2025-07-19,2026-07-06
14248,Male,Gen Z,regular,5,15,2025-07-02,2026-06-13
14249,Female,Gen X,one_and_done,2,1,2025-07-10,2025-07-10
14250,Female,Millennial,regular,2,18,2025-07-19,2026-06-15
14251,Male,Millennial,one_and_done,1,1,2025-08-03,2025-08-03
14252,Male,Gen Z,occasional,3,5,2025-08-09,2026-03-16
14253,Female,Gen Z,one_and_done,4,1,2026-04-20,2026-04-20
14254,Female,Gen Z,occasional,7,5,2025-09-05,2026-06-24
14255,Male,Millennial,occasional,1,7,2025-07-07,2026-07-03
14256,Male,Millennial,occasional,1,7,2025-11-26,2026-06-19
14257,Male,Boomer,one_and_done,6,1,2025-07-18,2025-07-18
14258,Male,Millennial,occasional,3,7,2025-08-08,2026-05-30
14259,Male,Millennial,occasional,8,7,2025-08-04,2026-06-16
14260,Male,Gen Z,regular,1,15,2025-08-05,2026-07-08
14261,Female,Millennial,regular,1,18,2025-07-13,2026-06-19
14262,Male,Millennial,one_and_done,8,1,2025-07-04,2025-07-04
14263,Male,Millennial,one_and_done,4,1,2025-08-14,2025-08-14
14264,Male,Millennial,one_and_done,8,1,2025-08-22,2025-08-22
14265,Male,Gen X,regular,1,17,2025-09-18,2026-07-06
14266,Male,Gen Z,one_and_done,9,1,2025-12-12,2025-12-12
14267,Female,Millennial,one_and_done,1,1,2026-05-21,2026-05-21
14268,Male,Gen X,one_and_done,1,1,2025-09-05,2025-09-05
14269,Female,Millennial,occasional,1,6,2025-09-10,2026-05-01
14270,Male,Gen Z,one_and_done,1,1,2026-03-20,2026-03-20
14271,Male,Millennial,one_and_done,5,1,2026-04-06,2026-04-06
14272,Male,Gen Z,one_and_done,1,1,2026-03-10,2026-03-10
14273,Male,Gen Z,occasional,1,5,2025-09-06,2026-01-16
14274,Female,Millennial,one_and_done,1,1,2026-05-09,2026-05-09
14275,Female,Gen X,loyal,1,23,2025-07-01,2026-07-07
14276,Male,Millennial,loyal,2,32,2025-07-02,2026-07-09
14277,Male,Gen Z,occasional,2,5,2025-07-26,2026-05-13
14278,Female,Gen Z,one_and_done,4,1,2026-03-15,2026-03-15
14279,Female,Gen X,loyal,6,23,2025-08-20,2026-06-21
14280,Male,Millennial,one_and_done,6,1,2026-03-09,2026-03-09
14281,Female,Millennial,one_and_done,2,1,2025-11-08,2025-11-08
14282,Male,Millennial,occasional,7,7,2025-09-28,2026-05-05
14283,Female,Millennial,regular,1,18,2025-07-03,2026-06-11
14284,Male,Gen Z,occasional,1,5,2025-08-05,2026-05-09
14285,Female,Millennial,regular,1,18,2025-07-08,2026-07-08
14286,Male,Millennial,one_and_done,1,1,2026-06-22,2026-06-22
14287,Female,Millennial,regular,4,18,2025-07-21,2026-07-08
14288,Female,Gen X,occasional,8,5,2025-08-07,2026-06-16
14289,Female,Millennial,one_and_done,3,1,2026-04-20,2026-04-20
14290,Male,Millennial,one_and_done,1,1,2026-02-10,2026-02-10
14291,Male,Millennial,one_and_done,1,1,2026-03-26,2026-03-26
14292,Male,Gen X,one_and_done,5,1,2025-12-25,2025-12-25
14293,Female,Gen X,occasional,4,5,2025-08-10,2026-04-20
14294,Male,Gen Z,one_and_done,1,1,2026-01-25,2026-01-25
14295,Female,Millennial,one_and_done,5,1,2026-01-10,2026-01-10
14296,Female,Millennial,one_and_done,4,1,2025-11-28,2025-11-28
14297,Male,Millennial,one_and_done,2,1,2026-01-08,2026-01-08
14298,Female,Gen X,occasional,1,5,2025-11-22,2026-07-05
14299,Male,Gen Z,one_and_done,1,1,2026-07-05,2026-07-05
14300,Female,Gen X,occasional,1,5,2025-07-13,2026-05-29
14301,Male,Gen Z,regular,2,15,2025-07-05,2026-06-03
14302,Male,Millennial,one_and_done,4,1,2026-04-24,2026-04-24
14303,Male,Gen Z,one_and_done,1,1,2026-06-06,2026-06-06
14304,Male,Millennial,regular,1,22,2025-07-04,2026-07-06
14305,Male,Gen Z,regular,3,15,2025-07-06,2026-07-08
14306,Male,Millennial,occasional,1,7,2025-08-23,2026-07-07
14307,Male,Millennial,regular,2,22,2025-07-07,2026-07-05
14308,Male,Millennial,occasional,4,7,2025-07-05,2026-07-01
14309,Male,Millennial,regular,5,22,2025-07-31,2026-06-15
14310,Male,Gen Z,regular,2,15,2025-07-14,2026-07-04
14311,Male,Millennial,loyal,1,32,2025-07-11,2026-07-02
14312,Male,Millennial,one_and_done,1,1,2026-06-10,2026-06-10
14313,Male,Millennial,regular,1,22,2025-07-05,2026-07-07
14314,Male,Boomer,one_and_done,10,1,2026-04-23,2026-04-23
14315,Male,Millennial,regular,6,22,2025-07-07,2026-07-08
14316,Male,Millennial,occasional,1,7,2025-11-18,2026-06-22
14317,Male,Millennial,one_and_done,1,1,2026-04-03,2026-04-03
14318,Male,Millennial,one_and_done,1,1,2025-09-18,2025-09-18
14319,Male,Gen Z,one_and_done,6,1,2025-10-15,2025-10-15
14320,Female,Gen X,loyal,1,23,2025-07-13,2026-05-28
14321,Female,Millennial,regular,1,18,2025-07-05,2026-06-13
14322,Female,Millennial,one_and_done,4,1,2026-06-27,2026-06-27
14323,Male,Gen Z,one_and_done,5,1,2025-12-18,2025-12-18
14324,Female,Millennial,one_and_done,1,1,2025-10-20,2025-10-20
14325,Male,Millennial,one_and_done,3,1,2026-04-08,2026-04-08
14326,Female,Millennial,one_and_done,2,1,2025-11-11,2025-11-11
14327,Male,Millennial,one_and_done,2,1,2025-12-27,2025-12-27
14328,Male,Millennial,one_and_done,2,1,2026-05-15,2026-05-15
14329,Male,Millennial,loyal,3,32,2025-07-26,2026-07-08
14330,Female,Gen Z,regular,1,14,2025-07-17,2026-06-03
14331,Male,Gen Z,one_and_done,2,1,2026-06-26,2026-06-26
14332,Female,Gen X,loyal,1,23,2025-07-23,2026-06-26
14333,Female,Gen Z,regular,1,14,2025-07-04,2026-07-03
14334,Female,Gen Z,one_and_done,1,1,2025-12-25,2025-12-25
14335,Male,Gen X,occasional,1,6,2025-07-20,2026-03-09
14336,Male,Gen Z,one_and_done,1,1,2025-07-22,2025-07-22
14337,Female,Millennial,regular,1,18,2025-07-05,2026-06-01
14338,Male,Boomer,occasional,2,4,2025-09-11,2026-03-28
14339,Female,Gen Z,one_and_done,1,1,2025-12-28,2025-12-28
14340,Male,Gen Z,occasional,1,5,2025-11-15,2026-06-27
14341,Male,Gen X,one_and_done,6,1,2025-10-21,2025-10-21
14342,Female,Millennial,one_and_done,1,1,2025-07-20,2025-07-20
14343,Male,Gen Z,one_and_done,1,1,2025-10-22,2025-10-22
14344,Male,Gen Z,one_and_done,1,1,2025-11-30,2025-11-30
14345,Male,Gen Z,occasional,3,5,2025-12-29,2026-05-29
14346,Female,Gen X,one_and_done,1,1,2025-10-28,2025-10-28
14347,Male,Gen X,one_and_done,1,1,2025-11-23,2025-11-23
14348,Female,Millennial,one_and_done,2,1,2025-10-10,2025-10-10
14349,Male,Gen X,one_and_done,2,1,2025-10-03,2025-10-03
14350,Male,Millennial,one_and_done,3,1,2026-01-04,2026-01-04
14351,Male,Gen Z,occasional,1,5,2025-07-24,2026-04-11
14352,Female,Boomer,occasional,3,4,2025-09-30,2026-05-26
14353,Male,Boomer,loyal,4,18,2025-08-13,2026-07-07
14354,Male,Millennial,regular,4,22,2025-07-26,2026-06-21
14355,Female,Boomer,loyal,4,16,2025-07-08,2026-06-15
14356,Male,Millennial,regular,6,22,2025-07-12,2026-06-29
14357,Female,Gen Z,one_and_done,2,1,2026-01-31,2026-01-31
14358,Female,Gen Z,one_and_done,8,1,2026-05-06,2026-05-06
14359,Male,Gen X,one_and_done,1,1,2026-04-24,2026-04-24
14360,Female,Gen X,one_and_done,1,1,2025-09-22,2025-09-22
14361,Female,Gen X,regular,9,15,2025-09-15,2026-05-22
14362,Male,Gen Z,occasional,3,5,2025-07-31,2026-03-13
14363,Female,Millennial,occasional,1,6,2025-07-25,2026-05-30
14364,Male,Gen X,occasional,3,6,2025-08-13,2026-01-05
14365,Male,Gen Z,loyal,1,23,2025-07-06,2026-07-09
14366,Male,Millennial,one_and_done,4,1,2025-07-07,2025-07-07
14367,Male,Millennial,one_and_done,1,1,2026-06-26,2026-06-26
14368,Male,Millennial,loyal,3,32,2025-07-03,2026-07-05
14369,Female,Boomer,loyal,1,16,2025-08-08,2026-06-28
14370,Female,Gen X,regular,1,15,2025-07-13,2026-07-03
14371,Female,Gen Z,regular,1,14,2025-07-15,2026-07-09
14372,Male,Millennial,regular,4,22,2025-07-17,2026-07-02
14373,Male,Gen Z,occasional,1,5,2026-01-10,2026-07-03
14374,Male,Gen Z,one_and_done,1,1,2026-04-09,2026-04-09
14375,Male,Gen Z,occasional,1,5,2025-11-04,2026-07-02
14376,Female,Gen Z,regular,4,14,2025-07-03,2026-06-26
14377,Male,Gen Z,one_and_done,7,1,2026-04-01,2026-04-01
14378,Female,Gen X,regular,4,15,2025-08-01,2026-06-17
14379,Male,Gen X,one_and_done,1,1,2025-10-14,2025-10-14
14380,Male,Millennial,occasional,5,7,2025-11-06,2026-07-03
14381,Female,Gen Z,one_and_done,1,1,2026-01-19,2026-01-19
14382,Male,Gen Z,loyal,5,23,2025-07-12,2026-05-28
14383,Female,Millennial,regular,4,18,2025-08-04,2026-07-01
14384,Male,Gen Z,regular,1,15,2025-07-25,2026-06-23
14385,Male,Gen Z,one_and_done,1,1,2026-03-27,2026-03-27
14386,Male,Millennial,one_and_done,3,1,2025-09-24,2025-09-24
14387,Female,Gen Z,loyal,3,20,2025-08-16,2026-07-09
14388,Male,Gen Z,one_and_done,1,1,2026-05-19,2026-05-19
14389,Male,Gen Z,regular,6,15,2025-07-25,2026-06-23
14390,Male,Millennial,regular,1,22,2025-07-04,2026-06-28
14391,Male,Gen Z,one_and_done,2,1,2026-04-10,2026-04-10
14392,Female,Gen X,regular,2,15,2025-07-03,2026-07-01
14393,Male,Millennial,one_and_done,3,1,2026-02-20,2026-02-20
14394,Female,Millennial,occasional,4,6,2025-08-24,2026-03-02
14395,Female,Gen Z,one_and_done,5,1,2025-08-09,2025-08-09
14396,Male,Gen X,one_and_done,1,1,2025-08-28,2025-08-28
14397,Male,Millennial,occasional,1,7,2025-07-22,2026-06-27
14398,Male,Millennial,occasional,9,7,2025-07-12,2026-05-23
14399,Male,Millennial,one_and_done,1,1,2026-05-17,2026-05-17
14400,Male,Gen X,occasional,4,6,2025-07-19,2026-06-27
14401,Female,Millennial,occasional,2,6,2025-08-09,2026-04-13
14402,Female,Millennial,occasional,3,6,2025-09-01,2026-03-25
14403,Male,Gen Z,regular,5,15,2025-07-04,2026-06-07
14404,Female,Gen X,occasional,1,5,2025-08-20,2026-06-29
14405,Male,Millennial,occasional,3,7,2025-07-16,2026-06-25
14406,Male,Gen Z,occasional,1,5,2025-11-25,2026-06-07
14407,Female,Gen Z,occasional,1,5,2025-08-01,2026-05-29
14408,Male,Millennial,occasional,1,7,2025-07-17,2026-06-26
14409,Male,Millennial,one_and_done,2,1,2026-04-17,2026-04-17
14410,Male,Gen Z,one_and_done,3,1,2025-09-24,2025-09-24
14411,Male,Millennial,one_and_done,3,1,2025-12-12,2025-12-12
14412,Male,Gen Z,one_and_done,2,1,2026-06-10,2026-06-10
14413,Male,Gen X,loyal,1,25,2025-07-03,2026-06-30
14414,Male,Millennial,regular,4,22,2025-07-14,2026-06-29
14415,Female,Gen Z,one_and_done,2,1,2025-07-01,2025-07-01
14416,Female,Millennial,regular,4,18,2025-07-19,2026-06-25
14417,Female,Millennial,regular,1,18,2025-07-22,2026-06-14
14418,Male,Millennial,occasional,4,7,2025-09-10,2026-07-01
14419,Male,Millennial,regular,8,22,2025-07-09,2026-07-04
14420,Male,Millennial,loyal,2,32,2025-07-04,2026-06-29
14421,Male,Millennial,regular,3,22,2025-07-05,2026-05-24
14422,Male,Gen X,regular,5,17,2025-07-05,2026-06-26
14423,Male,Gen X,one_and_done,2,1,2026-01-31,2026-01-31
14424,Male,Boomer,occasional,2,4,2025-11-01,2026-02-28
14425,Male,Millennial,regular,1,22,2025-07-09,2026-07-01
14426,Male,Millennial,regular,5,22,2025-07-20,2026-06-18
14427,Female,Millennial,occasional,4,6,2025-08-12,2026-05-15
14428,Female,Boomer,loyal,1,16,2025-07-22,2026-06-29
14429,Male,Millennial,occasional,2,7,2025-12-18,2026-06-27
14430,Female,Gen Z,regular,4,14,2025-07-08,2026-06-14
14431,Female,Gen X,regular,2,15,2025-07-01,2026-05-07
14432,Male,Boomer,occasional,1,4,2025-07-25,2026-01-30
14433,Male,Millennial,one_and_done,1,1,2025-07-03,2025-07-03
14434,Male,Gen X,occasional,1,6,2025-10-02,2026-07-03
14435,Male,Gen X,one_and_done,1,1,2026-05-01,2026-05-01
14436,Male,Gen Z,occasional,1,5,2025-08-07,2026-04-08
14437,Male,Millennial,regular,3,22,2025-07-01,2026-06-23
14438,Male,Gen X,one_and_done,1,1,2026-01-16,2026-01-16
14439,Male,Millennial,regular,1,22,2025-07-05,2026-07-02
14440,Male,Gen Z,one_and_done,1,1,2026-03-29,2026-03-29
14441,Female,Gen Z,occasional,5,5,2025-08-30,2026-04-24
14442,Male,Boomer,occasional,1,4,2025-09-12,2026-07-07
14443,Male,Millennial,loyal,1,32,2025-07-25,2026-07-09
14444,Male,Gen Z,one_and_done,4,1,2025-09-23,2025-09-23
14445,Male,Gen Z,loyal,1,23,2025-07-10,2026-05-26
14446,Female,Gen Z,one_and_done,1,1,2025-07-07,2025-07-07
14447,Male,Gen X,regular,1,17,2025-07-20,2026-05-05
14448,Male,Millennial,one_and_done,1,1,2025-07-19,2025-07-19
14449,Male,Gen X,occasional,2,6,2025-09-05,2026-05-01
14450,Female,Gen Z,occasional,1,5,2025-08-17,2026-06-24
14451,Female,Gen Z,loyal,1,20,2025-08-05,2026-06-14
14452,Male,Gen Z,one_and_done,4,1,2026-01-22,2026-01-22
14453,Male,Millennial,one_and_done,2,1,2025-10-10,2025-10-10
14454,Male,Boomer,regular,6,12,2025-07-05,2026-05-29
14455,Male,Gen X,one_and_done,1,1,2026-02-20,2026-02-20
14456,Female,Gen X,regular,4,15,2025-07-02,2026-06-21
14457,Male,Millennial,one_and_done,5,1,2025-10-18,2025-10-18
14458,Male,Gen Z,one_and_done,1,1,2025-10-25,2025-10-25
14459,Male,Millennial,one_and_done,4,1,2026-05-16,2026-05-16
14460,Female,Gen Z,loyal,1,20,2025-07-09,2026-07-03
14461,Female,Millennial,occasional,8,6,2025-07-17,2026-06-13
14462,Female,Gen Z,occasional,2,5,2025-08-10,2026-04-05
14463,Male,Gen X,loyal,1,25,2025-08-08,2026-07-04
14464,Male,Gen X,one_and_done,5,1,2025-11-14,2025-11-14
14465,Male,Millennial,one_and_done,1,1,2026-03-19,2026-03-19
14466,Female,Millennial,one_and_done,3,1,2025-08-04,2025-08-04
14467,Male,Millennial,one_and_done,3,1,2026-04-16,2026-04-16
14468,Male,Gen Z,occasional,1,5,2025-08-02,2026-04-23
14469,Male,Gen Z,occasional,5,5,2025-11-27,2026-06-02
14470,Female,Gen Z,one_and_done,1,1,2026-07-01,2026-07-01
14471,Male,Gen Z,one_and_done,1,1,2025-07-08,2025-07-08
14472,Female,Millennial,one_and_done,1,1,2025-10-25,2025-10-25
14473,Female,Boomer,occasional,1,4,2025-08-11,2026-04-15
14474,Male,Gen X,one_and_done,2,1,2026-04-25,2026-04-25
14475,Female,Gen Z,occasional,1,5,2025-07-21,2026-02-24
14476,Male,Gen X,regular,1,17,2025-07-21,2026-07-06
14477,Male,Millennial,regular,4,22,2025-08-02,2026-06-23
14478,Female,Millennial,occasional,2,6,2025-07-12,2026-06-07
14479,Male,Gen Z,one_and_done,1,1,2026-04-25,2026-04-25
14480,Female,Millennial,occasional,2,6,2025-07-24,2026-06-20
14481,Male,Millennial,loyal,1,32,2025-07-03,2026-07-06
14482,Male,Millennial,one_and_done,8,1,2026-06-05,2026-06-05
14483,Female,Millennial,occasional,1,6,2025-07-21,2026-06-03
14484,Male,Millennial,loyal,1,32,2025-07-04,2026-06-13
14485,Female,Millennial,occasional,1,6,2025-07-31,2026-07-08
14486,Male,Millennial,occasional,1,7,2025-09-04,2026-02-17
14487,Female,Gen X,one_and_done,1,1,2026-06-10,2026-06-10
14488,Female,Millennial,one_and_done,7,1,2026-05-30,2026-05-30
14489,Male,Gen X,one_and_done,1,1,2025-10-08,2025-10-08
14490,Female,Millennial,occasional,1,6,2025-09-14,2026-05-26
14491,Female,Gen X,regular,1,15,2025-07-19,2026-06-13
14492,Male,Gen X,occasional,1,6,2025-09-22,2026-02-12
14493,Male,Millennial,one_and_done,1,1,2025-07-25,2025-07-25
14494,Male,Millennial,regular,1,22,2025-07-30,2026-07-01
14495,Female,Gen Z,one_and_done,1,1,2025-12-01,2025-12-01
14496,Female,Gen X,one_and_done,9,1,2025-09-15,2025-09-15
14497,Male,Millennial,one_and_done,1,1,2025-10-03,2025-10-03
14498,Female,Millennial,regular,1,18,2025-08-04,2026-06-19
14499,Female,Millennial,one_and_done,2,1,2026-01-24,2026-01-24
14500,Male,Gen X,occasional,1,6,2025-07-20,2026-04-13
14501,Male,Gen Z,loyal,1,23,2025-07-12,2026-07-03
14502,Female,Millennial,occasional,1,6,2025-09-16,2026-03-03
14503,Male,Gen Z,regular,3,15,2025-07-17,2026-07-08
14504,Male,Gen Z,one_and_done,1,1,2026-07-04,2026-07-04
14505,Male,Millennial,one_and_done,5,1,2025-10-15,2025-10-15
14506,Female,Millennial,one_and_done,1,1,2025-11-01,2025-11-01
14507,Male,Millennial,loyal,1,32,2025-07-14,2026-07-05
14508,Female,Millennial,regular,4,18,2025-07-17,2026-06-29
14509,Male,Gen Z,regular,2,15,2025-07-22,2026-06-28
14510,Male,Gen Z,occasional,4,5,2025-07-04,2026-06-05
14511,Female,Millennial,one_and_done,2,1,2025-07-25,2025-07-25
14512,Female,Gen X,occasional,6,5,2025-07-29,2026-05-23
14513,Female,Millennial,regular,1,18,2025-07-04,2026-06-27
14514,Male,Gen X,loyal,3,25,2025-07-02,2026-07-09
14515,Male,Gen X,occasional,1,6,2025-08-27,2026-04-05
14516,Male,Gen Z,one_and_done,1,1,2025-09-14,2025-09-14
14517,Female,Millennial,one_and_done,6,1,2025-08-31,2025-08-31
14518,Male,Gen Z,one_and_done,3,1,2026-01-10,2026-01-10
14519,Male,Millennial,occasional,2,7,2025-07-18,2026-04-09
14520,Male,Boomer,occasional,1,4,2025-12-01,2026-06-05
14521,Female,Gen X,regular,6,15,2025-07-11,2026-06-12
14522,Male,Gen X,occasional,1,6,2025-12-02,2026-05-05
14523,Male,Millennial,occasional,3,7,2025-09-20,2026-05-01
14524,Male,Boomer,one_and_done,5,1,2025-10-08,2025-10-08
14525,Male,Millennial,regular,1,22,2025-07-12,2026-07-09
14526,Male,Gen Z,one_and_done,1,1,2026-03-21,2026-03-21
14527,Female,Gen X,occasional,2,5,2025-09-12,2026-06-29
14528,Male,Millennial,occasional,1,7,2025-08-13,2026-06-15
14529,Male,Millennial,loyal,2,32,2025-07-15,2026-07-08
14530,Male,Millennial,occasional,1,7,2025-09-21,2026-07-01
14531,Male,Gen Z,regular,1,15,2025-07-18,2026-07-05
14532,Male,Millennial,occasional,1,7,2025-09-18,2026-06-03
14533,Male,Millennial,one_and_done,5,1,2026-04-27,2026-04-27
14534,Male,Gen X,occasional,1,6,2025-07-09,2026-06-13
14535,Male,Boomer,one_and_done,5,1,2026-04-06,2026-04-06
14536,Female,Gen X,occasional,2,5,2025-07-27,2026-05-11
14537,Male,Gen Z,occasional,1,5,2025-10-12,2026-06-17
14538,Female,Gen X,occasional,1,5,2025-07-16,2026-04-03
14539,Male,Millennial,occasional,1,7,2025-07-13,2026-06-08
14540,Female,Gen Z,one_and_done,4,1,2026-04-22,2026-04-22
14541,Female,Millennial,regular,4,18,2025-07-11,2026-06-20
14542,Male,Millennial,occasional,2,7,2025-09-02,2026-05-30
14543,Male,Gen Z,one_and_done,4,1,2025-07-14,2025-07-14
14544,Male,Gen Z,loyal,1,23,2025-07-03,2026-07-09
14545,Female,Gen Z,occasional,1,5,2025-10-09,2026-03-20
14546,Male,Boomer,one_and_done,1,1,2025-07-04,2025-07-04
14547,Male,Millennial,one_and_done,1,1,2026-05-30,2026-05-30
14548,Female,Gen X,occasional,2,5,2025-07-01,2026-05-26
14549,Male,Millennial,one_and_done,1,1,2025-12-31,2025-12-31
14550,Male,Gen X,one_and_done,3,1,2025-11-07,2025-11-07
14551,Male,Gen Z,one_and_done,4,1,2026-04-30,2026-04-30
14552,Male,Millennial,one_and_done,3,1,2025-09-26,2025-09-26
14553,Male,Gen Z,regular,1,15,2025-07-26,2026-07-03
14554,Female,Millennial,loyal,3,27,2025-07-01,2026-06-22
14555,Male,Millennial,one_and_done,1,1,2025-09-01,2025-09-01
14556,Male,Gen Z,one_and_done,1,1,2025-08-01,2025-08-01
14557,Female,Millennial,regular,6,18,2025-07-11,2026-05-28
14558,Male,Gen X,regular,4,17,2025-07-01,2026-06-29
14559,Female,Millennial,regular,1,18,2025-07-04,2026-05-07
14560,Female,Gen X,one_and_done,7,1,2025-07-11,2025-07-11
14561,Male,Millennial,one_and_done,3,1,2026-04-04,2026-04-04
14562,Female,Millennial,loyal,2,27,2025-07-18,2026-07-03
14563,Male,Millennial,one_and_done,1,1,2025-08-31,2025-08-31
14564,Female,Millennial,one_and_done,1,1,2026-05-06,2026-05-06
14565,Male,Millennial,one_and_done,2,1,2026-04-06,2026-04-06
14566,Female,Gen Z,regular,1,14,2025-07-17,2026-07-09
14567,Female,Millennial,occasional,7,6,2025-09-06,2026-07-03
14568,Male,Boomer,one_and_done,1,1,2025-08-28,2025-08-28
14569,Female,Millennial,loyal,9,27,2025-07-08,2026-07-02
14570,Male,Millennial,one_and_done,9,1,2025-10-27,2025-10-27
14571,Female,Gen Z,one_and_done,1,1,2026-03-03,2026-03-03
14572,Female,Millennial,occasional,1,6,2025-09-16,2026-06-14
14573,Male,Millennial,regular,1,22,2025-07-25,2026-07-04
14574,Male,Millennial,one_and_done,2,1,2025-08-02,2025-08-02
14575,Male,Millennial,one_and_done,2,1,2026-02-19,2026-02-19
14576,Male,Millennial,occasional,9,7,2025-07-05,2026-04-18
14577,Female,Gen X,regular,1,15,2025-09-27,2026-06-15
14578,Male,Millennial,regular,1,22,2025-07-22,2026-07-05
14579,Male,Millennial,one_and_done,2,1,2025-09-24,2025-09-24
14580,Female,Gen X,one_and_done,2,1,2026-03-21,2026-03-21
14581,Male,Millennial,loyal,4,32,2025-07-04,2026-06-11
14582,Male,Millennial,one_and_done,1,1,2026-04-21,2026-04-21
14583,Male,Boomer,one_and_done,1,1,2026-04-21,2026-04-21
14584,Male,Gen Z,regular,4,15,2025-07-19,2026-06-14
14585,Male,Gen Z,one_and_done,4,1,2026-05-22,2026-05-22
14586,Male,Millennial,occasional,3,7,2025-07-03,2026-06-19
14587,Male,Millennial,occasional,1,7,2025-07-08,2026-04-15
14588,Female,Millennial,one_and_done,1,1,2026-06-30,2026-06-30
14589,Female,Millennial,loyal,6,27,2025-07-10,2026-06-30
14590,Female,Millennial,one_and_done,1,1,2026-04-02,2026-04-02
14591,Male,Gen Z,occasional,6,5,2025-08-27,2026-03-31
14592,Female,Millennial,occasional,1,6,2025-07-24,2026-06-30
14593,Male,Gen X,one_and_done,1,1,2025-10-18,2025-10-18
14594,Male,Millennial,one_and_done,5,1,2026-03-08,2026-03-08
14595,Female,Gen Z,regular,1,14,2025-07-18,2026-06-30
14596,Female,Millennial,regular,1,18,2025-07-09,2026-07-05
14597,Female,Gen Z,one_and_done,3,1,2026-04-25,2026-04-25
14598,Male,Millennial,loyal,1,32,2025-07-03,2026-07-03
14599,Male,Millennial,one_and_done,1,1,2026-03-26,2026-03-26
14600,Male,Millennial,occasional,3,7,2025-07-13,2026-06-06
14601,Male,Millennial,one_and_done,8,1,2025-11-07,2025-11-07
14602,Male,Gen Z,one_and_done,1,1,2025-12-14,2025-12-14
14603,Female,Gen X,regular,10,15,2025-09-01,2026-07-03
14604,Male,Millennial,loyal,1,32,2025-07-17,2026-07-01
14605,Male,Millennial,occasional,1,7,2025-08-03,2026-06-06
14606,Female,Boomer,occasional,7,4,2025-08-02,2026-05-22
14607,Male,Gen Z,occasional,9,5,2025-09-26,2026-06-25
14608,Female,Millennial,one_and_done,1,1,2025-07-12,2025-07-12
14609,Male,Gen Z,one_and_done,2,1,2025-10-01,2025-10-01
14610,Female,Millennial,one_and_done,1,1,2025-10-22,2025-10-22
14611,Female,Gen Z,regular,1,14,2025-07-10,2026-05-30
14612,Male,Gen X,one_and_done,4,1,2025-11-20,2025-11-20
14613,Male,Millennial,occasional,4,7,2025-07-27,2026-06-01
14614,Female,Gen Z,occasional,5,5,2025-11-14,2026-05-29
14615,Female,Gen Z,loyal,1,20,2025-07-10,2026-07-08
14616,Male,Millennial,regular,1,22,2025-07-11,2026-07-03
14617,Male,Millennial,loyal,10,32,2025-07-02,2026-07-04
14618,Male,Millennial,one_and_done,3,1,2025-11-27,2025-11-27
14619,Male,Millennial,loyal,6,32,2025-07-17,2026-07-05
14620,Female,Gen X,one_and_done,1,1,2025-08-12,2025-08-12
14621,Male,Gen X,regular,4,17,2025-11-14,2026-06-19
14622,Male,Millennial,one_and_done,4,1,2026-04-19,2026-04-19
14623,Male,Millennial,occasional,3,7,2025-11-13,2026-05-29
14624,Male,Millennial,regular,9,22,2025-07-01,2026-06-17
14625,Female,Gen Z,regular,1,14,2025-07-01,2026-07-09
14626,Male,Gen X,loyal,3,25,2025-07-03,2026-07-02
14627,Male,Millennial,one_and_done,1,1,2025-10-14,2025-10-14
14628,Male,Gen X,regular,1,17,2025-07-12,2026-07-08
14629,Male,Millennial,occasional,1,7,2025-07-04,2026-07-03
14630,Male,Millennial,one_and_done,6,1,2025-07-02,2025-07-02
14631,Female,Boomer,one_and_done,1,1,2025-08-16,2025-08-16
14632,Female,Gen Z,occasional,1,5,2025-10-12,2026-06-22
14633,Male,Boomer,one_and_done,5,1,2026-02-27,2026-02-27
14634,Male,Millennial,one_and_done,1,1,2025-09-26,2025-09-26
14635,Male,Millennial,one_and_done,2,1,2026-02-27,2026-02-27
14636,Female,Gen Z,one_and_done,1,1,2025-11-10,2025-11-10
14637,Male,Millennial,occasional,8,7,2025-07-02,2026-04-21
14638,Female,Gen Z,occasional,2,5,2025-07-23,2026-05-07
14639,Male,Millennial,occasional,3,7,2025-07-26,2026-06-28
14640,Male,Millennial,one_and_done,7,1,2025-07-28,2025-07-28
14641,Male,Gen Z,one_and_done,1,1,2025-09-29,2025-09-29
14642,Female,Gen Z,one_and_done,1,1,2025-07-31,2025-07-31
14643,Female,Millennial,one_and_done,1,1,2025-07-26,2025-07-26
14644,Female,Millennial,one_and_done,1,1,2025-08-28,2025-08-28
14645,Female,Gen X,occasional,1,5,2025-09-19,2026-06-06
14646,Female,Gen X,occasional,2,5,2025-11-10,2026-07-03
14647,Female,Millennial,one_and_done,1,1,2026-02-15,2026-02-15
14648,Male,Millennial,one_and_done,3,1,2026-01-31,2026-01-31
14649,Male,Gen X,regular,2,17,2025-08-01,2026-07-08
14650,Male,Gen X,loyal,1,25,2025-07-25,2026-07-02
14651,Male,Gen X,one_and_done,1,1,2025-10-10,2025-10-10
14652,Male,Gen X,occasional,1,6,2025-07-17,2026-05-08
14653,Male,Gen X,occasional,2,6,2025-08-21,2026-07-06
14654,Male,Millennial,occasional,1,7,2025-08-01,2026-05-17
14655,Female,Boomer,one_and_done,1,1,2025-12-21,2025-12-21
14656,Male,Boomer,occasional,1,4,2025-09-03,2026-05-27
14657,Female,Gen Z,one_and_done,1,1,2025-08-27,2025-08-27
14658,Male,Gen Z,regular,2,15,2025-07-21,2026-06-24
14659,Female,Millennial,one_and_done,1,1,2026-02-06,2026-02-06
14660,Male,Gen X,occasional,7,6,2025-08-15,2026-06-24
14661,Male,Millennial,occasional,1,7,2025-07-19,2026-05-19
14662,Female,Gen Z,one_and_done,5,1,2026-01-05,2026-01-05
14663,Female,Gen Z,one_and_done,6,1,2025-10-15,2025-10-15
14664,Female,Millennial,one_and_done,2,1,2025-12-27,2025-12-27
14665,Male,Gen Z,regular,1,15,2025-07-18,2026-06-23
14666,Male,Millennial,one_and_done,1,1,2026-01-27,2026-01-27
14667,Male,Gen X,occasional,5,6,2025-09-11,2026-06-05
14668,Female,Millennial,one_and_done,1,1,2025-11-03,2025-11-03
14669,Male,Millennial,one_and_done,1,1,2025-10-09,2025-10-09
14670,Male,Millennial,occasional,6,7,2025-09-05,2026-04-18
14671,Male,Gen Z,regular,3,15,2025-07-08,2026-07-06
14672,Male,Gen Z,one_and_done,1,1,2026-06-25,2026-06-25
14673,Male,Gen X,one_and_done,7,1,2026-05-03,2026-05-03
14674,Male,Boomer,one_and_done,1,1,2025-08-10,2025-08-10
14675,Female,Gen X,occasional,1,5,2025-07-09,2026-05-08
14676,Female,Millennial,regular,1,18,2025-07-04,2026-07-04
14677,Male,Gen X,occasional,2,6,2025-09-10,2026-04-27
14678,Male,Boomer,regular,7,12,2025-07-09,2026-06-26
14679,Male,Boomer,one_and_done,1,1,2025-08-22,2025-08-22
14680,Female,Millennial,one_and_done,1,1,2026-03-18,2026-03-18
14681,Female,Boomer,one_and_done,1,1,2026-03-01,2026-03-01
14682,Male,Millennial,one_and_done,1,1,2026-01-26,2026-01-26
14683,Female,Millennial,one_and_done,1,1,2026-07-06,2026-07-06
14684,Male,Boomer,occasional,1,4,2025-10-24,2026-03-24
14685,Female,Millennial,one_and_done,1,1,2026-03-27,2026-03-27
14686,Male,Gen X,one_and_done,2,1,2026-06-07,2026-06-07
14687,Female,Gen Z,regular,2,14,2025-07-13,2026-04-28
14688,Male,Millennial,one_and_done,1,1,2025-08-22,2025-08-22
14689,Male,Gen X,one_and_done,2,1,2025-08-09,2025-08-09
14690,Male,Millennial,one_and_done,8,1,2026-06-30,2026-06-30
14691,Female,Gen X,one_and_done,6,1,2026-03-19,2026-03-19
14692,Female,Boomer,regular,2,11,2025-07-07,2026-05-15
14693,Male,Gen X,regular,2,17,2025-07-30,2026-06-29
14694,Female,Millennial,occasional,4,6,2025-09-24,2026-05-28
14695,Male,Millennial,one_and_done,1,1,2025-12-28,2025-12-28
14696,Female,Millennial,occasional,1,6,2025-10-25,2026-06-10
14697,Male,Millennial,one_and_done,1,1,2025-11-24,2025-11-24
14698,Male,Gen Z,one_and_done,3,1,2026-04-18,2026-04-18
14699,Male,Millennial,occasional,8,7,2025-08-24,2026-01-10
14700,Male,Millennial,regular,5,22,2025-07-21,2026-06-12
14701,Male,Millennial,one_and_done,9,1,2025-08-12,2025-08-12
14702,Male,Millennial,occasional,1,7,2025-07-05,2026-06-14
14703,Male,Millennial,one_and_done,1,1,2026-05-05,2026-05-05
14704,Male,Gen Z,loyal,6,23,2025-07-08,2026-06-01
14705,Male,Millennial,one_and_done,2,1,2026-05-07,2026-05-07
14706,Female,Gen X,regular,1,15,2025-07-12,2026-06-14
14707,Male,Gen Z,occasional,2,5,2025-08-14,2026-06-26
14708,Male,Millennial,one_and_done,1,1,2026-01-19,2026-01-19
14709,Female,Millennial,occasional,3,6,2025-11-06,2026-03-23
14710,Male,Gen Z,occasional,1,5,2025-08-21,2026-05-10
14711,Male,Millennial,occasional,6,7,2025-09-05,2026-06-09
14712,Male,Millennial,loyal,1,32,2025-07-16,2026-06-30
14713,Female,Millennial,occasional,4,6,2025-08-25,2026-06-04
14714,Male,Millennial,regular,1,22,2025-07-05,2026-07-02
14715,Male,Gen Z,regular,6,15,2025-07-24,2026-06-06
14716,Male,Millennial,one_and_done,1,1,2025-07-25,2025-07-25
14717,Female,Gen X,regular,1,15,2025-07-07,2026-07-03
14718,Female,Gen Z,one_and_done,8,1,2026-06-07,2026-06-07
14719,Male,Gen Z,occasional,7,5,2025-08-03,2026-05-29
14720,Female,Gen Z,regular,3,14,2025-08-24,2026-07-03
14721,Male,Millennial,regular,6,22,2025-07-04,2026-06-28
14722,Male,Gen Z,one_and_done,2,1,2026-04-14,2026-04-14
14723,Male,Gen Z,regular,5,15,2025-07-08,2026-07-01
14724,Female,Millennial,one_and_done,1,1,2025-09-16,2025-09-16
14725,Male,Gen Z,regular,1,15,2025-07-03,2026-07-07
14726,Female,Millennial,one_and_done,1,1,2026-03-23,2026-03-23
14727,Male,Gen Z,occasional,1,5,2025-07-09,2026-05-30
14728,Male,Millennial,one_and_done,4,1,2026-04-06,2026-04-06
14729,Male,Gen X,loyal,2,25,2025-07-04,2026-07-01
14730,Male,Boomer,one_and_done,1,1,2026-06-04,2026-06-04
14731,Male,Millennial,occasional,2,7,2025-07-05,2026-05-20
14732,Female,Millennial,occasional,1,6,2025-07-24,2026-06-11
14733,Male,Millennial,one_and_done,1,1,2025-11-04,2025-11-04
14734,Male,Millennial,regular,1,22,2025-07-12,2026-07-06
14735,Male,Gen Z,regular,1,15,2025-08-01,2026-07-09
14736,Male,Gen X,one_and_done,1,1,2026-01-02,2026-01-02
14737,Male,Gen Z,one_and_done,3,1,2025-07-06,2025-07-06
14738,Male,Millennial,occasional,2,7,2025-08-04,2026-06-22
14739,Male,Millennial,one_and_done,2,1,2026-06-08,2026-06-08
14740,Female,Gen Z,regular,1,14,2025-08-01,2026-06-25
14741,Male,Millennial,regular,1,22,2025-07-05,2026-07-05
14742,Male,Gen Z,loyal,2,23,2025-08-07,2026-07-09
14743,Male,Millennial,loyal,3,32,2025-07-13,2026-06-23
14744,Male,Millennial,occasional,1,7,2025-07-18,2026-05-06
14745,Male,Gen Z,occasional,3,5,2025-07-02,2026-05-22
14746,Female,Millennial,regular,1,18,2025-07-05,2026-06-27
14747,Male,Boomer,one_and_done,1,1,2026-07-04,2026-07-04
14748,Male,Boomer,one_and_done,4,1,2026-04-03,2026-04-03
14749,Male,Gen X,one_and_done,1,1,2025-08-13,2025-08-13
14750,Female,Millennial,one_and_done,5,1,2025-07-05,2025-07-05
14751,Male,Millennial,regular,6,22,2025-07-15,2026-07-04
14752,Male,Millennial,one_and_done,1,1,2026-03-16,2026-03-16
14753,Male,Millennial,loyal,1,32,2025-07-05,2026-06-23
14754,Female,Millennial,one_and_done,1,1,2026-01-06,2026-01-06
14755,Male,Gen Z,occasional,2,5,2025-12-05,2026-03-19
14756,Female,Millennial,one_and_done,3,1,2025-10-20,2025-10-20
14757,Male,Millennial,regular,1,22,2025-07-05,2026-05-02
14758,Male,Gen X,one_and_done,3,1,2026-03-27,2026-03-27
14759,Female,Gen X,one_and_done,1,1,2026-07-05,2026-07-05
14760,Male,Millennial,one_and_done,1,1,2026-06-08,2026-06-08
14761,Male,Gen Z,occasional,1,5,2025-08-10,2026-06-30
14762,Male,Gen Z,one_and_done,1,1,2025-10-14,2025-10-14
14763,Male,Gen X,one_and_done,1,1,2025-07-04,2025-07-04
14764,Female,Millennial,one_and_done,6,1,2026-01-23,2026-01-23
14765,Female,Millennial,one_and_done,3,1,2026-02-14,2026-02-14
14766,Male,Gen X,occasional,3,6,2025-10-09,2026-06-26
14767,Male,Millennial,one_and_done,1,1,2026-03-30,2026-03-30
14768,Female,Gen Z,regular,1,14,2025-07-03,2026-06-27
14769,Female,Millennial,occasional,1,6,2025-09-13,2026-06-25
14770,Male,Millennial,one_and_done,1,1,2026-06-06,2026-06-06
14771,Male,Millennial,regular,1,22,2025-09-12,2026-06-07
14772,Male,Gen X,loyal,1,25,2025-07-01,2026-06-24
14773,Male,Millennial,one_and_done,2,1,2025-08-06,2025-08-06
14774,Female,Millennial,one_and_done,1,1,2025-08-10,2025-08-10
14775,Female,Gen X,one_and_done,1,1,2025-09-04,2025-09-04
14776,Female,Gen X,occasional,4,5,2025-11-04,2026-03-11
14777,Male,Millennial,occasional,1,7,2025-07-24,2026-02-14
14778,Female,Boomer,one_and_done,1,1,2025-10-02,2025-10-02
14779,Male,Gen Z,one_and_done,1,1,2026-06-27,2026-06-27
14780,Male,Gen X,one_and_done,3,1,2025-11-22,2025-11-22
14781,Male,Gen X,occasional,1,6,2025-07-07,2026-07-09
14782,Male,Millennial,one_and_done,1,1,2026-04-21,2026-04-21
14783,Female,Millennial,one_and_done,2,1,2025-07-10,2025-07-10
14784,Female,Millennial,one_and_done,1,1,2026-02-24,2026-02-24
14785,Male,Millennial,one_and_done,1,1,2025-10-03,2025-10-03
14786,Female,Gen X,loyal,1,23,2025-07-06,2026-06-28
14787,Male,Gen Z,one_and_done,1,1,2025-10-11,2025-10-11
14788,Female,Millennial,regular,4,18,2025-07-14,2026-07-01
14789,Male,Gen Z,one_and_done,1,1,2025-11-21,2025-11-21
14790,Male,Millennial,one_and_done,2,1,2026-03-28,2026-03-28
14791,Female,Gen X,one_and_done,3,1,2025-11-24,2025-11-24
14792,Male,Gen Z,regular,1,15,2025-07-09,2026-07-06
14793,Female,Gen Z,one_and_done,1,1,2025-08-07,2025-08-07
14794,Male,Millennial,one_and_done,4,1,2026-02-23,2026-02-23
14795,Female,Gen X,regular,7,15,2025-07-11,2026-03-10
14796,Male,Gen Z,one_and_done,6,1,2025-08-07,2025-08-07
14797,Male,Millennial,one_and_done,8,1,2025-09-16,2025-09-16
14798,Male,Gen Z,one_and_done,1,1,2026-02-15,2026-02-15
14799,Male,Gen Z,occasional,2,5,2025-08-07,2026-02-06
14800,Female,Millennial,regular,6,18,2025-07-10,2026-06-25
14801,Female,Millennial,occasional,1,6,2025-07-23,2026-05-29
14802,Male,Millennial,one_and_done,9,1,2026-04-28,2026-04-28
14803,Male,Millennial,loyal,1,32,2025-07-07,2026-05-15
14804,Male,Millennial,one_and_done,2,1,2025-09-19,2025-09-19
14805,Male,Millennial,one_and_done,1,1,2026-06-27,2026-06-27
14806,Male,Gen Z,occasional,4,5,2025-08-02,2026-05-04
14807,Male,Millennial,regular,6,22,2025-07-11,2026-07-07
14808,Male,Millennial,one_and_done,1,1,2026-01-13,2026-01-13
14809,Male,Gen Z,regular,1,15,2025-07-03,2026-06-25
14810,Female,Millennial,regular,1,18,2025-07-04,2026-07-04
14811,Female,Boomer,occasional,1,4,2025-08-17,2026-03-06
14812,Male,Gen Z,loyal,2,23,2025-07-02,2026-06-25
14813,Male,Millennial,occasional,1,7,2025-09-25,2026-07-03
14814,Male,Millennial,occasional,1,7,2025-08-23,2026-06-25
14815,Female,Millennial,one_and_done,2,1,2025-12-10,2025-12-10
14816,Male,Gen Z,loyal,1,23,2025-08-06,2026-07-06
14817,Female,Millennial,one_and_done,1,1,2025-09-28,2025-09-28
14818,Male,Gen Z,loyal,1,23,2025-07-03,2026-06-24
14819,Female,Millennial,occasional,1,6,2025-08-07,2026-05-30
14820,Male,Gen Z,occasional,8,5,2025-08-02,2026-05-25
14821,Male,Millennial,loyal,1,32,2025-07-02,2026-06-16
14822,Male,Gen X,occasional,5,6,2025-08-10,2026-06-08
14823,Female,Millennial,occasional,1,6,2025-08-12,2026-04-02
14824,Male,Millennial,regular,1,22,2025-07-09,2026-07-09
14825,Male,Gen Z,one_and_done,1,1,2025-09-11,2025-09-11
14826,Female,Millennial,occasional,1,6,2025-10-10,2026-05-18
14827,Male,Millennial,regular,1,22,2025-07-06,2026-07-09
14828,Female,Millennial,one_and_done,1,1,2025-12-24,2025-12-24
14829,Male,Millennial,one_and_done,1,1,2026-06-28,2026-06-28
14830,Male,Gen X,regular,7,17,2025-09-18,2026-06-13
14831,Male,Millennial,regular,2,22,2025-07-03,2026-07-02
14832,Male,Millennial,occasional,6,7,2025-07-10,2026-04-04
14833,Male,Millennial,loyal,1,32,2025-07-24,2026-07-01
14834,Female,Gen X,occasional,1,5,2025-12-23,2026-06-18
14835,Male,Gen X,one_and_done,1,1,2025-08-04,2025-08-04
14836,Male,Millennial,regular,8,22,2025-07-15,2026-07-08
14837,Male,Gen Z,one_and_done,2,1,2026-05-20,2026-05-20
14838,Female,Millennial,one_and_done,1,1,2026-04-16,2026-04-16
14839,Male,Millennial,one_and_done,2,1,2026-03-23,2026-03-23
14840,Male,Gen X,occasional,4,6,2025-09-16,2026-06-30
14841,Female,Boomer,one_and_done,3,1,2026-02-26,2026-02-26
14842,Male,Gen Z,one_and_done,1,1,2025-09-02,2025-09-02
14843,Male,Millennial,occasional,1,7,2025-07-18,2026-05-14
14844,Female,Boomer,occasional,1,4,2026-04-04,2026-05-27
14845,Female,Millennial,regular,1,18,2025-07-06,2026-07-08
14846,Male,Gen X,one_and_done,8,1,2025-07-29,2025-07-29
14847,Male,Gen Z,occasional,5,5,2025-07-21,2026-04-17
14848,Male,Boomer,one_and_done,10,1,2025-07-16,2025-07-16
14849,Female,Gen X,one_and_done,2,1,2026-04-05,2026-04-05
14850,Female,Millennial,one_and_done,8,1,2025-07-29,2025-07-29
14851,Male,Millennial,one_and_done,1,1,2025-09-28,2025-09-28
14852,Female,Gen Z,regular,1,14,2025-07-02,2026-06-01
14853,Female,Gen Z,regular,1,14,2025-08-11,2026-06-23
14854,Male,Millennial,loyal,5,32,2025-07-15,2026-06-27
14855,Male,Millennial,regular,1,22,2025-09-20,2026-07-02
14856,Male,Boomer,loyal,1,18,2025-07-03,2026-07-05
14857,Female,Millennial,regular,3,18,2025-07-18,2026-06-25
14858,Male,Gen Z,occasional,1,5,2025-07-20,2026-03-07
14859,Male,Millennial,occasional,1,7,2025-07-07,2026-03-26
14860,Male,Gen X,one_and_done,4,1,2025-07-12,2025-07-12
14861,Female,Gen X,one_and_done,4,1,2025-08-29,2025-08-29
14862,Female,Gen Z,regular,2,14,2025-07-08,2026-07-01
14863,Male,Millennial,regular,8,22,2025-07-12,2026-06-13
14864,Male,Gen Z,occasional,1,5,2025-08-19,2026-06-20
14865,Female,Millennial,one_and_done,4,1,2025-11-09,2025-11-09
14866,Female,Millennial,occasional,1,6,2025-10-27,2026-01-29
14867,Male,Millennial,occasional,7,7,2025-07-24,2026-04-14
14868,Male,Millennial,one_and_done,1,1,2025-11-21,2025-11-21
14869,Male,Gen X,one_and_done,5,1,2025-12-21,2025-12-21
14870,Male,Millennial,one_and_done,4,1,2025-11-04,2025-11-04
14871,Male,Gen X,one_and_done,10,1,2026-04-04,2026-04-04
14872,Male,Millennial,occasional,1,7,2025-12-09,2026-05-14
14873,Female,Gen Z,occasional,8,5,2025-10-31,2026-05-07
14874,Male,Gen Z,regular,1,15,2025-08-22,2026-06-23
14875,Male,Gen Z,occasional,6,5,2025-07-13,2026-01-10
14876,Female,Millennial,one_and_done,2,1,2026-01-30,2026-01-30
14877,Male,Gen Z,one_and_done,1,1,2026-02-06,2026-02-06
14878,Female,Millennial,one_and_done,2,1,2025-08-28,2025-08-28
14879,Male,Gen X,one_and_done,1,1,2026-01-30,2026-01-30
14880,Male,Gen X,one_and_done,1,1,2026-07-09,2026-07-09
14881,Female,Millennial,loyal,4,27,2025-07-08,2026-05-23
14882,Male,Gen Z,occasional,1,5,2025-08-04,2025-12-22
14883,Female,Gen X,loyal,4,23,2025-07-04,2026-06-30
14884,Male,Millennial,regular,1,22,2025-07-18,2026-06-22
14885,Male,Millennial,occasional,2,7,2026-01-29,2026-06-26
14886,Female,Gen Z,one_and_done,5,1,2026-01-31,2026-01-31
14887,Female,Millennial,occasional,1,6,2025-09-14,2025-12-08
14888,Male,Millennial,occasional,1,7,2025-07-23,2026-06-16
14889,Female,Gen Z,occasional,8,5,2025-09-03,2025-12-24
14890,Male,Gen Z,loyal,8,23,2025-07-02,2026-06-05
14891,Female,Millennial,occasional,2,6,2025-07-18,2026-07-02
14892,Female,Gen Z,one_and_done,1,1,2025-07-26,2025-07-26
14893,Male,Millennial,occasional,2,7,2025-07-19,2026-07-07
14894,Female,Gen X,one_and_done,4,1,2025-12-12,2025-12-12
14895,Male,Millennial,regular,1,22,2025-08-06,2026-07-01
14896,Female,Gen X,loyal,1,23,2025-07-15,2026-07-09
14897,Female,Gen Z,one_and_done,2,1,2026-02-13,2026-02-13
14898,Male,Millennial,loyal,7,32,2025-07-25,2026-06-08
14899,Male,Boomer,regular,1,12,2025-07-08,2026-05-02
14900,Male,Millennial,occasional,5,7,2025-09-17,2026-04-28
14901,Male,Gen Z,occasional,6,5,2025-07-02,2026-06-16
14902,Female,Millennial,loyal,1,27,2025-07-11,2026-07-04
14903,Male,Millennial,regular,2,22,2025-07-19,2026-07-06
14904,Male,Millennial,one_and_done,1,1,2025-07-09,2025-07-09
14905,Male,Gen Z,occasional,3,5,2025-08-09,2026-07-03
14906,Female,Millennial,occasional,1,6,2025-10-09,2026-02-21
14907,Female,Boomer,loyal,1,16,2025-07-01,2026-07-04
14908,Male,Millennial,one_and_done,3,1,2025-10-17,2025-10-17
14909,Female,Millennial,occasional,1,6,2025-08-17,2026-05-25
14910,Male,Millennial,regular,1,22,2025-07-17,2026-07-09
14911,Male,Gen X,one_and_done,1,1,2025-08-23,2025-08-23
14912,Male,Gen X,occasional,2,6,2025-08-25,2026-02-10
14913,Male,Gen Z,occasional,1,5,2025-08-30,2026-04-20
14914,Male,Gen X,regular,1,17,2025-07-03,2026-05-19
14915,Female,Millennial,regular,1,18,2025-07-09,2026-06-04
14916,Female,Millennial,loyal,3,27,2025-07-03,2026-06-09
14917,Female,Millennial,regular,1,18,2025-07-08,2026-07-09
14918,Male,Gen Z,occasional,6,5,2025-07-22,2026-03-21
14919,Male,Millennial,occasional,3,7,2025-07-17,2026-05-06
14920,Male,Millennial,occasional,4,7,2025-07-12,2026-05-07
14921,Female,Millennial,one_and_done,1,1,2025-07-18,2025-07-18
14922,Male,Gen Z,one_and_done,1,1,2025-08-05,2025-08-05
14923,Male,Gen X,occasional,4,6,2025-09-15,2026-05-31
14924,Male,Boomer,one_and_done,1,1,2026-03-11,2026-03-11
14925,Female,Gen Z,occasional,1,5,2025-07-15,2026-05-05
14926,Male,Gen X,occasional,5,6,2025-09-09,2026-02-14
14927,Male,Gen X,regular,1,17,2025-07-30,2026-07-01
14928,Female,Millennial,occasional,1,6,2025-07-28,2026-03-14
14929,Male,Boomer,regular,1,12,2025-08-06,2026-06-13
14930,Female,Gen Z,occasional,6,5,2025-07-08,2026-05-18
14931,Female,Gen Z,one_and_done,6,1,2026-04-02,2026-04-02
14932,Female,Millennial,regular,7,18,2025-07-25,2026-06-20
14933,Male,Gen X,one_and_done,1,1,2025-12-19,2025-12-19
14934,Female,Millennial,occasional,1,6,2025-07-22,2026-05-02
14935,Male,Gen Z,one_and_done,1,1,2025-12-05,2025-12-05
14936,Female,Millennial,loyal,4,27,2025-07-15,2026-07-02
14937,Male,Gen Z,one_and_done,5,1,2025-07-22,2025-07-22
14938,Male,Gen X,one_and_done,1,1,2026-06-27,2026-06-27
14939,Male,Gen X,one_and_done,1,1,2026-04-18,2026-04-18
14940,Male,Gen Z,regular,4,15,2025-08-12,2026-05-19
14941,Female,Millennial,regular,2,18,2025-07-04,2026-07-02
14942,Male,Millennial,one_and_done,1,1,2025-07-29,2025-07-29
14943,Male,Gen Z,one_and_done,3,1,2025-12-18,2025-12-18
14944,Female,Millennial,occasional,4,6,2025-07-02,2026-03-29
14945,Female,Millennial,regular,1,18,2025-07-06,2026-05-22
14946,Female,Millennial,one_and_done,1,1,2025-09-02,2025-09-02
14947,Female,Millennial,regular,1,18,2025-07-05,2026-07-04
14948,Male,Millennial,one_and_done,1,1,2026-06-10,2026-06-10
14949,Female,Millennial,occasional,2,6,2025-10-10,2026-06-17
14950,Male,Millennial,regular,1,22,2025-07-01,2026-07-04
14951,Male,Gen X,occasional,5,6,2025-07-03,2026-04-18
14952,Male,Millennial,regular,6,22,2025-07-24,2026-06-01
14953,Male,Millennial,occasional,4,7,2025-07-26,2026-06-24
14954,Male,Gen X,one_and_done,1,1,2025-12-18,2025-12-18
14955,Male,Millennial,loyal,2,32,2025-07-11,2026-07-01
14956,Male,Millennial,one_and_done,1,1,2025-09-25,2025-09-25
14957,Male,Millennial,regular,4,22,2025-07-03,2026-06-27
14958,Male,Millennial,one_and_done,1,1,2026-04-24,2026-04-24
14959,Female,Gen X,occasional,3,5,2025-10-03,2026-06-14
14960,Female,Gen Z,one_and_done,2,1,2026-04-22,2026-04-22
14961,Male,Boomer,loyal,4,18,2025-08-01,2026-06-16
14962,Male,Gen Z,regular,6,15,2025-07-07,2026-06-25
14963,Male,Millennial,one_and_done,1,1,2025-07-30,2025-07-30
14964,Male,Millennial,occasional,3,7,2025-07-16,2026-04-25
14965,Female,Gen Z,one_and_done,1,1,2026-04-22,2026-04-22
14966,Female,Millennial,regular,1,18,2025-07-28,2026-07-05
14967,Male,Millennial,one_and_done,5,1,2026-03-03,2026-03-03
14968,Male,Gen Z,one_and_done,5,1,2026-06-27,2026-06-27
14969,Female,Gen X,one_and_done,3,1,2025-09-21,2025-09-21
14970,Male,Millennial,one_and_done,3,1,2025-07-19,2025-07-19
14971,Male,Gen X,one_and_done,1,1,2026-05-09,2026-05-09
14972,Male,Millennial,regular,1,22,2025-08-22,2026-06-28
14973,Female,Millennial,loyal,2,27,2025-07-03,2026-07-05
14974,Male,Gen Z,one_and_done,1,1,2025-09-26,2025-09-26
14975,Male,Millennial,regular,6,22,2025-07-24,2026-06-29
14976,Male,Boomer,regular,2,12,2025-07-22,2026-05-26
14977,Male,Gen Z,one_and_done,1,1,2026-07-04,2026-07-04
14978,Female,Millennial,occasional,4,6,2025-07-12,2025-11-29
14979,Female,Boomer,occasional,4,4,2025-07-25,2026-05-08
14980,Male,Millennial,regular,1,22,2025-07-04,2026-07-02
14981,Male,Gen Z,regular,6,15,2025-07-15,2026-06-21
14982,Male,Millennial,occasional,1,7,2025-07-18,2026-06-09
14983,Female,Gen X,regular,1,15,2025-07-01,2026-06-26
14984,Male,Millennial,occasional,1,7,2025-08-23,2026-06-18
14985,Male,Millennial,occasional,2,7,2025-08-19,2026-04-04
14986,Male,Gen Z,occasional,3,5,2025-08-02,2026-04-18
14987,Female,Millennial,occasional,1,6,2025-10-31,2026-03-20
14988,Male,Millennial,regular,1,22,2025-07-15,2026-06-18
14989,Female,Millennial,occasional,1,6,2025-07-11,2026-06-13
14990,Male,Millennial,occasional,3,7,2025-09-03,2026-05-11
14991,Male,Millennial,regular,4,22,2025-07-09,2026-05-17
14992,Female,Gen Z,occasional,4,5,2025-07-18,2026-05-22
14993,Male,Millennial,one_and_done,1,1,2025-08-06,2025-08-06
14994,Male,Gen Z,loyal,3,23,2025-08-02,2026-06-28
14995,Female,Millennial,one_and_done,2,1,2025-12-07,2025-12-07
14996,Male,Gen X,one_and_done,1,1,2026-03-03,2026-03-03
14997,Male,Boomer,regular,3,12,2025-07-07,2026-07-06
14998,Female,Boomer,loyal,2,16,2025-07-07,2026-07-08
14999,Male,Gen Z,one_and_done,1,1,2026-06-10,2026-06-10
15000,Female,Gen Z,one_and_done,1,1,2025-07-28,2025-07-28
15001,Female,Boomer,one_and_done,1,1,2025-07-14,2025-07-14
15002,Male,Millennial,occasional,3,7,2025-09-14,2026-04-23
15003,Male,Millennial,regular,6,22,2025-07-17,2026-07-06
15004,Male,Millennial,one_and_done,1,1,2026-02-21,2026-02-21
15005,Female,Boomer,regular,4,11,2025-07-24,2026-06-16
15006,Female,Gen Z,loyal,1,20,2025-07-21,2026-05-08
15007,Male,Gen X,one_and_done,1,1,2025-07-25,2025-07-25
15008,Female,Millennial,loyal,1,27,2025-07-29,2026-07-05
15009,Female,Millennial,one_and_done,7,1,2025-08-27,2025-08-27
15010,Female,Millennial,one_and_done,1,1,2025-12-26,2025-12-26
15011,Male,Gen Z,one_and_done,4,1,2025-12-22,2025-12-22
15012,Female,Gen Z,regular,1,14,2025-08-13,2026-07-01
15013,Male,Millennial,occasional,2,7,2025-08-03,2026-04-25
15014,Male,Gen X,regular,1,17,2025-07-23,2026-07-01
15015,Male,Millennial,loyal,3,32,2025-07-06,2026-06-25
15016,Female,Millennial,regular,5,18,2025-08-12,2026-06-19
15017,Female,Boomer,occasional,1,4,2025-09-24,2026-05-25
15018,Male,Millennial,regular,4,22,2025-08-15,2026-06-28
15019,Male,Millennial,loyal,1,32,2025-07-01,2026-07-07
15020,Male,Millennial,regular,1,22,2025-07-02,2026-05-02
15021,Male,Millennial,one_and_done,1,1,2026-05-28,2026-05-28
15022,Male,Millennial,one_and_done,1,1,2025-09-27,2025-09-27
15023,Male,Millennial,one_and_done,1,1,2026-06-29,2026-06-29
15024,Male,Millennial,one_and_done,1,1,2026-04-16,2026-04-16
15025,Male,Millennial,one_and_done,2,1,2026-05-14,2026-05-14
15026,Female,Boomer,occasional,1,4,2025-07-28,2026-05-14
15027,Male,Gen Z,loyal,2,23,2025-07-04,2026-06-03
15028,Male,Millennial,one_and_done,1,1,2025-10-09,2025-10-09
15029,Male,Millennial,regular,3,22,2025-07-12,2026-06-30
15030,Male,Millennial,regular,1,22,2025-07-16,2026-06-20
15031,Male,Gen X,one_and_done,1,1,2025-07-31,2025-07-31
15032,Male,Millennial,occasional,1,7,2025-07-24,2026-04-19
15033,Male,Millennial,occasional,1,7,2025-08-31,2026-03-14
15034,Male,Millennial,regular,1,22,2025-08-08,2026-07-05
15035,Male,Gen X,one_and_done,1,1,2025-12-01,2025-12-01
15036,Male,Millennial,one_and_done,1,1,2026-03-07,2026-03-07
15037,Male,Millennial,one_and_done,6,1,2025-07-22,2025-07-22
15038,Male,Gen Z,loyal,2,23,2025-07-11,2026-07-07
15039,Male,Gen X,regular,5,17,2025-07-06,2026-05-19
15040,Female,Millennial,regular,5,18,2025-07-14,2026-06-06
15041,Female,Millennial,occasional,1,6,2025-07-22,2026-06-23
15042,Male,Millennial,loyal,4,32,2025-07-18,2026-06-27
15043,Male,Millennial,regular,1,22,2025-07-14,2026-07-09
15044,Male,Boomer,one_and_done,1,1,2025-11-10,2025-11-10
15045,Male,Gen Z,one_and_done,1,1,2026-01-26,2026-01-26
15046,Male,Gen Z,regular,1,15,2025-07-23,2026-05-20
15047,Male,Gen X,one_and_done,3,1,2026-01-04,2026-01-04
15048,Male,Boomer,one_and_done,1,1,2026-04-30,2026-04-30
15049,Female,Gen Z,occasional,3,5,2025-08-29,2026-07-01
15050,Female,Millennial,occasional,5,6,2025-09-24,2026-05-29
15051,Male,Millennial,one_and_done,2,1,2026-01-02,2026-01-02
15052,Female,Gen X,one_and_done,1,1,2025-12-06,2025-12-06
15053,Female,Millennial,one_and_done,1,1,2025-11-08,2025-11-08
15054,Male,Gen Z,one_and_done,9,1,2025-11-06,2025-11-06
15055,Male,Millennial,one_and_done,1,1,2026-04-24,2026-04-24
15056,Male,Gen Z,regular,1,15,2025-07-11,2026-06-20
15057,Male,Millennial,occasional,2,7,2025-07-06,2026-03-23
15058,Male,Boomer,one_and_done,3,1,2025-08-16,2025-08-16
15059,Female,Millennial,occasional,1,6,2025-07-10,2026-03-17
15060,Male,Millennial,one_and_done,2,1,2026-04-30,2026-04-30
15061,Male,Boomer,regular,2,12,2025-07-13,2026-06-08
15062,Male,Gen Z,regular,2,15,2025-08-13,2026-06-29
15063,Female,Millennial,loyal,1,27,2025-07-11,2026-06-26
15064,Male,Millennial,loyal,1,32,2025-07-28,2026-07-05
15065,Female,Millennial,one_and_done,4,1,2026-04-27,2026-04-27
15066,Female,Gen Z,regular,4,14,2025-07-01,2026-05-16
15067,Male,Millennial,loyal,1,32,2025-07-08,2026-06-25
15068,Male,Millennial,one_and_done,1,1,2025-07-21,2025-07-21
15069,Female,Gen Z,one_and_done,4,1,2025-11-25,2025-11-25
15070,Male,Millennial,regular,1,22,2025-07-27,2026-06-29
15071,Male,Gen X,loyal,1,25,2025-07-14,2026-06-08
15072,Male,Gen X,one_and_done,1,1,2025-12-11,2025-12-11
15073,Female,Millennial,one_and_done,1,1,2025-10-31,2025-10-31
15074,Male,Millennial,regular,8,22,2025-07-12,2026-06-05
15075,Male,Gen Z,one_and_done,2,1,2026-04-29,2026-04-29
15076,Female,Millennial,occasional,4,6,2025-11-05,2026-06-20
15077,Male,Millennial,occasional,2,7,2025-08-05,2026-06-26
15078,Female,Millennial,one_and_done,1,1,2025-08-09,2025-08-09
15079,Male,Gen Z,one_and_done,5,1,2025-09-19,2025-09-19
15080,Male,Millennial,one_and_done,1,1,2025-09-19,2025-09-19
15081,Male,Gen X,one_and_done,1,1,2025-08-03,2025-08-03
15082,Male,Millennial,one_and_done,2,1,2026-05-18,2026-05-18
15083,Male,Gen Z,regular,5,15,2025-07-06,2026-03-21
15084,Female,Gen Z,one_and_done,3,1,2025-09-01,2025-09-01
15085,Male,Gen X,one_and_done,1,1,2025-10-20,2025-10-20
15086,Female,Boomer,one_and_done,3,1,2025-11-01,2025-11-01
15087,Female,Millennial,occasional,3,6,2025-08-02,2026-06-09
15088,Female,Millennial,one_and_done,4,1,2026-03-18,2026-03-18
15089,Female,Millennial,one_and_done,8,1,2026-03-13,2026-03-13
15090,Male,Gen Z,regular,3,15,2025-07-21,2026-06-27
15091,Male,Gen X,one_and_done,1,1,2026-03-30,2026-03-30
15092,Male,Millennial,one_and_done,2,1,2026-02-15,2026-02-15
15093,Male,Millennial,one_and_done,1,1,2025-09-23,2025-09-23
15094,Female,Gen Z,regular,3,14,2025-08-06,2026-06-25
15095,Male,Boomer,loyal,1,18,2025-07-23,2026-05-24
15096,Female,Gen X,one_and_done,3,1,2026-01-16,2026-01-16
15097,Male,Millennial,loyal,2,32,2025-07-11,2026-06-30
15098,Male,Millennial,loyal,6,32,2025-07-05,2026-06-27
15099,Male,Gen X,occasional,1,6,2025-07-08,2026-05-01
15100,Male,Gen Z,one_and_done,1,1,2026-03-02,2026-03-02
15101,Male,Millennial,regular,8,22,2025-07-05,2026-07-07
15102,Female,Gen Z,one_and_done,1,1,2026-02-14,2026-02-14
15103,Female,Millennial,one_and_done,1,1,2026-05-15,2026-05-15
15104,Female,Millennial,one_and_done,1,1,2026-06-04,2026-06-04
15105,Male,Millennial,one_and_done,1,1,2026-06-05,2026-06-05
15106,Female,Millennial,occasional,1,6,2025-09-06,2026-05-30
15107,Male,Millennial,one_and_done,5,1,2026-04-07,2026-04-07
15108,Male,Gen Z,one_and_done,1,1,2026-04-19,2026-04-19
15109,Male,Boomer,regular,2,12,2025-08-10,2026-06-27
15110,Female,Gen X,occasional,3,5,2025-09-23,2026-06-05
15111,Male,Millennial,one_and_done,1,1,2026-06-02,2026-06-02
15112,Female,Boomer,one_and_done,1,1,2026-06-12,2026-06-12
15113,Male,Gen X,regular,9,17,2025-07-11,2026-06-18
15114,Male,Gen Z,one_and_done,1,1,2026-06-14,2026-06-14
15115,Male,Millennial,regular,1,22,2025-07-05,2026-06-19
15116,Male,Gen Z,one_and_done,3,1,2026-07-01,2026-07-01
15117,Male,Millennial,one_and_done,1,1,2026-01-17,2026-01-17
15118,Male,Millennial,occasional,1,7,2025-09-04,2026-06-21
15119,Male,Boomer,loyal,4,18,2025-07-24,2026-07-08
15120,Female,Millennial,loyal,1,27,2025-07-01,2026-05-03
15121,Male,Gen Z,regular,4,15,2025-07-06,2026-06-19
15122,Male,Millennial,occasional,3,7,2025-07-25,2026-07-09
15123,Male,Boomer,one_and_done,1,1,2025-11-29,2025-11-29
15124,Male,Gen X,one_and_done,8,1,2026-02-03,2026-02-03
15125,Male,Millennial,loyal,1,32,2025-07-14,2026-07-05
15126,Male,Boomer,one_and_done,3,1,2025-12-24,2025-12-24
15127,Male,Gen X,loyal,4,25,2025-08-07,2026-06-30
15128,Male,Boomer,one_and_done,5,1,2026-06-23,2026-06-23
15129,Male,Gen Z,loyal,2,23,2025-07-24,2026-07-06
15130,Male,Millennial,one_and_done,6,1,2025-10-12,2025-10-12
15131,Male,Gen Z,occasional,1,5,2025-07-25,2026-05-08
15132,Female,Millennial,occasional,4,6,2025-11-14,2026-05-16
15133,Male,Millennial,one_and_done,1,1,2026-04-26,2026-04-26
15134,Male,Millennial,one_and_done,7,1,2025-07-28,2025-07-28
15135,Male,Millennial,one_and_done,9,1,2026-06-24,2026-06-24
15136,Male,Gen X,one_and_done,1,1,2026-06-16,2026-06-16
15137,Female,Gen Z,occasional,2,5,2025-07-04,2026-04-05
15138,Female,Millennial,one_and_done,1,1,2025-11-03,2025-11-03
15139,Female,Millennial,occasional,2,6,2025-08-07,2026-07-02
15140,Male,Millennial,one_and_done,1,1,2025-12-20,2025-12-20
15141,Female,Boomer,one_and_done,8,1,2026-06-17,2026-06-17
15142,Male,Gen Z,occasional,1,5,2025-08-02,2026-02-14
15143,Male,Millennial,one_and_done,1,1,2025-09-03,2025-09-03
15144,Female,Millennial,occasional,1,6,2025-11-08,2026-03-14
15145,Female,Millennial,regular,6,18,2025-09-18,2026-06-21
15146,Female,Gen X,one_and_done,6,1,2025-07-09,2025-07-09
15147,Female,Gen Z,one_and_done,3,1,2025-09-29,2025-09-29
15148,Male,Millennial,regular,1,22,2025-07-19,2026-06-11
15149,Male,Boomer,loyal,1,18,2025-07-11,2026-07-05
15150,Male,Gen Z,regular,2,15,2025-08-21,2026-05-30
15151,Male,Gen X,one_and_done,1,1,2026-06-24,2026-06-24
15152,Female,Millennial,occasional,4,6,2025-09-27,2026-06-10
15153,Male,Millennial,regular,6,22,2025-07-01,2026-06-19
15154,Male,Gen X,regular,2,17,2025-07-22,2026-07-07
15155,Male,Boomer,one_and_done,3,1,2026-02-20,2026-02-20
15156,Male,Gen Z,regular,1,15,2025-07-07,2026-07-05
15157,Male,Millennial,one_and_done,1,1,2026-05-24,2026-05-24
15158,Male,Gen Z,one_and_done,2,1,2026-05-03,2026-05-03
15159,Male,Boomer,loyal,3,18,2025-08-13,2026-06-26
15160,Male,Millennial,occasional,6,7,2025-07-20,2026-04-02
15161,Female,Millennial,occasional,1,6,2025-12-27,2026-06-10
15162,Female,Gen Z,occasional,2,5,2025-08-22,2026-03-30
15163,Male,Gen X,one_and_done,1,1,2026-04-07,2026-04-07
15164,Female,Gen Z,loyal,1,20,2025-07-11,2026-06-20
15165,Male,Gen Z,one_and_done,7,1,2026-04-09,2026-04-09
15166,Female,Boomer,one_and_done,3,1,2026-06-11,2026-06-11
15167,Female,Millennial,occasional,2,6,2025-07-26,2026-06-06
15168,Male,Gen Z,occasional,5,5,2025-08-29,2026-07-04
15169,Male,Gen X,one_and_done,1,1,2026-05-21,2026-05-21
15170,Male,Gen X,one_and_done,1,1,2025-07-18,2025-07-18
15171,Female,Millennial,one_and_done,1,1,2025-12-07,2025-12-07
15172,Male,Gen Z,loyal,1,23,2025-07-26,2026-07-01
15173,Male,Gen X,one_and_done,1,1,2026-03-13,2026-03-13
15174,Male,Millennial,regular,2,22,2025-07-12,2026-07-06
15175,Male,Gen X,one_and_done,1,1,2026-06-18,2026-06-18
15176,Male,Gen Z,occasional,1,5,2025-10-10,2026-05-25
15177,Male,Millennial,occasional,1,7,2025-07-02,2026-05-15
15178,Male,Gen X,regular,5,17,2025-07-01,2026-05-14
15179,Female,Gen Z,one_and_done,1,1,2026-01-03,2026-01-03
15180,Male,Gen X,occasional,5,6,2025-08-30,2026-01-16
15181,Male,Millennial,occasional,1,7,2025-07-27,2026-06-10
15182,Female,Gen X,one_and_done,1,1,2025-12-17,2025-12-17
15183,Male,Millennial,occasional,8,7,2025-07-16,2026-06-27
15184,Female,Gen Z,regular,2,14,2025-07-19,2026-05-30
15185,Female,Gen Z,one_and_done,3,1,2025-12-12,2025-12-12
15186,Male,Millennial,one_and_done,1,1,2026-05-30,2026-05-30
15187,Male,Millennial,occasional,2,7,2025-09-04,2026-04-20
15188,Male,Millennial,regular,4,22,2025-07-04,2026-06-30
15189,Male,Boomer,occasional,6,4,2026-01-09,2026-04-11
15190,Female,Boomer,occasional,1,4,2025-07-29,2026-03-09
15191,Female,Gen X,one_and_done,6,1,2025-11-28,2025-11-28
15192,Male,Millennial,regular,2,22,2025-07-07,2026-05-14
15193,Male,Millennial,regular,1,22,2025-07-20,2026-07-09
15194,Male,Gen Z,one_and_done,6,1,2026-02-26,2026-02-26
15195,Male,Gen X,loyal,2,25,2025-07-29,2026-06-02
15196,Male,Boomer,occasional,9,4,2025-08-24,2026-05-20
15197,Female,Millennial,one_and_done,8,1,2026-06-12,2026-06-12
15198,Female,Millennial,regular,4,18,2025-08-25,2026-06-05
15199,Male,Millennial,one_and_done,2,1,2025-07-15,2025-07-15
15200,Female,Boomer,regular,1,11,2025-07-07,2026-07-09
15201,Male,Millennial,occasional,8,7,2025-07-05,2026-06-23
15202,Male,Gen Z,one_and_done,7,1,2026-01-24,2026-01-24
15203,Male,Millennial,one_and_done,1,1,2026-04-27,2026-04-27
15204,Female,Gen X,regular,3,15,2025-07-12,2026-03-19
15205,Male,Gen Z,occasional,1,5,2025-08-02,2026-04-11
15206,Female,Millennial,one_and_done,7,1,2026-04-01,2026-04-01
15207,Male,Millennial,regular,1,22,2025-07-03,2026-06-01
15208,Female,Gen Z,regular,1,14,2025-07-07,2026-06-25
15209,Male,Millennial,regular,3,22,2025-07-07,2026-07-08
15210,Female,Millennial,loyal,8,27,2025-07-17,2026-06-02
15211,Male,Millennial,one_and_done,2,1,2025-11-26,2025-11-26
15212,Female,Gen X,regular,3,15,2025-10-11,2026-07-06
15213,Male,Gen Z,loyal,1,23,2025-07-11,2026-07-01
15214,Female,Millennial,one_and_done,1,1,2026-07-04,2026-07-04
15215,Female,Millennial,regular,7,18,2025-07-29,2026-05-27
15216,Male,Millennial,one_and_done,5,1,2025-07-05,2025-07-05
15217,Female,Gen Z,one_and_done,1,1,2025-12-17,2025-12-17
15218,Male,Boomer,regular,3,12,2025-07-27,2026-06-20
15219,Male,Boomer,regular,1,12,2025-07-03,2026-05-15
15220,Male,Gen Z,one_and_done,1,1,2026-06-05,2026-06-05
15221,Male,Millennial,loyal,2,32,2025-07-11,2026-07-03
15222,Female,Gen X,one_and_done,1,1,2026-05-01,2026-05-01
15223,Male,Millennial,one_and_done,5,1,2026-06-28,2026-06-28
15224,Female,Gen Z,occasional,3,5,2026-02-13,2026-06-10
15225,Male,Millennial,one_and_done,2,1,2026-05-14,2026-05-14
15226,Male,Gen Z,one_and_done,2,1,2026-03-05,2026-03-05
15227,Female,Boomer,occasional,1,4,2026-01-10,2026-05-24
15228,Female,Millennial,one_and_done,1,1,2026-07-05,2026-07-05
15229,Male,Boomer,regular,6,12,2025-07-06,2026-06-10
15230,Male,Gen X,one_and_done,1,1,2025-09-04,2025-09-04
15231,Male,Gen Z,one_and_done,1,1,2026-05-24,2026-05-24
15232,Male,Gen X,regular,1,17,2025-07-09,2026-05-21
15233,Male,Millennial,regular,8,22,2025-07-14,2026-07-04
15234,Female,Millennial,loyal,1,27,2025-07-21,2026-07-05
15235,Male,Gen Z,one_and_done,5,1,2026-04-25,2026-04-25
15236,Female,Millennial,one_and_done,2,1,2026-04-27,2026-04-27
15237,Female,Gen Z,regular,1,14,2025-08-12,2026-06-26
15238,Male,Millennial,one_and_done,1,1,2026-02-13,2026-02-13
15239,Male,Gen Z,one_and_done,1,1,2026-01-07,2026-01-07
15240,Male,Millennial,regular,5,22,2025-07-18,2026-07-05
15241,Female,Boomer,occasional,1,4,2026-01-01,2026-07-09
15242,Male,Gen Z,one_and_done,3,1,2025-09-01,2025-09-01
15243,Male,Millennial,one_and_done,1,1,2026-03-24,2026-03-24
15244,Female,Gen X,loyal,2,23,2025-07-10,2026-07-06
15245,Male,Millennial,occasional,3,7,2025-07-12,2026-01-19
15246,Male,Millennial,one_and_done,2,1,2025-11-12,2025-11-12
15247,Male,Millennial,occasional,1,7,2025-09-26,2026-04-30
15248,Male,Millennial,one_and_done,1,1,2026-04-07,2026-04-07
15249,Male,Millennial,one_and_done,7,1,2025-08-26,2025-08-26
15250,Male,Millennial,occasional,4,7,2025-08-21,2026-05-22
15251,Female,Gen X,one_and_done,3,1,2025-09-17,2025-09-17
15252,Male,Millennial,loyal,1,32,2025-07-01,2026-07-06
15253,Female,Boomer,occasional,1,4,2025-07-11,2026-05-27
15254,Female,Gen Z,occasional,1,5,2025-07-05,2026-05-25
15255,Male,Millennial,occasional,5,7,2025-07-12,2026-05-23
15256,Male,Gen X,loyal,2,25,2025-07-07,2026-07-08
15257,Male,Boomer,occasional,8,4,2025-07-14,2026-06-01
15258,Male,Millennial,one_and_done,3,1,2026-06-19,2026-06-19
15259,Male,Millennial,one_and_done,6,1,2026-01-17,2026-01-17
15260,Male,Millennial,one_and_done,1,1,2026-05-15,2026-05-15
15261,Male,Millennial,occasional,4,7,2025-07-22,2026-07-06
15262,Female,Gen Z,one_and_done,2,1,2025-09-30,2025-09-30
15263,Male,Millennial,occasional,2,7,2025-07-05,2026-07-08
15264,Female,Gen Z,one_and_done,2,1,2026-01-10,2026-01-10
15265,Male,Gen Z,one_and_done,1,1,2026-05-07,2026-05-07
15266,Male,Gen X,regular,1,17,2025-07-29,2026-06-17
15267,Male,Gen X,regular,7,17,2025-08-10,2026-07-06
15268,Male,Gen Z,occasional,7,5,2025-11-13,2026-04-23
15269,Female,Millennial,regular,1,18,2025-07-16,2026-07-02
15270,Male,Millennial,loyal,1,32,2025-07-01,2026-06-22
15271,Female,Millennial,one_and_done,4,1,2026-02-27,2026-02-27
15272,Female,Millennial,one_and_done,1,1,2025-10-07,2025-10-07
15273,Male,Millennial,regular,5,22,2025-07-18,2026-07-08
15274,Male,Millennial,regular,1,22,2025-07-12,2026-06-03
15275,Male,Millennial,occasional,1,7,2025-07-04,2026-03-06
15276,Male,Millennial,one_and_done,1,1,2025-08-16,2025-08-16
15277,Male,Millennial,one_and_done,4,1,2026-01-14,2026-01-14
15278,Female,Millennial,occasional,6,6,2025-09-16,2026-06-27
15279,Female,Boomer,one_and_done,1,1,2025-11-17,2025-11-17
15280,Male,Gen Z,one_and_done,1,1,2026-04-29,2026-04-29
15281,Male,Millennial,one_and_done,4,1,2025-08-10,2025-08-10
15282,Male,Gen X,regular,1,17,2025-07-03,2026-06-20
15283,Female,Millennial,occasional,1,6,2025-10-08,2026-06-19
15284,Female,Millennial,occasional,1,6,2025-07-09,2026-07-08
15285,Female,Millennial,one_and_done,1,1,2025-08-08,2025-08-08
15286,Male,Gen Z,loyal,3,23,2025-08-29,2026-06-17
15287,Male,Millennial,one_and_done,1,1,2026-06-12,2026-06-12
15288,Female,Millennial,loyal,6,27,2025-07-03,2026-07-07
15289,Male,Gen Z,one_and_done,1,1,2026-07-02,2026-07-02
15290,Male,Gen Z,one_and_done,9,1,2026-03-22,2026-03-22
15291,Female,Millennial,one_and_done,1,1,2026-04-21,2026-04-21
15292,Male,Gen X,one_and_done,2,1,2026-03-11,2026-03-11
15293,Female,Millennial,one_and_done,3,1,2026-01-16,2026-01-16
15294,Male,Millennial,one_and_done,4,1,2026-05-10,2026-05-10
15295,Male,Millennial,one_and_done,6,1,2025-10-03,2025-10-03
15296,Female,Boomer,one_and_done,1,1,2026-07-06,2026-07-06
15297,Female,Gen X,one_and_done,1,1,2025-07-17,2025-07-17
15298,Male,Millennial,one_and_done,1,1,2026-03-30,2026-03-30
15299,Male,Millennial,occasional,7,7,2025-08-15,2026-06-20
15300,Female,Millennial,one_and_done,4,1,2026-05-09,2026-05-09
15301,Male,Millennial,loyal,5,32,2025-07-09,2026-06-30
15302,Male,Gen Z,one_and_done,2,1,2026-02-22,2026-02-22
15303,Female,Gen X,one_and_done,2,1,2026-01-30,2026-01-30
15304,Male,Gen Z,regular,1,15,2025-07-03,2026-07-08
15305,Male,Millennial,loyal,1,32,2025-07-12,2026-06-20
15306,Male,Gen X,regular,2,17,2025-07-08,2026-06-17
15307,Male,Boomer,loyal,1,18,2025-07-04,2026-06-19
15308,Male,Millennial,one_and_done,1,1,2025-08-13,2025-08-13
15309,Male,Gen X,occasional,3,6,2025-08-22,2026-06-20
15310,Male,Gen Z,occasional,1,5,2025-12-03,2026-06-03
15311,Female,Millennial,one_and_done,1,1,2026-02-24,2026-02-24
15312,Male,Gen Z,one_and_done,1,1,2026-02-25,2026-02-25
15313,Female,Millennial,occasional,5,6,2025-08-22,2026-06-15
15314,Male,Millennial,loyal,1,32,2025-07-07,2026-06-25
15315,Male,Gen X,loyal,1,25,2025-08-05,2026-07-04
15316,Male,Gen Z,one_and_done,1,1,2025-11-22,2025-11-22
15317,Female,Millennial,one_and_done,5,1,2026-05-16,2026-05-16
15318,Male,Millennial,occasional,1,7,2025-07-20,2026-07-01
15319,Male,Millennial,loyal,5,32,2025-07-04,2026-06-29
15320,Male,Gen Z,occasional,1,5,2025-11-19,2026-06-12
15321,Male,Gen X,occasional,5,6,2025-07-03,2026-07-04
15322,Male,Millennial,loyal,4,32,2025-07-03,2026-07-05
15323,Male,Boomer,regular,1,12,2025-08-15,2026-06-04
15324,Male,Gen Z,one_and_done,4,1,2026-03-11,2026-03-11
15325,Female,Millennial,occasional,1,6,2025-10-17,2026-07-08
15326,Male,Millennial,one_and_done,3,1,2025-11-18,2025-11-18
15327,Female,Millennial,occasional,2,6,2025-09-22,2026-06-28
15328,Male,Gen Z,regular,4,15,2025-08-01,2026-06-11
15329,Male,Gen Z,regular,3,15,2025-07-04,2026-05-22
15330,Male,Millennial,one_and_done,4,1,2025-07-25,2025-07-25
15331,Male,Gen X,one_and_done,1,1,2025-07-24,2025-07-24
15332,Female,Millennial,occasional,1,6,2025-08-25,2026-04-24
15333,Male,Millennial,one_and_done,10,1,2026-04-25,2026-04-25
15334,Male,Millennial,occasional,5,7,2025-10-25,2026-06-07
15335,Male,Millennial,one_and_done,2,1,2026-03-17,2026-03-17
15336,Male,Gen Z,one_and_done,1,1,2026-04-06,2026-04-06
15337,Male,Millennial,loyal,3,32,2025-07-09,2026-06-22
15338,Male,Gen X,one_and_done,1,1,2025-07-08,2025-07-08
15339,Male,Boomer,loyal,3,18,2025-08-09,2026-07-01
15340,Male,Gen X,occasional,2,6,2025-09-10,2026-07-08
15341,Male,Millennial,regular,1,22,2025-08-27,2026-06-27
15342,Male,Millennial,occasional,2,7,2025-07-24,2026-07-04
15343,Male,Gen X,occasional,1,6,2025-09-29,2026-02-15
15344,Male,Millennial,one_and_done,5,1,2025-09-13,2025-09-13
15345,Female,Millennial,one_and_done,4,1,2026-03-28,2026-03-28
15346,Male,Millennial,occasional,1,7,2025-07-26,2026-06-21
15347,Male,Millennial,one_and_done,1,1,2025-12-07,2025-12-07
15348,Male,Millennial,regular,1,22,2025-07-11,2026-06-16
15349,Female,Millennial,occasional,1,6,2025-09-28,2026-03-30
15350,Male,Millennial,occasional,1,7,2025-09-28,2026-06-24
15351,Male,Gen Z,one_and_done,1,1,2025-08-18,2025-08-18
15352,Male,Millennial,occasional,1,7,2025-07-22,2026-05-14
15353,Female,Gen Z,one_and_done,1,1,2026-05-17,2026-05-17
15354,Male,Gen Z,one_and_done,3,1,2025-11-28,2025-11-28
15355,Male,Millennial,occasional,4,7,2025-08-11,2026-05-04
15356,Male,Gen X,loyal,2,25,2025-07-11,2026-06-30
15357,Male,Gen Z,one_and_done,1,1,2026-07-06,2026-07-06
15358,Male,Gen Z,occasional,1,5,2025-10-03,2026-06-13
15359,Female,Millennial,occasional,3,6,2025-09-08,2026-04-10
15360,Female,Gen Z,one_and_done,1,1,2025-12-27,2025-12-27
15361,Male,Gen Z,one_and_done,3,1,2026-05-27,2026-05-27
15362,Male,Gen Z,regular,2,15,2025-07-15,2026-06-03
15363,Male,Gen X,occasional,1,6,2025-09-02,2026-06-10
15364,Female,Gen X,one_and_done,2,1,2026-01-18,2026-01-18
15365,Male,Gen X,one_and_done,1,1,2025-11-26,2025-11-26
15366,Female,Millennial,one_and_done,2,1,2025-10-04,2025-10-04
15367,Male,Millennial,loyal,3,32,2025-07-08,2026-06-10
15368,Male,Millennial,occasional,1,7,2025-07-26,2026-05-01
15369,Male,Millennial,loyal,2,32,2025-07-11,2026-06-27
15370,Male,Gen Z,occasional,3,5,2025-07-31,2026-07-09
15371,Male,Millennial,regular,1,22,2025-07-19,2026-07-02
15372,Male,Gen Z,one_and_done,2,1,2026-01-03,2026-01-03
15373,Male,Gen X,one_and_done,2,1,2026-01-19,2026-01-19
15374,Male,Boomer,occasional,1,4,2025-10-14,2026-04-30
15375,Male,Gen Z,one_and_done,1,1,2025-09-07,2025-09-07
15376,Male,Gen Z,one_and_done,1,1,2026-06-02,2026-06-02
15377,Female,Boomer,one_and_done,5,1,2025-11-16,2025-11-16
15378,Male,Millennial,one_and_done,2,1,2025-07-18,2025-07-18
15379,Male,Gen Z,one_and_done,7,1,2026-02-03,2026-02-03
15380,Male,Millennial,regular,5,22,2025-07-04,2026-06-18
15381,Female,Millennial,one_and_done,1,1,2026-02-26,2026-02-26
15382,Male,Millennial,occasional,1,7,2025-07-04,2026-02-23
15383,Female,Millennial,occasional,1,6,2025-10-04,2026-04-15
15384,Male,Gen X,one_and_done,1,1,2025-11-09,2025-11-09
15385,Male,Millennial,regular,2,22,2025-07-27,2026-07-05
15386,Female,Millennial,regular,4,18,2025-07-01,2026-06-27
15387,Female,Gen Z,regular,1,14,2025-07-03,2026-07-01
15388,Female,Millennial,one_and_done,1,1,2025-10-08,2025-10-08
15389,Male,Gen X,one_and_done,5,1,2025-11-28,2025-11-28
15390,Male,Millennial,one_and_done,2,1,2026-04-20,2026-04-20
15391,Male,Millennial,loyal,1,32,2025-07-07,2026-07-07
15392,Male,Gen Z,loyal,2,23,2025-07-04,2026-07-05
15393,Female,Millennial,occasional,1,6,2025-08-15,2026-06-12
15394,Female,Millennial,one_and_done,1,1,2026-03-22,2026-03-22
15395,Male,Gen X,loyal,1,25,2025-07-07,2026-07-04
15396,Female,Gen X,one_and_done,6,1,2026-01-14,2026-01-14
15397,Male,Gen Z,regular,1,15,2025-07-22,2026-06-03
15398,Female,Millennial,occasional,7,6,2025-07-25,2026-05-07
15399,Male,Millennial,regular,2,22,2025-07-19,2026-06-25
15400,Female,Gen Z,loyal,2,20,2025-07-02,2026-06-19
15401,Male,Millennial,occasional,2,7,2025-07-05,2026-07-08
15402,Male,Gen Z,one_and_done,1,1,2025-08-06,2025-08-06
15403,Male,Boomer,one_and_done,3,1,2026-05-22,2026-05-22
15404,Male,Millennial,one_and_done,3,1,2026-06-13,2026-06-13
15405,Male,Gen Z,occasional,1,5,2025-07-05,2026-04-24
15406,Male,Boomer,regular,2,12,2025-07-30,2026-06-05
15407,Male,Gen X,loyal,1,25,2025-07-25,2026-06-21
15408,Female,Millennial,one_and_done,1,1,2026-02-08,2026-02-08
15409,Female,Boomer,occasional,1,4,2026-01-14,2026-06-21
15410,Male,Millennial,one_and_done,1,1,2026-07-08,2026-07-08
15411,Male,Millennial,one_and_done,1,1,2025-11-16,2025-11-16
15412,Male,Gen X,regular,10,17,2025-08-29,2026-07-01
15413,Male,Gen X,one_and_done,1,1,2025-07-01,2025-07-01
15414,Male,Gen X,one_and_done,1,1,2026-06-16,2026-06-16
15415,Male,Millennial,regular,1,22,2025-07-08,2026-06-12
15416,Female,Gen Z,occasional,1,5,2025-09-25,2026-03-11
15417,Male,Gen Z,occasional,2,5,2025-08-15,2025-12-19
15418,Male,Millennial,regular,1,22,2025-08-26,2026-07-02
15419,Male,Millennial,one_and_done,1,1,2026-05-20,2026-05-20
15420,Male,Millennial,regular,2,22,2025-07-09,2026-07-06
15421,Male,Gen Z,one_and_done,6,1,2026-04-23,2026-04-23
15422,Female,Millennial,occasional,3,6,2025-08-28,2026-06-05
15423,Female,Millennial,one_and_done,1,1,2025-10-15,2025-10-15
15424,Male,Gen Z,occasional,5,5,2025-07-10,2026-02-21
15425,Male,Millennial,one_and_done,8,1,2026-05-23,2026-05-23
15426,Female,Millennial,regular,1,18,2025-07-27,2026-07-09
15427,Male,Gen Z,one_and_done,1,1,2025-12-01,2025-12-01
15428,Male,Millennial,one_and_done,1,1,2026-05-29,2026-05-29
15429,Male,Millennial,one_and_done,3,1,2026-05-27,2026-05-27
15430,Male,Millennial,loyal,1,32,2025-07-01,2026-06-26
15431,Male,Millennial,occasional,4,7,2025-08-27,2026-07-03
15432,Male,Gen X,one_and_done,3,1,2025-09-02,2025-09-02
15433,Male,Boomer,loyal,2,18,2025-07-11,2026-06-30
15434,Female,Millennial,one_and_done,1,1,2026-05-16,2026-05-16
15435,Male,Gen Z,occasional,3,5,2025-11-05,2026-07-08
15436,Male,Millennial,one_and_done,1,1,2026-04-14,2026-04-14
15437,Male,Gen X,one_and_done,1,1,2026-03-04,2026-03-04
15438,Male,Gen X,loyal,8,25,2025-07-06,2026-06-27
15439,Female,Gen X,one_and_done,6,1,2025-12-13,2025-12-13
15440,Male,Gen Z,loyal,2,23,2025-07-15,2026-06-20
15441,Female,Millennial,occasional,2,6,2025-11-05,2026-04-21
15442,Female,Gen Z,one_and_done,2,1,2026-02-27,2026-02-27
15443,Male,Gen X,occasional,4,6,2025-11-28,2026-05-01
15444,Male,Gen X,one_and_done,1,1,2025-07-29,2025-07-29
15445,Female,Millennial,occasional,2,6,2025-07-26,2026-01-06
15446,Male,Gen X,loyal,1,25,2025-07-15,2026-06-04
15447,Male,Millennial,regular,3,22,2025-07-23,2026-05-19
15448,Female,Millennial,regular,3,18,2025-07-25,2026-06-30
15449,Male,Gen X,one_and_done,4,1,2026-06-14,2026-06-14
15450,Male,Millennial,occasional,3,7,2025-07-20,2026-05-23
15451,Male,Gen Z,one_and_done,1,1,2025-08-04,2025-08-04
15452,Male,Millennial,occasional,1,7,2025-07-02,2026-04-24
15453,Male,Millennial,one_and_done,1,1,2026-01-16,2026-01-16
15454,Male,Millennial,regular,1,22,2025-09-03,2026-04-24
15455,Male,Gen Z,loyal,7,23,2025-07-04,2026-06-02
15456,Male,Gen X,occasional,3,6,2025-07-21,2026-07-08
15457,Female,Gen X,loyal,2,23,2025-07-01,2026-06-15
15458,Male,Millennial,one_and_done,3,1,2025-07-06,2025-07-06
15459,Male,Millennial,occasional,6,7,2025-09-05,2026-06-02
15460,Male,Gen Z,regular,1,15,2025-07-18,2026-06-12
15461,Male,Gen X,occasional,1,6,2025-08-10,2026-06-26
15462,Male,Millennial,regular,1,22,2025-09-17,2026-07-03
15463,Female,Millennial,one_and_done,1,1,2025-12-08,2025-12-08
15464,Male,Gen Z,occasional,1,5,2025-07-11,2026-07-08
15465,Male,Millennial,one_and_done,3,1,2025-08-21,2025-08-21
15466,Male,Millennial,one_and_done,2,1,2025-10-25,2025-10-25
15467,Male,Gen X,one_and_done,3,1,2026-02-10,2026-02-10
15468,Male,Millennial,one_and_done,6,1,2026-01-26,2026-01-26
15469,Male,Millennial,occasional,4,7,2025-09-08,2026-06-07
15470,Male,Millennial,regular,1,22,2025-07-15,2026-07-03
15471,Male,Gen Z,regular,4,15,2025-07-22,2026-07-06
15472,Male,Millennial,occasional,1,7,2025-09-26,2026-04-09
15473,Male,Millennial,one_and_done,1,1,2025-11-28,2025-11-28
15474,Male,Gen Z,one_and_done,1,1,2026-03-27,2026-03-27
15475,Male,Millennial,one_and_done,4,1,2026-01-02,2026-01-02
15476,Female,Millennial,one_and_done,7,1,2025-08-18,2025-08-18
15477,Female,Boomer,one_and_done,2,1,2025-07-12,2025-07-12
15478,Male,Gen X,occasional,6,6,2025-08-26,2026-07-02
15479,Male,Millennial,one_and_done,1,1,2025-09-08,2025-09-08
15480,Female,Gen X,one_and_done,3,1,2026-05-26,2026-05-26
15481,Male,Millennial,one_and_done,1,1,2026-02-09,2026-02-09
15482,Male,Gen X,occasional,3,6,2025-07-11,2026-05-25
15483,Male,Boomer,one_and_done,1,1,2025-10-06,2025-10-06
15484,Male,Millennial,one_and_done,9,1,2025-08-18,2025-08-18
15485,Male,Millennial,one_and_done,1,1,2026-03-21,2026-03-21
15486,Male,Gen X,regular,4,17,2025-07-04,2026-07-03
15487,Male,Millennial,one_and_done,1,1,2026-02-23,2026-02-23
15488,Female,Millennial,occasional,1,6,2025-09-01,2026-05-23
15489,Female,Boomer,occasional,1,4,2025-10-18,2026-04-09
15490,Female,Millennial,one_and_done,1,1,2025-07-18,2025-07-18
15491,Male,Gen X,one_and_done,2,1,2025-09-13,2025-09-13
15492,Male,Millennial,loyal,3,32,2025-07-21,2026-07-09
15493,Female,Gen Z,occasional,4,5,2025-07-17,2026-04-24
15494,Male,Boomer,occasional,1,4,2025-07-15,2026-03-09
15495,Male,Millennial,occasional,1,7,2025-07-28,2026-06-17
15496,Male,Gen Z,occasional,2,5,2026-01-31,2026-05-07
15497,Male,Gen Z,one_and_done,4,1,2026-06-22,2026-06-22
15498,Male,Boomer,one_and_done,4,1,2025-07-04,2025-07-04
15499,Male,Gen Z,regular,5,15,2025-07-04,2026-06-14
15500,Male,Gen Z,occasional,1,5,2025-07-09,2026-07-06
15501,Male,Millennial,occasional,2,7,2025-08-16,2026-06-10
15502,Female,Millennial,occasional,1,6,2025-08-28,2026-04-30
15503,Female,Millennial,one_and_done,1,1,2026-05-20,2026-05-20
15504,Male,Millennial,one_and_done,1,1,2025-10-26,2025-10-26
15505,Male,Gen Z,one_and_done,1,1,2025-10-04,2025-10-04
15506,Male,Millennial,occasional,2,7,2025-07-17,2026-07-04
15507,Male,Millennial,occasional,1,7,2025-07-04,2026-05-01
15508,Male,Gen Z,one_and_done,4,1,2025-07-12,2025-07-12
15509,Male,Millennial,regular,1,22,2025-07-05,2026-07-04
15510,Female,Gen X,regular,1,15,2025-07-04,2026-07-07
15511,Male,Gen Z,occasional,1,5,2026-01-18,2026-05-13
15512,Male,Gen Z,occasional,2,5,2025-09-07,2026-04-18
15513,Male,Gen Z,one_and_done,2,1,2026-07-07,2026-07-07
15514,Female,Millennial,one_and_done,3,1,2025-07-11,2025-07-11
15515,Male,Gen X,one_and_done,4,1,2026-01-31,2026-01-31
15516,Male,Millennial,loyal,3,32,2025-07-26,2026-07-07
15517,Female,Gen X,one_and_done,1,1,2025-12-27,2025-12-27
15518,Female,Millennial,occasional,1,6,2025-07-17,2026-02-06
15519,Female,Gen Z,loyal,1,20,2025-07-10,2026-07-03
15520,Female,Gen Z,one_and_done,1,1,2026-06-01,2026-06-01
15521,Male,Gen X,regular,1,17,2025-07-13,2026-06-26
15522,Female,Gen X,occasional,2,5,2025-07-25,2026-02-24
15523,Male,Gen X,loyal,1,25,2025-08-08,2026-07-04
15524,Male,Millennial,one_and_done,1,1,2026-07-09,2026-07-09
15525,Female,Millennial,regular,1,18,2025-07-11,2026-06-12
15526,Female,Millennial,regular,1,18,2025-07-31,2026-07-06
15527,Male,Boomer,occasional,1,4,2025-07-20,2026-04-06
15528,Male,Millennial,one_and_done,1,1,2025-11-12,2025-11-12
15529,Female,Millennial,one_and_done,2,1,2025-09-12,2025-09-12
15530,Male,Gen X,one_and_done,3,1,2025-10-13,2025-10-13
15531,Male,Gen X,one_and_done,2,1,2026-05-13,2026-05-13
15532,Male,Millennial,one_and_done,3,1,2026-06-08,2026-06-08
15533,Male,Gen Z,regular,1,15,2025-07-12,2026-05-07
15534,Female,Boomer,loyal,2,16,2025-07-30,2026-06-24
15535,Female,Gen Z,occasional,7,5,2025-10-19,2026-02-26
15536,Male,Gen Z,regular,1,15,2025-10-07,2026-07-07
15537,Female,Boomer,one_and_done,2,1,2025-11-28,2025-11-28
15538,Female,Gen X,occasional,2,5,2025-11-20,2026-07-07
15539,Male,Millennial,one_and_done,3,1,2025-11-03,2025-11-03
15540,Male,Gen Z,occasional,1,5,2025-10-10,2026-05-15
15541,Male,Gen Z,occasional,7,5,2025-09-05,2026-06-27
15542,Male,Millennial,occasional,1,7,2025-09-05,2026-04-11
15543,Female,Gen X,regular,1,15,2025-07-22,2026-06-30
15544,Male,Millennial,occasional,1,7,2025-08-10,2026-05-13
15545,Male,Millennial,one_and_done,1,1,2025-12-12,2025-12-12
15546,Male,Gen X,loyal,1,25,2025-07-03,2026-07-02
15547,Male,Gen X,occasional,1,6,2025-07-18,2026-03-12
15548,Male,Gen X,occasional,2,6,2025-09-05,2025-11-29
15549,Male,Gen Z,one_and_done,1,1,2025-08-22,2025-08-22
15550,Male,Millennial,occasional,1,7,2025-08-08,2026-05-27
15551,Male,Millennial,regular,1,22,2025-07-04,2026-07-09
15552,Female,Millennial,one_and_done,7,1,2026-01-20,2026-01-20
15553,Male,Millennial,one_and_done,1,1,2026-04-16,2026-04-16
15554,Male,Millennial,occasional,1,7,2025-07-16,2026-06-18
15555,Male,Boomer,occasional,1,4,2025-09-18,2026-01-14
15556,Male,Millennial,one_and_done,3,1,2025-09-17,2025-09-17
15557,Male,Gen Z,occasional,1,5,2025-08-26,2026-05-23
15558,Female,Millennial,one_and_done,1,1,2026-05-09,2026-05-09
15559,Male,Millennial,one_and_done,2,1,2026-02-04,2026-02-04
15560,Male,Gen Z,regular,2,15,2025-08-05,2026-07-08
15561,Female,Gen Z,regular,6,14,2025-07-10,2026-06-04
15562,Male,Gen X,regular,1,17,2025-07-25,2026-05-28
15563,Male,Millennial,regular,2,22,2025-07-04,2026-06-16
15564,Male,Gen Z,occasional,3,5,2025-07-04,2026-07-01
15565,Female,Millennial,one_and_done,1,1,2026-02-22,2026-02-22
15566,Male,Millennial,one_and_done,1,1,2025-08-18,2025-08-18
15567,Male,Millennial,one_and_done,1,1,2026-04-18,2026-04-18
15568,Male,Gen Z,one_and_done,9,1,2026-02-11,2026-02-11
15569,Male,Gen X,one_and_done,1,1,2026-04-29,2026-04-29
15570,Male,Gen Z,regular,1,15,2025-07-04,2026-06-15
15571,Male,Millennial,one_and_done,2,1,2025-10-15,2025-10-15
15572,Female,Millennial,one_and_done,1,1,2025-10-31,2025-10-31
15573,Male,Boomer,regular,5,12,2025-07-07,2026-07-04
15574,Female,Gen Z,one_and_done,7,1,2025-09-28,2025-09-28
15575,Female,Boomer,occasional,1,4,2025-10-10,2025-12-25
15576,Female,Millennial,one_and_done,5,1,2026-02-06,2026-02-06
15577,Male,Millennial,occasional,1,7,2025-09-09,2026-05-04
15578,Female,Millennial,one_and_done,1,1,2026-01-07,2026-01-07
15579,Male,Gen Z,occasional,2,5,2025-08-19,2026-05-08
15580,Male,Gen Z,occasional,1,5,2025-10-03,2026-06-13
15581,Male,Gen X,one_and_done,1,1,2025-12-13,2025-12-13
15582,Male,Millennial,occasional,2,7,2025-08-20,2026-06-09
15583,Female,Boomer,occasional,1,4,2025-10-22,2026-06-05
15584,Male,Gen Z,regular,3,15,2025-07-24,2026-07-08
15585,Male,Millennial,regular,2,22,2025-07-05,2026-07-09
15586,Male,Gen X,one_and_done,1,1,2026-02-17,2026-02-17
15587,Male,Gen Z,one_and_done,2,1,2025-12-17,2025-12-17
15588,Male,Boomer,regular,2,12,2025-10-18,2026-06-03
15589,Female,Gen Z,one_and_done,1,1,2026-03-08,2026-03-08
15590,Male,Millennial,one_and_done,1,1,2026-01-04,2026-01-04
15591,Female,Millennial,regular,4,18,2025-07-11,2026-07-09
15592,Male,Gen X,one_and_done,3,1,2026-02-25,2026-02-25
15593,Female,Gen X,occasional,1,5,2025-09-15,2026-05-28
15594,Male,Millennial,loyal,10,32,2025-07-12,2026-06-19
15595,Male,Millennial,one_and_done,1,1,2026-04-21,2026-04-21
15596,Female,Millennial,occasional,4,6,2025-08-13,2026-05-25
15597,Male,Gen Z,one_and_done,1,1,2025-07-19,2025-07-19
15598,Male,Boomer,one_and_done,1,1,2026-04-01,2026-04-01
15599,Male,Gen X,one_and_done,1,1,2026-06-13,2026-06-13
15600,Male,Millennial,one_and_done,4,1,2025-07-26,2025-07-26
15601,Male,Gen Z,one_and_done,4,1,2026-06-04,2026-06-04
15602,Male,Millennial,one_and_done,7,1,2026-01-20,2026-01-20
15603,Male,Millennial,occasional,1,7,2025-08-01,2026-04-06
15604,Male,Gen X,loyal,5,25,2025-07-10,2026-06-18
15605,Male,Boomer,one_and_done,3,1,2025-07-27,2025-07-27
15606,Male,Gen Z,one_and_done,3,1,2026-01-03,2026-01-03
15607,Male,Millennial,regular,2,22,2025-08-09,2026-06-22
15608,Male,Millennial,regular,1,22,2025-08-15,2026-07-04
15609,Male,Gen Z,loyal,4,23,2025-07-02,2026-06-11
15610,Male,Millennial,one_and_done,1,1,2026-01-31,2026-01-31
15611,Female,Boomer,regular,5,11,2025-12-08,2026-06-11
15612,Male,Gen Z,one_and_done,4,1,2026-02-03,2026-02-03
15613,Female,Millennial,one_and_done,4,1,2026-06-05,2026-06-05
15614,Male,Gen X,loyal,4,25,2025-07-17,2026-07-01
15615,Male,Millennial,one_and_done,1,1,2025-08-29,2025-08-29
15616,Male,Gen Z,regular,1,15,2025-07-06,2026-06-24
15617,Male,Boomer,one_and_done,3,1,2026-03-18,2026-03-18
15618,Female,Gen X,occasional,9,5,2026-02-11,2026-06-29
15619,Male,Millennial,occasional,2,7,2025-07-14,2026-02-07
15620,Female,Gen X,regular,2,15,2025-10-20,2026-06-18
15621,Male,Gen Z,occasional,1,5,2025-09-17,2026-03-28
15622,Male,Millennial,regular,1,22,2025-07-01,2026-07-01
15623,Male,Millennial,occasional,6,7,2025-08-20,2026-06-13
15624,Female,Millennial,one_and_done,1,1,2025-12-23,2025-12-23
15625,Male,Boomer,regular,1,12,2025-07-19,2026-06-02
15626,Female,Gen Z,one_and_done,5,1,2026-05-10,2026-05-10
15627,Male,Millennial,regular,9,22,2025-08-14,2026-07-09
15628,Female,Millennial,one_and_done,1,1,2026-03-20,2026-03-20
15629,Male,Gen Z,one_and_done,1,1,2026-01-26,2026-01-26
15630,Male,Millennial,one_and_done,1,1,2026-01-15,2026-01-15
15631,Male,Gen Z,occasional,1,5,2025-07-09,2026-06-15
15632,Female,Gen Z,regular,1,14,2025-08-04,2026-06-26
15633,Female,Gen X,one_and_done,4,1,2025-08-12,2025-08-12
15634,Female,Millennial,regular,1,18,2025-07-07,2026-06-24
15635,Female,Millennial,one_and_done,4,1,2026-03-21,2026-03-21
15636,Female,Gen Z,occasional,2,5,2025-08-16,2026-06-14
15637,Male,Millennial,one_and_done,2,1,2025-09-08,2025-09-08
15638,Male,Gen X,occasional,1,6,2025-08-08,2026-07-04
15639,Male,Millennial,regular,4,22,2025-07-21,2026-07-09
15640,Male,Millennial,occasional,2,7,2025-07-03,2026-06-09
15641,Female,Millennial,one_and_done,1,1,2026-04-05,2026-04-05
15642,Female,Millennial,regular,3,18,2025-07-07,2026-06-23
15643,Male,Millennial,regular,3,22,2025-07-25,2026-06-21
15644,Female,Millennial,regular,1,18,2025-07-17,2026-07-04
15645,Female,Millennial,occasional,1,6,2025-08-13,2026-03-16
15646,Male,Millennial,one_and_done,2,1,2026-04-30,2026-04-30
15647,Female,Millennial,one_and_done,3,1,2025-12-22,2025-12-22
15648,Female,Gen Z,occasional,1,5,2025-07-01,2026-06-11
15649,Male,Millennial,one_and_done,1,1,2025-09-05,2025-09-05
15650,Female,Millennial,one_and_done,1,1,2025-10-07,2025-10-07
15651,Male,Millennial,occasional,4,7,2025-09-13,2026-07-03
15652,Female,Gen Z,one_and_done,3,1,2026-05-30,2026-05-30
15653,Male,Gen X,one_and_done,3,1,2025-09-24,2025-09-24
15654,Male,Millennial,loyal,2,32,2025-07-08,2026-07-05
15655,Male,Gen Z,regular,2,15,2025-07-09,2026-05-18
15656,Female,Millennial,regular,2,18,2025-07-05,2026-06-24
15657,Male,Gen Z,regular,1,15,2025-07-26,2026-05-12
15658,Male,Millennial,regular,2,22,2025-08-13,2026-07-01
15659,Male,Boomer,loyal,5,18,2025-07-10,2026-06-12
15660,Male,Gen Z,regular,1,15,2025-07-17,2026-06-27
15661,Male,Millennial,one_and_done,4,1,2025-10-10,2025-10-10
15662,Male,Gen X,one_and_done,2,1,2026-01-29,2026-01-29
15663,Male,Gen Z,occasional,1,5,2025-09-27,2026-03-30
15664,Male,Gen X,one_and_done,8,1,2025-09-06,2025-09-06
15665,Female,Millennial,one_and_done,1,1,2025-07-12,2025-07-12
15666,Male,Gen X,one_and_done,1,1,2025-12-09,2025-12-09
15667,Female,Millennial,occasional,6,6,2025-09-12,2026-04-24
15668,Male,Millennial,one_and_done,1,1,2026-05-08,2026-05-08
15669,Male,Millennial,one_and_done,2,1,2026-05-25,2026-05-25
15670,Female,Boomer,regular,6,11,2025-09-27,2026-07-02
15671,Male,Millennial,regular,1,22,2025-07-24,2026-06-20
15672,Male,Gen Z,occasional,5,5,2025-08-27,2026-01-25
15673,Female,Millennial,regular,2,18,2025-07-07,2026-05-29
15674,Female,Gen X,one_and_done,3,1,2026-02-22,2026-02-22
15675,Male,Gen X,one_and_done,2,1,2026-06-19,2026-06-19
15676,Male,Millennial,occasional,1,7,2025-11-01,2026-06-25
15677,Male,Millennial,loyal,2,32,2025-07-20,2026-07-09
15678,Male,Millennial,regular,1,22,2025-07-04,2026-07-08
15679,Female,Gen X,occasional,1,5,2025-07-31,2026-07-09
15680,Male,Gen X,loyal,1,25,2025-08-14,2026-07-09
15681,Male,Gen X,regular,3,17,2025-07-05,2026-05-08
15682,Male,Boomer,one_and_done,8,1,2025-11-08,2025-11-08
15683,Male,Gen X,occasional,1,6,2026-01-12,2026-07-02
15684,Male,Millennial,loyal,1,32,2025-07-17,2026-07-03
15685,Female,Millennial,occasional,2,6,2025-07-10,2026-01-24
15686,Male,Millennial,occasional,4,7,2025-07-31,2026-05-24
15687,Male,Gen Z,regular,7,15,2025-09-29,2026-07-02
15688,Male,Gen Z,occasional,1,5,2025-07-26,2026-07-07
15689,Male,Millennial,one_and_done,4,1,2026-03-16,2026-03-16
15690,Male,Millennial,occasional,1,7,2025-08-07,2026-05-19
15691,Male,Millennial,regular,1,22,2025-07-11,2026-06-24
15692,Female,Gen Z,one_and_done,3,1,2025-09-25,2025-09-25
15693,Female,Gen Z,one_and_done,1,1,2026-05-11,2026-05-11
15694,Male,Millennial,regular,2,22,2025-07-04,2026-05-12
15695,Male,Gen Z,one_and_done,2,1,2026-02-21,2026-02-21
15696,Male,Gen X,one_and_done,1,1,2026-01-18,2026-01-18
15697,Male,Gen Z,one_and_done,1,1,2025-10-31,2025-10-31
15698,Male,Millennial,loyal,1,32,2025-07-03,2026-07-09
15699,Male,Gen Z,occasional,1,5,2025-09-05,2026-04-29
15700,Male,Gen Z,regular,4,15,2025-09-05,2026-06-27
15701,Male,Gen X,one_and_done,2,1,2026-04-17,2026-04-17
15702,Male,Gen X,loyal,1,25,2025-07-04,2026-07-06
15703,Male,Gen X,one_and_done,5,1,2025-10-06,2025-10-06
15704,Male,Gen Z,one_and_done,1,1,2025-10-10,2025-10-10
15705,Female,Millennial,one_and_done,1,1,2026-02-27,2026-02-27
15706,Male,Gen Z,occasional,6,5,2025-11-27,2026-07-06
15707,Female,Gen X,regular,6,15,2025-09-08,2026-06-07
15708,Male,Gen X,regular,1,17,2025-07-19,2026-07-09
15709,Male,Millennial,one_and_done,1,1,2025-08-14,2025-08-14
15710,Female,Gen Z,one_and_done,3,1,2026-04-16,2026-04-16
15711,Female,Gen Z,loyal,1,20,2025-08-29,2026-07-03
15712,Female,Gen Z,regular,1,14,2025-07-03,2026-06-24
15713,Male,Millennial,one_and_done,1,1,2025-09-26,2025-09-26
15714,Male,Gen X,regular,1,17,2025-08-25,2026-07-01
15715,Female,Gen X,regular,2,15,2025-07-01,2026-06-24
15716,Female,Millennial,one_and_done,1,1,2026-01-02,2026-01-02
15717,Male,Millennial,one_and_done,2,1,2025-07-19,2025-07-19
15718,Female,Millennial,regular,1,18,2025-08-04,2026-06-02
15719,Male,Gen Z,regular,1,15,2025-07-19,2026-06-28
15720,Female,Gen X,loyal,1,23,2025-07-09,2026-07-07
15721,Female,Millennial,occasional,1,6,2025-10-12,2026-05-01
15722,Female,Gen Z,one_and_done,4,1,2025-12-13,2025-12-13
15723,Male,Gen Z,one_and_done,1,1,2025-10-27,2025-10-27
15724,Male,Millennial,loyal,2,32,2025-07-03,2026-06-06
15725,Male,Boomer,one_and_done,1,1,2026-06-07,2026-06-07
15726,Male,Millennial,one_and_done,2,1,2025-10-01,2025-10-01
15727,Male,Gen Z,regular,1,15,2025-07-22,2026-07-04
15728,Female,Millennial,one_and_done,1,1,2026-06-10,2026-06-10
15729,Male,Millennial,one_and_done,5,1,2026-04-26,2026-04-26
15730,Female,Gen X,loyal,2,23,2025-07-02,2026-06-19
15731,Male,Gen X,occasional,1,6,2025-07-11,2026-05-01
15732,Male,Millennial,loyal,6,32,2025-07-20,2026-06-23
15733,Male,Gen Z,one_and_done,1,1,2025-07-23,2025-07-23
15734,Male,Gen Z,occasional,1,5,2025-11-04,2026-05-12
15735,Female,Gen Z,occasional,5,5,2025-08-30,2026-06-18
15736,Female,Gen Z,one_and_done,6,1,2025-08-17,2025-08-17
15737,Male,Gen X,one_and_done,1,1,2025-10-25,2025-10-25
15738,Male,Gen Z,one_and_done,1,1,2025-08-26,2025-08-26
15739,Male,Millennial,occasional,1,7,2025-07-09,2026-04-10
15740,Female,Millennial,regular,3,18,2025-08-05,2026-06-10
15741,Male,Millennial,loyal,4,32,2025-07-01,2026-05-26
15742,Female,Millennial,one_and_done,1,1,2026-02-16,2026-02-16
15743,Female,Millennial,loyal,1,27,2025-07-09,2026-06-21
15744,Female,Gen X,one_and_done,6,1,2025-11-26,2025-11-26
15745,Male,Millennial,one_and_done,8,1,2026-04-23,2026-04-23
15746,Female,Millennial,one_and_done,1,1,2026-05-29,2026-05-29
15747,Male,Gen X,one_and_done,2,1,2025-07-05,2025-07-05
15748,Male,Millennial,one_and_done,1,1,2026-06-23,2026-06-23
15749,Male,Millennial,one_and_done,1,1,2025-07-26,2025-07-26
15750,Male,Millennial,loyal,5,32,2025-07-16,2026-07-07
15751,Female,Gen Z,one_and_done,5,1,2026-03-12,2026-03-12
15752,Female,Gen X,occasional,2,5,2025-10-08,2026-07-06
15753,Male,Gen X,regular,1,17,2025-07-14,2026-07-03
15754,Male,Gen Z,regular,3,15,2025-07-09,2026-07-02
15755,Female,Gen X,loyal,1,23,2025-07-26,2026-07-07
15756,Male,Gen Z,one_and_done,1,1,2026-05-11,2026-05-11
15757,Female,Gen X,one_and_done,2,1,2026-02-19,2026-02-19
15758,Female,Gen X,one_and_done,1,1,2026-04-22,2026-04-22
15759,Male,Gen X,regular,1,17,2025-07-08,2026-07-09
15760,Female,Millennial,one_and_done,1,1,2026-07-03,2026-07-03
15761,Female,Gen X,one_and_done,3,1,2025-10-30,2025-10-30
15762,Female,Boomer,one_and_done,3,1,2026-03-14,2026-03-14
15763,Female,Millennial,regular,1,18,2025-07-26,2026-07-04
15764,Male,Millennial,one_and_done,3,1,2026-05-29,2026-05-29
15765,Male,Gen Z,loyal,3,23,2025-07-18,2026-06-03
15766,Female,Millennial,regular,1,18,2025-07-10,2026-06-21
15767,Male,Gen X,loyal,1,25,2025-07-27,2026-06-05
15768,Male,Gen Z,one_and_done,1,1,2026-07-04,2026-07-04
15769,Female,Millennial,one_and_done,1,1,2025-10-12,2025-10-12
15770,Female,Boomer,regular,1,11,2025-07-13,2026-06-24
15771,Male,Millennial,occasional,1,7,2025-07-20,2026-07-04
15772,Male,Millennial,one_and_done,1,1,2026-04-20,2026-04-20
15773,Male,Millennial,one_and_done,1,1,2025-12-04,2025-12-04
15774,Male,Boomer,occasional,2,4,2025-12-23,2026-05-30
15775,Male,Gen Z,one_and_done,1,1,2026-03-22,2026-03-22
15776,Female,Millennial,one_and_done,1,1,2026-04-14,2026-04-14
15777,Female,Millennial,one_and_done,3,1,2026-01-14,2026-01-14
15778,Female,Gen X,loyal,1,23,2025-07-03,2026-07-06
15779,Male,Millennial,regular,1,22,2025-07-14,2026-05-29
15780,Female,Millennial,one_and_done,1,1,2026-05-08,2026-05-08
15781,Female,Millennial,one_and_done,1,1,2026-05-21,2026-05-21
15782,Female,Gen Z,regular,1,14,2025-07-03,2026-05-29
15783,Male,Boomer,one_and_done,6,1,2026-05-31,2026-05-31
15784,Female,Boomer,occasional,8,4,2025-11-30,2026-04-02
15785,Male,Gen Z,occasional,1,5,2025-07-25,2026-01-26
15786,Male,Gen X,one_and_done,2,1,2026-06-23,2026-06-23
15787,Female,Gen X,one_and_done,9,1,2026-01-26,2026-01-26
15788,Male,Millennial,one_and_done,1,1,2025-12-18,2025-12-18
15789,Male,Gen X,one_and_done,1,1,2026-01-12,2026-01-12
15790,Female,Gen Z,regular,6,14,2025-07-14,2026-07-04
15791,Male,Gen Z,one_and_done,1,1,2025-10-14,2025-10-14
15792,Female,Gen X,one_and_done,1,1,2026-01-07,2026-01-07
15793,Male,Gen Z,one_and_done,1,1,2026-02-02,2026-02-02
15794,Male,Millennial,one_and_done,1,1,2025-09-22,2025-09-22
15795,Male,Millennial,one_and_done,8,1,2025-08-06,2025-08-06
15796,Female,Millennial,one_and_done,2,1,2025-07-05,2025-07-05
15797,Male,Gen Z,one_and_done,2,1,2026-07-03,2026-07-03
15798,Male,Millennial,one_and_done,6,1,2025-10-30,2025-10-30
15799,Male,Gen Z,one_and_done,4,1,2026-06-06,2026-06-06
15800,Female,Gen Z,regular,1,14,2025-08-01,2026-07-07
15801,Male,Millennial,one_and_done,1,1,2025-10-29,2025-10-29
15802,Male,Millennial,one_and_done,4,1,2026-02-17,2026-02-17
15803,Male,Gen Z,one_and_done,3,1,2025-10-10,2025-10-10
15804,Male,Boomer,one_and_done,2,1,2025-08-30,2025-08-30
15805,Male,Gen Z,one_and_done,1,1,2025-09-10,2025-09-10
15806,Female,Gen Z,occasional,1,5,2025-07-08,2026-04-19
15807,Female,Millennial,occasional,1,6,2025-07-18,2026-05-03
15808,Male,Millennial,loyal,1,32,2025-07-05,2026-07-06
15809,Male,Millennial,one_and_done,1,1,2026-06-02,2026-06-02
15810,Female,Millennial,regular,7,18,2025-07-29,2026-07-02
15811,Male,Gen Z,one_and_done,1,1,2025-09-22,2025-09-22
15812,Male,Millennial,one_and_done,1,1,2026-06-17,2026-06-17
15813,Male,Gen Z,one_and_done,1,1,2025-10-17,2025-10-17
15814,Female,Gen X,one_and_done,2,1,2025-11-07,2025-11-07
15815,Male,Millennial,one_and_done,1,1,2025-08-20,2025-08-20
15816,Female,Millennial,regular,4,18,2025-07-14,2026-06-21
15817,Male,Gen Z,one_and_done,1,1,2026-03-10,2026-03-10
15818,Male,Gen Z,occasional,1,5,2025-07-08,2026-07-08
15819,Male,Gen Z,occasional,7,5,2025-07-05,2026-06-10
15820,Female,Boomer,regular,3,11,2025-07-25,2026-07-05
15821,Male,Millennial,occasional,2,7,2025-08-20,2026-03-29
15822,Female,Millennial,regular,2,18,2025-07-10,2026-07-08
15823,Female,Gen Z,one_and_done,2,1,2025-12-20,2025-12-20
15824,Male,Gen Z,regular,1,15,2025-07-01,2026-07-04
15825,Male,Millennial,one_and_done,1,1,2025-11-25,2025-11-25
15826,Male,Millennial,one_and_done,2,1,2025-09-16,2025-09-16
15827,Male,Gen X,regular,4,17,2025-07-16,2026-06-28
15828,Female,Millennial,occasional,2,6,2025-07-09,2025-10-08
15829,Male,Millennial,regular,4,22,2025-07-06,2026-07-06
15830,Male,Gen X,occasional,1,6,2025-08-10,2026-04-22
15831,Male,Gen Z,one_and_done,4,1,2026-02-02,2026-02-02
15832,Male,Gen X,loyal,3,25,2025-07-07,2026-06-19
15833,Female,Gen X,one_and_done,1,1,2025-09-27,2025-09-27
15834,Male,Boomer,occasional,1,4,2025-08-25,2026-06-24
15835,Male,Millennial,one_and_done,5,1,2025-10-17,2025-10-17
15836,Male,Millennial,regular,1,22,2025-07-05,2026-07-03
15837,Male,Gen Z,regular,2,15,2025-07-12,2026-07-03
15838,Female,Millennial,regular,1,18,2025-07-09,2026-06-20
15839,Male,Gen X,one_and_done,2,1,2026-06-19,2026-06-19
15840,Male,Gen Z,one_and_done,1,1,2025-08-10,2025-08-10
15841,Male,Gen X,one_and_done,4,1,2026-07-02,2026-07-02
15842,Male,Boomer,occasional,1,4,2025-07-25,2026-05-18
15843,Female,Millennial,one_and_done,4,1,2026-04-04,2026-04-04
15844,Male,Millennial,occasional,1,7,2025-07-24,2026-04-15
15845,Male,Millennial,regular,1,22,2025-07-13,2026-07-04
15846,Male,Millennial,one_and_done,8,1,2026-05-03,2026-05-03
15847,Male,Millennial,loyal,6,32,2025-07-11,2026-06-17
15848,Male,Millennial,regular,5,22,2025-07-12,2026-06-19
15849,Female,Gen Z,loyal,5,20,2025-07-21,2026-07-09
15850,Male,Millennial,regular,4,22,2025-07-01,2026-06-28
15851,Male,Boomer,occasional,8,4,2025-09-25,2026-03-23
15852,Male,Millennial,occasional,1,7,2025-08-20,2026-05-15
15853,Female,Millennial,one_and_done,6,1,2025-07-02,2025-07-02
15854,Female,Millennial,occasional,3,6,2025-07-27,2026-07-02
15855,Male,Millennial,regular,1,22,2025-07-07,2026-06-26
15856,Male,Millennial,occasional,1,7,2025-07-27,2026-06-08
15857,Female,Millennial,one_and_done,1,1,2026-06-26,2026-06-26
15858,Male,Millennial,one_and_done,10,1,2026-06-11,2026-06-11
15859,Male,Gen X,occasional,3,6,2025-07-07,2026-02-10
15860,Female,Gen X,one_and_done,1,1,2025-11-12,2025-11-12
15861,Female,Gen Z,occasional,2,5,2025-08-02,2026-03-21
15862,Male,Millennial,occasional,9,7,2025-08-15,2026-04-13
15863,Female,Gen X,occasional,8,5,2025-08-23,2026-05-28
15864,Female,Millennial,one_and_done,1,1,2025-11-26,2025-11-26
15865,Female,Gen X,loyal,1,23,2025-08-09,2026-06-04
15866,Female,Gen Z,regular,8,14,2025-07-26,2026-06-09
15867,Male,Gen X,occasional,6,6,2025-09-25,2026-05-02
15868,Male,Gen X,occasional,6,6,2025-11-23,2026-05-28
15869,Female,Gen Z,occasional,1,5,2025-09-14,2026-06-22
15870,Male,Millennial,loyal,4,32,2025-07-07,2026-07-09
15871,Male,Boomer,occasional,5,4,2025-08-10,2025-11-01
15872,Male,Millennial,occasional,2,7,2025-10-31,2026-07-09
15873,Male,Millennial,occasional,1,7,2025-10-26,2026-07-04
15874,Male,Millennial,regular,1,22,2025-07-16,2026-05-26
15875,Male,Gen Z,one_and_done,4,1,2025-10-10,2025-10-10
15876,Male,Gen X,regular,1,17,2025-07-17,2026-07-02
15877,Male,Millennial,loyal,1,32,2025-07-07,2026-07-09
15878,Male,Gen Z,occasional,1,5,2025-07-01,2026-04-23
15879,Male,Gen Z,regular,1,15,2025-08-14,2026-06-25
15880,Female,Millennial,one_and_done,2,1,2025-11-14,2025-11-14
15881,Male,Millennial,regular,2,22,2025-07-28,2026-06-29
15882,Male,Gen Z,loyal,1,23,2025-07-28,2026-05-23
15883,Female,Millennial,one_and_done,1,1,2025-08-13,2025-08-13
15884,Female,Gen X,occasional,1,5,2025-08-21,2026-05-19
15885,Male,Millennial,one_and_done,4,1,2026-05-13,2026-05-13
15886,Male,Gen Z,regular,4,15,2025-07-30,2026-06-06
15887,Male,Millennial,occasional,1,7,2025-07-07,2026-06-21
15888,Male,Millennial,occasional,1,7,2025-07-30,2026-05-02
15889,Male,Millennial,one_and_done,7,1,2025-08-23,2025-08-23
15890,Male,Gen Z,one_and_done,1,1,2026-04-03,2026-04-03
15891,Male,Gen Z,occasional,8,5,2025-07-26,2026-06-18
15892,Male,Millennial,one_and_done,1,1,2026-03-20,2026-03-20
15893,Male,Millennial,regular,8,22,2025-07-05,2026-07-09
15894,Female,Millennial,occasional,3,6,2025-10-03,2026-07-04
15895,Male,Millennial,one_and_done,5,1,2025-11-25,2025-11-25
15896,Male,Gen X,one_and_done,8,1,2025-12-04,2025-12-04
15897,Male,Gen X,one_and_done,1,1,2026-04-07,2026-04-07
15898,Male,Millennial,one_and_done,1,1,2026-02-08,2026-02-08
15899,Male,Millennial,one_and_done,1,1,2025-12-07,2025-12-07
15900,Male,Gen Z,occasional,2,5,2025-09-15,2026-05-27
15901,Female,Gen Z,one_and_done,1,1,2026-03-24,2026-03-24
15902,Male,Millennial,one_and_done,3,1,2026-06-20,2026-06-20
15903,Male,Millennial,one_and_done,4,1,2026-01-14,2026-01-14
15904,Male,Gen X,occasional,3,6,2025-07-29,2026-06-16
15905,Male,Gen Z,occasional,3,5,2025-10-29,2026-06-09
15906,Male,Millennial,one_and_done,1,1,2025-08-08,2025-08-08
15907,Male,Boomer,regular,3,12,2025-07-22,2026-06-26
15908,Male,Gen Z,occasional,2,5,2025-07-14,2026-03-05
15909,Male,Gen Z,occasional,3,5,2025-08-29,2025-12-20
15910,Female,Millennial,one_and_done,2,1,2026-01-17,2026-01-17
15911,Male,Gen Z,occasional,1,5,2025-07-06,2026-06-01
15912,Male,Gen X,regular,5,17,2025-07-02,2026-05-29
15913,Male,Millennial,one_and_done,1,1,2026-06-02,2026-06-02
15914,Male,Millennial,occasional,1,7,2025-07-02,2026-02-07
15915,Male,Gen Z,one_and_done,4,1,2025-08-08,2025-08-08
15916,Male,Gen X,loyal,6,25,2025-08-19,2026-05-20
15917,Male,Millennial,regular,3,22,2025-08-04,2026-07-03
15918,Male,Gen Z,one_and_done,1,1,2025-09-01,2025-09-01
15919,Male,Millennial,one_and_done,1,1,2026-03-16,2026-03-16
15920,Female,Gen Z,occasional,6,5,2025-07-20,2026-01-23
15921,Male,Gen Z,one_and_done,2,1,2026-04-10,2026-04-10
15922,Male,Gen Z,one_and_done,1,1,2025-08-28,2025-08-28
15923,Male,Gen Z,regular,2,15,2025-07-10,2026-05-08
15924,Female,Millennial,occasional,1,6,2025-11-19,2026-05-21
15925,Male,Gen Z,regular,5,15,2025-09-12,2026-05-23
15926,Male,Gen X,occasional,1,6,2025-09-06,2026-03-13
15927,Male,Millennial,one_and_done,1,1,2025-12-01,2025-12-01
15928,Female,Boomer,occasional,2,4,2025-10-30,2026-05-15
15929,Male,Gen X,one_and_done,1,1,2025-10-03,2025-10-03
15930,Male,Millennial,one_and_done,1,1,2025-12-20,2025-12-20
15931,Male,Gen Z,one_and_done,1,1,2025-07-23,2025-07-23
15932,Female,Millennial,regular,1,18,2025-07-10,2026-07-06
15933,Female,Millennial,loyal,3,27,2025-07-01,2026-05-27
15934,Female,Gen Z,regular,1,14,2025-07-02,2026-06-15
15935,Female,Gen X,one_and_done,5,1,2025-10-08,2025-10-08
15936,Male,Millennial,one_and_done,1,1,2025-07-16,2025-07-16
15937,Female,Gen Z,one_and_done,5,1,2025-09-02,2025-09-02
15938,Male,Millennial,loyal,1,32,2025-07-01,2026-06-23
15939,Female,Gen X,occasional,2,5,2025-10-20,2026-03-27
15940,Male,Millennial,loyal,1,32,2025-07-05,2026-07-04
15941,Male,Millennial,occasional,2,7,2025-09-29,2026-06-27
15942,Male,Gen X,occasional,1,6,2025-08-04,2026-04-26
15943,Male,Millennial,occasional,2,7,2025-07-06,2026-07-02
15944,Male,Millennial,one_and_done,7,1,2026-07-01,2026-07-01
15945,Male,Millennial,loyal,2,32,2025-07-05,2026-07-09
15946,Male,Millennial,one_and_done,1,1,2025-07-29,2025-07-29
15947,Male,Millennial,one_and_done,1,1,2026-06-16,2026-06-16
15948,Male,Gen Z,one_and_done,2,1,2025-12-25,2025-12-25
15949,Female,Gen X,occasional,3,5,2025-12-06,2026-06-30
15950,Male,Boomer,one_and_done,3,1,2026-02-07,2026-02-07
15951,Male,Millennial,occasional,10,7,2025-08-23,2026-05-27
15952,Male,Millennial,loyal,1,32,2025-07-09,2026-06-29
15953,Female,Gen X,regular,1,15,2025-07-10,2026-06-23
15954,Male,Gen X,regular,9,17,2025-07-09,2026-05-28
15955,Male,Gen X,one_and_done,1,1,2025-09-26,2025-09-26
15956,Male,Gen X,one_and_done,4,1,2025-09-22,2025-09-22
15957,Male,Millennial,one_and_done,1,1,2025-12-04,2025-12-04
15958,Male,Gen Z,occasional,1,5,2025-08-22,2026-06-27
15959,Female,Gen Z,occasional,6,5,2025-09-11,2026-05-23
15960,Male,Millennial,regular,2,22,2025-07-11,2026-07-09
15961,Male,Millennial,regular,5,22,2025-07-23,2026-06-20
15962,Male,Millennial,occasional,1,7,2025-10-04,2026-07-04
15963,Male,Gen Z,regular,1,15,2025-07-06,2026-06-12
15964,Male,Millennial,one_and_done,1,1,2026-01-27,2026-01-27
15965,Male,Millennial,one_and_done,1,1,2025-08-29,2025-08-29
15966,Male,Millennial,one_and_done,1,1,2025-10-03,2025-10-03
15967,Male,Millennial,loyal,2,32,2025-07-08,2026-07-05
15968,Male,Gen Z,loyal,5,23,2025-07-08,2026-07-01
15969,Male,Gen X,regular,2,17,2025-07-16,2026-07-08
15970,Male,Millennial,one_and_done,2,1,2026-05-29,2026-05-29
15971,Male,Millennial,one_and_done,3,1,2025-08-24,2025-08-24
15972,Male,Millennial,loyal,1,32,2025-07-01,2026-06-27
15973,Male,Gen Z,regular,1,15,2025-07-09,2026-07-08
15974,Male,Gen Z,one_and_done,2,1,2025-10-26,2025-10-26
15975,Male,Gen Z,one_and_done,2,1,2026-02-28,2026-02-28
15976,Female,Gen X,occasional,1,5,2025-08-22,2026-06-22
15977,Male,Millennial,one_and_done,1,1,2026-01-21,2026-01-21
15978,Male,Millennial,one_and_done,1,1,2025-08-01,2025-08-01
15979,Male,Millennial,one_and_done,1,1,2025-08-11,2025-08-11
15980,Female,Millennial,one_and_done,4,1,2025-08-08,2025-08-08
15981,Female,Gen Z,loyal,6,20,2025-07-23,2026-06-30
15982,Female,Gen Z,occasional,1,5,2025-08-17,2026-05-25
15983,Female,Millennial,loyal,5,27,2025-07-05,2026-06-26
15984,Male,Millennial,one_and_done,2,1,2025-11-07,2025-11-07
15985,Male,Gen Z,one_and_done,7,1,2025-08-13,2025-08-13
15986,Male,Gen X,regular,1,17,2025-09-01,2026-06-20
15987,Female,Boomer,regular,4,11,2025-08-08,2026-07-05
15988,Male,Gen Z,regular,2,15,2025-09-18,2026-07-07
15989,Male,Millennial,one_and_done,7,1,2026-03-22,2026-03-22
15990,Female,Boomer,regular,6,11,2025-09-09,2026-02-27
15991,Male,Gen X,occasional,1,6,2025-08-20,2026-04-16
15992,Male,Gen Z,one_and_done,1,1,2026-05-07,2026-05-07
15993,Female,Gen X,regular,1,15,2025-07-13,2026-06-19
15994,Female,Millennial,regular,1,18,2025-07-13,2026-06-24
15995,Male,Gen X,one_and_done,2,1,2026-05-02,2026-05-02
15996,Male,Millennial,regular,5,22,2025-07-08,2026-05-15
15997,Male,Millennial,regular,1,22,2025-07-07,2026-06-23
15998,Male,Millennial,one_and_done,5,1,2026-06-27,2026-06-27
15999,Male,Gen Z,one_and_done,6,1,2025-10-06,2025-10-06
16000,Female,Gen X,regular,1,15,2025-07-31,2026-07-04
16001,Male,Millennial,occasional,10,7,2025-07-15,2026-05-15
16002,Male,Gen Z,one_and_done,1,1,2026-02-22,2026-02-22
16003,Female,Millennial,occasional,6,6,2025-08-29,2026-05-13
16004,Male,Millennial,one_and_done,1,1,2025-10-16,2025-10-16
16005,Male,Gen Z,one_and_done,4,1,2025-09-25,2025-09-25
16006,Female,Gen Z,one_and_done,2,1,2025-11-21,2025-11-21
16007,Male,Gen Z,one_and_done,2,1,2025-08-15,2025-08-15
16008,Female,Millennial,loyal,1,27,2025-07-03,2026-06-26
16009,Female,Millennial,occasional,1,6,2025-08-17,2026-04-30
16010,Male,Boomer,loyal,1,18,2025-08-15,2026-06-21
16011,Male,Boomer,one_and_done,1,1,2026-02-28,2026-02-28
16012,Male,Gen X,one_and_done,1,1,2025-09-30,2025-09-30
16013,Female,Millennial,regular,1,18,2025-08-05,2026-07-01
16014,Male,Gen X,occasional,1,6,2025-10-28,2026-07-08
16015,Male,Boomer,occasional,1,4,2025-07-05,2026-05-24
16016,Male,Gen X,occasional,2,6,2025-08-22,2026-04-10
16017,Male,Millennial,one_and_done,1,1,2025-11-16,2025-11-16
16018,Male,Millennial,one_and_done,2,1,2025-07-02,2025-07-02
16019,Male,Gen Z,one_and_done,8,1,2025-11-10,2025-11-10
16020,Male,Millennial,one_and_done,1,1,2025-08-15,2025-08-15
16021,Male,Gen X,loyal,8,25,2025-07-09,2026-07-04
16022,Male,Millennial,occasional,1,7,2025-10-23,2026-07-04
16023,Male,Millennial,one_and_done,3,1,2025-10-08,2025-10-08
16024,Male,Gen X,loyal,4,25,2025-07-20,2026-06-29
16025,Male,Gen Z,one_and_done,1,1,2025-07-15,2025-07-15
16026,Female,Millennial,one_and_done,1,1,2025-08-23,2025-08-23
16027,Male,Gen Z,occasional,1,5,2025-08-06,2026-05-07
16028,Female,Millennial,occasional,3,6,2025-09-16,2026-04-26
16029,Male,Gen X,occasional,2,6,2025-09-20,2026-06-05
16030,Male,Gen X,occasional,1,6,2025-08-07,2026-06-28
16031,Male,Millennial,one_and_done,2,1,2025-12-02,2025-12-02
16032,Male,Millennial,occasional,2,7,2025-07-25,2026-05-15
16033,Male,Gen Z,one_and_done,1,1,2026-01-11,2026-01-11
16034,Female,Millennial,one_and_done,1,1,2025-10-13,2025-10-13
16035,Male,Boomer,one_and_done,1,1,2025-11-17,2025-11-17
16036,Female,Gen X,regular,2,15,2025-07-17,2026-06-09
16037,Male,Millennial,one_and_done,1,1,2025-12-31,2025-12-31
16038,Female,Gen Z,occasional,1,5,2025-07-03,2026-06-10
16039,Male,Gen X,one_and_done,3,1,2025-12-26,2025-12-26
16040,Male,Gen Z,one_and_done,1,1,2026-03-13,2026-03-13
16041,Female,Gen Z,one_and_done,1,1,2026-02-04,2026-02-04
16042,Female,Millennial,occasional,1,6,2025-08-27,2026-06-26
16043,Female,Gen Z,regular,1,14,2025-08-14,2026-06-11
16044,Male,Millennial,loyal,3,32,2025-07-06,2026-07-07
16045,Male,Millennial,one_and_done,4,1,2025-11-20,2025-11-20
16046,Male,Gen Z,occasional,7,5,2025-12-06,2026-04-16
16047,Male,Boomer,occasional,2,4,2025-09-07,2026-02-22
16048,Male,Gen Z,one_and_done,6,1,2025-07-20,2025-07-20
16049,Male,Gen X,occasional,3,6,2025-11-06,2026-05-29
16050,Male,Millennial,regular,1,22,2025-07-08,2026-07-01
16051,Male,Gen X,occasional,1,6,2025-09-29,2026-06-12
16052,Male,Millennial,one_and_done,2,1,2025-11-16,2025-11-16
16053,Male,Millennial,regular,2,22,2025-07-03,2026-06-28
16054,Male,Millennial,occasional,5,7,2025-10-27,2026-05-29
16055,Male,Gen Z,one_and_done,7,1,2025-09-14,2025-09-14
16056,Male,Millennial,one_and_done,3,1,2026-03-05,2026-03-05
16057,Male,Gen Z,one_and_done,1,1,2025-07-24,2025-07-24
16058,Male,Gen X,regular,1,17,2025-07-17,2026-05-26
16059,Female,Millennial,regular,1,18,2025-08-16,2026-06-17
16060,Male,Gen X,loyal,2,25,2025-07-23,2026-06-09
16061,Male,Millennial,occasional,4,7,2025-08-01,2026-06-14
16062,Male,Millennial,occasional,4,7,2025-10-17,2026-06-11
16063,Male,Millennial,occasional,1,7,2026-01-04,2026-06-12
16064,Male,Gen Z,loyal,2,23,2025-07-24,2026-07-03
16065,Male,Gen Z,one_and_done,6,1,2026-05-16,2026-05-16
16066,Male,Gen Z,one_and_done,6,1,2026-03-09,2026-03-09
16067,Male,Millennial,occasional,2,7,2025-12-06,2026-07-07
16068,Male,Gen Z,regular,4,15,2025-07-22,2026-06-09
16069,Female,Gen Z,one_and_done,5,1,2026-02-06,2026-02-06
16070,Female,Millennial,occasional,1,6,2025-07-07,2026-05-26
16071,Male,Millennial,one_and_done,1,1,2026-05-08,2026-05-08
16072,Male,Gen X,occasional,1,6,2025-07-17,2026-01-29
16073,Female,Gen Z,loyal,1,20,2025-07-21,2026-06-13
16074,Male,Boomer,regular,1,12,2025-08-02,2026-07-03
16075,Male,Gen X,occasional,4,6,2025-07-21,2026-05-27
16076,Female,Millennial,occasional,6,6,2025-07-18,2026-07-06
16077,Male,Gen Z,one_and_done,1,1,2026-06-08,2026-06-08
16078,Male,Millennial,regular,2,22,2025-07-05,2026-06-22
16079,Male,Millennial,regular,3,22,2025-07-14,2026-06-26
16080,Male,Gen Z,occasional,2,5,2025-10-25,2026-06-20
16081,Male,Gen Z,one_and_done,3,1,2025-11-08,2025-11-08
16082,Male,Millennial,regular,1,22,2025-07-12,2026-07-09
16083,Male,Gen X,one_and_done,3,1,2026-02-27,2026-02-27
16084,Male,Gen X,one_and_done,1,1,2025-10-09,2025-10-09
16085,Male,Millennial,one_and_done,1,1,2025-12-30,2025-12-30
16086,Male,Millennial,loyal,2,32,2025-07-08,2026-07-04
16087,Male,Millennial,regular,1,22,2025-08-18,2026-05-28
16088,Male,Gen X,one_and_done,1,1,2026-06-22,2026-06-22
16089,Male,Millennial,regular,1,22,2025-07-09,2026-06-24
16090,Male,Gen X,one_and_done,1,1,2026-04-22,2026-04-22
16091,Female,Gen X,one_and_done,1,1,2026-04-06,2026-04-06
16092,Male,Millennial,occasional,6,7,2025-08-12,2026-05-14
16093,Male,Gen Z,regular,1,15,2025-07-03,2026-06-27
16094,Male,Gen Z,regular,1,15,2025-07-03,2026-07-08
16095,Male,Millennial,one_and_done,1,1,2026-01-09,2026-01-09
16096,Female,Millennial,regular,1,18,2025-07-07,2026-06-29
16097,Female,Millennial,occasional,6,6,2025-08-01,2026-03-04
16098,Female,Gen Z,one_and_done,1,1,2025-07-30,2025-07-30
16099,Female,Millennial,one_and_done,1,1,2025-12-17,2025-12-17
16100,Male,Gen Z,one_and_done,1,1,2026-05-15,2026-05-15
16101,Male,Millennial,regular,5,22,2025-07-22,2026-06-30
16102,Male,Millennial,regular,1,22,2025-07-14,2026-05-20
16103,Female,Millennial,one_and_done,1,1,2025-07-16,2025-07-16
16104,Male,Millennial,occasional,1,7,2025-07-08,2026-05-09
16105,Male,Millennial,one_and_done,1,1,2025-11-21,2025-11-21
16106,Female,Millennial,loyal,1,27,2025-07-21,2026-05-12
16107,Male,Millennial,occasional,1,7,2025-10-20,2026-04-25
16108,Male,Millennial,regular,3,22,2025-07-07,2026-06-21
16109,Male,Gen X,regular,2,17,2025-07-12,2026-07-07
16110,Male,Millennial,one_and_done,1,1,2026-06-19,2026-06-19
16111,Male,Millennial,regular,1,22,2025-07-17,2026-06-26
16112,Female,Millennial,occasional,10,6,2025-11-29,2026-06-12
16113,Female,Millennial,one_and_done,2,1,2026-05-08,2026-05-08
16114,Male,Millennial,regular,4,22,2025-07-10,2026-07-08
16115,Male,Millennial,one_and_done,1,1,2026-05-19,2026-05-19
16116,Male,Gen X,regular,2,17,2025-07-04,2026-06-25
16117,Male,Gen X,one_and_done,1,1,2026-03-30,2026-03-30
16118,Male,Gen Z,one_and_done,3,1,2025-12-22,2025-12-22
16119,Female,Boomer,one_and_done,6,1,2026-05-21,2026-05-21
16120,Male,Gen Z,loyal,4,23,2025-07-19,2026-07-09
16121,Male,Millennial,occasional,5,7,2025-07-06,2026-05-15
16122,Male,Gen X,occasional,1,6,2025-07-25,2026-06-08
16123,Female,Gen X,one_and_done,2,1,2025-12-08,2025-12-08
16124,Male,Millennial,regular,1,22,2025-07-15,2026-07-05
16125,Male,Gen X,one_and_done,1,1,2025-12-04,2025-12-04
16126,Female,Gen Z,regular,1,14,2025-09-19,2026-06-08
16127,Male,Gen X,loyal,1,25,2025-07-24,2026-06-28
16128,Male,Gen Z,one_and_done,7,1,2026-02-07,2026-02-07
16129,Male,Millennial,one_and_done,8,1,2025-12-18,2025-12-18
16130,Male,Millennial,regular,1,22,2025-08-05,2026-06-28
16131,Female,Boomer,regular,1,11,2025-08-01,2026-05-30
16132,Male,Millennial,occasional,5,7,2025-12-30,2026-06-20
16133,Male,Gen Z,occasional,1,5,2025-07-26,2026-05-30
16134,Male,Millennial,one_and_done,2,1,2026-06-26,2026-06-26
16135,Male,Gen Z,regular,1,15,2025-07-26,2026-07-06
16136,Female,Gen X,occasional,1,5,2025-09-22,2026-03-15
16137,Female,Gen X,one_and_done,4,1,2026-03-29,2026-03-29
16138,Male,Gen X,one_and_done,2,1,2026-01-16,2026-01-16
16139,Male,Millennial,one_and_done,6,1,2025-12-31,2025-12-31
16140,Male,Millennial,one_and_done,6,1,2025-10-08,2025-10-08
16141,Male,Millennial,loyal,5,32,2025-07-19,2026-06-05
16142,Male,Millennial,loyal,9,32,2025-07-15,2026-06-19
16143,Female,Gen Z,occasional,2,5,2025-10-14,2026-06-23
16144,Female,Gen Z,one_and_done,1,1,2026-04-23,2026-04-23
16145,Female,Millennial,one_and_done,1,1,2025-09-15,2025-09-15
16146,Male,Millennial,one_and_done,1,1,2026-03-20,2026-03-20
16147,Female,Millennial,occasional,1,6,2025-08-03,2026-07-07
16148,Male,Gen Z,one_and_done,4,1,2026-07-08,2026-07-08
16149,Female,Millennial,one_and_done,1,1,2026-05-07,2026-05-07
16150,Female,Millennial,one_and_done,1,1,2026-06-15,2026-06-15
16151,Female,Millennial,one_and_done,1,1,2025-10-30,2025-10-30
16152,Female,Millennial,one_and_done,2,1,2026-02-09,2026-02-09
16153,Male,Millennial,one_and_done,5,1,2026-01-19,2026-01-19
16154,Male,Millennial,regular,10,22,2025-07-02,2026-06-25
16155,Female,Gen Z,regular,1,14,2025-07-02,2026-07-04
16156,Male,Gen Z,loyal,3,23,2025-07-26,2026-06-30
16157,Male,Millennial,occasional,1,7,2025-09-20,2026-04-23
16158,Male,Millennial,occasional,1,7,2025-08-15,2026-06-05
16159,Male,Millennial,loyal,2,32,2025-07-30,2026-07-02
16160,Male,Gen X,occasional,1,6,2025-09-27,2026-07-06
16161,Female,Millennial,one_and_done,1,1,2026-04-19,2026-04-19
16162,Male,Gen X,one_and_done,1,1,2026-02-24,2026-02-24
16163,Male,Millennial,one_and_done,1,1,2025-11-09,2025-11-09
16164,Male,Millennial,regular,1,22,2025-07-06,2026-06-20
16165,Female,Gen Z,one_and_done,1,1,2025-11-03,2025-11-03
16166,Male,Gen X,one_and_done,2,1,2026-07-08,2026-07-08
16167,Male,Gen Z,regular,2,15,2025-07-01,2026-06-30
16168,Male,Boomer,occasional,5,4,2025-08-27,2026-06-29
16169,Female,Gen Z,one_and_done,3,1,2025-12-17,2025-12-17
16170,Male,Gen Z,one_and_done,3,1,2026-01-25,2026-01-25
16171,Female,Millennial,occasional,2,6,2025-07-08,2026-04-15
16172,Male,Millennial,one_and_done,3,1,2025-08-21,2025-08-21
16173,Male,Millennial,regular,2,22,2025-07-08,2026-06-30
16174,Male,Millennial,regular,4,22,2025-07-05,2026-06-29
16175,Male,Millennial,regular,1,22,2025-07-22,2026-06-20
16176,Male,Gen Z,one_and_done,1,1,2025-12-01,2025-12-01
16177,Female,Millennial,regular,8,18,2025-07-16,2026-06-15
16178,Male,Millennial,loyal,1,32,2025-07-05,2026-07-09
16179,Male,Gen Z,regular,5,15,2025-07-27,2026-07-07
16180,Female,Gen Z,occasional,1,5,2025-07-25,2026-05-20
16181,Male,Gen X,regular,1,17,2025-07-10,2026-06-29
16182,Female,Millennial,occasional,1,6,2025-10-05,2026-03-06
16183,Male,Millennial,occasional,3,7,2025-07-20,2026-06-01
16184,Male,Millennial,one_and_done,1,1,2025-11-23,2025-11-23
16185,Male,Gen Z,regular,5,15,2025-08-11,2026-07-04
16186,Male,Millennial,regular,1,22,2025-07-02,2026-06-16
16187,Female,Millennial,occasional,2,6,2025-07-28,2026-05-08
16188,Male,Millennial,occasional,6,7,2025-10-14,2026-07-04
16189,Male,Millennial,loyal,3,32,2025-07-05,2026-06-19
16190,Male,Millennial,one_and_done,1,1,2026-03-11,2026-03-11
16191,Male,Millennial,one_and_done,1,1,2025-12-02,2025-12-02
16192,Male,Gen X,one_and_done,4,1,2025-11-21,2025-11-21
16193,Male,Boomer,loyal,1,18,2025-08-01,2026-07-09
16194,Male,Gen Z,one_and_done,5,1,2026-02-18,2026-02-18
16195,Male,Gen X,one_and_done,6,1,2025-08-16,2025-08-16
16196,Female,Gen Z,one_and_done,1,1,2026-04-13,2026-04-13
16197,Female,Gen X,regular,2,15,2025-07-02,2026-04-23
16198,Female,Gen X,regular,8,15,2025-07-08,2026-06-08
16199,Male,Millennial,occasional,6,7,2025-08-09,2026-06-26
16200,Male,Gen X,one_and_done,1,1,2026-01-12,2026-01-12
16201,Male,Boomer,occasional,1,4,2025-09-18,2026-05-08
16202,Male,Millennial,loyal,5,32,2025-07-05,2026-06-19
16203,Male,Millennial,regular,1,22,2025-08-06,2026-07-08
16204,Male,Millennial,regular,3,22,2025-07-29,2026-06-23
16205,Male,Boomer,one_and_done,1,1,2025-07-04,2025-07-04
16206,Male,Gen Z,one_and_done,5,1,2026-05-08,2026-05-08
16207,Male,Gen X,one_and_done,3,1,2026-01-26,2026-01-26
16208,Male,Millennial,one_and_done,1,1,2025-09-25,2025-09-25
16209,Female,Gen X,occasional,2,5,2025-07-18,2026-04-01
16210,Female,Millennial,one_and_done,4,1,2025-07-24,2025-07-24
16211,Male,Millennial,regular,1,22,2025-07-17,2026-06-26
16212,Male,Gen X,occasional,2,6,2025-08-13,2026-04-30
16213,Male,Gen X,occasional,2,6,2025-07-23,2025-11-29
16214,Male,Millennial,one_and_done,1,1,2026-02-15,2026-02-15
16215,Male,Gen X,one_and_done,1,1,2026-04-23,2026-04-23
16216,Female,Millennial,one_and_done,1,1,2026-04-30,2026-04-30
16217,Male,Gen Z,regular,1,15,2025-07-09,2026-07-05
16218,Male,Millennial,regular,4,22,2025-07-05,2026-05-29
16219,Female,Millennial,loyal,3,27,2025-07-01,2026-06-25
16220,Male,Millennial,one_and_done,1,1,2025-12-21,2025-12-21
16221,Male,Gen X,one_and_done,2,1,2025-08-25,2025-08-25
16222,Male,Boomer,regular,2,12,2025-08-21,2026-06-13
16223,Female,Gen X,one_and_done,2,1,2026-01-16,2026-01-16
16224,Male,Gen Z,occasional,3,5,2025-08-12,2026-02-13
16225,Male,Gen Z,occasional,5,5,2025-10-25,2026-05-04
16226,Male,Gen X,one_and_done,1,1,2026-05-02,2026-05-02
16227,Male,Millennial,loyal,2,32,2025-07-26,2026-06-27
16228,Male,Millennial,occasional,2,7,2025-07-26,2026-07-08
16229,Male,Gen X,occasional,1,6,2025-07-30,2025-12-03
16230,Female,Millennial,regular,4,18,2025-07-19,2026-07-03
16231,Male,Millennial,loyal,5,32,2025-07-04,2026-06-26
16232,Female,Boomer,occasional,2,4,2025-07-21,2026-06-05
16233,Female,Millennial,one_and_done,6,1,2026-02-11,2026-02-11
16234,Female,Gen Z,occasional,1,5,2025-08-04,2026-06-22
16235,Male,Gen Z,regular,1,15,2025-07-25,2026-07-09
16236,Male,Millennial,occasional,2,7,2025-07-14,2026-06-26
16237,Male,Millennial,one_and_done,1,1,2026-06-27,2026-06-27
16238,Female,Millennial,loyal,8,27,2025-07-03,2026-07-07
16239,Female,Millennial,one_and_done,2,1,2025-10-03,2025-10-03
16240,Female,Gen Z,one_and_done,1,1,2026-03-25,2026-03-25
16241,Male,Millennial,one_and_done,1,1,2025-09-02,2025-09-02
16242,Male,Millennial,regular,1,22,2025-08-11,2026-06-15
16243,Female,Millennial,occasional,2,6,2025-07-25,2026-06-16
16244,Male,Millennial,occasional,1,7,2025-07-31,2026-06-30
16245,Female,Gen Z,occasional,1,5,2025-07-25,2026-06-28
16246,Male,Gen Z,regular,1,15,2025-07-26,2026-07-09
16247,Male,Gen Z,occasional,1,5,2025-08-29,2026-06-03
16248,Female,Gen X,loyal,1,23,2025-08-22,2026-07-03
16249,Male,Boomer,occasional,2,4,2025-10-16,2026-05-22
16250,Male,Millennial,one_and_done,1,1,2025-12-25,2025-12-25
16251,Male,Millennial,regular,2,22,2025-07-07,2026-07-04
16252,Female,Millennial,occasional,8,6,2025-08-08,2026-05-23
16253,Male,Millennial,occasional,1,7,2025-08-07,2026-06-28
16254,Male,Millennial,one_and_done,2,1,2025-08-10,2025-08-10
16255,Male,Millennial,regular,2,22,2025-07-02,2026-05-31
16256,Male,Boomer,loyal,2,18,2025-07-18,2026-06-26
16257,Female,Millennial,occasional,1,6,2025-09-05,2026-03-07
16258,Male,Millennial,one_and_done,4,1,2025-11-02,2025-11-02
16259,Male,Gen X,one_and_done,6,1,2026-06-19,2026-06-19
16260,Male,Gen Z,loyal,1,23,2025-07-03,2026-06-22
16261,Male,Millennial,occasional,3,7,2025-08-08,2026-06-12
16262,Male,Millennial,loyal,1,32,2025-07-18,2026-07-04
16263,Male,Millennial,regular,1,22,2025-07-30,2026-06-03
16264,Male,Gen Z,one_and_done,1,1,2025-07-31,2025-07-31
16265,Male,Millennial,occasional,1,7,2025-07-16,2026-06-30
16266,Male,Millennial,one_and_done,4,1,2026-04-01,2026-04-01
16267,Male,Millennial,regular,1,22,2025-08-04,2026-07-04
16268,Female,Millennial,occasional,9,6,2025-08-25,2026-07-09
16269,Male,Gen Z,one_and_done,1,1,2025-12-13,2025-12-13
16270,Male,Millennial,one_and_done,1,1,2026-02-17,2026-02-17
16271,Male,Gen X,one_and_done,1,1,2025-11-05,2025-11-05
16272,Male,Millennial,one_and_done,4,1,2026-03-27,2026-03-27
16273,Male,Gen Z,loyal,1,23,2025-07-31,2026-07-05
16274,Male,Millennial,one_and_done,2,1,2025-10-23,2025-10-23
16275,Male,Boomer,occasional,1,4,2025-07-30,2025-12-08
16276,Male,Millennial,one_and_done,1,1,2025-11-09,2025-11-09
16277,Male,Gen Z,one_and_done,1,1,2025-12-02,2025-12-02
16278,Male,Millennial,loyal,1,32,2025-07-15,2026-06-26
16279,Male,Gen X,one_and_done,1,1,2025-08-08,2025-08-08
16280,Male,Millennial,one_and_done,4,1,2026-05-10,2026-05-10
16281,Female,Millennial,one_and_done,2,1,2026-06-03,2026-06-03
16282,Male,Gen X,loyal,1,25,2025-07-23,2026-07-02
16283,Female,Gen Z,regular,1,14,2025-07-12,2026-06-30
16284,Female,Millennial,one_and_done,3,1,2026-03-19,2026-03-19
16285,Male,Boomer,occasional,6,4,2026-01-09,2026-03-23
16286,Female,Millennial,occasional,4,6,2025-10-24,2026-05-22
16287,Female,Millennial,regular,1,18,2025-07-04,2026-05-12
16288,Male,Gen X,loyal,7,25,2025-08-06,2026-06-23
16289,Female,Gen Z,one_and_done,1,1,2026-06-06,2026-06-06
16290,Female,Millennial,regular,1,18,2025-07-05,2026-06-12
16291,Male,Millennial,regular,2,22,2025-07-01,2026-07-03
16292,Male,Millennial,regular,1,22,2025-07-29,2026-06-26
16293,Female,Gen X,loyal,4,23,2025-07-16,2026-06-17
16294,Female,Millennial,occasional,5,6,2025-10-02,2026-06-21
16295,Female,Millennial,one_and_done,5,1,2026-05-30,2026-05-30
16296,Male,Millennial,regular,3,22,2025-07-01,2026-07-09
16297,Female,Gen Z,one_and_done,2,1,2025-09-30,2025-09-30
16298,Female,Boomer,one_and_done,2,1,2026-01-26,2026-01-26
16299,Female,Millennial,occasional,1,6,2025-07-22,2026-04-06
16300,Male,Millennial,occasional,2,7,2025-10-07,2026-05-02
16301,Male,Millennial,occasional,1,7,2025-07-02,2026-07-01
16302,Male,Millennial,loyal,1,32,2025-07-07,2026-07-06
16303,Female,Millennial,loyal,1,27,2025-07-22,2026-06-23
16304,Male,Millennial,occasional,1,7,2025-07-24,2026-06-15
16305,Female,Millennial,loyal,1,27,2025-07-11,2026-06-06
16306,Male,Millennial,regular,2,22,2025-07-13,2026-05-25
16307,Male,Millennial,one_and_done,4,1,2025-11-12,2025-11-12
16308,Male,Gen X,loyal,3,25,2025-07-18,2026-07-07
16309,Male,Gen Z,occasional,1,5,2025-08-30,2026-07-02
16310,Male,Millennial,loyal,3,32,2025-07-11,2026-07-05
16311,Male,Gen Z,one_and_done,1,1,2025-12-05,2025-12-05
16312,Female,Gen X,one_and_done,1,1,2026-06-13,2026-06-13
16313,Male,Millennial,occasional,1,7,2025-08-21,2026-05-13
16314,Male,Gen X,occasional,3,6,2025-07-17,2026-04-29
16315,Female,Gen Z,occasional,5,5,2026-01-24,2026-06-23
16316,Male,Gen Z,one_and_done,1,1,2026-06-12,2026-06-12
16317,Female,Gen X,loyal,1,23,2025-08-19,2026-07-06
16318,Female,Millennial,one_and_done,1,1,2025-08-23,2025-08-23
16319,Male,Gen Z,loyal,2,23,2025-07-10,2026-06-29
16320,Male,Millennial,regular,2,22,2025-07-04,2026-04-27
16321,Male,Gen Z,one_and_done,2,1,2025-09-13,2025-09-13
16322,Female,Boomer,one_and_done,1,1,2025-09-13,2025-09-13
16323,Female,Millennial,one_and_done,1,1,2025-12-31,2025-12-31
16324,Female,Millennial,loyal,1,27,2025-07-04,2026-06-15
16325,Male,Millennial,regular,6,22,2025-07-06,2026-07-01
16326,Male,Gen Z,loyal,1,23,2025-07-10,2026-07-09
16327,Female,Millennial,occasional,1,6,2025-09-03,2026-03-27
16328,Male,Millennial,one_and_done,8,1,2025-09-22,2025-09-22
16329,Male,Millennial,regular,4,22,2025-07-10,2026-06-22
16330,Female,Gen Z,regular,6,14,2025-07-03,2026-05-22
16331,Male,Millennial,one_and_done,5,1,2026-03-05,2026-03-05
16332,Male,Gen Z,occasional,5,5,2025-07-25,2026-05-26
16333,Female,Gen X,regular,1,15,2025-08-07,2026-07-04
16334,Female,Gen Z,one_and_done,2,1,2025-10-09,2025-10-09
16335,Male,Millennial,regular,1,22,2025-07-16,2026-07-05
16336,Male,Gen Z,occasional,1,5,2025-07-02,2026-04-03
16337,Male,Gen Z,one_and_done,2,1,2026-06-15,2026-06-15
16338,Male,Millennial,loyal,1,32,2025-07-25,2026-07-04
16339,Male,Millennial,one_and_done,1,1,2025-09-18,2025-09-18
16340,Male,Millennial,regular,1,22,2025-07-06,2026-05-23
16341,Female,Gen Z,occasional,2,5,2025-07-22,2026-04-11
16342,Male,Gen Z,occasional,2,5,2025-08-07,2026-03-15
16343,Female,Millennial,regular,8,18,2025-07-05,2026-07-04
16344,Male,Millennial,regular,1,22,2025-07-12,2026-07-01
16345,Male,Millennial,loyal,8,32,2025-07-14,2026-07-07
16346,Female,Millennial,occasional,1,6,2025-08-01,2026-05-09
16347,Male,Gen X,occasional,6,6,2025-08-14,2026-04-13
16348,Male,Millennial,loyal,1,32,2025-07-18,2026-07-02
16349,Male,Gen X,one_and_done,1,1,2026-06-16,2026-06-16
16350,Male,Millennial,one_and_done,1,1,2025-09-07,2025-09-07
16351,Male,Gen X,occasional,8,6,2025-07-28,2026-05-16
16352,Male,Gen X,loyal,1,25,2025-07-10,2026-07-03
16353,Male,Millennial,regular,4,22,2025-07-02,2026-07-06
16354,Male,Millennial,one_and_done,3,1,2025-08-26,2025-08-26
16355,Male,Millennial,occasional,1,7,2025-07-02,2026-05-30
16356,Female,Gen X,one_and_done,1,1,2026-06-28,2026-06-28
16357,Female,Boomer,regular,1,11,2025-07-29,2026-04-11
16358,Male,Gen X,occasional,1,6,2025-07-04,2026-06-09
16359,Male,Millennial,regular,2,22,2025-07-04,2026-07-02
16360,Male,Gen X,one_and_done,1,1,2025-10-18,2025-10-18
16361,Male,Millennial,one_and_done,1,1,2025-10-03,2025-10-03
16362,Male,Millennial,one_and_done,2,1,2025-07-18,2025-07-18
16363,Female,Boomer,regular,1,11,2025-09-20,2026-05-08
16364,Male,Gen Z,one_and_done,2,1,2026-05-29,2026-05-29
16365,Female,Millennial,one_and_done,6,1,2026-06-04,2026-06-04
16366,Male,Millennial,loyal,6,32,2025-07-04,2026-07-07
16367,Male,Millennial,occasional,1,7,2025-07-01,2026-07-05
16368,Female,Millennial,one_and_done,3,1,2025-09-27,2025-09-27
16369,Male,Millennial,one_and_done,1,1,2026-07-09,2026-07-09
16370,Female,Gen Z,regular,1,14,2025-07-31,2026-05-14
16371,Female,Gen Z,one_and_done,1,1,2026-05-15,2026-05-15
16372,Male,Millennial,regular,3,22,2025-07-22,2026-06-14
16373,Male,Millennial,occasional,1,7,2025-07-30,2026-04-24
16374,Male,Gen X,loyal,4,25,2025-07-02,2026-06-22
16375,Female,Gen X,occasional,2,5,2025-07-08,2026-05-02
16376,Female,Gen Z,one_and_done,3,1,2025-12-08,2025-12-08
16377,Male,Millennial,regular,2,22,2025-07-04,2026-07-01
16378,Female,Millennial,occasional,3,6,2025-07-26,2026-05-07
16379,Male,Gen Z,occasional,1,5,2025-07-05,2026-05-04
16380,Male,Millennial,regular,1,22,2025-07-20,2026-05-09
16381,Male,Gen X,occasional,3,6,2025-08-10,2026-06-13
16382,Male,Gen X,one_and_done,1,1,2025-12-20,2025-12-20
16383,Female,Millennial,one_and_done,1,1,2025-11-05,2025-11-05
16384,Male,Millennial,one_and_done,3,1,2026-01-08,2026-01-08
16385,Male,Millennial,loyal,1,32,2025-07-08,2026-07-06
16386,Male,Millennial,one_and_done,6,1,2025-09-19,2025-09-19
16387,Male,Gen Z,one_and_done,6,1,2026-04-11,2026-04-11
16388,Male,Millennial,occasional,1,7,2025-07-11,2026-03-06
16389,Male,Millennial,occasional,4,7,2025-12-19,2026-06-25
16390,Male,Millennial,one_and_done,3,1,2025-07-31,2025-07-31
16391,Female,Gen Z,regular,2,14,2025-07-15,2026-05-26
16392,Male,Millennial,occasional,1,7,2025-07-26,2026-06-25
16393,Female,Boomer,occasional,1,4,2025-07-18,2026-03-17
16394,Male,Millennial,regular,2,22,2025-07-18,2026-07-08
16395,Female,Millennial,one_and_done,1,1,2026-03-29,2026-03-29
16396,Male,Millennial,loyal,6,32,2025-07-18,2026-06-23
16397,Female,Gen X,loyal,1,23,2025-07-29,2026-06-05
16398,Female,Millennial,occasional,9,6,2025-07-23,2026-06-14
16399,Female,Millennial,one_and_done,2,1,2025-11-23,2025-11-23
16400,Male,Gen Z,occasional,7,5,2025-09-09,2026-05-13
16401,Female,Gen X,occasional,1,5,2025-08-05,2026-04-19
16402,Female,Boomer,one_and_done,8,1,2026-03-11,2026-03-11
16403,Male,Gen Z,one_and_done,1,1,2025-07-04,2025-07-04
16404,Female,Gen Z,one_and_done,1,1,2025-10-16,2025-10-16
16405,Female,Gen Z,occasional,1,5,2025-10-01,2026-07-08
16406,Female,Gen X,regular,1,15,2025-07-24,2026-06-10
16407,Male,Gen Z,regular,3,15,2025-07-03,2026-06-11
16408,Male,Millennial,one_and_done,10,1,2025-10-31,2025-10-31
16409,Female,Gen Z,one_and_done,6,1,2026-04-05,2026-04-05
16410,Female,Millennial,regular,1,18,2025-07-17,2026-07-02
16411,Male,Gen Z,one_and_done,1,1,2026-06-12,2026-06-12
16412,Male,Gen Z,loyal,3,23,2025-07-01,2026-06-04
16413,Male,Gen X,one_and_done,4,1,2025-08-30,2025-08-30
16414,Male,Millennial,one_and_done,3,1,2025-08-01,2025-08-01
16415,Male,Millennial,regular,5,22,2025-07-21,2026-07-09
16416,Female,Gen Z,one_and_done,2,1,2025-08-19,2025-08-19
16417,Male,Gen Z,one_and_done,6,1,2025-10-17,2025-10-17
16418,Male,Gen Z,one_and_done,1,1,2026-05-09,2026-05-09
16419,Male,Gen Z,one_and_done,1,1,2026-07-02,2026-07-02
16420,Male,Gen Z,regular,4,15,2025-07-24,2026-06-15
16421,Male,Millennial,loyal,2,32,2025-07-02,2026-07-06
16422,Male,Gen X,occasional,1,6,2025-12-07,2026-04-16
16423,Male,Millennial,regular,1,22,2025-08-05,2026-06-28
16424,Male,Gen Z,one_and_done,1,1,2025-12-16,2025-12-16
16425,Male,Gen Z,one_and_done,1,1,2026-01-21,2026-01-21
16426,Female,Boomer,regular,7,11,2025-07-04,2026-06-03
16427,Male,Gen X,one_and_done,2,1,2025-11-03,2025-11-03
16428,Male,Millennial,regular,1,22,2025-07-05,2026-06-29
16429,Male,Gen X,occasional,1,6,2025-07-01,2026-06-06
16430,Male,Gen Z,one_and_done,1,1,2026-02-11,2026-02-11
16431,Male,Gen Z,one_and_done,1,1,2025-08-11,2025-08-11
16432,Male,Millennial,one_and_done,1,1,2025-11-28,2025-11-28
16433,Female,Millennial,regular,5,18,2025-07-04,2026-05-17
16434,Male,Gen Z,occasional,1,5,2025-07-31,2026-04-03
16435,Male,Gen Z,loyal,6,23,2025-07-27,2026-06-26
16436,Male,Millennial,one_and_done,4,1,2026-06-11,2026-06-11
16437,Male,Gen Z,one_and_done,1,1,2025-07-13,2025-07-13
16438,Male,Gen X,one_and_done,1,1,2025-08-04,2025-08-04
16439,Female,Gen Z,one_and_done,1,1,2025-07-02,2025-07-02
16440,Female,Millennial,occasional,2,6,2025-08-22,2026-06-12
16441,Male,Gen Z,one_and_done,1,1,2025-11-22,2025-11-22
16442,Female,Boomer,one_and_done,5,1,2025-10-14,2025-10-14
16443,Female,Millennial,one_and_done,2,1,2025-08-12,2025-08-12
16444,Female,Gen Z,occasional,3,5,2025-08-01,2026-03-13
16445,Male,Millennial,one_and_done,7,1,2025-08-26,2025-08-26
16446,Male,Millennial,regular,1,22,2025-07-15,2026-07-01
16447,Male,Millennial,occasional,1,7,2025-08-27,2026-05-25
16448,Female,Gen Z,occasional,4,5,2025-07-09,2026-04-03
16449,Male,Millennial,regular,1,22,2025-07-03,2026-05-05
16450,Female,Gen Z,occasional,8,5,2025-08-05,2026-07-08
16451,Female,Gen Z,one_and_done,1,1,2025-11-29,2025-11-29
16452,Male,Millennial,regular,5,22,2025-07-02,2026-07-09
16453,Female,Millennial,one_and_done,1,1,2025-09-23,2025-09-23
16454,Male,Boomer,one_and_done,2,1,2025-10-07,2025-10-07
16455,Male,Millennial,occasional,4,7,2025-08-14,2026-07-06
16456,Female,Millennial,occasional,1,6,2025-10-21,2026-04-19
16457,Male,Millennial,occasional,2,7,2025-07-18,2026-04-24
16458,Male,Gen X,one_and_done,5,1,2026-06-30,2026-06-30
16459,Female,Gen Z,one_and_done,3,1,2026-03-26,2026-03-26
16460,Male,Boomer,regular,1,12,2025-09-11,2026-06-06
16461,Male,Gen X,one_and_done,1,1,2025-08-15,2025-08-15
16462,Female,Millennial,one_and_done,2,1,2025-09-22,2025-09-22
16463,Male,Boomer,occasional,2,4,2025-10-07,2026-07-02
16464,Female,Millennial,occasional,3,6,2025-11-06,2026-06-17
16465,Female,Millennial,one_and_done,4,1,2025-12-13,2025-12-13
16466,Female,Gen X,loyal,2,23,2025-07-10,2026-07-07
16467,Male,Millennial,one_and_done,2,1,2025-07-19,2025-07-19
16468,Female,Millennial,one_and_done,1,1,2025-08-01,2025-08-01
16469,Female,Millennial,regular,4,18,2025-07-18,2026-07-09
16470,Male,Millennial,loyal,1,32,2025-07-05,2026-07-09
16471,Male,Millennial,occasional,3,7,2025-07-04,2026-05-22
16472,Female,Gen X,regular,9,15,2025-08-06,2026-06-27
16473,Male,Gen X,one_and_done,1,1,2025-12-10,2025-12-10
16474,Male,Millennial,one_and_done,5,1,2025-09-28,2025-09-28
16475,Female,Millennial,one_and_done,1,1,2026-04-21,2026-04-21
16476,Female,Gen X,one_and_done,1,1,2026-05-19,2026-05-19
16477,Male,Gen Z,regular,3,15,2025-07-22,2026-07-09
16478,Male,Millennial,occasional,1,7,2025-10-09,2026-06-16
16479,Male,Millennial,occasional,4,7,2025-07-25,2026-06-15
16480,Female,Millennial,occasional,1,6,2025-08-08,2026-04-24
16481,Female,Millennial,one_and_done,4,1,2026-03-04,2026-03-04
16482,Male,Millennial,one_and_done,2,1,2025-07-03,2025-07-03
16483,Female,Gen X,regular,4,15,2025-08-02,2026-06-19
16484,Male,Millennial,one_and_done,1,1,2026-02-21,2026-02-21
16485,Female,Millennial,loyal,1,27,2025-07-08,2026-06-29
16486,Male,Gen X,one_and_done,1,1,2026-06-10,2026-06-10
16487,Female,Millennial,one_and_done,2,1,2025-11-22,2025-11-22
16488,Male,Gen X,one_and_done,1,1,2025-10-12,2025-10-12
16489,Female,Millennial,one_and_done,1,1,2025-07-20,2025-07-20
16490,Female,Gen Z,loyal,2,20,2025-09-05,2026-07-02
16491,Male,Millennial,one_and_done,2,1,2026-06-24,2026-06-24
16492,Female,Gen X,occasional,5,5,2025-07-10,2026-06-28
16493,Female,Gen Z,occasional,5,5,2025-08-15,2026-06-16
16494,Male,Millennial,one_and_done,3,1,2026-04-08,2026-04-08
16495,Male,Millennial,one_and_done,1,1,2026-05-21,2026-05-21
16496,Female,Boomer,occasional,1,4,2025-08-05,2026-07-03
16497,Female,Millennial,occasional,1,6,2025-08-26,2026-06-17
16498,Male,Millennial,regular,2,22,2025-07-25,2026-07-03
16499,Male,Gen Z,one_and_done,1,1,2025-09-20,2025-09-20
16500,Female,Millennial,occasional,1,6,2025-08-19,2026-03-02
16501,Male,Millennial,occasional,5,7,2025-08-30,2026-06-01
16502,Male,Millennial,loyal,1,32,2025-07-05,2026-06-02
16503,Female,Millennial,one_and_done,1,1,2026-03-01,2026-03-01
16504,Male,Gen X,one_and_done,2,1,2026-05-19,2026-05-19
16505,Male,Gen Z,occasional,7,5,2025-11-29,2026-01-20
16506,Female,Gen Z,loyal,1,20,2025-07-12,2026-06-12
16507,Male,Boomer,one_and_done,1,1,2025-12-24,2025-12-24
16508,Female,Millennial,loyal,1,27,2025-07-15,2026-07-04
16509,Male,Gen Z,regular,3,15,2025-07-25,2026-07-02
16510,Male,Millennial,one_and_done,3,1,2025-12-05,2025-12-05
16511,Male,Millennial,one_and_done,1,1,2026-06-08,2026-06-08
16512,Female,Millennial,loyal,8,27,2025-07-09,2026-07-08
16513,Female,Millennial,one_and_done,3,1,2026-04-10,2026-04-10
16514,Female,Gen X,one_and_done,2,1,2026-03-07,2026-03-07
16515,Male,Gen X,regular,1,17,2025-09-03,2026-05-28
16516,Male,Millennial,one_and_done,2,1,2025-09-15,2025-09-15
16517,Male,Gen Z,loyal,1,23,2025-08-20,2026-06-13
16518,Female,Gen X,regular,1,15,2025-10-14,2026-07-07
16519,Female,Gen Z,one_and_done,8,1,2025-08-24,2025-08-24
16520,Male,Gen Z,one_and_done,1,1,2026-06-19,2026-06-19
16521,Male,Millennial,occasional,5,7,2025-07-25,2026-07-05
16522,Male,Gen Z,occasional,1,5,2025-09-01,2026-05-04
16523,Female,Millennial,occasional,3,6,2025-08-08,2026-04-27
16524,Male,Millennial,occasional,6,7,2025-07-30,2026-06-12
16525,Male,Gen X,one_and_done,1,1,2025-12-17,2025-12-17
16526,Male,Gen Z,one_and_done,1,1,2025-07-21,2025-07-21
16527,Female,Gen X,occasional,3,5,2025-07-08,2026-07-07
16528,Male,Millennial,regular,3,22,2025-07-23,2026-06-12
16529,Male,Gen X,loyal,6,25,2025-07-10,2026-06-28
16530,Female,Gen Z,occasional,3,5,2025-08-30,2026-06-05
16531,Female,Gen X,one_and_done,5,1,2025-09-24,2025-09-24
16532,Female,Millennial,one_and_done,3,1,2026-02-25,2026-02-25
16533,Female,Gen X,one_and_done,5,1,2025-12-11,2025-12-11
16534,Male,Gen X,one_and_done,1,1,2026-03-18,2026-03-18
16535,Male,Gen X,one_and_done,4,1,2026-03-30,2026-03-30
16536,Female,Gen Z,occasional,2,5,2025-08-16,2026-01-20
16537,Female,Millennial,regular,1,18,2025-07-17,2026-06-06
16538,Male,Gen Z,one_and_done,1,1,2025-12-13,2025-12-13
16539,Female,Millennial,regular,1,18,2025-07-04,2026-05-16
16540,Male,Gen X,one_and_done,1,1,2025-11-01,2025-11-01
16541,Female,Millennial,occasional,6,6,2025-07-29,2026-06-29
16542,Male,Boomer,one_and_done,1,1,2026-05-26,2026-05-26
16543,Male,Gen X,regular,6,17,2025-07-30,2026-07-04
16544,Female,Gen X,occasional,7,5,2025-07-10,2026-06-22
16545,Male,Millennial,one_and_done,1,1,2025-08-06,2025-08-06
16546,Male,Millennial,regular,1,22,2025-07-12,2026-06-26
16547,Male,Millennial,one_and_done,2,1,2026-03-05,2026-03-05
16548,Female,Millennial,one_and_done,1,1,2025-07-14,2025-07-14
16549,Male,Gen X,regular,7,17,2025-07-05,2026-06-26
16550,Male,Boomer,one_and_done,1,1,2026-01-18,2026-01-18
16551,Male,Gen Z,one_and_done,2,1,2025-11-08,2025-11-08
16552,Male,Millennial,regular,6,22,2025-07-18,2026-05-28
16553,Female,Millennial,regular,2,18,2025-07-09,2026-06-12
16554,Male,Gen Z,occasional,3,5,2025-11-02,2026-05-12
16555,Male,Millennial,regular,1,22,2025-07-15,2026-07-09
16556,Female,Gen Z,one_and_done,1,1,2026-02-15,2026-02-15
16557,Male,Boomer,one_and_done,1,1,2025-08-29,2025-08-29
16558,Male,Gen Z,occasional,2,5,2025-10-16,2026-05-20
16559,Male,Millennial,one_and_done,4,1,2025-08-13,2025-08-13
16560,Male,Millennial,occasional,6,7,2025-07-16,2026-06-23
16561,Male,Millennial,regular,8,22,2025-07-14,2026-07-09
16562,Male,Millennial,one_and_done,2,1,2025-09-24,2025-09-24
16563,Male,Gen X,occasional,6,6,2025-07-29,2026-05-27
16564,Male,Boomer,occasional,1,4,2025-10-04,2026-04-29
16565,Male,Millennial,one_and_done,2,1,2026-02-09,2026-02-09
16566,Male,Millennial,occasional,4,7,2025-07-13,2026-06-23
16567,Female,Millennial,occasional,5,6,2025-07-08,2026-07-02
16568,Male,Gen Z,occasional,1,5,2025-07-25,2026-05-03
16569,Male,Millennial,occasional,2,7,2025-10-08,2026-06-25
16570,Male,Gen X,one_and_done,2,1,2026-02-14,2026-02-14
16571,Male,Millennial,one_and_done,1,1,2026-03-22,2026-03-22
16572,Male,Gen Z,regular,1,15,2025-07-06,2026-07-05
16573,Male,Gen Z,occasional,1,5,2025-09-02,2026-06-19
16574,Male,Boomer,loyal,4,18,2025-07-29,2026-06-12
16575,Female,Gen Z,one_and_done,1,1,2026-03-24,2026-03-24
16576,Female,Gen X,occasional,3,5,2025-07-28,2026-06-03
16577,Female,Millennial,occasional,6,6,2025-08-22,2026-06-06
16578,Male,Millennial,one_and_done,1,1,2025-09-05,2025-09-05
16579,Female,Millennial,one_and_done,8,1,2025-11-14,2025-11-14
16580,Male,Millennial,regular,6,22,2025-07-05,2026-06-22
16581,Male,Millennial,occasional,1,7,2025-08-31,2026-05-30
16582,Female,Gen Z,one_and_done,1,1,2026-04-09,2026-04-09
16583,Male,Millennial,occasional,1,7,2025-07-31,2026-06-19
16584,Female,Millennial,occasional,9,6,2025-07-29,2026-03-07
16585,Female,Millennial,one_and_done,2,1,2026-04-11,2026-04-11
16586,Male,Gen Z,loyal,2,23,2025-08-01,2026-07-06
16587,Female,Millennial,occasional,4,6,2025-07-11,2026-02-19
16588,Male,Millennial,regular,1,22,2025-07-05,2026-06-19
16589,Male,Millennial,regular,2,22,2025-07-06,2026-05-02
16590,Male,Boomer,loyal,1,18,2025-07-26,2026-06-29
16591,Male,Millennial,one_and_done,1,1,2025-09-20,2025-09-20
16592,Female,Millennial,occasional,4,6,2025-07-10,2026-05-14
16593,Male,Boomer,one_and_done,2,1,2025-09-30,2025-09-30
16594,Male,Millennial,one_and_done,3,1,2025-07-29,2025-07-29
16595,Male,Gen X,occasional,1,6,2025-08-08,2026-05-22
16596,Male,Millennial,one_and_done,6,1,2026-01-26,2026-01-26
16597,Female,Gen Z,regular,6,14,2025-07-11,2026-06-27
16598,Male,Gen X,one_and_done,6,1,2026-04-28,2026-04-28
16599,Male,Gen X,regular,3,17,2025-08-27,2026-06-22
16600,Female,Gen X,occasional,1,5,2025-09-27,2026-05-21
16601,Female,Millennial,loyal,1,27,2025-07-18,2026-07-06
16602,Male,Gen Z,one_and_done,1,1,2026-01-07,2026-01-07
16603,Male,Millennial,one_and_done,4,1,2025-12-31,2025-12-31
16604,Female,Gen Z,regular,1,14,2025-07-01,2026-07-04
16605,Male,Millennial,occasional,7,7,2025-08-16,2026-06-25
16606,Female,Gen Z,one_and_done,4,1,2025-09-11,2025-09-11
16607,Female,Gen X,one_and_done,1,1,2025-11-07,2025-11-07
16608,Female,Millennial,occasional,6,6,2025-08-05,2026-05-18
16609,Male,Gen Z,occasional,1,5,2025-07-26,2026-06-19
16610,Female,Gen Z,one_and_done,9,1,2025-10-28,2025-10-28
16611,Male,Millennial,loyal,4,32,2025-07-15,2026-07-08
16612,Female,Gen Z,regular,8,14,2025-07-26,2026-05-20
16613,Female,Millennial,one_and_done,1,1,2026-06-16,2026-06-16
16614,Male,Millennial,occasional,2,7,2025-07-07,2026-06-19
16615,Male,Boomer,one_and_done,1,1,2025-08-23,2025-08-23
16616,Male,Gen Z,one_and_done,1,1,2026-03-10,2026-03-10
16617,Male,Millennial,one_and_done,1,1,2025-07-25,2025-07-25
16618,Male,Gen X,one_and_done,5,1,2025-08-31,2025-08-31
16619,Male,Millennial,one_and_done,1,1,2026-03-13,2026-03-13
16620,Male,Millennial,occasional,1,7,2025-07-09,2026-01-24
16621,Male,Millennial,one_and_done,1,1,2025-08-31,2025-08-31
16622,Male,Gen Z,one_and_done,1,1,2025-07-21,2025-07-21
16623,Male,Gen Z,one_and_done,1,1,2026-04-18,2026-04-18
16624,Male,Millennial,occasional,5,7,2025-08-29,2026-06-20
16625,Male,Millennial,regular,3,22,2025-09-11,2026-06-18
16626,Male,Millennial,loyal,1,32,2025-07-04,2026-06-29
16627,Male,Gen Z,occasional,3,5,2025-10-22,2026-07-03
16628,Male,Gen X,regular,3,17,2025-08-06,2026-07-07
16629,Male,Gen Z,regular,1,15,2025-07-06,2026-06-25
16630,Female,Boomer,one_and_done,3,1,2026-06-19,2026-06-19
16631,Female,Gen Z,occasional,6,5,2025-09-23,2026-04-29
16632,Male,Millennial,occasional,1,7,2025-07-08,2026-06-13
16633,Male,Gen Z,regular,2,15,2025-07-24,2026-06-18
16634,Male,Millennial,one_and_done,4,1,2025-11-04,2025-11-04
16635,Male,Gen Z,loyal,1,23,2025-07-11,2026-07-02
16636,Male,Gen Z,occasional,5,5,2025-08-08,2026-06-27
16637,Male,Millennial,regular,1,22,2025-07-04,2026-07-09
16638,Male,Gen Z,one_and_done,1,1,2026-05-21,2026-05-21
16639,Female,Gen Z,occasional,3,5,2025-07-29,2026-06-17
16640,Male,Gen X,regular,1,17,2025-07-02,2026-07-07
16641,Male,Boomer,occasional,2,4,2025-07-22,2026-05-25
16642,Male,Boomer,one_and_done,1,1,2025-11-16,2025-11-16
16643,Male,Gen X,one_and_done,5,1,2025-08-12,2025-08-12
16644,Male,Millennial,regular,2,22,2025-07-13,2026-07-07
16645,Male,Gen Z,one_and_done,5,1,2026-02-26,2026-02-26
16646,Female,Boomer,one_and_done,1,1,2026-02-27,2026-02-27
16647,Female,Millennial,one_and_done,1,1,2026-01-08,2026-01-08
16648,Male,Millennial,regular,1,22,2025-07-20,2026-07-04
16649,Male,Millennial,one_and_done,1,1,2026-01-02,2026-01-02
16650,Male,Millennial,regular,1,22,2025-07-02,2026-05-08
16651,Male,Gen X,one_and_done,2,1,2026-01-06,2026-01-06
16652,Female,Millennial,occasional,3,6,2025-07-18,2026-05-29
16653,Male,Gen Z,one_and_done,6,1,2025-11-06,2025-11-06
16654,Male,Millennial,one_and_done,4,1,2026-01-17,2026-01-17
16655,Male,Gen Z,regular,2,15,2025-07-27,2026-07-07
16656,Male,Gen X,one_and_done,1,1,2026-03-13,2026-03-13
16657,Female,Gen X,one_and_done,1,1,2025-12-23,2025-12-23
16658,Female,Boomer,loyal,1,16,2025-07-01,2026-06-07
16659,Male,Gen X,occasional,1,6,2025-12-01,2026-06-23
16660,Male,Gen Z,one_and_done,1,1,2025-08-12,2025-08-12
16661,Female,Gen X,one_and_done,1,1,2026-04-25,2026-04-25
16662,Male,Gen X,regular,3,17,2025-07-05,2026-07-06
16663,Female,Gen Z,one_and_done,3,1,2025-09-27,2025-09-27
16664,Male,Millennial,regular,2,22,2025-07-18,2026-06-26
16665,Male,Gen X,one_and_done,1,1,2025-12-18,2025-12-18
16666,Female,Gen Z,loyal,1,20,2025-08-07,2026-06-10
16667,Female,Gen X,occasional,1,5,2025-09-14,2026-05-20
16668,Female,Gen Z,one_and_done,4,1,2025-12-21,2025-12-21
16669,Male,Millennial,loyal,2,32,2025-07-05,2026-06-29
16670,Male,Millennial,occasional,2,7,2025-10-21,2026-06-14
16671,Male,Gen Z,one_and_done,7,1,2026-05-30,2026-05-30
16672,Male,Gen Z,one_and_done,1,1,2026-01-29,2026-01-29
16673,Male,Gen Z,one_and_done,2,1,2026-06-28,2026-06-28
16674,Male,Millennial,one_and_done,4,1,2025-11-26,2025-11-26
16675,Male,Gen X,one_and_done,1,1,2026-04-05,2026-04-05
16676,Female,Millennial,one_and_done,2,1,2026-01-03,2026-01-03
16677,Male,Millennial,one_and_done,2,1,2026-01-02,2026-01-02
16678,Male,Millennial,one_and_done,1,1,2026-04-07,2026-04-07
16679,Male,Millennial,one_and_done,1,1,2025-09-05,2025-09-05
16680,Male,Gen Z,one_and_done,1,1,2025-09-03,2025-09-03
16681,Male,Gen X,occasional,3,6,2025-08-06,2026-07-03
16682,Male,Millennial,regular,4,22,2025-07-04,2026-04-30
16683,Male,Millennial,one_and_done,1,1,2025-09-16,2025-09-16
16684,Male,Millennial,occasional,1,7,2025-08-07,2026-05-24
16685,Female,Gen X,one_and_done,1,1,2026-01-11,2026-01-11
16686,Male,Boomer,regular,1,12,2025-07-10,2026-06-18
16687,Male,Gen Z,regular,6,15,2025-07-08,2026-05-01
16688,Male,Gen X,occasional,4,6,2025-07-19,2026-05-16
16689,Male,Gen X,one_and_done,3,1,2026-02-17,2026-02-17
16690,Female,Millennial,one_and_done,4,1,2025-11-19,2025-11-19
16691,Female,Gen Z,one_and_done,1,1,2025-12-28,2025-12-28
16692,Male,Millennial,loyal,6,32,2025-07-23,2026-06-17
16693,Female,Gen X,occasional,1,5,2025-08-28,2026-05-28
16694,Male,Gen X,one_and_done,3,1,2025-09-08,2025-09-08
16695,Male,Millennial,one_and_done,2,1,2025-11-27,2025-11-27
16696,Male,Gen Z,regular,3,15,2025-07-04,2026-06-05
16697,Male,Gen X,loyal,1,25,2025-07-08,2026-06-04
16698,Female,Millennial,one_and_done,2,1,2026-02-13,2026-02-13
16699,Male,Gen Z,one_and_done,2,1,2025-07-05,2025-07-05
16700,Male,Boomer,one_and_done,1,1,2025-08-04,2025-08-04
16701,Male,Gen Z,one_and_done,6,1,2025-12-19,2025-12-19
16702,Female,Gen Z,occasional,1,5,2025-08-29,2026-01-15
16703,Female,Millennial,loyal,1,27,2025-07-21,2026-06-29
16704,Male,Millennial,one_and_done,1,1,2026-03-23,2026-03-23
16705,Female,Millennial,occasional,2,6,2025-08-05,2026-04-21
16706,Male,Millennial,regular,2,22,2025-07-07,2026-06-06
16707,Male,Millennial,one_and_done,1,1,2026-06-18,2026-06-18
16708,Female,Gen Z,one_and_done,2,1,2025-07-14,2025-07-14
16709,Male,Millennial,occasional,6,7,2025-09-22,2026-06-06
16710,Female,Millennial,occasional,1,6,2025-07-31,2026-03-22
16711,Male,Millennial,occasional,1,7,2025-12-16,2026-07-03
16712,Male,Millennial,one_and_done,2,1,2026-05-04,2026-05-04
16713,Female,Millennial,one_and_done,4,1,2026-02-12,2026-02-12
16714,Male,Millennial,loyal,1,32,2025-07-04,2026-07-08
16715,Male,Gen Z,occasional,4,5,2025-07-04,2026-06-05
16716,Male,Millennial,occasional,1,7,2025-09-04,2026-04-11
16717,Female,Millennial,one_and_done,4,1,2026-05-23,2026-05-23
16718,Female,Gen X,regular,1,15,2025-07-21,2026-06-20
16719,Male,Boomer,loyal,1,18,2025-07-28,2026-06-21
16720,Male,Gen X,one_and_done,1,1,2026-03-28,2026-03-28
16721,Male,Millennial,loyal,1,32,2025-07-07,2026-06-09
16722,Male,Gen Z,loyal,6,23,2025-07-16,2026-06-27
16723,Male,Millennial,occasional,3,7,2025-07-09,2026-05-30
16724,Male,Gen X,one_and_done,4,1,2025-08-15,2025-08-15
16725,Male,Boomer,regular,1,12,2025-07-28,2026-05-03
16726,Male,Millennial,occasional,1,7,2025-08-01,2026-05-09
16727,Male,Millennial,one_and_done,1,1,2026-03-21,2026-03-21
16728,Male,Gen Z,one_and_done,4,1,2025-09-15,2025-09-15
16729,Male,Millennial,regular,1,22,2025-07-09,2026-06-30
16730,Male,Gen X,one_and_done,4,1,2025-10-18,2025-10-18
16731,Male,Gen Z,occasional,5,5,2025-07-03,2026-05-25
16732,Female,Millennial,one_and_done,2,1,2025-08-24,2025-08-24
16733,Male,Millennial,regular,3,22,2025-07-02,2026-06-04
16734,Female,Millennial,regular,4,18,2025-07-25,2026-07-05
16735,Male,Millennial,one_and_done,1,1,2025-10-23,2025-10-23
16736,Male,Gen Z,one_and_done,4,1,2025-10-24,2025-10-24
16737,Male,Gen X,one_and_done,1,1,2025-12-18,2025-12-18
16738,Female,Millennial,one_and_done,1,1,2025-11-22,2025-11-22
16739,Male,Gen Z,occasional,1,5,2025-07-01,2026-01-15
16740,Male,Gen Z,one_and_done,3,1,2025-12-17,2025-12-17
16741,Male,Gen Z,occasional,2,5,2025-07-25,2026-06-20
16742,Male,Gen Z,occasional,1,5,2025-07-03,2026-04-13
16743,Male,Gen X,one_and_done,6,1,2026-03-30,2026-03-30
16744,Male,Gen X,one_and_done,9,1,2025-08-17,2025-08-17
16745,Female,Millennial,loyal,1,27,2025-07-03,2026-07-05
16746,Male,Millennial,one_and_done,1,1,2025-07-26,2025-07-26
16747,Female,Boomer,regular,1,11,2025-10-13,2026-05-01
16748,Male,Millennial,one_and_done,6,1,2025-07-14,2025-07-14
16749,Female,Millennial,occasional,2,6,2025-08-14,2026-05-19
16750,Male,Millennial,regular,1,22,2025-07-25,2026-07-04
16751,Male,Gen X,loyal,2,25,2025-07-03,2026-06-24
16752,Male,Gen X,regular,3,17,2025-09-16,2026-06-21
16753,Male,Millennial,regular,6,22,2025-07-13,2026-06-05
16754,Female,Gen X,one_and_done,2,1,2026-02-07,2026-02-07
16755,Male,Gen X,loyal,1,25,2025-07-04,2026-07-09
16756,Male,Gen Z,regular,1,15,2025-08-07,2026-06-27
16757,Male,Millennial,one_and_done,1,1,2026-04-30,2026-04-30
16758,Female,Gen X,one_and_done,4,1,2025-09-22,2025-09-22
16759,Female,Millennial,occasional,4,6,2025-07-30,2026-07-02
16760,Male,Boomer,loyal,1,18,2025-07-29,2026-07-07
16761,Female,Millennial,one_and_done,1,1,2026-07-03,2026-07-03
16762,Male,Millennial,one_and_done,1,1,2025-12-09,2025-12-09
16763,Female,Gen X,regular,1,15,2025-07-05,2026-06-02
16764,Male,Gen X,occasional,1,6,2025-08-19,2026-03-11
16765,Female,Gen Z,one_and_done,3,1,2025-07-07,2025-07-07
16766,Male,Gen X,occasional,1,6,2025-07-14,2026-05-10
16767,Female,Gen Z,regular,1,14,2025-07-10,2026-07-07
16768,Male,Boomer,one_and_done,1,1,2026-05-08,2026-05-08
16769,Male,Millennial,one_and_done,1,1,2025-09-19,2025-09-19
16770,Male,Millennial,one_and_done,3,1,2025-12-16,2025-12-16
16771,Female,Millennial,one_and_done,2,1,2025-11-17,2025-11-17
16772,Female,Gen Z,regular,1,14,2025-07-05,2026-06-27
16773,Female,Boomer,occasional,3,4,2025-10-03,2025-11-06
16774,Male,Millennial,regular,1,22,2025-07-05,2026-07-04
16775,Male,Gen Z,occasional,1,5,2025-10-24,2026-05-24
16776,Male,Millennial,occasional,2,7,2025-08-08,2026-07-03
16777,Male,Gen X,one_and_done,3,1,2025-12-13,2025-12-13
16778,Male,Millennial,one_and_done,1,1,2026-01-02,2026-01-02
16779,Male,Gen Z,one_and_done,6,1,2026-02-14,2026-02-14
16780,Male,Millennial,loyal,3,32,2025-07-01,2026-06-19
16781,Female,Boomer,occasional,1,4,2025-09-19,2026-07-07
16782,Male,Millennial,occasional,5,7,2025-09-02,2026-02-28
16783,Female,Millennial,one_and_done,1,1,2026-01-15,2026-01-15
16784,Male,Gen Z,one_and_done,10,1,2025-08-28,2025-08-28
16785,Female,Gen X,regular,1,15,2025-07-05,2026-06-16
16786,Male,Millennial,occasional,1,7,2025-07-25,2026-06-06
16787,Male,Gen X,occasional,1,6,2025-11-13,2026-06-09
16788,Male,Gen Z,occasional,4,5,2025-08-25,2026-06-18
16789,Male,Millennial,one_and_done,2,1,2025-10-09,2025-10-09
16790,Female,Millennial,regular,7,18,2025-09-25,2026-07-07
16791,Female,Millennial,one_and_done,1,1,2025-12-04,2025-12-04
16792,Female,Millennial,occasional,1,6,2025-07-21,2026-04-17
16793,Female,Millennial,regular,7,18,2025-07-15,2026-06-28
16794,Female,Millennial,occasional,1,6,2025-07-04,2026-04-26
16795,Female,Millennial,loyal,7,27,2025-08-06,2026-06-02
16796,Male,Millennial,regular,1,22,2025-07-17,2026-07-07
16797,Female,Millennial,one_and_done,3,1,2025-07-03,2025-07-03
16798,Male,Gen Z,one_and_done,1,1,2025-12-25,2025-12-25
16799,Male,Millennial,one_and_done,1,1,2025-11-06,2025-11-06
16800,Female,Gen Z,occasional,7,5,2025-07-26,2025-12-27
16801,Male,Millennial,one_and_done,4,1,2025-12-05,2025-12-05
16802,Male,Millennial,occasional,9,7,2025-07-26,2026-04-28
16803,Female,Millennial,regular,4,18,2025-08-23,2026-06-18
16804,Female,Gen X,regular,1,15,2025-07-02,2026-07-03
16805,Male,Millennial,one_and_done,3,1,2026-02-07,2026-02-07
16806,Male,Millennial,one_and_done,2,1,2026-01-09,2026-01-09
16807,Male,Millennial,one_and_done,2,1,2025-11-28,2025-11-28
16808,Male,Gen Z,one_and_done,2,1,2025-09-12,2025-09-12
16809,Male,Millennial,occasional,1,7,2025-07-02,2026-05-20
16810,Male,Gen X,one_and_done,1,1,2025-11-21,2025-11-21
16811,Male,Gen Z,regular,3,15,2025-07-09,2026-07-02
16812,Male,Millennial,regular,1,22,2025-07-03,2026-06-15
16813,Female,Gen Z,one_and_done,2,1,2026-05-15,2026-05-15
16814,Female,Millennial,one_and_done,3,1,2026-07-08,2026-07-08
16815,Male,Gen Z,one_and_done,3,1,2026-01-31,2026-01-31
16816,Male,Millennial,occasional,5,7,2025-07-16,2026-06-29
16817,Male,Boomer,one_and_done,1,1,2026-06-18,2026-06-18
16818,Female,Millennial,occasional,1,6,2025-09-24,2026-03-02
16819,Female,Gen Z,regular,4,14,2025-07-11,2026-05-31
16820,Female,Gen Z,one_and_done,4,1,2026-05-09,2026-05-09
16821,Male,Gen Z,occasional,1,5,2025-10-26,2026-07-08
16822,Male,Boomer,regular,1,12,2025-07-11,2026-03-30
16823,Female,Gen Z,occasional,1,5,2025-08-22,2026-05-26
16824,Male,Millennial,one_and_done,1,1,2026-04-11,2026-04-11
16825,Male,Millennial,one_and_done,1,1,2025-10-31,2025-10-31
16826,Male,Millennial,regular,7,22,2025-07-05,2026-06-16
16827,Male,Boomer,regular,1,12,2025-07-12,2026-05-18
16828,Male,Millennial,one_and_done,2,1,2025-08-23,2025-08-23
16829,Male,Gen Z,one_and_done,3,1,2025-12-23,2025-12-23
16830,Male,Boomer,occasional,1,4,2025-12-29,2026-06-30
16831,Male,Millennial,loyal,7,32,2025-07-01,2026-07-05
16832,Male,Gen Z,one_and_done,1,1,2026-04-13,2026-04-13
16833,Male,Millennial,occasional,5,7,2025-07-10,2026-04-16
16834,Female,Millennial,one_and_done,7,1,2025-08-11,2025-08-11
16835,Female,Gen X,regular,3,15,2025-07-04,2026-04-28
16836,Female,Millennial,one_and_done,6,1,2025-10-22,2025-10-22
16837,Male,Millennial,one_and_done,2,1,2026-03-13,2026-03-13
16838,Male,Gen Z,regular,2,15,2025-07-03,2026-06-06
16839,Male,Millennial,occasional,1,7,2025-07-07,2026-04-06
16840,Male,Gen X,one_and_done,4,1,2026-04-17,2026-04-17
16841,Male,Gen Z,one_and_done,1,1,2025-10-10,2025-10-10
16842,Male,Millennial,loyal,1,32,2025-07-04,2026-07-09
16843,Female,Gen X,regular,2,15,2025-08-05,2026-06-13
16844,Male,Millennial,occasional,9,7,2025-08-15,2026-03-28
16845,Male,Millennial,regular,1,22,2025-08-22,2026-07-09
16846,Male,Gen Z,occasional,2,5,2025-08-22,2026-03-22
16847,Male,Gen Z,one_and_done,4,1,2026-05-19,2026-05-19
16848,Male,Millennial,regular,2,22,2025-07-06,2026-06-28
16849,Male,Boomer,occasional,1,4,2025-10-11,2025-10-22
16850,Male,Gen Z,occasional,1,5,2025-07-02,2025-10-17
16851,Female,Gen Z,occasional,3,5,2025-08-03,2026-04-10
16852,Female,Millennial,one_and_done,4,1,2026-04-04,2026-04-04
16853,Female,Millennial,occasional,3,6,2025-07-17,2026-05-15
16854,Male,Gen X,occasional,6,6,2025-07-06,2026-05-17
16855,Female,Millennial,one_and_done,1,1,2026-02-24,2026-02-24
16856,Female,Gen Z,one_and_done,2,1,2025-12-19,2025-12-19
16857,Male,Millennial,one_and_done,1,1,2025-10-03,2025-10-03
16858,Male,Gen Z,one_and_done,4,1,2025-09-06,2025-09-06
16859,Female,Gen Z,occasional,5,5,2025-07-10,2026-06-26
16860,Female,Millennial,regular,1,18,2025-07-18,2026-05-25
16861,Male,Gen X,regular,1,17,2025-07-11,2026-06-14
16862,Male,Gen X,occasional,2,6,2025-09-11,2026-07-08
16863,Male,Millennial,one_and_done,1,1,2026-03-19,2026-03-19
16864,Female,Gen Z,occasional,5,5,2025-07-07,2026-05-24
16865,Male,Millennial,one_and_done,1,1,2025-07-17,2025-07-17
16866,Male,Boomer,loyal,1,18,2025-07-21,2026-04-27
16867,Male,Millennial,one_and_done,3,1,2025-12-06,2025-12-06
16868,Male,Millennial,regular,1,22,2025-08-09,2026-07-05
16869,Male,Gen X,one_and_done,1,1,2026-06-18,2026-06-18
16870,Male,Boomer,regular,1,12,2025-07-26,2026-06-15
16871,Male,Millennial,regular,1,22,2025-07-10,2026-06-30
16872,Female,Millennial,one_and_done,4,1,2026-03-22,2026-03-22
16873,Male,Millennial,loyal,1,32,2025-07-03,2026-05-29
16874,Male,Millennial,occasional,1,7,2025-07-10,2026-06-24
16875,Male,Gen X,occasional,2,6,2025-09-12,2026-03-06
16876,Male,Millennial,regular,2,22,2025-07-05,2026-05-06
16877,Male,Millennial,occasional,1,7,2025-07-13,2026-04-12
16878,Male,Millennial,one_and_done,1,1,2026-04-25,2026-04-25
16879,Female,Millennial,one_and_done,1,1,2025-10-06,2025-10-06
16880,Male,Gen Z,occasional,1,5,2025-07-11,2026-03-24
16881,Male,Boomer,one_and_done,1,1,2026-04-22,2026-04-22
16882,Female,Gen X,occasional,1,5,2025-09-18,2026-06-15
16883,Male,Millennial,one_and_done,2,1,2025-11-29,2025-11-29
16884,Female,Gen Z,occasional,6,5,2025-07-22,2026-01-16
16885,Male,Millennial,occasional,1,7,2025-09-09,2026-04-08
16886,Male,Millennial,occasional,3,7,2025-10-24,2026-06-04
16887,Male,Millennial,one_and_done,1,1,2026-07-09,2026-07-09
16888,Female,Boomer,occasional,2,4,2026-04-10,2026-05-16
16889,Male,Gen Z,loyal,1,23,2025-07-17,2026-07-04
16890,Female,Millennial,one_and_done,1,1,2026-06-04,2026-06-04
16891,Male,Gen X,one_and_done,1,1,2025-07-27,2025-07-27
16892,Female,Gen Z,one_and_done,4,1,2025-09-01,2025-09-01
16893,Male,Gen Z,one_and_done,3,1,2026-01-24,2026-01-24
16894,Male,Millennial,one_and_done,1,1,2026-03-05,2026-03-05
16895,Male,Gen X,one_and_done,1,1,2025-07-18,2025-07-18
16896,Male,Gen Z,one_and_done,2,1,2025-11-22,2025-11-22
16897,Female,Gen Z,occasional,1,5,2025-08-19,2026-06-17
16898,Male,Millennial,one_and_done,3,1,2025-10-22,2025-10-22
16899,Female,Gen Z,one_and_done,1,1,2026-06-23,2026-06-23
16900,Female,Gen Z,one_and_done,1,1,2026-03-27,2026-03-27
16901,Male,Millennial,occasional,1,7,2025-08-06,2026-05-28
16902,Female,Millennial,one_and_done,2,1,2025-07-21,2025-07-21
16903,Female,Millennial,regular,1,18,2025-07-22,2026-06-16
16904,Female,Gen X,one_and_done,2,1,2026-02-01,2026-02-01
16905,Male,Millennial,one_and_done,3,1,2026-02-10,2026-02-10
16906,Male,Gen Z,regular,2,15,2025-07-12,2026-06-19
16907,Male,Millennial,one_and_done,1,1,2025-08-25,2025-08-25
16908,Female,Millennial,regular,1,18,2025-07-21,2026-06-26
16909,Male,Millennial,regular,1,22,2025-07-11,2026-07-07
16910,Male,Millennial,loyal,1,32,2025-07-18,2026-07-03
16911,Male,Millennial,one_and_done,3,1,2026-04-21,2026-04-21
16912,Female,Millennial,occasional,1,6,2025-09-07,2026-03-13
16913,Female,Gen Z,one_and_done,3,1,2025-07-31,2025-07-31
16914,Female,Gen X,one_and_done,1,1,2025-12-11,2025-12-11
16915,Female,Millennial,occasional,1,6,2025-08-13,2026-03-04
16916,Female,Gen X,one_and_done,5,1,2026-01-13,2026-01-13
16917,Male,Gen X,one_and_done,4,1,2026-01-15,2026-01-15
16918,Male,Gen X,occasional,1,6,2025-12-15,2026-07-01
16919,Male,Millennial,one_and_done,4,1,2025-07-03,2025-07-03
16920,Male,Millennial,one_and_done,1,1,2026-05-03,2026-05-03
16921,Male,Millennial,one_and_done,1,1,2025-12-25,2025-12-25
16922,Male,Gen X,occasional,3,6,2025-09-10,2026-05-17
16923,Female,Gen Z,regular,1,14,2025-07-14,2026-06-17
16924,Male,Millennial,one_and_done,1,1,2025-09-09,2025-09-09
16925,Male,Millennial,loyal,1,32,2025-07-01,2026-06-19
16926,Male,Gen X,one_and_done,7,1,2025-07-31,2025-07-31
16927,Female,Gen Z,occasional,8,5,2025-07-04,2026-06-02
16928,Male,Millennial,occasional,1,7,2025-11-04,2026-04-10
16929,Male,Gen X,occasional,1,6,2025-07-29,2026-06-19
16930,Male,Millennial,one_and_done,6,1,2026-05-31,2026-05-31
16931,Male,Gen X,occasional,5,6,2025-07-27,2026-06-18
16932,Male,Gen Z,regular,1,15,2025-07-17,2026-07-02
16933,Male,Boomer,one_and_done,7,1,2025-10-10,2025-10-10
16934,Male,Millennial,one_and_done,4,1,2025-10-09,2025-10-09
16935,Male,Millennial,one_and_done,1,1,2025-12-06,2025-12-06
16936,Male,Gen X,one_and_done,2,1,2026-05-07,2026-05-07
16937,Female,Millennial,occasional,4,6,2025-11-03,2026-05-21
16938,Male,Millennial,loyal,2,32,2025-07-08,2026-06-29
16939,Male,Millennial,regular,1,22,2025-07-08,2026-07-07
16940,Female,Gen Z,occasional,2,5,2025-07-30,2026-06-27
16941,Male,Millennial,regular,1,22,2025-07-25,2026-06-25
16942,Female,Gen X,regular,4,15,2025-08-09,2026-07-08
16943,Male,Gen Z,one_and_done,7,1,2025-07-04,2025-07-04
16944,Male,Millennial,occasional,1,7,2025-07-04,2026-03-29
16945,Male,Millennial,loyal,3,32,2025-07-11,2026-07-08
16946,Male,Boomer,one_and_done,1,1,2025-08-20,2025-08-20
16947,Female,Boomer,occasional,1,4,2025-08-18,2026-02-08
16948,Male,Gen X,regular,1,17,2025-07-19,2026-06-07
16949,Female,Gen Z,one_and_done,1,1,2026-03-07,2026-03-07
16950,Male,Millennial,occasional,5,7,2025-10-13,2026-03-22
16951,Male,Boomer,one_and_done,1,1,2025-11-02,2025-11-02
16952,Male,Gen X,regular,1,17,2025-07-27,2026-06-24
16953,Male,Gen X,regular,1,17,2025-07-10,2026-05-23
16954,Female,Gen Z,occasional,1,5,2025-07-24,2026-06-11
16955,Male,Millennial,occasional,9,7,2025-09-06,2026-06-02
16956,Male,Gen X,one_and_done,1,1,2026-01-08,2026-01-08
16957,Male,Gen X,regular,1,17,2025-07-16,2026-07-04
16958,Male,Millennial,occasional,5,7,2025-10-05,2026-04-25
16959,Female,Millennial,one_and_done,1,1,2026-01-30,2026-01-30
16960,Female,Boomer,occasional,4,4,2025-09-27,2026-03-20
16961,Male,Millennial,one_and_done,8,1,2026-01-20,2026-01-20
16962,Female,Millennial,one_and_done,2,1,2026-07-06,2026-07-06
16963,Male,Millennial,occasional,2,7,2025-07-16,2026-06-11
16964,Male,Gen Z,regular,1,15,2025-09-30,2026-06-28
16965,Male,Gen X,one_and_done,1,1,2026-06-20,2026-06-20
16966,Female,Millennial,occasional,1,6,2025-07-17,2026-03-29
16967,Male,Gen X,one_and_done,6,1,2026-04-20,2026-04-20
16968,Female,Millennial,one_and_done,1,1,2025-11-11,2025-11-11
16969,Female,Millennial,one_and_done,1,1,2026-01-20,2026-01-20
16970,Male,Millennial,regular,1,22,2025-07-12,2026-06-17
16971,Male,Millennial,regular,1,22,2025-07-19,2026-07-01
16972,Female,Gen X,one_and_done,3,1,2025-08-12,2025-08-12
16973,Male,Gen Z,one_and_done,2,1,2025-12-07,2025-12-07
16974,Female,Gen Z,loyal,1,20,2025-07-06,2026-05-24
16975,Male,Millennial,occasional,1,7,2025-10-20,2026-06-26
16976,Male,Gen Z,one_and_done,1,1,2026-05-02,2026-05-02
16977,Male,Millennial,one_and_done,1,1,2025-08-01,2025-08-01
16978,Male,Gen Z,occasional,5,5,2025-09-19,2026-07-09
16979,Male,Gen X,occasional,1,6,2025-07-05,2026-04-23
16980,Male,Millennial,occasional,2,7,2025-08-14,2026-04-23
16981,Male,Millennial,regular,2,22,2025-07-05,2026-05-25
16982,Female,Gen X,regular,3,15,2025-08-15,2026-07-08
16983,Female,Millennial,one_and_done,4,1,2026-06-24,2026-06-24
16984,Male,Gen Z,one_and_done,1,1,2025-11-27,2025-11-27
16985,Male,Millennial,occasional,3,7,2025-07-10,2026-03-28
16986,Male,Millennial,one_and_done,1,1,2025-08-24,2025-08-24
16987,Male,Gen X,one_and_done,1,1,2025-12-24,2025-12-24
16988,Male,Gen Z,one_and_done,2,1,2026-05-01,2026-05-01
16989,Male,Millennial,loyal,4,32,2025-07-04,2026-06-28
16990,Male,Millennial,one_and_done,2,1,2026-01-22,2026-01-22
16991,Male,Gen X,regular,1,17,2025-07-25,2026-05-22
16992,Female,Millennial,loyal,1,27,2025-08-05,2026-07-09
16993,Male,Boomer,occasional,4,4,2025-11-14,2026-06-17
16994,Male,Gen X,one_and_done,3,1,2025-09-20,2025-09-20
16995,Female,Boomer,one_and_done,2,1,2026-01-10,2026-01-10
16996,Male,Gen Z,one_and_done,1,1,2025-09-15,2025-09-15
16997,Female,Millennial,regular,1,18,2025-07-21,2026-05-29
16998,Male,Millennial,one_and_done,7,1,2026-05-02,2026-05-02
16999,Male,Millennial,one_and_done,2,1,2026-05-12,2026-05-12
17000,Male,Gen Z,occasional,1,5,2025-11-13,2026-06-27
