customer_id,age,generation,gender
1,74,Boomer,Male
2,57,Gen X,Female
3,57,Gen X,Male
4,61,Boomer,Female
5,45,Gen X,Male
6,23,Gen Z,Male
7,55,Gen X,Male
8,25,Gen Z,Male
9,26,Gen Z,Male
10,38,Millennial,Male
11,27,Millennial,Female
12,25,Gen Z,Male
13,27,Millennial,Male
14,26,Gen Z,Male
15,40,Millennial,Male
16,32,Millennial,Female
17,34,Millennial,Male
18,34,Millennial,Male
19,33,Millennial,Male
20,38,Millennial,Male
21,51,Gen X,Male
22,24,Gen Z,Female
23,21,Gen Z,Male
24,26,Gen Z,Female
25,24,Gen Z,Male
26,50,Gen X,Male
27,24,Gen Z,Male
28,30,Millennial,Male
29,33,Millennial,Male
30,38,Millennial,Female
31,49,Gen X,Female
32,31,Millennial,Female
33,26,Gen Z,Male
34,50,Gen X,Male
35,34,Millennial,Male
36,55,Gen X,Female
37,21,Gen Z,Male
38,28,Millennial,Male
39,39,Millennial,Male
40,28,Millennial,Female
41,31,Millennial,Male
42,50,Gen X,Male
43,48,Gen X,Male
44,24,Gen Z,Female
45,27,Millennial,Female
46,33,Millennial,Male
47,22,Gen Z,Male
48,40,Millennial,Female
49,37,Millennial,Male
50,48,Gen X,Male
51,21,Gen Z,Female
52,23,Gen Z,Male
53,42,Millennial,Female
54,24,Gen Z,Male
55,45,Gen X,Male
56,38,Millennial,Male
57,30,Millennial,Male
58,51,Gen X,Male
59,22,Gen Z,Female
60,66,Boomer,Female
61,21,Gen Z,Female
62,31,Millennial,Male
63,71,Boomer,Male
64,52,Gen X,Male
65,52,Gen X,Female
66,40,Millennial,Female
67,47,Gen X,Female
68,29,Millennial,Male
69,22,Gen Z,Male
70,67,Boomer,Male
71,48,Gen X,Male
72,43,Gen X,Male
73,25,Gen Z,Female
74,32,Millennial,Male
75,30,Millennial,Male
76,24,Gen Z,Female
77,33,Millennial,Male
78,26,Gen Z,Male
79,53,Gen X,Male
80,46,Gen X,Female
81,34,Millennial,Male
82,22,Gen Z,Female
83,38,Millennial,Male
84,36,Millennial,Male
85,31,Millennial,Male
86,57,Gen X,Male
87,47,Gen X,Male
88,35,Millennial,Male
89,38,Millennial,Male
90,22,Gen Z,Male
91,35,Millennial,Female
92,45,Gen X,Female
93,70,Boomer,Female
94,44,Gen X,Female
95,26,Gen Z,Female
96,33,Millennial,Male
97,67,Boomer,Male
98,31,Millennial,Female
99,58,Gen X,Male
100,26,Gen Z,Male
101,23,Gen Z,Male
102,35,Millennial,Male
103,41,Millennial,Male
104,35,Millennial,Female
105,39,Millennial,Male
106,40,Millennial,Female
107,50,Gen X,Male
108,26,Gen Z,Female
109,37,Millennial,Male
110,37,Millennial,Male
111,40,Millennial,Male
112,36,Millennial,Male
113,73,Boomer,Female
114,44,Gen X,Female
115,23,Gen Z,Female
116,57,Gen X,Male
117,38,Millennial,Female
118,39,Millennial,Female
119,29,Millennial,Male
120,29,Millennial,Female
121,37,Millennial,Female
122,29,Millennial,Female
123,60,Boomer,Female
124,40,Millennial,Male
125,42,Millennial,Male
126,39,Millennial,Female
127,42,Millennial,Male
128,24,Gen Z,Male
129,22,Gen Z,Male
130,31,Millennial,Male
131,25,Gen Z,Male
132,26,Gen Z,Male
133,25,Gen Z,Male
134,22,Gen Z,Male
135,42,Millennial,Male
136,56,Gen X,Male
137,36,Millennial,Male
138,22,Gen Z,Male
139,25,Gen Z,Male
140,29,Millennial,Female
141,30,Millennial,Male
142,35,Millennial,Female
143,37,Millennial,Male
144,31,Millennial,Female
145,34,Millennial,Male
146,46,Gen X,Male
147,39,Millennial,Male
148,70,Boomer,Female
149,58,Gen X,Female
150,28,Millennial,Male
151,38,Millennial,Male
152,30,Millennial,Male
153,30,Millennial,Male
154,24,Gen Z,Male
155,27,Millennial,Male
156,33,Millennial,Female
157,29,Millennial,Male
158,58,Gen X,Male
159,22,Gen Z,Male
160,42,Millennial,Male
161,31,Millennial,Female
162,26,Gen Z,Male
163,58,Gen X,Male
164,44,Gen X,Male
165,22,Gen Z,Male
166,42,Millennial,Female
167,43,Gen X,Female
168,23,Gen Z,Female
169,33,Millennial,Female
170,36,Millennial,Male
171,26,Gen Z,Male
172,26,Gen Z,Female
173,22,Gen Z,Male
174,55,Gen X,Male
175,30,Millennial,Male
176,21,Gen Z,Male
177,46,Gen X,Male
178,31,Millennial,Male
179,39,Millennial,Female
180,41,Millennial,Male
181,25,Gen Z,Male
182,27,Millennial,Female
183,41,Millennial,Male
184,73,Boomer,Female
185,31,Millennial,Female
186,23,Gen Z,Female
187,26,Gen Z,Male
188,26,Gen Z,Male
189,22,Gen Z,Female
190,39,Millennial,Female
191,62,Boomer,Female
192,37,Millennial,Male
193,21,Gen Z,Male
194,65,Boomer,Male
195,30,Millennial,Male
196,40,Millennial,Male
197,45,Gen X,Female
198,41,Millennial,Male
199,27,Millennial,Male
200,28,Millennial,Male
201,30,Millennial,Female
202,46,Gen X,Male
203,33,Millennial,Female
204,50,Gen X,Female
205,42,Millennial,Male
206,53,Gen X,Male
207,21,Gen Z,Male
208,25,Gen Z,Female
209,23,Gen Z,Male
210,39,Millennial,Female
211,47,Gen X,Female
212,44,Gen X,Male
213,35,Millennial,Male
214,30,Millennial,Male
215,55,Gen X,Male
216,26,Gen Z,Male
217,59,Boomer,Male
218,33,Millennial,Male
219,27,Millennial,Female
220,38,Millennial,Male
221,27,Millennial,Female
222,51,Gen X,Male
223,26,Gen Z,Male
224,35,Millennial,Male
225,50,Gen X,Male
226,48,Gen X,Male
227,26,Gen Z,Male
228,41,Millennial,Male
229,41,Millennial,Male
230,36,Millennial,Female
231,35,Millennial,Male
232,40,Millennial,Male
233,42,Millennial,Female
234,45,Gen X,Female
235,29,Millennial,Male
236,41,Millennial,Male
237,21,Gen Z,Female
238,44,Gen X,Female
239,32,Millennial,Male
240,44,Gen X,Male
241,30,Millennial,Male
242,23,Gen Z,Female
243,30,Millennial,Female
244,42,Millennial,Male
245,55,Gen X,Female
246,33,Millennial,Female
247,41,Millennial,Female
248,36,Millennial,Male
249,60,Boomer,Female
250,42,Millennial,Male
251,21,Gen Z,Female
252,37,Millennial,Male
253,24,Gen Z,Male
254,29,Millennial,Male
255,35,Millennial,Male
256,33,Millennial,Male
257,39,Millennial,Male
258,40,Millennial,Female
259,34,Millennial,Female
260,57,Gen X,Male
261,32,Millennial,Female
262,44,Gen X,Male
263,62,Boomer,Male
264,66,Boomer,Male
265,34,Millennial,Female
266,39,Millennial,Female
267,43,Gen X,Female
268,36,Millennial,Male
269,22,Gen Z,Male
270,35,Millennial,Male
271,69,Boomer,Female
272,24,Gen Z,Female
273,56,Gen X,Male
274,38,Millennial,Male
275,31,Millennial,Male
276,34,Millennial,Female
277,34,Millennial,Male
278,33,Millennial,Male
279,74,Boomer,Male
280,51,Gen X,Female
281,44,Gen X,Female
282,23,Gen Z,Male
283,31,Millennial,Male
284,27,Millennial,Male
285,36,Millennial,Male
286,35,Millennial,Male
287,24,Gen Z,Female
288,24,Gen Z,Male
289,54,Gen X,Female
290,42,Millennial,Female
291,40,Millennial,Female
292,32,Millennial,Male
293,44,Gen X,Male
294,22,Gen Z,Male
295,57,Gen X,Male
296,47,Gen X,Female
297,23,Gen Z,Male
298,32,Millennial,Male
299,37,Millennial,Female
300,30,Millennial,Male
301,52,Gen X,Female
302,45,Gen X,Male
303,44,Gen X,Male
304,41,Millennial,Female
305,30,Millennial,Female
306,26,Gen Z,Male
307,30,Millennial,Male
308,40,Millennial,Male
309,54,Gen X,Female
310,56,Gen X,Female
311,29,Millennial,Male
312,21,Gen Z,Male
313,25,Gen Z,Female
314,35,Millennial,Male
315,30,Millennial,Male
316,37,Millennial,Female
317,23,Gen Z,Male
318,33,Millennial,Male
319,33,Millennial,Female
320,45,Gen X,Male
321,29,Millennial,Male
322,40,Millennial,Female
323,36,Millennial,Male
324,44,Gen X,Male
325,30,Millennial,Male
326,37,Millennial,Male
327,22,Gen Z,Male
328,53,Gen X,Male
329,23,Gen Z,Female
330,24,Gen Z,Female
331,40,Millennial,Female
332,39,Millennial,Male
333,47,Gen X,Male
334,26,Gen Z,Female
335,68,Boomer,Female
336,69,Boomer,Male
337,72,Boomer,Female
338,39,Millennial,Male
339,40,Millennial,Male
340,35,Millennial,Male
341,54,Gen X,Male
342,32,Millennial,Male
343,35,Millennial,Male
344,34,Millennial,Male
345,29,Millennial,Male
346,74,Boomer,Female
347,23,Gen Z,Male
348,58,Gen X,Male
349,41,Millennial,Male
350,24,Gen Z,Male
351,56,Gen X,Male
352,32,Millennial,Female
353,44,Gen X,Male
354,34,Millennial,Female
355,37,Millennial,Male
356,36,Millennial,Male
357,41,Millennial,Female
358,44,Gen X,Male
359,26,Gen Z,Male
360,51,Gen X,Female
361,30,Millennial,Male
362,21,Gen Z,Female
363,35,Millennial,Male
364,24,Gen Z,Male
365,21,Gen Z,Female
366,34,Millennial,Male
367,34,Millennial,Male
368,36,Millennial,Male
369,21,Gen Z,Male
370,24,Gen Z,Male
371,37,Millennial,Female
372,65,Boomer,Male
373,33,Millennial,Male
374,74,Boomer,Female
375,67,Boomer,Female
376,74,Boomer,Male
377,50,Gen X,Female
378,39,Millennial,Male
379,27,Millennial,Female
380,54,Gen X,Male
381,54,Gen X,Male
382,26,Gen Z,Male
383,27,Millennial,Female
384,64,Boomer,Female
385,42,Millennial,Male
386,39,Millennial,Female
387,35,Millennial,Male
388,22,Gen Z,Male
389,24,Gen Z,Male
390,43,Gen X,Male
391,24,Gen Z,Male
392,37,Millennial,Female
393,42,Millennial,Male
394,40,Millennial,Male
395,46,Gen X,Female
396,33,Millennial,Male
397,27,Millennial,Female
398,34,Millennial,Male
399,34,Millennial,Female
400,29,Millennial,Female
401,24,Gen Z,Male
402,29,Millennial,Male
403,28,Millennial,Male
404,22,Gen Z,Male
405,34,Millennial,Male
406,23,Gen Z,Male
407,38,Millennial,Female
408,25,Gen Z,Female
409,42,Millennial,Male
410,53,Gen X,Female
411,24,Gen Z,Female
412,27,Millennial,Male
413,27,Millennial,Male
414,22,Gen Z,Female
415,58,Gen X,Male
416,58,Gen X,Male
417,37,Millennial,Male
418,25,Gen Z,Male
419,41,Millennial,Male
420,28,Millennial,Male
421,39,Millennial,Female
422,26,Gen Z,Male
423,21,Gen Z,Female
424,27,Millennial,Male
425,26,Gen Z,Female
426,50,Gen X,Male
427,34,Millennial,Female
428,22,Gen Z,Female
429,32,Millennial,Female
430,37,Millennial,Female
431,64,Boomer,Female
432,37,Millennial,Female
433,46,Gen X,Female
434,45,Gen X,Male
435,32,Millennial,Male
436,32,Millennial,Female
437,38,Millennial,Male
438,36,Millennial,Female
439,36,Millennial,Male
440,38,Millennial,Male
441,24,Gen Z,Male
442,29,Millennial,Female
443,34,Millennial,Male
444,23,Gen Z,Male
445,32,Millennial,Male
446,69,Boomer,Male
447,24,Gen Z,Female
448,37,Millennial,Male
449,21,Gen Z,Male
450,25,Gen Z,Female
451,42,Millennial,Male
452,32,Millennial,Male
453,28,Millennial,Male
454,37,Millennial,Female
455,42,Millennial,Male
456,38,Millennial,Male
457,69,Boomer,Female
458,39,Millennial,Female
459,35,Millennial,Male
460,34,Millennial,Male
461,32,Millennial,Male
462,21,Gen Z,Female
463,64,Boomer,Female
464,28,Millennial,Female
465,30,Millennial,Male
466,50,Gen X,Female
467,30,Millennial,Male
468,28,Millennial,Male
469,35,Millennial,Male
470,62,Boomer,Male
471,35,Millennial,Female
472,31,Millennial,Male
473,39,Millennial,Male
474,36,Millennial,Male
475,52,Gen X,Male
476,28,Millennial,Female
477,53,Gen X,Male
478,31,Millennial,Female
479,70,Boomer,Female
480,44,Gen X,Male
481,55,Gen X,Male
482,35,Millennial,Male
483,39,Millennial,Female
484,23,Gen Z,Male
485,24,Gen Z,Male
486,35,Millennial,Male
487,21,Gen Z,Male
488,41,Millennial,Male
489,39,Millennial,Male
490,25,Gen Z,Male
491,41,Millennial,Female
492,21,Gen Z,Male
493,23,Gen Z,Male
494,23,Gen Z,Male
495,47,Gen X,Male
496,29,Millennial,Male
497,53,Gen X,Female
498,41,Millennial,Male
499,30,Millennial,Male
500,30,Millennial,Male
501,54,Gen X,Male
502,40,Millennial,Male
503,40,Millennial,Female
504,34,Millennial,Female
505,26,Gen Z,Male
506,68,Boomer,Male
507,52,Gen X,Male
508,53,Gen X,Male
509,40,Millennial,Male
510,39,Millennial,Female
511,41,Millennial,Female
512,35,Millennial,Female
513,35,Millennial,Female
514,68,Boomer,Male
515,30,Millennial,Female
516,39,Millennial,Female
517,44,Gen X,Male
518,22,Gen Z,Female
519,25,Gen Z,Male
520,49,Gen X,Female
521,38,Millennial,Male
522,33,Millennial,Male
523,58,Gen X,Male
524,28,Millennial,Female
525,21,Gen Z,Male
526,32,Millennial,Male
527,26,Gen Z,Male
528,68,Boomer,Male
529,38,Millennial,Male
530,27,Millennial,Female
531,54,Gen X,Male
532,55,Gen X,Male
533,41,Millennial,Female
534,37,Millennial,Female
535,33,Millennial,Female
536,48,Gen X,Male
537,29,Millennial,Male
538,26,Gen Z,Female
539,34,Millennial,Male
540,69,Boomer,Male
541,50,Gen X,Female
542,41,Millennial,Male
543,26,Gen Z,Male
544,56,Gen X,Male
545,51,Gen X,Male
546,31,Millennial,Female
547,21,Gen Z,Male
548,41,Millennial,Male
549,23,Gen Z,Female
550,30,Millennial,Male
551,60,Boomer,Male
552,43,Gen X,Male
553,28,Millennial,Female
554,33,Millennial,Male
555,36,Millennial,Female
556,52,Gen X,Female
557,32,Millennial,Male
558,28,Millennial,Female
559,32,Millennial,Male
560,39,Millennial,Male
561,40,Millennial,Male
562,60,Boomer,Male
563,39,Millennial,Male
564,25,Gen Z,Male
565,28,Millennial,Male
566,22,Gen Z,Male
567,43,Gen X,Male
568,27,Millennial,Male
569,26,Gen Z,Male
570,21,Gen Z,Female
571,58,Gen X,Male
572,29,Millennial,Male
573,41,Millennial,Male
574,36,Millennial,Female
575,41,Millennial,Male
576,51,Gen X,Female
577,46,Gen X,Male
578,25,Gen Z,Female
579,39,Millennial,Male
580,29,Millennial,Female
581,51,Gen X,Male
582,26,Gen Z,Male
583,46,Gen X,Male
584,26,Gen Z,Female
585,36,Millennial,Male
586,33,Millennial,Female
587,29,Millennial,Female
588,35,Millennial,Male
589,37,Millennial,Female
590,60,Boomer,Female
591,40,Millennial,Female
592,35,Millennial,Male
593,24,Gen Z,Female
594,41,Millennial,Male
595,50,Gen X,Male
596,42,Millennial,Male
597,49,Gen X,Male
598,36,Millennial,Male
599,36,Millennial,Male
600,61,Boomer,Male
601,24,Gen Z,Female
602,28,Millennial,Male
603,24,Gen Z,Female
604,36,Millennial,Female
605,30,Millennial,Male
606,33,Millennial,Male
607,35,Millennial,Male
608,28,Millennial,Female
609,22,Gen Z,Male
610,51,Gen X,Female
611,24,Gen Z,Female
612,40,Millennial,Female
613,38,Millennial,Male
614,66,Boomer,Female
615,56,Gen X,Male
616,35,Millennial,Male
617,22,Gen Z,Male
618,39,Millennial,Male
619,25,Gen Z,Male
620,39,Millennial,Male
621,23,Gen Z,Male
622,24,Gen Z,Male
623,48,Gen X,Male
624,25,Gen Z,Male
625,23,Gen Z,Male
626,21,Gen Z,Male
627,27,Millennial,Female
628,42,Millennial,Male
629,25,Gen Z,Female
630,25,Gen Z,Male
631,39,Millennial,Female
632,50,Gen X,Female
633,73,Boomer,Male
634,43,Gen X,Female
635,74,Boomer,Male
636,23,Gen Z,Female
637,22,Gen Z,Male
638,22,Gen Z,Male
639,22,Gen Z,Male
640,22,Gen Z,Female
641,35,Millennial,Male
642,29,Millennial,Male
643,25,Gen Z,Female
644,25,Gen Z,Male
645,25,Gen Z,Male
646,54,Gen X,Male
647,42,Millennial,Male
648,25,Gen Z,Male
649,55,Gen X,Female
650,49,Gen X,Male
651,26,Gen Z,Female
652,32,Millennial,Male
653,52,Gen X,Male
654,26,Gen Z,Female
655,23,Gen Z,Female
656,37,Millennial,Male
657,67,Boomer,Male
658,25,Gen Z,Female
659,22,Gen Z,Male
660,51,Gen X,Male
661,37,Millennial,Male
662,24,Gen Z,Male
663,24,Gen Z,Male
664,27,Millennial,Male
665,60,Boomer,Male
666,25,Gen Z,Female
667,21,Gen Z,Male
668,36,Millennial,Male
669,26,Gen Z,Male
670,56,Gen X,Male
671,52,Gen X,Female
672,49,Gen X,Male
673,21,Gen Z,Male
674,25,Gen Z,Male
675,39,Millennial,Male
676,24,Gen Z,Male
677,25,Gen Z,Male
678,45,Gen X,Female
679,24,Gen Z,Female
680,31,Millennial,Male
681,41,Millennial,Female
682,37,Millennial,Female
683,55,Gen X,Male
684,39,Millennial,Male
685,25,Gen Z,Male
686,71,Boomer,Male
687,46,Gen X,Female
688,32,Millennial,Male
689,21,Gen Z,Male
690,22,Gen Z,Male
691,50,Gen X,Male
692,23,Gen Z,Male
693,27,Millennial,Male
694,22,Gen Z,Female
695,23,Gen Z,Male
696,27,Millennial,Female
697,27,Millennial,Male
698,25,Gen Z,Female
699,25,Gen Z,Male
700,42,Millennial,Male
701,30,Millennial,Female
702,41,Millennial,Female
703,24,Gen Z,Male
704,22,Gen Z,Male
705,30,Millennial,Male
706,57,Gen X,Male
707,24,Gen Z,Male
708,39,Millennial,Male
709,52,Gen X,Female
710,21,Gen Z,Female
711,37,Millennial,Male
712,34,Millennial,Male
713,31,Millennial,Male
714,30,Millennial,Male
715,57,Gen X,Male
716,28,Millennial,Male
717,28,Millennial,Female
718,36,Millennial,Male
719,39,Millennial,Female
720,21,Gen Z,Male
721,27,Millennial,Female
722,42,Millennial,Female
723,51,Gen X,Female
724,35,Millennial,Male
725,24,Gen Z,Male
726,32,Millennial,Male
727,25,Gen Z,Female
728,41,Millennial,Male
729,47,Gen X,Male
730,40,Millennial,Male
731,21,Gen Z,Male
732,23,Gen Z,Male
733,55,Gen X,Male
734,23,Gen Z,Female
735,53,Gen X,Male
736,33,Millennial,Male
737,31,Millennial,Male
738,41,Millennial,Male
739,29,Millennial,Female
740,30,Millennial,Male
741,29,Millennial,Male
742,27,Millennial,Male
743,51,Gen X,Male
744,34,Millennial,Female
745,24,Gen Z,Female
746,44,Gen X,Male
747,34,Millennial,Male
748,21,Gen Z,Male
749,30,Millennial,Male
750,63,Boomer,Male
751,28,Millennial,Male
752,28,Millennial,Male
753,44,Gen X,Male
754,40,Millennial,Male
755,71,Boomer,Male
756,27,Millennial,Male
757,44,Gen X,Male
758,23,Gen Z,Female
759,47,Gen X,Male
760,34,Millennial,Female
761,40,Millennial,Male
762,23,Gen Z,Female
763,22,Gen Z,Male
764,24,Gen Z,Male
765,51,Gen X,Male
766,26,Gen Z,Female
767,26,Gen Z,Male
768,34,Millennial,Male
769,33,Millennial,Male
770,25,Gen Z,Male
771,53,Gen X,Male
772,50,Gen X,Female
773,38,Millennial,Male
774,26,Gen Z,Male
775,42,Millennial,Female
776,39,Millennial,Male
777,74,Boomer,Female
778,42,Millennial,Female
779,38,Millennial,Male
780,33,Millennial,Male
781,35,Millennial,Male
782,37,Millennial,Female
783,65,Boomer,Female
784,36,Millennial,Male
785,36,Millennial,Female
786,27,Millennial,Female
787,21,Gen Z,Female
788,27,Millennial,Male
789,36,Millennial,Female
790,56,Gen X,Male
791,28,Millennial,Female
792,26,Gen Z,Female
793,48,Gen X,Female
794,29,Millennial,Female
795,33,Millennial,Male
796,42,Millennial,Female
797,29,Millennial,Male
798,64,Boomer,Male
799,52,Gen X,Male
800,35,Millennial,Male
801,74,Boomer,Male
802,51,Gen X,Male
803,70,Boomer,Male
804,36,Millennial,Male
805,34,Millennial,Female
806,38,Millennial,Male
807,27,Millennial,Female
808,39,Millennial,Male
809,41,Millennial,Male
810,45,Gen X,Male
811,51,Gen X,Male
812,52,Gen X,Male
813,45,Gen X,Male
814,42,Millennial,Female
815,49,Gen X,Male
816,46,Gen X,Male
817,34,Millennial,Male
818,36,Millennial,Female
819,32,Millennial,Male
820,40,Millennial,Female
821,21,Gen Z,Female
822,48,Gen X,Male
823,27,Millennial,Male
824,26,Gen Z,Male
825,42,Millennial,Male
826,46,Gen X,Male
827,31,Millennial,Female
828,23,Gen Z,Female
829,39,Millennial,Female
830,32,Millennial,Female
831,46,Gen X,Male
832,42,Millennial,Male
833,38,Millennial,Female
834,33,Millennial,Female
835,74,Boomer,Male
836,58,Gen X,Female
837,26,Gen Z,Female
838,58,Gen X,Male
839,22,Gen Z,Male
840,23,Gen Z,Male
841,23,Gen Z,Female
842,34,Millennial,Male
843,69,Boomer,Male
844,28,Millennial,Male
845,44,Gen X,Male
846,24,Gen Z,Male
847,57,Gen X,Female
848,45,Gen X,Male
849,23,Gen Z,Male
850,29,Millennial,Female
851,34,Millennial,Male
852,42,Millennial,Male
853,46,Gen X,Male
854,30,Millennial,Female
855,32,Millennial,Male
856,52,Gen X,Female
857,38,Millennial,Male
858,33,Millennial,Female
859,26,Gen Z,Female
860,46,Gen X,Female
861,37,Millennial,Female
862,21,Gen Z,Male
863,34,Millennial,Male
864,41,Millennial,Male
865,53,Gen X,Female
866,35,Millennial,Female
867,32,Millennial,Male
868,33,Millennial,Male
869,41,Millennial,Female
870,30,Millennial,Male
871,42,Millennial,Female
872,31,Millennial,Male
873,31,Millennial,Male
874,51,Gen X,Female
875,29,Millennial,Male
876,22,Gen Z,Male
877,32,Millennial,Male
878,65,Boomer,Female
879,32,Millennial,Male
880,25,Gen Z,Male
881,33,Millennial,Female
882,38,Millennial,Male
883,32,Millennial,Male
884,26,Gen Z,Male
885,36,Millennial,Female
886,24,Gen Z,Female
887,24,Gen Z,Male
888,25,Gen Z,Male
889,26,Gen Z,Male
890,25,Gen Z,Male
891,69,Boomer,Male
892,34,Millennial,Female
893,35,Millennial,Female
894,38,Millennial,Female
895,52,Gen X,Male
896,30,Millennial,Male
897,26,Gen Z,Male
898,34,Millennial,Male
899,26,Gen Z,Male
900,25,Gen Z,Male
901,45,Gen X,Male
902,53,Gen X,Male
903,40,Millennial,Male
904,30,Millennial,Male
905,33,Millennial,Female
906,34,Millennial,Male
907,22,Gen Z,Female
908,36,Millennial,Male
909,23,Gen Z,Male
910,41,Millennial,Male
911,21,Gen Z,Male
912,51,Gen X,Male
913,37,Millennial,Male
914,66,Boomer,Female
915,26,Gen Z,Male
916,39,Millennial,Female
917,24,Gen Z,Female
918,22,Gen Z,Male
919,22,Gen Z,Male
920,37,Millennial,Male
921,35,Millennial,Male
922,40,Millennial,Male
923,26,Gen Z,Female
924,48,Gen X,Female
925,34,Millennial,Male
926,31,Millennial,Male
927,55,Gen X,Female
928,37,Millennial,Male
929,54,Gen X,Male
930,39,Millennial,Female
931,34,Millennial,Male
932,35,Millennial,Male
933,31,Millennial,Female
934,31,Millennial,Male
935,57,Gen X,Male
936,28,Millennial,Female
937,66,Boomer,Female
938,25,Gen Z,Female
939,44,Gen X,Female
940,21,Gen Z,Male
941,58,Gen X,Male
942,24,Gen Z,Male
943,41,Millennial,Male
944,21,Gen Z,Male
945,24,Gen Z,Male
946,28,Millennial,Male
947,23,Gen Z,Male
948,52,Gen X,Male
949,51,Gen X,Male
950,47,Gen X,Male
951,64,Boomer,Male
952,37,Millennial,Male
953,41,Millennial,Male
954,61,Boomer,Male
955,63,Boomer,Male
956,24,Gen Z,Male
957,46,Gen X,Male
958,39,Millennial,Male
959,21,Gen Z,Male
960,43,Gen X,Male
961,56,Gen X,Male
962,46,Gen X,Female
963,39,Millennial,Male
964,24,Gen Z,Female
965,62,Boomer,Female
966,56,Gen X,Male
967,33,Millennial,Male
968,31,Millennial,Male
969,38,Millennial,Male
970,39,Millennial,Male
971,34,Millennial,Female
972,21,Gen Z,Female
973,24,Gen Z,Male
974,30,Millennial,Male
975,37,Millennial,Female
976,37,Millennial,Female
977,57,Gen X,Female
978,41,Millennial,Female
979,43,Gen X,Female
980,47,Gen X,Female
981,49,Gen X,Male
982,33,Millennial,Male
983,29,Millennial,Male
984,35,Millennial,Female
985,34,Millennial,Male
986,36,Millennial,Female
987,37,Millennial,Female
988,35,Millennial,Male
989,29,Millennial,Male
990,33,Millennial,Male
991,24,Gen Z,Female
992,30,Millennial,Male
993,27,Millennial,Male
994,53,Gen X,Male
995,28,Millennial,Female
996,29,Millennial,Male
997,22,Gen Z,Male
998,46,Gen X,Male
999,33,Millennial,Female
1000,32,Millennial,Male
1001,49,Gen X,Female
1002,32,Millennial,Male
1003,36,Millennial,Male
1004,37,Millennial,Male
1005,57,Gen X,Male
1006,37,Millennial,Female
1007,25,Gen Z,Male
1008,24,Gen Z,Male
1009,53,Gen X,Female
1010,42,Millennial,Female
1011,24,Gen Z,Male
1012,57,Gen X,Male
1013,31,Millennial,Female
1014,26,Gen Z,Male
1015,36,Millennial,Male
1016,21,Gen Z,Male
1017,25,Gen Z,Female
1018,23,Gen Z,Male
1019,62,Boomer,Male
1020,33,Millennial,Male
1021,38,Millennial,Male
1022,49,Gen X,Female
1023,21,Gen Z,Male
1024,23,Gen Z,Male
1025,31,Millennial,Male
1026,62,Boomer,Female
1027,38,Millennial,Male
1028,69,Boomer,Male
1029,30,Millennial,Male
1030,50,Gen X,Male
1031,24,Gen Z,Male
1032,40,Millennial,Female
1033,45,Gen X,Male
1034,35,Millennial,Female
1035,25,Gen Z,Male
1036,21,Gen Z,Male
1037,55,Gen X,Male
1038,53,Gen X,Male
1039,24,Gen Z,Male
1040,38,Millennial,Male
1041,41,Millennial,Male
1042,21,Gen Z,Male
1043,58,Gen X,Male
1044,32,Millennial,Female
1045,43,Gen X,Male
1046,30,Millennial,Male
1047,32,Millennial,Male
1048,31,Millennial,Male
1049,38,Millennial,Male
1050,28,Millennial,Male
1051,35,Millennial,Male
1052,37,Millennial,Male
1053,50,Gen X,Male
1054,30,Millennial,Male
1055,58,Gen X,Male
1056,47,Gen X,Male
1057,22,Gen Z,Male
1058,74,Boomer,Female
1059,36,Millennial,Male
1060,67,Boomer,Male
1061,32,Millennial,Male
1062,25,Gen Z,Female
1063,45,Gen X,Male
1064,23,Gen Z,Male
1065,35,Millennial,Female
1066,47,Gen X,Female
1067,30,Millennial,Male
1068,44,Gen X,Female
1069,34,Millennial,Female
1070,29,Millennial,Male
1071,31,Millennial,Male
1072,42,Millennial,Male
1073,27,Millennial,Male
1074,29,Millennial,Male
1075,47,Gen X,Male
1076,23,Gen Z,Female
1077,28,Millennial,Male
1078,29,Millennial,Female
1079,42,Millennial,Male
1080,29,Millennial,Male
1081,62,Boomer,Female
1082,53,Gen X,Male
1083,41,Millennial,Male
1084,27,Millennial,Male
1085,26,Gen Z,Female
1086,22,Gen Z,Male
1087,38,Millennial,Male
1088,34,Millennial,Male
1089,70,Boomer,Male
1090,26,Gen Z,Male
1091,22,Gen Z,Male
1092,26,Gen Z,Female
1093,25,Gen Z,Male
1094,36,Millennial,Female
1095,55,Gen X,Male
1096,26,Gen Z,Male
1097,40,Millennial,Male
1098,23,Gen Z,Female
1099,31,Millennial,Male
1100,35,Millennial,Male
1101,28,Millennial,Male
1102,24,Gen Z,Female
1103,22,Gen Z,Male
1104,27,Millennial,Male
1105,47,Gen X,Male
1106,35,Millennial,Male
1107,23,Gen Z,Male
1108,30,Millennial,Female
1109,27,Millennial,Male
1110,41,Millennial,Male
1111,22,Gen Z,Male
1112,22,Gen Z,Female
1113,42,Millennial,Female
1114,56,Gen X,Male
1115,27,Millennial,Male
1116,68,Boomer,Male
1117,42,Millennial,Male
1118,24,Gen Z,Male
1119,59,Boomer,Male
1120,31,Millennial,Male
1121,25,Gen Z,Female
1122,36,Millennial,Male
1123,23,Gen Z,Male
1124,56,Gen X,Male
1125,44,Gen X,Male
1126,27,Millennial,Male
1127,40,Millennial,Female
1128,24,Gen Z,Female
1129,34,Millennial,Male
1130,38,Millennial,Male
1131,41,Millennial,Female
1132,38,Millennial,Female
1133,30,Millennial,Male
1134,41,Millennial,Female
1135,51,Gen X,Male
1136,42,Millennial,Male
1137,33,Millennial,Male
1138,32,Millennial,Male
1139,30,Millennial,Male
1140,41,Millennial,Female
1141,25,Gen Z,Male
1142,42,Millennial,Male
1143,34,Millennial,Male
1144,67,Boomer,Male
1145,39,Millennial,Male
1146,31,Millennial,Male
1147,64,Boomer,Female
1148,23,Gen Z,Male
1149,25,Gen Z,Female
1150,34,Millennial,Male
1151,39,Millennial,Male
1152,38,Millennial,Male
1153,38,Millennial,Female
1154,22,Gen Z,Female
1155,42,Millennial,Male
1156,28,Millennial,Female
1157,36,Millennial,Female
1158,44,Gen X,Male
1159,31,Millennial,Male
1160,48,Gen X,Male
1161,48,Gen X,Female
1162,30,Millennial,Male
1163,29,Millennial,Male
1164,28,Millennial,Male
1165,44,Gen X,Male
1166,29,Millennial,Male
1167,45,Gen X,Female
1168,39,Millennial,Male
1169,39,Millennial,Male
1170,56,Gen X,Male
1171,28,Millennial,Female
1172,31,Millennial,Male
1173,33,Millennial,Male
1174,24,Gen Z,Male
1175,22,Gen Z,Female
1176,52,Gen X,Male
1177,38,Millennial,Male
1178,39,Millennial,Male
1179,25,Gen Z,Female
1180,40,Millennial,Male
1181,56,Gen X,Male
1182,38,Millennial,Male
1183,58,Gen X,Male
1184,36,Millennial,Male
1185,26,Gen Z,Male
1186,28,Millennial,Female
1187,39,Millennial,Female
1188,55,Gen X,Male
1189,47,Gen X,Male
1190,22,Gen Z,Male
1191,27,Millennial,Male
1192,37,Millennial,Female
1193,35,Millennial,Male
1194,28,Millennial,Male
1195,39,Millennial,Male
1196,21,Gen Z,Male
1197,43,Gen X,Male
1198,41,Millennial,Male
1199,43,Gen X,Male
1200,32,Millennial,Male
1201,41,Millennial,Female
1202,27,Millennial,Female
1203,57,Gen X,Female
1204,28,Millennial,Male
1205,39,Millennial,Male
1206,64,Boomer,Male
1207,33,Millennial,Female
1208,42,Millennial,Male
1209,45,Gen X,Female
1210,62,Boomer,Male
1211,59,Boomer,Male
1212,21,Gen Z,Male
1213,53,Gen X,Male
1214,22,Gen Z,Male
1215,39,Millennial,Female
1216,28,Millennial,Male
1217,60,Boomer,Male
1218,28,Millennial,Male
1219,33,Millennial,Male
1220,40,Millennial,Male
1221,21,Gen Z,Male
1222,42,Millennial,Female
1223,23,Gen Z,Male
1224,37,Millennial,Female
1225,24,Gen Z,Male
1226,22,Gen Z,Male
1227,46,Gen X,Male
1228,55,Gen X,Male
1229,23,Gen Z,Male
1230,28,Millennial,Male
1231,34,Millennial,Female
1232,46,Gen X,Male
1233,64,Boomer,Male
1234,25,Gen Z,Female
1235,53,Gen X,Male
1236,30,Millennial,Female
1237,38,Millennial,Male
1238,24,Gen Z,Male
1239,42,Millennial,Female
1240,24,Gen Z,Female
1241,29,Millennial,Female
1242,26,Gen Z,Male
1243,34,Millennial,Male
1244,27,Millennial,Female
1245,48,Gen X,Male
1246,56,Gen X,Female
1247,24,Gen Z,Female
1248,33,Millennial,Male
1249,37,Millennial,Male
1250,51,Gen X,Male
1251,35,Millennial,Female
1252,21,Gen Z,Male
1253,33,Millennial,Female
1254,42,Millennial,Female
1255,44,Gen X,Male
1256,40,Millennial,Female
1257,24,Gen Z,Male
1258,46,Gen X,Male
1259,26,Gen Z,Male
1260,30,Millennial,Female
1261,29,Millennial,Female
1262,28,Millennial,Male
1263,42,Millennial,Male
1264,36,Millennial,Male
1265,22,Gen Z,Male
1266,50,Gen X,Female
1267,32,Millennial,Male
1268,34,Millennial,Female
1269,35,Millennial,Male
1270,25,Gen Z,Male
1271,44,Gen X,Male
1272,30,Millennial,Female
1273,22,Gen Z,Male
1274,58,Gen X,Male
1275,27,Millennial,Male
1276,35,Millennial,Male
1277,23,Gen Z,Male
1278,37,Millennial,Male
1279,21,Gen Z,Female
1280,21,Gen Z,Male
1281,25,Gen Z,Female
1282,31,Millennial,Male
1283,70,Boomer,Male
1284,54,Gen X,Male
1285,26,Gen Z,Male
1286,25,Gen Z,Male
1287,32,Millennial,Female
1288,40,Millennial,Female
1289,21,Gen Z,Male
1290,36,Millennial,Male
1291,36,Millennial,Male
1292,37,Millennial,Male
1293,25,Gen Z,Female
1294,31,Millennial,Male
1295,25,Gen Z,Male
1296,37,Millennial,Male
1297,36,Millennial,Female
1298,27,Millennial,Female
1299,30,Millennial,Male
1300,29,Millennial,Male
1301,45,Gen X,Female
1302,32,Millennial,Male
1303,52,Gen X,Female
1304,57,Gen X,Male
1305,33,Millennial,Male
1306,59,Boomer,Male
1307,53,Gen X,Male
1308,53,Gen X,Female
1309,54,Gen X,Male
1310,45,Gen X,Female
1311,30,Millennial,Female
1312,33,Millennial,Male
1313,23,Gen Z,Female
1314,51,Gen X,Female
1315,21,Gen Z,Female
1316,36,Millennial,Male
1317,73,Boomer,Male
1318,32,Millennial,Male
1319,33,Millennial,Male
1320,65,Boomer,Male
1321,30,Millennial,Male
1322,35,Millennial,Male
1323,37,Millennial,Female
1324,23,Gen Z,Female
1325,23,Gen Z,Male
1326,32,Millennial,Male
1327,26,Gen Z,Female
1328,29,Millennial,Male
1329,38,Millennial,Female
1330,58,Gen X,Male
1331,38,Millennial,Male
1332,41,Millennial,Female
1333,57,Gen X,Male
1334,33,Millennial,Male
1335,26,Gen Z,Female
1336,24,Gen Z,Male
1337,24,Gen Z,Male
1338,25,Gen Z,Male
1339,68,Boomer,Male
1340,42,Millennial,Female
1341,42,Millennial,Male
1342,34,Millennial,Female
1343,48,Gen X,Male
1344,31,Millennial,Female
1345,38,Millennial,Male
1346,39,Millennial,Male
1347,23,Gen Z,Female
1348,29,Millennial,Male
1349,21,Gen Z,Male
1350,47,Gen X,Female
1351,35,Millennial,Male
1352,25,Gen Z,Male
1353,27,Millennial,Male
1354,31,Millennial,Male
1355,25,Gen Z,Male
1356,28,Millennial,Female
1357,26,Gen Z,Male
1358,21,Gen Z,Male
1359,22,Gen Z,Male
1360,54,Gen X,Female
1361,26,Gen Z,Male
1362,29,Millennial,Female
1363,36,Millennial,Male
1364,43,Gen X,Female
1365,45,Gen X,Male
1366,37,Millennial,Female
1367,34,Millennial,Female
1368,34,Millennial,Male
1369,38,Millennial,Male
1370,30,Millennial,Female
1371,45,Gen X,Male
1372,43,Gen X,Male
1373,35,Millennial,Male
1374,26,Gen Z,Female
1375,40,Millennial,Male
1376,22,Gen Z,Female
1377,23,Gen Z,Male
1378,21,Gen Z,Male
1379,32,Millennial,Female
1380,28,Millennial,Male
1381,43,Gen X,Male
1382,38,Millennial,Female
1383,34,Millennial,Male
1384,28,Millennial,Male
1385,24,Gen Z,Male
1386,36,Millennial,Male
1387,40,Millennial,Male
1388,42,Millennial,Male
1389,21,Gen Z,Male
1390,40,Millennial,Male
1391,46,Gen X,Female
1392,32,Millennial,Female
1393,35,Millennial,Male
1394,34,Millennial,Female
1395,29,Millennial,Male
1396,49,Gen X,Male
1397,23,Gen Z,Male
1398,25,Gen Z,Male
1399,25,Gen Z,Female
1400,71,Boomer,Male
1401,39,Millennial,Male
1402,21,Gen Z,Female
1403,22,Gen Z,Male
1404,41,Millennial,Male
1405,49,Gen X,Male
1406,26,Gen Z,Female
1407,39,Millennial,Female
1408,31,Millennial,Male
1409,72,Boomer,Female
1410,41,Millennial,Female
1411,63,Boomer,Male
1412,38,Millennial,Male
1413,27,Millennial,Female
1414,34,Millennial,Female
1415,31,Millennial,Male
1416,45,Gen X,Male
1417,46,Gen X,Female
1418,42,Millennial,Female
1419,49,Gen X,Male
1420,35,Millennial,Female
1421,65,Boomer,Male
1422,34,Millennial,Female
1423,43,Gen X,Female
1424,27,Millennial,Female
1425,22,Gen Z,Male
1426,35,Millennial,Female
1427,23,Gen Z,Male
1428,50,Gen X,Male
1429,33,Millennial,Male
1430,29,Millennial,Male
1431,30,Millennial,Male
1432,50,Gen X,Male
1433,40,Millennial,Male
1434,32,Millennial,Female
1435,32,Millennial,Male
1436,28,Millennial,Male
1437,42,Millennial,Female
1438,28,Millennial,Female
1439,38,Millennial,Female
1440,41,Millennial,Male
1441,54,Gen X,Female
1442,50,Gen X,Male
1443,35,Millennial,Male
1444,68,Boomer,Female
1445,44,Gen X,Female
1446,30,Millennial,Male
1447,39,Millennial,Male
1448,66,Boomer,Female
1449,26,Gen Z,Male
1450,27,Millennial,Male
1451,39,Millennial,Female
1452,33,Millennial,Male
1453,38,Millennial,Male
1454,23,Gen Z,Male
1455,23,Gen Z,Female
1456,22,Gen Z,Male
1457,45,Gen X,Male
1458,36,Millennial,Male
1459,30,Millennial,Female
1460,35,Millennial,Male
1461,42,Millennial,Male
1462,24,Gen Z,Male
1463,37,Millennial,Female
1464,35,Millennial,Male
1465,64,Boomer,Male
1466,34,Millennial,Male
1467,58,Gen X,Male
1468,42,Millennial,Male
1469,37,Millennial,Male
1470,31,Millennial,Female
1471,69,Boomer,Male
1472,54,Gen X,Male
1473,41,Millennial,Male
1474,23,Gen Z,Male
1475,34,Millennial,Male
1476,68,Boomer,Female
1477,32,Millennial,Male
1478,38,Millennial,Male
1479,29,Millennial,Male
1480,30,Millennial,Male
1481,50,Gen X,Male
1482,22,Gen Z,Female
1483,38,Millennial,Male
1484,30,Millennial,Male
1485,22,Gen Z,Female
1486,29,Millennial,Male
1487,41,Millennial,Female
1488,55,Gen X,Male
1489,29,Millennial,Male
1490,50,Gen X,Female
1491,32,Millennial,Female
1492,24,Gen Z,Female
1493,24,Gen Z,Male
1494,37,Millennial,Male
1495,40,Millennial,Male
1496,27,Millennial,Male
1497,39,Millennial,Male
1498,39,Millennial,Male
1499,42,Millennial,Male
1500,32,Millennial,Male
1501,38,Millennial,Male
1502,28,Millennial,Male
1503,55,Gen X,Female
1504,41,Millennial,Male
1505,58,Gen X,Female
1506,30,Millennial,Female
1507,25,Gen Z,Male
1508,41,Millennial,Male
1509,27,Millennial,Male
1510,35,Millennial,Male
1511,63,Boomer,Male
1512,56,Gen X,Male
1513,26,Gen Z,Male
1514,36,Millennial,Male
1515,39,Millennial,Female
1516,29,Millennial,Male
1517,37,Millennial,Male
1518,56,Gen X,Male
1519,30,Millennial,Female
1520,45,Gen X,Male
1521,26,Gen Z,Male
1522,40,Millennial,Male
1523,37,Millennial,Female
1524,24,Gen Z,Male
1525,22,Gen Z,Male
1526,27,Millennial,Male
1527,25,Gen Z,Male
1528,43,Gen X,Male
1529,24,Gen Z,Male
1530,38,Millennial,Female
1531,34,Millennial,Male
1532,38,Millennial,Male
1533,47,Gen X,Male
1534,52,Gen X,Female
1535,21,Gen Z,Male
1536,23,Gen Z,Male
1537,54,Gen X,Female
1538,71,Boomer,Male
1539,39,Millennial,Male
1540,32,Millennial,Male
1541,26,Gen Z,Male
1542,37,Millennial,Male
1543,42,Millennial,Male
1544,38,Millennial,Male
1545,39,Millennial,Female
1546,39,Millennial,Male
1547,49,Gen X,Male
1548,62,Boomer,Male
1549,27,Millennial,Female
1550,39,Millennial,Male
1551,36,Millennial,Male
1552,28,Millennial,Female
1553,40,Millennial,Male
1554,24,Gen Z,Male
1555,40,Millennial,Male
1556,30,Millennial,Female
1557,52,Gen X,Female
1558,35,Millennial,Female
1559,23,Gen Z,Male
1560,33,Millennial,Female
1561,24,Gen Z,Male
1562,51,Gen X,Male
1563,24,Gen Z,Female
1564,37,Millennial,Male
1565,52,Gen X,Male
1566,30,Millennial,Male
1567,35,Millennial,Male
1568,22,Gen Z,Female
1569,24,Gen Z,Male
1570,39,Millennial,Male
1571,24,Gen Z,Male
1572,49,Gen X,Male
1573,42,Millennial,Male
1574,42,Millennial,Male
1575,39,Millennial,Male
1576,39,Millennial,Male
1577,54,Gen X,Female
1578,24,Gen Z,Male
1579,26,Gen Z,Male
1580,49,Gen X,Female
1581,26,Gen Z,Male
1582,28,Millennial,Male
1583,29,Millennial,Female
1584,29,Millennial,Male
1585,70,Boomer,Male
1586,43,Gen X,Male
1587,31,Millennial,Male
1588,33,Millennial,Male
1589,40,Millennial,Male
1590,28,Millennial,Male
1591,28,Millennial,Female
1592,33,Millennial,Male
1593,40,Millennial,Male
1594,36,Millennial,Female
1595,27,Millennial,Male
1596,32,Millennial,Male
1597,39,Millennial,Female
1598,35,Millennial,Male
1599,50,Gen X,Male
1600,39,Millennial,Male
1601,38,Millennial,Male
1602,21,Gen Z,Male
1603,23,Gen Z,Male
1604,32,Millennial,Male
1605,34,Millennial,Male
1606,29,Millennial,Male
1607,29,Millennial,Male
1608,43,Gen X,Male
1609,34,Millennial,Male
1610,22,Gen Z,Female
1611,25,Gen Z,Male
1612,44,Gen X,Female
1613,50,Gen X,Male
1614,28,Millennial,Male
1615,28,Millennial,Female
1616,39,Millennial,Female
1617,32,Millennial,Male
1618,22,Gen Z,Female
1619,57,Gen X,Male
1620,25,Gen Z,Male
1621,37,Millennial,Female
1622,41,Millennial,Male
1623,38,Millennial,Male
1624,30,Millennial,Male
1625,51,Gen X,Female
1626,54,Gen X,Female
1627,35,Millennial,Male
1628,34,Millennial,Female
1629,33,Millennial,Male
1630,29,Millennial,Male
1631,33,Millennial,Male
1632,26,Gen Z,Male
1633,33,Millennial,Male
1634,35,Millennial,Male
1635,21,Gen Z,Female
1636,46,Gen X,Male
1637,38,Millennial,Male
1638,25,Gen Z,Male
1639,31,Millennial,Female
1640,22,Gen Z,Male
1641,29,Millennial,Female
1642,29,Millennial,Male
1643,36,Millennial,Male
1644,51,Gen X,Male
1645,26,Gen Z,Female
1646,25,Gen Z,Female
1647,38,Millennial,Female
1648,34,Millennial,Male
1649,42,Millennial,Female
1650,59,Boomer,Male
1651,37,Millennial,Male
1652,27,Millennial,Female
1653,56,Gen X,Female
1654,56,Gen X,Female
1655,28,Millennial,Male
1656,39,Millennial,Male
1657,39,Millennial,Male
1658,28,Millennial,Female
1659,58,Gen X,Male
1660,25,Gen Z,Male
1661,24,Gen Z,Male
1662,34,Millennial,Female
1663,34,Millennial,Male
1664,74,Boomer,Male
1665,24,Gen Z,Male
1666,57,Gen X,Male
1667,41,Millennial,Male
1668,38,Millennial,Male
1669,22,Gen Z,Male
1670,26,Gen Z,Male
1671,35,Millennial,Male
1672,31,Millennial,Male
1673,55,Gen X,Male
1674,25,Gen Z,Male
1675,28,Millennial,Male
1676,30,Millennial,Female
1677,30,Millennial,Male
1678,28,Millennial,Female
1679,49,Gen X,Male
1680,41,Millennial,Female
1681,26,Gen Z,Male
1682,50,Gen X,Female
1683,41,Millennial,Male
1684,29,Millennial,Female
1685,53,Gen X,Female
1686,50,Gen X,Female
1687,31,Millennial,Male
1688,25,Gen Z,Female
1689,23,Gen Z,Male
1690,57,Gen X,Female
1691,46,Gen X,Male
1692,63,Boomer,Male
1693,23,Gen Z,Female
1694,26,Gen Z,Male
1695,32,Millennial,Male
1696,30,Millennial,Male
1697,41,Millennial,Female
1698,42,Millennial,Male
1699,33,Millennial,Male
1700,27,Millennial,Female
1701,55,Gen X,Female
1702,26,Gen Z,Male
1703,66,Boomer,Female
1704,32,Millennial,Female
1705,23,Gen Z,Male
1706,25,Gen Z,Male
1707,38,Millennial,Male
1708,66,Boomer,Male
1709,36,Millennial,Male
1710,29,Millennial,Male
1711,25,Gen Z,Male
1712,41,Millennial,Male
1713,66,Boomer,Male
1714,24,Gen Z,Male
1715,35,Millennial,Female
1716,28,Millennial,Female
1717,30,Millennial,Female
1718,29,Millennial,Male
1719,24,Gen Z,Female
1720,39,Millennial,Male
1721,38,Millennial,Male
1722,37,Millennial,Male
1723,51,Gen X,Female
1724,36,Millennial,Male
1725,58,Gen X,Male
1726,40,Millennial,Male
1727,30,Millennial,Male
1728,41,Millennial,Male
1729,22,Gen Z,Male
1730,30,Millennial,Male
1731,51,Gen X,Male
1732,41,Millennial,Male
1733,41,Millennial,Female
1734,46,Gen X,Male
1735,71,Boomer,Male
1736,21,Gen Z,Female
1737,47,Gen X,Male
1738,31,Millennial,Male
1739,36,Millennial,Male
1740,22,Gen Z,Male
1741,24,Gen Z,Male
1742,57,Gen X,Female
1743,25,Gen Z,Male
1744,69,Boomer,Female
1745,25,Gen Z,Male
1746,30,Millennial,Male
1747,37,Millennial,Male
1748,50,Gen X,Female
1749,22,Gen Z,Female
1750,65,Boomer,Male
1751,36,Millennial,Male
1752,36,Millennial,Female
1753,63,Boomer,Female
1754,28,Millennial,Male
1755,40,Millennial,Male
1756,23,Gen Z,Male
1757,23,Gen Z,Male
1758,28,Millennial,Male
1759,39,Millennial,Male
1760,52,Gen X,Male
1761,21,Gen Z,Male
1762,35,Millennial,Female
1763,34,Millennial,Male
1764,52,Gen X,Female
1765,41,Millennial,Male
1766,32,Millennial,Male
1767,51,Gen X,Female
1768,21,Gen Z,Male
1769,38,Millennial,Female
1770,21,Gen Z,Male
1771,42,Millennial,Male
1772,38,Millennial,Male
1773,25,Gen Z,Male
1774,36,Millennial,Male
1775,42,Millennial,Male
1776,36,Millennial,Male
1777,42,Millennial,Male
1778,23,Gen Z,Female
1779,21,Gen Z,Female
1780,58,Gen X,Female
1781,42,Millennial,Female
1782,29,Millennial,Male
1783,26,Gen Z,Male
1784,71,Boomer,Male
1785,42,Millennial,Male
1786,23,Gen Z,Male
1787,35,Millennial,Male
1788,41,Millennial,Male
1789,40,Millennial,Female
1790,52,Gen X,Female
1791,74,Boomer,Female
1792,32,Millennial,Male
1793,28,Millennial,Female
1794,54,Gen X,Male
1795,40,Millennial,Male
1796,29,Millennial,Male
1797,36,Millennial,Male
1798,59,Boomer,Male
1799,34,Millennial,Male
1800,21,Gen Z,Male
1801,27,Millennial,Female
1802,44,Gen X,Male
1803,29,Millennial,Male
1804,40,Millennial,Female
1805,23,Gen Z,Male
1806,33,Millennial,Male
1807,50,Gen X,Female
1808,38,Millennial,Female
1809,25,Gen Z,Female
1810,58,Gen X,Female
1811,24,Gen Z,Male
1812,35,Millennial,Female
1813,38,Millennial,Male
1814,23,Gen Z,Female
1815,48,Gen X,Male
1816,66,Boomer,Male
1817,22,Gen Z,Male
1818,41,Millennial,Male
1819,21,Gen Z,Female
1820,22,Gen Z,Male
1821,25,Gen Z,Male
1822,31,Millennial,Female
1823,38,Millennial,Female
1824,29,Millennial,Female
1825,42,Millennial,Female
1826,37,Millennial,Male
1827,27,Millennial,Female
1828,26,Gen Z,Male
1829,73,Boomer,Male
1830,28,Millennial,Male
1831,33,Millennial,Male
1832,41,Millennial,Female
1833,33,Millennial,Male
1834,36,Millennial,Female
1835,22,Gen Z,Female
1836,33,Millennial,Female
1837,21,Gen Z,Female
1838,26,Gen Z,Male
1839,30,Millennial,Male
1840,31,Millennial,Female
1841,26,Gen Z,Male
1842,24,Gen Z,Male
1843,33,Millennial,Male
1844,32,Millennial,Male
1845,24,Gen Z,Male
1846,25,Gen Z,Male
1847,68,Boomer,Male
1848,22,Gen Z,Male
1849,35,Millennial,Male
1850,65,Boomer,Male
1851,39,Millennial,Male
1852,30,Millennial,Male
1853,28,Millennial,Male
1854,64,Boomer,Male
1855,36,Millennial,Male
1856,28,Millennial,Male
1857,28,Millennial,Male
1858,35,Millennial,Male
1859,62,Boomer,Female
1860,47,Gen X,Female
1861,31,Millennial,Male
1862,44,Gen X,Female
1863,37,Millennial,Male
1864,27,Millennial,Male
1865,34,Millennial,Male
1866,57,Gen X,Male
1867,24,Gen Z,Male
1868,33,Millennial,Male
1869,35,Millennial,Male
1870,36,Millennial,Female
1871,48,Gen X,Female
1872,28,Millennial,Male
1873,25,Gen Z,Male
1874,43,Gen X,Male
1875,67,Boomer,Male
1876,49,Gen X,Female
1877,35,Millennial,Male
1878,28,Millennial,Male
1879,21,Gen Z,Female
1880,21,Gen Z,Male
1881,27,Millennial,Male
1882,56,Gen X,Male
1883,26,Gen Z,Male
1884,34,Millennial,Male
1885,40,Millennial,Male
1886,39,Millennial,Male
1887,29,Millennial,Male
1888,50,Gen X,Female
1889,42,Millennial,Male
1890,40,Millennial,Male
1891,25,Gen Z,Male
1892,65,Boomer,Female
1893,33,Millennial,Male
1894,29,Millennial,Female
1895,41,Millennial,Male
1896,25,Gen Z,Male
1897,38,Millennial,Male
1898,34,Millennial,Male
1899,39,Millennial,Male
1900,31,Millennial,Female
1901,50,Gen X,Female
1902,21,Gen Z,Male
1903,39,Millennial,Male
1904,36,Millennial,Female
1905,31,Millennial,Male
1906,23,Gen Z,Male
1907,50,Gen X,Male
1908,25,Gen Z,Male
1909,40,Millennial,Male
1910,42,Millennial,Male
1911,24,Gen Z,Male
1912,23,Gen Z,Male
1913,70,Boomer,Female
1914,21,Gen Z,Male
1915,59,Boomer,Male
1916,26,Gen Z,Female
1917,32,Millennial,Male
1918,68,Boomer,Male
1919,62,Boomer,Female
1920,73,Boomer,Male
1921,65,Boomer,Male
1922,35,Millennial,Male
1923,42,Millennial,Female
1924,56,Gen X,Male
1925,30,Millennial,Male
1926,56,Gen X,Female
1927,23,Gen Z,Male
1928,36,Millennial,Male
1929,34,Millennial,Male
1930,42,Millennial,Male
1931,33,Millennial,Male
1932,23,Gen Z,Male
1933,38,Millennial,Female
1934,52,Gen X,Male
1935,31,Millennial,Male
1936,55,Gen X,Male
1937,57,Gen X,Female
1938,41,Millennial,Male
1939,23,Gen Z,Male
1940,38,Millennial,Male
1941,21,Gen Z,Male
1942,26,Gen Z,Female
1943,34,Millennial,Male
1944,38,Millennial,Male
1945,26,Gen Z,Male
1946,31,Millennial,Female
1947,26,Gen Z,Male
1948,25,Gen Z,Male
1949,26,Gen Z,Male
1950,69,Boomer,Female
1951,29,Millennial,Male
1952,61,Boomer,Female
1953,34,Millennial,Male
1954,46,Gen X,Male
1955,21,Gen Z,Male
1956,41,Millennial,Male
1957,57,Gen X,Female
1958,25,Gen Z,Male
1959,21,Gen Z,Male
1960,28,Millennial,Male
1961,23,Gen Z,Male
1962,68,Boomer,Female
1963,23,Gen Z,Male
1964,23,Gen Z,Female
1965,33,Millennial,Male
1966,56,Gen X,Female
1967,39,Millennial,Male
1968,58,Gen X,Male
1969,42,Millennial,Male
1970,30,Millennial,Female
1971,46,Gen X,Male
1972,38,Millennial,Female
1973,40,Millennial,Male
1974,42,Millennial,Male
1975,35,Millennial,Female
1976,25,Gen Z,Female
1977,55,Gen X,Male
1978,29,Millennial,Female
1979,31,Millennial,Female
1980,42,Millennial,Male
1981,58,Gen X,Female
1982,38,Millennial,Male
1983,40,Millennial,Male
1984,29,Millennial,Female
1985,38,Millennial,Female
1986,33,Millennial,Female
1987,25,Gen Z,Female
1988,36,Millennial,Male
1989,39,Millennial,Female
1990,22,Gen Z,Male
1991,29,Millennial,Male
1992,52,Gen X,Male
1993,58,Gen X,Male
1994,47,Gen X,Male
1995,39,Millennial,Female
1996,35,Millennial,Male
1997,46,Gen X,Male
1998,24,Gen Z,Female
1999,24,Gen Z,Female
2000,42,Millennial,Male
2001,22,Gen Z,Female
2002,21,Gen Z,Female
2003,24,Gen Z,Male
2004,36,Millennial,Male
2005,71,Boomer,Male
2006,42,Millennial,Male
2007,58,Gen X,Male
2008,22,Gen Z,Male
2009,25,Gen Z,Male
2010,26,Gen Z,Male
2011,38,Millennial,Female
2012,45,Gen X,Male
2013,36,Millennial,Male
2014,28,Millennial,Female
2015,34,Millennial,Male
2016,29,Millennial,Male
2017,27,Millennial,Male
2018,38,Millennial,Male
2019,72,Boomer,Male
2020,23,Gen Z,Male
2021,39,Millennial,Male
2022,33,Millennial,Male
2023,55,Gen X,Male
2024,21,Gen Z,Male
2025,28,Millennial,Male
2026,70,Boomer,Female
2027,39,Millennial,Male
2028,30,Millennial,Female
2029,24,Gen Z,Male
2030,35,Millennial,Male
2031,48,Gen X,Male
2032,25,Gen Z,Female
2033,31,Millennial,Female
2034,26,Gen Z,Male
2035,29,Millennial,Female
2036,22,Gen Z,Male
2037,50,Gen X,Female
2038,74,Boomer,Male
2039,21,Gen Z,Male
2040,30,Millennial,Female
2041,45,Gen X,Male
2042,36,Millennial,Male
2043,41,Millennial,Female
2044,21,Gen Z,Male
2045,24,Gen Z,Female
2046,45,Gen X,Male
2047,22,Gen Z,Male
2048,31,Millennial,Male
2049,25,Gen Z,Male
2050,31,Millennial,Male
2051,37,Millennial,Female
2052,27,Millennial,Male
2053,22,Gen Z,Female
2054,34,Millennial,Male
2055,57,Gen X,Female
2056,28,Millennial,Male
2057,29,Millennial,Male
2058,31,Millennial,Female
2059,69,Boomer,Male
2060,37,Millennial,Male
2061,26,Gen Z,Female
2062,54,Gen X,Male
2063,30,Millennial,Male
2064,26,Gen Z,Male
2065,27,Millennial,Male
2066,33,Millennial,Female
2067,72,Boomer,Male
2068,21,Gen Z,Male
2069,50,Gen X,Female
2070,26,Gen Z,Female
2071,36,Millennial,Male
2072,22,Gen Z,Female
2073,69,Boomer,Female
2074,40,Millennial,Male
2075,54,Gen X,Male
2076,36,Millennial,Male
2077,25,Gen Z,Female
2078,41,Millennial,Female
2079,47,Gen X,Male
2080,32,Millennial,Male
2081,26,Gen Z,Male
2082,46,Gen X,Male
2083,49,Gen X,Male
2084,32,Millennial,Female
2085,25,Gen Z,Male
2086,26,Gen Z,Female
2087,45,Gen X,Male
2088,27,Millennial,Male
2089,30,Millennial,Male
2090,29,Millennial,Female
2091,63,Boomer,Male
2092,23,Gen Z,Female
2093,31,Millennial,Female
2094,42,Millennial,Male
2095,45,Gen X,Male
2096,40,Millennial,Male
2097,49,Gen X,Male
2098,60,Boomer,Male
2099,25,Gen Z,Male
2100,41,Millennial,Male
2101,57,Gen X,Male
2102,42,Millennial,Male
2103,23,Gen Z,Male
2104,23,Gen Z,Male
2105,24,Gen Z,Male
2106,35,Millennial,Male
2107,37,Millennial,Female
2108,69,Boomer,Female
2109,31,Millennial,Male
2110,40,Millennial,Male
2111,39,Millennial,Female
2112,44,Gen X,Male
2113,25,Gen Z,Female
2114,47,Gen X,Male
2115,33,Millennial,Female
2116,32,Millennial,Male
2117,32,Millennial,Male
2118,37,Millennial,Male
2119,49,Gen X,Male
2120,31,Millennial,Male
2121,29,Millennial,Female
2122,32,Millennial,Female
2123,29,Millennial,Male
2124,23,Gen Z,Male
2125,22,Gen Z,Male
2126,38,Millennial,Male
2127,24,Gen Z,Male
2128,50,Gen X,Male
2129,30,Millennial,Male
2130,27,Millennial,Female
2131,32,Millennial,Female
2132,23,Gen Z,Male
2133,39,Millennial,Female
2134,58,Gen X,Male
2135,26,Gen Z,Male
2136,42,Millennial,Male
2137,37,Millennial,Male
2138,22,Gen Z,Male
2139,25,Gen Z,Female
2140,32,Millennial,Female
2141,29,Millennial,Male
2142,23,Gen Z,Female
2143,21,Gen Z,Male
2144,65,Boomer,Male
2145,22,Gen Z,Female
2146,57,Gen X,Male
2147,36,Millennial,Male
2148,35,Millennial,Female
2149,22,Gen Z,Male
2150,23,Gen Z,Female
2151,51,Gen X,Male
2152,27,Millennial,Male
2153,25,Gen Z,Female
2154,61,Boomer,Male
2155,57,Gen X,Female
2156,74,Boomer,Male
2157,40,Millennial,Male
2158,37,Millennial,Male
2159,34,Millennial,Male
2160,27,Millennial,Female
2161,36,Millennial,Female
2162,42,Millennial,Male
2163,73,Boomer,Female
2164,32,Millennial,Male
2165,32,Millennial,Male
2166,38,Millennial,Female
2167,33,Millennial,Male
2168,35,Millennial,Male
2169,51,Gen X,Female
2170,23,Gen Z,Female
2171,63,Boomer,Female
2172,53,Gen X,Female
2173,21,Gen Z,Male
2174,44,Gen X,Female
2175,41,Millennial,Female
2176,26,Gen Z,Female
2177,40,Millennial,Female
2178,24,Gen Z,Male
2179,25,Gen Z,Male
2180,40,Millennial,Male
2181,21,Gen Z,Female
2182,64,Boomer,Male
2183,29,Millennial,Male
2184,47,Gen X,Male
2185,31,Millennial,Male
2186,54,Gen X,Male
2187,37,Millennial,Male
2188,33,Millennial,Female
2189,39,Millennial,Male
2190,69,Boomer,Female
2191,42,Millennial,Female
2192,26,Gen Z,Female
2193,32,Millennial,Male
2194,31,Millennial,Male
2195,73,Boomer,Male
2196,34,Millennial,Male
2197,39,Millennial,Female
2198,47,Gen X,Male
2199,52,Gen X,Male
2200,62,Boomer,Female
2201,56,Gen X,Male
2202,37,Millennial,Male
2203,40,Millennial,Female
2204,35,Millennial,Male
2205,30,Millennial,Male
2206,27,Millennial,Female
2207,42,Millennial,Male
2208,56,Gen X,Male
2209,26,Gen Z,Female
2210,45,Gen X,Male
2211,39,Millennial,Male
2212,24,Gen Z,Male
2213,73,Boomer,Male
2214,60,Boomer,Male
2215,34,Millennial,Male
2216,30,Millennial,Female
2217,37,Millennial,Female
2218,67,Boomer,Female
2219,22,Gen Z,Male
2220,21,Gen Z,Male
2221,29,Millennial,Female
2222,30,Millennial,Female
2223,25,Gen Z,Male
2224,30,Millennial,Male
2225,33,Millennial,Female
2226,22,Gen Z,Male
2227,56,Gen X,Male
2228,42,Millennial,Male
2229,47,Gen X,Female
2230,23,Gen Z,Female
2231,37,Millennial,Female
2232,40,Millennial,Female
2233,30,Millennial,Female
2234,33,Millennial,Female
2235,48,Gen X,Male
2236,23,Gen Z,Male
2237,27,Millennial,Male
2238,36,Millennial,Male
2239,30,Millennial,Female
2240,42,Millennial,Male
2241,21,Gen Z,Male
2242,24,Gen Z,Male
2243,47,Gen X,Male
2244,26,Gen Z,Male
2245,39,Millennial,Male
2246,24,Gen Z,Male
2247,42,Millennial,Female
2248,25,Gen Z,Male
2249,40,Millennial,Female
2250,31,Millennial,Male
2251,64,Boomer,Female
2252,53,Gen X,Male
2253,25,Gen Z,Male
2254,39,Millennial,Male
2255,32,Millennial,Male
2256,36,Millennial,Female
2257,25,Gen Z,Male
2258,36,Millennial,Male
2259,35,Millennial,Male
2260,31,Millennial,Male
2261,35,Millennial,Female
2262,26,Gen Z,Male
2263,58,Gen X,Male
2264,42,Millennial,Male
2265,23,Gen Z,Male
2266,41,Millennial,Male
2267,36,Millennial,Male
2268,36,Millennial,Male
2269,42,Millennial,Male
2270,42,Millennial,Female
2271,21,Gen Z,Male
2272,33,Millennial,Male
2273,21,Gen Z,Male
2274,30,Millennial,Male
2275,41,Millennial,Female
2276,54,Gen X,Male
2277,34,Millennial,Male
2278,53,Gen X,Male
2279,69,Boomer,Male
2280,35,Millennial,Male
2281,33,Millennial,Female
2282,56,Gen X,Female
2283,57,Gen X,Female
2284,65,Boomer,Female
2285,57,Gen X,Male
2286,37,Millennial,Male
2287,50,Gen X,Male
2288,26,Gen Z,Male
2289,39,Millennial,Male
2290,22,Gen Z,Male
2291,23,Gen Z,Male
2292,49,Gen X,Male
2293,32,Millennial,Female
2294,37,Millennial,Male
2295,40,Millennial,Female
2296,62,Boomer,Male
2297,23,Gen Z,Female
2298,26,Gen Z,Male
2299,26,Gen Z,Female
2300,33,Millennial,Male
2301,40,Millennial,Male
2302,29,Millennial,Female
2303,23,Gen Z,Male
2304,41,Millennial,Male
2305,41,Millennial,Male
2306,27,Millennial,Male
2307,27,Millennial,Female
2308,33,Millennial,Male
2309,42,Millennial,Male
2310,51,Gen X,Female
2311,34,Millennial,Male
2312,53,Gen X,Male
2313,39,Millennial,Female
2314,42,Millennial,Male
2315,73,Boomer,Female
2316,33,Millennial,Male
2317,28,Millennial,Male
2318,38,Millennial,Female
2319,23,Gen Z,Male
2320,25,Gen Z,Female
2321,45,Gen X,Female
2322,25,Gen Z,Female
2323,29,Millennial,Male
2324,37,Millennial,Male
2325,25,Gen Z,Male
2326,45,Gen X,Male
2327,36,Millennial,Male
2328,23,Gen Z,Female
2329,32,Millennial,Female
2330,30,Millennial,Male
2331,39,Millennial,Male
2332,36,Millennial,Female
2333,40,Millennial,Male
2334,45,Gen X,Male
2335,26,Gen Z,Female
2336,45,Gen X,Male
2337,26,Gen Z,Male
2338,28,Millennial,Male
2339,56,Gen X,Female
2340,34,Millennial,Male
2341,47,Gen X,Male
2342,24,Gen Z,Female
2343,43,Gen X,Male
2344,49,Gen X,Female
2345,31,Millennial,Male
2346,22,Gen Z,Male
2347,22,Gen Z,Male
2348,44,Gen X,Male
2349,38,Millennial,Male
2350,50,Gen X,Male
2351,28,Millennial,Male
2352,36,Millennial,Male
2353,35,Millennial,Male
2354,35,Millennial,Female
2355,53,Gen X,Male
2356,31,Millennial,Male
2357,36,Millennial,Male
2358,39,Millennial,Male
2359,25,Gen Z,Male
2360,42,Millennial,Male
2361,39,Millennial,Male
2362,23,Gen Z,Male
2363,29,Millennial,Male
2364,28,Millennial,Male
2365,41,Millennial,Male
2366,22,Gen Z,Female
2367,68,Boomer,Female
2368,39,Millennial,Female
2369,21,Gen Z,Male
2370,26,Gen Z,Male
2371,23,Gen Z,Female
2372,48,Gen X,Male
2373,34,Millennial,Male
2374,32,Millennial,Male
2375,39,Millennial,Male
2376,43,Gen X,Male
2377,26,Gen Z,Male
2378,52,Gen X,Male
2379,28,Millennial,Male
2380,36,Millennial,Male
2381,55,Gen X,Female
2382,66,Boomer,Male
2383,74,Boomer,Female
2384,22,Gen Z,Male
2385,38,Millennial,Female
2386,23,Gen Z,Female
2387,27,Millennial,Male
2388,48,Gen X,Male
2389,28,Millennial,Male
2390,27,Millennial,Male
2391,21,Gen Z,Male
2392,34,Millennial,Male
2393,23,Gen Z,Male
2394,27,Millennial,Male
2395,34,Millennial,Male
2396,48,Gen X,Male
2397,27,Millennial,Male
2398,24,Gen Z,Male
2399,33,Millennial,Male
2400,46,Gen X,Male
2401,25,Gen Z,Male
2402,22,Gen Z,Male
2403,25,Gen Z,Female
2404,38,Millennial,Male
2405,45,Gen X,Female
2406,24,Gen Z,Female
2407,26,Gen Z,Female
2408,26,Gen Z,Female
2409,42,Millennial,Male
2410,26,Gen Z,Male
2411,28,Millennial,Male
2412,45,Gen X,Male
2413,42,Millennial,Male
2414,30,Millennial,Male
2415,39,Millennial,Male
2416,43,Gen X,Male
2417,39,Millennial,Female
2418,25,Gen Z,Male
2419,46,Gen X,Male
2420,24,Gen Z,Male
2421,21,Gen Z,Female
2422,31,Millennial,Male
2423,24,Gen Z,Male
2424,39,Millennial,Male
2425,66,Boomer,Male
2426,40,Millennial,Female
2427,50,Gen X,Male
2428,33,Millennial,Male
2429,36,Millennial,Male
2430,30,Millennial,Female
2431,33,Millennial,Male
2432,26,Gen Z,Female
2433,63,Boomer,Male
2434,36,Millennial,Female
2435,49,Gen X,Female
2436,26,Gen Z,Male
2437,30,Millennial,Female
2438,58,Gen X,Female
2439,40,Millennial,Male
2440,31,Millennial,Male
2441,38,Millennial,Female
2442,40,Millennial,Female
2443,55,Gen X,Male
2444,48,Gen X,Male
2445,42,Millennial,Female
2446,47,Gen X,Female
2447,27,Millennial,Male
2448,52,Gen X,Male
2449,31,Millennial,Female
2450,36,Millennial,Male
2451,33,Millennial,Female
2452,29,Millennial,Male
2453,24,Gen Z,Male
2454,23,Gen Z,Male
2455,24,Gen Z,Male
2456,31,Millennial,Male
2457,58,Gen X,Female
2458,35,Millennial,Male
2459,39,Millennial,Male
2460,30,Millennial,Male
2461,35,Millennial,Male
2462,51,Gen X,Male
2463,52,Gen X,Male
2464,26,Gen Z,Female
2465,27,Millennial,Male
2466,36,Millennial,Female
2467,26,Gen Z,Male
2468,28,Millennial,Female
2469,31,Millennial,Male
2470,58,Gen X,Male
2471,40,Millennial,Female
2472,48,Gen X,Female
2473,28,Millennial,Female
2474,60,Boomer,Female
2475,30,Millennial,Female
2476,25,Gen Z,Female
2477,72,Boomer,Male
2478,56,Gen X,Female
2479,38,Millennial,Male
2480,25,Gen Z,Male
2481,38,Millennial,Male
2482,24,Gen Z,Male
2483,21,Gen Z,Male
2484,40,Millennial,Male
2485,33,Millennial,Male
2486,37,Millennial,Male
2487,50,Gen X,Male
2488,49,Gen X,Male
2489,47,Gen X,Male
2490,31,Millennial,Male
2491,45,Gen X,Male
2492,26,Gen Z,Female
2493,28,Millennial,Female
2494,42,Millennial,Male
2495,54,Gen X,Male
2496,68,Boomer,Male
2497,43,Gen X,Female
2498,72,Boomer,Male
2499,26,Gen Z,Female
2500,41,Millennial,Male
2501,27,Millennial,Female
2502,31,Millennial,Male
2503,21,Gen Z,Male
2504,41,Millennial,Male
2505,27,Millennial,Female
2506,28,Millennial,Male
2507,42,Millennial,Male
2508,31,Millennial,Female
2509,26,Gen Z,Male
2510,29,Millennial,Female
2511,24,Gen Z,Male
2512,46,Gen X,Female
2513,21,Gen Z,Female
2514,51,Gen X,Female
2515,22,Gen Z,Male
2516,23,Gen Z,Female
2517,60,Boomer,Male
2518,35,Millennial,Male
2519,47,Gen X,Male
2520,28,Millennial,Male
2521,29,Millennial,Male
2522,58,Gen X,Male
2523,24,Gen Z,Male
2524,29,Millennial,Female
2525,35,Millennial,Male
2526,29,Millennial,Male
2527,54,Gen X,Male
2528,37,Millennial,Male
2529,31,Millennial,Male
2530,27,Millennial,Male
2531,34,Millennial,Female
2532,34,Millennial,Female
2533,60,Boomer,Male
2534,36,Millennial,Male
2535,31,Millennial,Female
2536,23,Gen Z,Female
2537,30,Millennial,Male
2538,44,Gen X,Female
2539,38,Millennial,Male
2540,31,Millennial,Male
2541,24,Gen Z,Male
2542,51,Gen X,Male
2543,42,Millennial,Male
2544,30,Millennial,Female
2545,25,Gen Z,Male
2546,25,Gen Z,Male
2547,24,Gen Z,Female
2548,21,Gen Z,Male
2549,41,Millennial,Male
2550,25,Gen Z,Female
2551,71,Boomer,Female
2552,35,Millennial,Male
2553,23,Gen Z,Male
2554,38,Millennial,Female
2555,52,Gen X,Male
2556,33,Millennial,Male
2557,29,Millennial,Male
2558,39,Millennial,Female
2559,55,Gen X,Male
2560,31,Millennial,Male
2561,27,Millennial,Male
2562,59,Boomer,Male
2563,30,Millennial,Female
2564,35,Millennial,Male
2565,27,Millennial,Male
2566,45,Gen X,Female
2567,41,Millennial,Female
2568,27,Millennial,Male
2569,46,Gen X,Female
2570,25,Gen Z,Male
2571,37,Millennial,Male
2572,41,Millennial,Male
2573,40,Millennial,Male
2574,36,Millennial,Female
2575,33,Millennial,Male
2576,32,Millennial,Male
2577,59,Boomer,Female
2578,30,Millennial,Male
2579,69,Boomer,Male
2580,24,Gen Z,Male
2581,24,Gen Z,Male
2582,63,Boomer,Male
2583,67,Boomer,Male
2584,21,Gen Z,Male
2585,21,Gen Z,Female
2586,41,Millennial,Female
2587,33,Millennial,Male
2588,66,Boomer,Female
2589,42,Millennial,Female
2590,60,Boomer,Female
2591,70,Boomer,Male
2592,25,Gen Z,Male
2593,26,Gen Z,Male
2594,23,Gen Z,Male
2595,64,Boomer,Female
2596,23,Gen Z,Male
2597,40,Millennial,Male
2598,28,Millennial,Male
2599,41,Millennial,Male
2600,23,Gen Z,Male
2601,35,Millennial,Male
2602,21,Gen Z,Female
2603,29,Millennial,Female
2604,36,Millennial,Female
2605,29,Millennial,Male
2606,30,Millennial,Male
2607,31,Millennial,Male
2608,21,Gen Z,Male
2609,54,Gen X,Female
2610,23,Gen Z,Male
2611,39,Millennial,Female
2612,47,Gen X,Male
2613,35,Millennial,Female
2614,61,Boomer,Male
2615,39,Millennial,Male
2616,35,Millennial,Female
2617,30,Millennial,Male
2618,22,Gen Z,Male
2619,40,Millennial,Male
2620,58,Gen X,Male
2621,46,Gen X,Male
2622,31,Millennial,Male
2623,34,Millennial,Female
2624,33,Millennial,Male
2625,24,Gen Z,Male
2626,39,Millennial,Female
2627,23,Gen Z,Male
2628,25,Gen Z,Male
2629,58,Gen X,Female
2630,32,Millennial,Male
2631,36,Millennial,Male
2632,38,Millennial,Male
2633,33,Millennial,Male
2634,28,Millennial,Male
2635,47,Gen X,Male
2636,31,Millennial,Female
2637,36,Millennial,Male
2638,36,Millennial,Male
2639,43,Gen X,Female
2640,24,Gen Z,Male
2641,39,Millennial,Male
2642,25,Gen Z,Female
2643,55,Gen X,Male
2644,41,Millennial,Female
2645,67,Boomer,Male
2646,25,Gen Z,Male
2647,70,Boomer,Male
2648,30,Millennial,Male
2649,55,Gen X,Male
2650,24,Gen Z,Male
2651,42,Millennial,Male
2652,55,Gen X,Male
2653,28,Millennial,Male
2654,33,Millennial,Male
2655,23,Gen Z,Female
2656,41,Millennial,Female
2657,45,Gen X,Female
2658,42,Millennial,Female
2659,28,Millennial,Male
2660,54,Gen X,Female
2661,40,Millennial,Male
2662,44,Gen X,Male
2663,66,Boomer,Female
2664,22,Gen Z,Female
2665,30,Millennial,Female
2666,29,Millennial,Male
2667,33,Millennial,Female
2668,22,Gen Z,Male
2669,36,Millennial,Male
2670,40,Millennial,Female
2671,53,Gen X,Female
2672,23,Gen Z,Female
2673,69,Boomer,Male
2674,44,Gen X,Male
2675,39,Millennial,Male
2676,28,Millennial,Male
2677,29,Millennial,Male
2678,62,Boomer,Male
2679,34,Millennial,Female
2680,50,Gen X,Female
2681,71,Boomer,Female
2682,22,Gen Z,Male
2683,49,Gen X,Female
2684,64,Boomer,Male
2685,25,Gen Z,Female
2686,57,Gen X,Male
2687,26,Gen Z,Male
2688,47,Gen X,Male
2689,42,Millennial,Female
2690,24,Gen Z,Female
2691,60,Boomer,Male
2692,68,Boomer,Male
2693,42,Millennial,Male
2694,33,Millennial,Male
2695,29,Millennial,Male
2696,33,Millennial,Male
2697,23,Gen Z,Male
2698,23,Gen Z,Male
2699,24,Gen Z,Female
2700,71,Boomer,Female
2701,58,Gen X,Male
2702,72,Boomer,Female
2703,35,Millennial,Male
2704,37,Millennial,Male
2705,28,Millennial,Female
2706,37,Millennial,Female
2707,37,Millennial,Male
2708,50,Gen X,Male
2709,22,Gen Z,Male
2710,32,Millennial,Male
2711,56,Gen X,Male
2712,73,Boomer,Male
2713,21,Gen Z,Male
2714,58,Gen X,Male
2715,38,Millennial,Female
2716,39,Millennial,Male
2717,36,Millennial,Male
2718,58,Gen X,Female
2719,39,Millennial,Male
2720,45,Gen X,Male
2721,38,Millennial,Male
2722,51,Gen X,Male
2723,40,Millennial,Male
2724,40,Millennial,Male
2725,25,Gen Z,Male
2726,49,Gen X,Male
2727,28,Millennial,Male
2728,30,Millennial,Female
2729,34,Millennial,Male
2730,38,Millennial,Female
2731,40,Millennial,Male
2732,24,Gen Z,Male
2733,40,Millennial,Male
2734,36,Millennial,Female
2735,26,Gen Z,Male
2736,39,Millennial,Male
2737,27,Millennial,Female
2738,68,Boomer,Female
2739,24,Gen Z,Male
2740,53,Gen X,Male
2741,32,Millennial,Female
2742,24,Gen Z,Female
2743,42,Millennial,Male
2744,38,Millennial,Male
2745,47,Gen X,Male
2746,45,Gen X,Male
2747,21,Gen Z,Male
2748,23,Gen Z,Male
2749,52,Gen X,Male
2750,45,Gen X,Female
2751,41,Millennial,Male
2752,23,Gen Z,Male
2753,51,Gen X,Male
2754,37,Millennial,Female
2755,37,Millennial,Male
2756,23,Gen Z,Male
2757,21,Gen Z,Female
2758,47,Gen X,Male
2759,24,Gen Z,Female
2760,26,Gen Z,Male
2761,56,Gen X,Female
2762,32,Millennial,Female
2763,48,Gen X,Male
2764,64,Boomer,Male
2765,42,Millennial,Female
2766,51,Gen X,Male
2767,42,Millennial,Female
2768,31,Millennial,Male
2769,68,Boomer,Male
2770,23,Gen Z,Male
2771,42,Millennial,Female
2772,28,Millennial,Female
2773,58,Gen X,Male
2774,31,Millennial,Female
2775,39,Millennial,Male
2776,30,Millennial,Male
2777,54,Gen X,Female
2778,27,Millennial,Female
2779,32,Millennial,Male
2780,22,Gen Z,Female
2781,38,Millennial,Male
2782,41,Millennial,Male
2783,31,Millennial,Male
2784,26,Gen Z,Female
2785,24,Gen Z,Male
2786,39,Millennial,Female
2787,41,Millennial,Female
2788,65,Boomer,Female
2789,23,Gen Z,Female
2790,28,Millennial,Male
2791,50,Gen X,Male
2792,25,Gen Z,Female
2793,40,Millennial,Male
2794,38,Millennial,Female
2795,25,Gen Z,Male
2796,43,Gen X,Male
2797,48,Gen X,Female
2798,33,Millennial,Male
2799,26,Gen Z,Male
2800,51,Gen X,Female
2801,23,Gen Z,Female
2802,35,Millennial,Male
2803,49,Gen X,Female
2804,24,Gen Z,Male
2805,35,Millennial,Male
2806,29,Millennial,Male
2807,45,Gen X,Female
2808,50,Gen X,Male
2809,34,Millennial,Male
2810,43,Gen X,Male
2811,39,Millennial,Male
2812,56,Gen X,Male
2813,58,Gen X,Male
2814,52,Gen X,Male
2815,41,Millennial,Male
2816,29,Millennial,Female
2817,36,Millennial,Male
2818,42,Millennial,Male
2819,39,Millennial,Female
2820,32,Millennial,Female
2821,56,Gen X,Female
2822,23,Gen Z,Female
2823,53,Gen X,Female
2824,38,Millennial,Male
2825,34,Millennial,Male
2826,38,Millennial,Male
2827,33,Millennial,Male
2828,32,Millennial,Male
2829,26,Gen Z,Female
2830,25,Gen Z,Male
2831,41,Millennial,Male
2832,69,Boomer,Male
2833,47,Gen X,Female
2834,58,Gen X,Male
2835,38,Millennial,Female
2836,54,Gen X,Male
2837,30,Millennial,Female
2838,41,Millennial,Male
2839,22,Gen Z,Male
2840,26,Gen Z,Male
2841,24,Gen Z,Female
2842,40,Millennial,Female
2843,40,Millennial,Male
2844,31,Millennial,Male
2845,58,Gen X,Male
2846,29,Millennial,Female
2847,21,Gen Z,Male
2848,21,Gen Z,Male
2849,29,Millennial,Male
2850,64,Boomer,Male
2851,74,Boomer,Male
2852,42,Millennial,Female
2853,33,Millennial,Male
2854,32,Millennial,Female
2855,21,Gen Z,Female
2856,36,Millennial,Male
2857,31,Millennial,Male
2858,41,Millennial,Female
2859,26,Gen Z,Male
2860,21,Gen Z,Male
2861,51,Gen X,Male
2862,40,Millennial,Female
2863,37,Millennial,Male
2864,38,Millennial,Female
2865,39,Millennial,Male
2866,23,Gen Z,Male
2867,23,Gen Z,Male
2868,26,Gen Z,Male
2869,26,Gen Z,Male
2870,37,Millennial,Male
2871,36,Millennial,Male
2872,24,Gen Z,Male
2873,27,Millennial,Male
2874,41,Millennial,Male
2875,40,Millennial,Male
2876,63,Boomer,Female
2877,32,Millennial,Male
2878,22,Gen Z,Female
2879,65,Boomer,Male
2880,22,Gen Z,Male
2881,34,Millennial,Male
2882,25,Gen Z,Male
2883,34,Millennial,Female
2884,25,Gen Z,Male
2885,32,Millennial,Male
2886,35,Millennial,Female
2887,45,Gen X,Female
2888,33,Millennial,Male
2889,34,Millennial,Female
2890,51,Gen X,Male
2891,27,Millennial,Male
2892,73,Boomer,Male
2893,37,Millennial,Male
2894,25,Gen Z,Male
2895,33,Millennial,Male
2896,25,Gen Z,Male
2897,60,Boomer,Male
2898,57,Gen X,Female
2899,27,Millennial,Male
2900,36,Millennial,Male
2901,23,Gen Z,Male
2902,51,Gen X,Female
2903,34,Millennial,Male
2904,35,Millennial,Male
2905,39,Millennial,Male
2906,23,Gen Z,Female
2907,41,Millennial,Male
2908,26,Gen Z,Female
2909,22,Gen Z,Male
2910,59,Boomer,Male
2911,37,Millennial,Male
2912,50,Gen X,Male
2913,44,Gen X,Female
2914,40,Millennial,Male
2915,22,Gen Z,Female
2916,34,Millennial,Male
2917,40,Millennial,Female
2918,38,Millennial,Male
2919,37,Millennial,Male
2920,73,Boomer,Male
2921,58,Gen X,Female
2922,25,Gen Z,Male
2923,40,Millennial,Female
2924,22,Gen Z,Male
2925,43,Gen X,Male
2926,37,Millennial,Male
2927,26,Gen Z,Male
2928,40,Millennial,Female
2929,22,Gen Z,Male
2930,40,Millennial,Male
2931,38,Millennial,Male
2932,30,Millennial,Male
2933,33,Millennial,Male
2934,32,Millennial,Female
2935,28,Millennial,Male
2936,22,Gen Z,Female
2937,39,Millennial,Male
2938,24,Gen Z,Female
2939,31,Millennial,Female
2940,31,Millennial,Male
2941,23,Gen Z,Female
2942,37,Millennial,Male
2943,28,Millennial,Male
2944,53,Gen X,Male
2945,63,Boomer,Male
2946,24,Gen Z,Female
2947,23,Gen Z,Female
2948,36,Millennial,Female
2949,67,Boomer,Female
2950,26,Gen Z,Female
2951,32,Millennial,Male
2952,40,Millennial,Female
2953,21,Gen Z,Male
2954,73,Boomer,Female
2955,47,Gen X,Male
2956,37,Millennial,Male
2957,36,Millennial,Male
2958,29,Millennial,Male
2959,29,Millennial,Male
2960,29,Millennial,Male
2961,26,Gen Z,Female
2962,36,Millennial,Female
2963,59,Boomer,Male
2964,22,Gen Z,Male
2965,37,Millennial,Female
2966,60,Boomer,Male
2967,33,Millennial,Male
2968,65,Boomer,Female
2969,58,Gen X,Female
2970,26,Gen Z,Male
2971,51,Gen X,Male
2972,34,Millennial,Male
2973,46,Gen X,Female
2974,39,Millennial,Male
2975,35,Millennial,Female
2976,25,Gen Z,Male
2977,44,Gen X,Male
2978,43,Gen X,Male
2979,34,Millennial,Female
2980,68,Boomer,Male
2981,33,Millennial,Male
2982,25,Gen Z,Female
2983,21,Gen Z,Female
2984,30,Millennial,Male
2985,42,Millennial,Male
2986,26,Gen Z,Male
2987,31,Millennial,Female
2988,23,Gen Z,Female
2989,52,Gen X,Male
2990,30,Millennial,Male
2991,35,Millennial,Female
2992,69,Boomer,Male
2993,67,Boomer,Female
2994,22,Gen Z,Male
2995,31,Millennial,Male
2996,25,Gen Z,Male
2997,29,Millennial,Male
2998,30,Millennial,Female
2999,25,Gen Z,Male
3000,22,Gen Z,Male
3001,22,Gen Z,Male
3002,45,Gen X,Female
3003,64,Boomer,Male
3004,35,Millennial,Female
3005,42,Millennial,Male
3006,25,Gen Z,Female
3007,26,Gen Z,Female
3008,41,Millennial,Female
3009,41,Millennial,Male
3010,54,Gen X,Male
3011,25,Gen Z,Male
3012,58,Gen X,Male
3013,45,Gen X,Female
3014,28,Millennial,Female
3015,33,Millennial,Female
3016,23,Gen Z,Male
3017,40,Millennial,Male
3018,39,Millennial,Male
3019,41,Millennial,Male
3020,36,Millennial,Female
3021,21,Gen Z,Female
3022,61,Boomer,Male
3023,40,Millennial,Male
3024,24,Gen Z,Male
3025,33,Millennial,Male
3026,28,Millennial,Male
3027,21,Gen Z,Male
3028,27,Millennial,Male
3029,46,Gen X,Male
3030,30,Millennial,Male
3031,32,Millennial,Male
3032,46,Gen X,Male
3033,44,Gen X,Male
3034,59,Boomer,Male
3035,33,Millennial,Male
3036,21,Gen Z,Male
3037,34,Millennial,Male
3038,42,Millennial,Male
3039,22,Gen Z,Male
3040,32,Millennial,Male
3041,38,Millennial,Male
3042,51,Gen X,Male
3043,32,Millennial,Female
3044,37,Millennial,Female
3045,59,Boomer,Female
3046,37,Millennial,Male
3047,36,Millennial,Female
3048,28,Millennial,Male
3049,52,Gen X,Male
3050,25,Gen Z,Female
3051,25,Gen Z,Male
3052,22,Gen Z,Female
3053,31,Millennial,Female
3054,57,Gen X,Female
3055,68,Boomer,Male
3056,50,Gen X,Female
3057,24,Gen Z,Male
3058,33,Millennial,Male
3059,37,Millennial,Female
3060,29,Millennial,Male
3061,39,Millennial,Male
3062,64,Boomer,Male
3063,26,Gen Z,Female
3064,37,Millennial,Male
3065,37,Millennial,Female
3066,24,Gen Z,Male
3067,60,Boomer,Male
3068,33,Millennial,Female
3069,22,Gen Z,Female
3070,26,Gen Z,Female
3071,53,Gen X,Male
3072,52,Gen X,Male
3073,27,Millennial,Male
3074,32,Millennial,Male
3075,59,Boomer,Male
3076,23,Gen Z,Male
3077,30,Millennial,Male
3078,28,Millennial,Female
3079,49,Gen X,Male
3080,37,Millennial,Female
3081,26,Gen Z,Male
3082,27,Millennial,Male
3083,38,Millennial,Female
3084,54,Gen X,Male
3085,63,Boomer,Male
3086,23,Gen Z,Male
3087,21,Gen Z,Male
3088,31,Millennial,Male
3089,27,Millennial,Male
3090,25,Gen Z,Female
3091,38,Millennial,Male
3092,22,Gen Z,Female
3093,25,Gen Z,Male
3094,40,Millennial,Male
3095,56,Gen X,Male
3096,68,Boomer,Female
3097,26,Gen Z,Female
3098,25,Gen Z,Female
3099,30,Millennial,Male
3100,21,Gen Z,Male
3101,27,Millennial,Female
3102,31,Millennial,Male
3103,41,Millennial,Male
3104,39,Millennial,Female
3105,26,Gen Z,Male
3106,71,Boomer,Female
3107,36,Millennial,Male
3108,23,Gen Z,Male
3109,38,Millennial,Male
3110,54,Gen X,Female
3111,25,Gen Z,Male
3112,58,Gen X,Male
3113,21,Gen Z,Male
3114,25,Gen Z,Female
3115,38,Millennial,Male
3116,64,Boomer,Male
3117,24,Gen Z,Male
3118,72,Boomer,Female
3119,25,Gen Z,Male
3120,33,Millennial,Female
3121,29,Millennial,Female
3122,40,Millennial,Male
3123,23,Gen Z,Male
3124,45,Gen X,Male
3125,51,Gen X,Female
3126,26,Gen Z,Male
3127,40,Millennial,Male
3128,32,Millennial,Male
3129,28,Millennial,Male
3130,35,Millennial,Female
3131,42,Millennial,Male
3132,37,Millennial,Female
3133,39,Millennial,Male
3134,21,Gen Z,Male
3135,33,Millennial,Female
3136,39,Millennial,Male
3137,35,Millennial,Male
3138,24,Gen Z,Male
3139,37,Millennial,Male
3140,21,Gen Z,Male
3141,28,Millennial,Male
3142,57,Gen X,Male
3143,34,Millennial,Male
3144,30,Millennial,Male
3145,28,Millennial,Male
3146,29,Millennial,Female
3147,65,Boomer,Male
3148,26,Gen Z,Female
3149,62,Boomer,Male
3150,30,Millennial,Male
3151,27,Millennial,Male
3152,21,Gen Z,Male
3153,57,Gen X,Female
3154,31,Millennial,Male
3155,26,Gen Z,Male
3156,35,Millennial,Male
3157,41,Millennial,Male
3158,40,Millennial,Male
3159,46,Gen X,Male
3160,49,Gen X,Female
3161,33,Millennial,Male
3162,23,Gen Z,Male
3163,25,Gen Z,Male
3164,29,Millennial,Male
3165,25,Gen Z,Male
3166,39,Millennial,Male
3167,46,Gen X,Female
3168,33,Millennial,Male
3169,28,Millennial,Male
3170,41,Millennial,Female
3171,38,Millennial,Male
3172,73,Boomer,Male
3173,47,Gen X,Female
3174,56,Gen X,Male
3175,56,Gen X,Male
3176,56,Gen X,Male
3177,35,Millennial,Male
3178,32,Millennial,Female
3179,36,Millennial,Female
3180,39,Millennial,Male
3181,25,Gen Z,Male
3182,42,Millennial,Male
3183,45,Gen X,Male
3184,37,Millennial,Male
3185,52,Gen X,Male
3186,71,Boomer,Male
3187,34,Millennial,Female
3188,45,Gen X,Female
3189,42,Millennial,Male
3190,51,Gen X,Female
3191,21,Gen Z,Female
3192,46,Gen X,Female
3193,24,Gen Z,Male
3194,27,Millennial,Female
3195,61,Boomer,Female
3196,57,Gen X,Male
3197,42,Millennial,Male
3198,33,Millennial,Male
3199,27,Millennial,Female
3200,25,Gen Z,Female
3201,58,Gen X,Female
3202,34,Millennial,Male
3203,40,Millennial,Female
3204,33,Millennial,Male
3205,61,Boomer,Male
3206,39,Millennial,Female
3207,40,Millennial,Male
3208,25,Gen Z,Male
3209,54,Gen X,Female
3210,41,Millennial,Female
3211,26,Gen Z,Female
3212,26,Gen Z,Female
3213,27,Millennial,Female
3214,35,Millennial,Male
3215,37,Millennial,Male
3216,41,Millennial,Female
3217,33,Millennial,Female
3218,21,Gen Z,Female
3219,68,Boomer,Female
3220,23,Gen Z,Male
3221,23,Gen Z,Male
3222,39,Millennial,Male
3223,37,Millennial,Male
3224,56,Gen X,Male
3225,30,Millennial,Male
3226,40,Millennial,Male
3227,41,Millennial,Female
3228,27,Millennial,Male
3229,24,Gen Z,Female
3230,42,Millennial,Female
3231,45,Gen X,Male
3232,51,Gen X,Male
3233,29,Millennial,Male
3234,28,Millennial,Male
3235,58,Gen X,Male
3236,36,Millennial,Female
3237,49,Gen X,Male
3238,31,Millennial,Male
3239,28,Millennial,Female
3240,56,Gen X,Male
3241,25,Gen Z,Female
3242,31,Millennial,Male
3243,27,Millennial,Female
3244,58,Gen X,Female
3245,41,Millennial,Male
3246,25,Gen Z,Male
3247,47,Gen X,Female
3248,30,Millennial,Male
3249,24,Gen Z,Male
3250,31,Millennial,Male
3251,65,Boomer,Male
3252,40,Millennial,Male
3253,25,Gen Z,Male
3254,26,Gen Z,Female
3255,39,Millennial,Male
3256,33,Millennial,Female
3257,46,Gen X,Male
3258,69,Boomer,Female
3259,38,Millennial,Male
3260,36,Millennial,Female
3261,36,Millennial,Male
3262,21,Gen Z,Female
3263,21,Gen Z,Female
3264,37,Millennial,Male
3265,26,Gen Z,Male
3266,24,Gen Z,Male
3267,70,Boomer,Male
3268,46,Gen X,Male
3269,40,Millennial,Female
3270,30,Millennial,Female
3271,29,Millennial,Male
3272,46,Gen X,Female
3273,22,Gen Z,Male
3274,29,Millennial,Male
3275,30,Millennial,Male
3276,25,Gen Z,Male
3277,34,Millennial,Male
3278,41,Millennial,Female
3279,26,Gen Z,Female
3280,25,Gen Z,Male
3281,28,Millennial,Male
3282,26,Gen Z,Male
3283,26,Gen Z,Female
3284,24,Gen Z,Female
3285,42,Millennial,Male
3286,40,Millennial,Male
3287,30,Millennial,Male
3288,25,Gen Z,Male
3289,21,Gen Z,Male
3290,34,Millennial,Male
3291,37,Millennial,Male
3292,26,Gen Z,Male
3293,62,Boomer,Male
3294,21,Gen Z,Female
3295,35,Millennial,Male
3296,52,Gen X,Male
3297,24,Gen Z,Male
3298,65,Boomer,Male
3299,36,Millennial,Male
3300,66,Boomer,Female
3301,24,Gen Z,Female
3302,24,Gen Z,Male
3303,26,Gen Z,Female
3304,39,Millennial,Female
3305,47,Gen X,Male
3306,31,Millennial,Male
3307,22,Gen Z,Male
3308,30,Millennial,Male
3309,45,Gen X,Male
3310,55,Gen X,Female
3311,25,Gen Z,Male
3312,23,Gen Z,Male
3313,31,Millennial,Male
3314,37,Millennial,Female
3315,24,Gen Z,Male
3316,39,Millennial,Male
3317,21,Gen Z,Male
3318,34,Millennial,Male
3319,70,Boomer,Female
3320,44,Gen X,Male
3321,74,Boomer,Male
3322,31,Millennial,Female
3323,36,Millennial,Male
3324,22,Gen Z,Male
3325,38,Millennial,Female
3326,27,Millennial,Male
3327,50,Gen X,Male
3328,23,Gen Z,Female
3329,32,Millennial,Female
3330,39,Millennial,Male
3331,27,Millennial,Male
3332,24,Gen Z,Male
3333,34,Millennial,Male
3334,59,Boomer,Male
3335,23,Gen Z,Male
3336,25,Gen Z,Female
3337,46,Gen X,Male
3338,28,Millennial,Male
3339,50,Gen X,Male
3340,46,Gen X,Female
3341,72,Boomer,Male
3342,70,Boomer,Male
3343,30,Millennial,Male
3344,43,Gen X,Male
3345,38,Millennial,Male
3346,25,Gen Z,Male
3347,49,Gen X,Male
3348,24,Gen Z,Male
3349,21,Gen Z,Female
3350,36,Millennial,Female
3351,21,Gen Z,Male
3352,32,Millennial,Male
3353,21,Gen Z,Male
3354,31,Millennial,Female
3355,24,Gen Z,Male
3356,29,Millennial,Male
3357,50,Gen X,Male
3358,28,Millennial,Male
3359,29,Millennial,Female
3360,48,Gen X,Female
3361,38,Millennial,Male
3362,21,Gen Z,Male
3363,36,Millennial,Female
3364,35,Millennial,Male
3365,25,Gen Z,Female
3366,22,Gen Z,Male
3367,23,Gen Z,Male
3368,60,Boomer,Male
3369,45,Gen X,Male
3370,36,Millennial,Male
3371,25,Gen Z,Male
3372,43,Gen X,Male
3373,51,Gen X,Male
3374,38,Millennial,Female
3375,25,Gen Z,Female
3376,38,Millennial,Male
3377,35,Millennial,Female
3378,30,Millennial,Male
3379,53,Gen X,Male
3380,24,Gen Z,Male
3381,49,Gen X,Male
3382,26,Gen Z,Male
3383,28,Millennial,Male
3384,22,Gen Z,Female
3385,25,Gen Z,Male
3386,68,Boomer,Male
3387,21,Gen Z,Female
3388,27,Millennial,Female
3389,21,Gen Z,Female
3390,42,Millennial,Male
3391,34,Millennial,Male
3392,72,Boomer,Female
3393,45,Gen X,Male
3394,45,Gen X,Female
3395,29,Millennial,Female
3396,53,Gen X,Male
3397,30,Millennial,Male
3398,43,Gen X,Male
3399,27,Millennial,Female
3400,38,Millennial,Female
3401,35,Millennial,Male
3402,22,Gen Z,Female
3403,37,Millennial,Male
3404,33,Millennial,Male
3405,24,Gen Z,Female
3406,32,Millennial,Male
3407,28,Millennial,Female
3408,25,Gen Z,Male
3409,26,Gen Z,Male
3410,23,Gen Z,Female
3411,27,Millennial,Male
3412,40,Millennial,Male
3413,47,Gen X,Male
3414,23,Gen Z,Male
3415,41,Millennial,Male
3416,25,Gen Z,Male
3417,35,Millennial,Female
3418,24,Gen Z,Female
3419,59,Boomer,Male
3420,22,Gen Z,Male
3421,37,Millennial,Male
3422,41,Millennial,Male
3423,25,Gen Z,Female
3424,74,Boomer,Female
3425,53,Gen X,Male
3426,21,Gen Z,Female
3427,37,Millennial,Male
3428,37,Millennial,Female
3429,39,Millennial,Female
3430,37,Millennial,Male
3431,23,Gen Z,Male
3432,50,Gen X,Female
3433,22,Gen Z,Male
3434,41,Millennial,Male
3435,32,Millennial,Male
3436,38,Millennial,Male
3437,39,Millennial,Female
3438,43,Gen X,Male
3439,37,Millennial,Male
3440,21,Gen Z,Male
3441,33,Millennial,Female
3442,35,Millennial,Male
3443,23,Gen Z,Female
3444,41,Millennial,Female
3445,58,Gen X,Male
3446,26,Gen Z,Female
3447,29,Millennial,Male
3448,25,Gen Z,Male
3449,66,Boomer,Female
3450,26,Gen Z,Male
3451,48,Gen X,Male
3452,38,Millennial,Male
3453,57,Gen X,Female
3454,65,Boomer,Male
3455,21,Gen Z,Female
3456,27,Millennial,Female
3457,25,Gen Z,Male
3458,39,Millennial,Male
3459,39,Millennial,Male
3460,25,Gen Z,Female
3461,28,Millennial,Female
3462,46,Gen X,Male
3463,29,Millennial,Male
3464,25,Gen Z,Male
3465,48,Gen X,Male
3466,24,Gen Z,Male
3467,46,Gen X,Male
3468,56,Gen X,Male
3469,24,Gen Z,Male
3470,36,Millennial,Female
3471,22,Gen Z,Male
3472,22,Gen Z,Male
3473,73,Boomer,Male
3474,25,Gen Z,Male
3475,38,Millennial,Male
3476,30,Millennial,Female
3477,74,Boomer,Male
3478,29,Millennial,Male
3479,28,Millennial,Male
3480,24,Gen Z,Male
3481,52,Gen X,Female
3482,39,Millennial,Male
3483,27,Millennial,Male
3484,54,Gen X,Male
3485,22,Gen Z,Female
3486,63,Boomer,Male
3487,21,Gen Z,Male
3488,21,Gen Z,Male
3489,36,Millennial,Male
3490,41,Millennial,Male
3491,38,Millennial,Male
3492,40,Millennial,Male
3493,38,Millennial,Male
3494,40,Millennial,Male
3495,33,Millennial,Male
3496,37,Millennial,Male
3497,30,Millennial,Female
3498,40,Millennial,Male
3499,46,Gen X,Male
3500,52,Gen X,Male
3501,37,Millennial,Male
3502,34,Millennial,Male
3503,24,Gen Z,Male
3504,25,Gen Z,Female
3505,33,Millennial,Male
3506,42,Millennial,Male
3507,40,Millennial,Male
3508,25,Gen Z,Female
3509,42,Millennial,Male
3510,29,Millennial,Female
3511,24,Gen Z,Female
3512,37,Millennial,Male
3513,29,Millennial,Male
3514,34,Millennial,Male
3515,29,Millennial,Female
3516,25,Gen Z,Female
3517,25,Gen Z,Male
3518,57,Gen X,Male
3519,38,Millennial,Female
3520,54,Gen X,Female
3521,23,Gen Z,Female
3522,32,Millennial,Male
3523,26,Gen Z,Male
3524,38,Millennial,Male
3525,44,Gen X,Female
3526,24,Gen Z,Male
3527,58,Gen X,Male
3528,40,Millennial,Female
3529,41,Millennial,Male
3530,25,Gen Z,Female
3531,32,Millennial,Female
3532,41,Millennial,Male
3533,28,Millennial,Female
3534,27,Millennial,Male
3535,31,Millennial,Male
3536,25,Gen Z,Female
3537,24,Gen Z,Female
3538,30,Millennial,Female
3539,23,Gen Z,Female
3540,48,Gen X,Female
3541,66,Boomer,Female
3542,40,Millennial,Male
3543,34,Millennial,Male
3544,39,Millennial,Female
3545,29,Millennial,Male
3546,27,Millennial,Male
3547,30,Millennial,Male
3548,40,Millennial,Male
3549,33,Millennial,Male
3550,59,Boomer,Male
3551,29,Millennial,Male
3552,22,Gen Z,Male
3553,56,Gen X,Male
3554,69,Boomer,Female
3555,21,Gen Z,Female
3556,29,Millennial,Male
3557,36,Millennial,Male
3558,43,Gen X,Female
3559,74,Boomer,Female
3560,35,Millennial,Male
3561,48,Gen X,Male
3562,25,Gen Z,Female
3563,21,Gen Z,Male
3564,23,Gen Z,Male
3565,32,Millennial,Male
3566,38,Millennial,Female
3567,21,Gen Z,Male
3568,24,Gen Z,Male
3569,36,Millennial,Male
3570,33,Millennial,Male
3571,59,Boomer,Male
3572,53,Gen X,Male
3573,21,Gen Z,Male
3574,32,Millennial,Male
3575,32,Millennial,Male
3576,33,Millennial,Female
3577,21,Gen Z,Male
3578,23,Gen Z,Male
3579,51,Gen X,Female
3580,24,Gen Z,Female
3581,30,Millennial,Male
3582,44,Gen X,Female
3583,68,Boomer,Female
3584,69,Boomer,Male
3585,45,Gen X,Male
3586,21,Gen Z,Female
3587,36,Millennial,Female
3588,39,Millennial,Male
3589,55,Gen X,Female
3590,68,Boomer,Male
3591,25,Gen Z,Female
3592,21,Gen Z,Female
3593,48,Gen X,Male
3594,47,Gen X,Male
3595,26,Gen Z,Male
3596,39,Millennial,Male
3597,38,Millennial,Male
3598,26,Gen Z,Female
3599,31,Millennial,Female
3600,49,Gen X,Male
3601,73,Boomer,Male
3602,30,Millennial,Male
3603,41,Millennial,Male
3604,29,Millennial,Male
3605,41,Millennial,Male
3606,74,Boomer,Male
3607,40,Millennial,Male
3608,33,Millennial,Female
3609,68,Boomer,Male
3610,28,Millennial,Male
3611,22,Gen Z,Male
3612,26,Gen Z,Male
3613,27,Millennial,Male
3614,48,Gen X,Male
3615,40,Millennial,Female
3616,66,Boomer,Male
3617,40,Millennial,Male
3618,21,Gen Z,Female
3619,21,Gen Z,Male
3620,44,Gen X,Male
3621,29,Millennial,Male
3622,54,Gen X,Female
3623,26,Gen Z,Male
3624,24,Gen Z,Male
3625,38,Millennial,Female
3626,27,Millennial,Female
3627,25,Gen Z,Male
3628,33,Millennial,Female
3629,26,Gen Z,Male
3630,41,Millennial,Male
3631,35,Millennial,Female
3632,24,Gen Z,Male
3633,23,Gen Z,Male
3634,38,Millennial,Female
3635,23,Gen Z,Male
3636,24,Gen Z,Male
3637,37,Millennial,Male
3638,64,Boomer,Female
3639,68,Boomer,Female
3640,28,Millennial,Male
3641,62,Boomer,Female
3642,22,Gen Z,Female
3643,25,Gen Z,Male
3644,69,Boomer,Male
3645,57,Gen X,Female
3646,36,Millennial,Male
3647,45,Gen X,Female
3648,39,Millennial,Male
3649,72,Boomer,Male
3650,21,Gen Z,Female
3651,22,Gen Z,Male
3652,23,Gen Z,Female
3653,36,Millennial,Female
3654,60,Boomer,Male
3655,22,Gen Z,Male
3656,35,Millennial,Male
3657,35,Millennial,Male
3658,35,Millennial,Male
3659,40,Millennial,Male
3660,28,Millennial,Male
3661,26,Gen Z,Male
3662,25,Gen Z,Male
3663,72,Boomer,Male
3664,27,Millennial,Male
3665,25,Gen Z,Male
3666,51,Gen X,Male
3667,26,Gen Z,Male
3668,28,Millennial,Female
3669,57,Gen X,Male
3670,27,Millennial,Male
3671,32,Millennial,Male
3672,42,Millennial,Male
3673,39,Millennial,Male
3674,21,Gen Z,Female
3675,28,Millennial,Female
3676,34,Millennial,Female
3677,22,Gen Z,Female
3678,29,Millennial,Male
3679,57,Gen X,Female
3680,53,Gen X,Male
3681,24,Gen Z,Male
3682,39,Millennial,Male
3683,41,Millennial,Male
3684,24,Gen Z,Male
3685,32,Millennial,Male
3686,21,Gen Z,Male
3687,33,Millennial,Female
3688,27,Millennial,Male
3689,52,Gen X,Female
3690,35,Millennial,Male
3691,23,Gen Z,Male
3692,24,Gen Z,Female
3693,37,Millennial,Male
3694,36,Millennial,Male
3695,65,Boomer,Female
3696,26,Gen Z,Male
3697,29,Millennial,Male
3698,52,Gen X,Male
3699,37,Millennial,Male
3700,35,Millennial,Female
3701,50,Gen X,Female
3702,22,Gen Z,Male
3703,38,Millennial,Male
3704,30,Millennial,Male
3705,34,Millennial,Male
3706,38,Millennial,Female
3707,46,Gen X,Female
3708,31,Millennial,Female
3709,41,Millennial,Female
3710,37,Millennial,Male
3711,33,Millennial,Male
3712,41,Millennial,Male
3713,25,Gen Z,Male
3714,52,Gen X,Male
3715,35,Millennial,Male
3716,42,Millennial,Male
3717,42,Millennial,Male
3718,21,Gen Z,Male
3719,55,Gen X,Male
3720,71,Boomer,Male
3721,54,Gen X,Female
3722,26,Gen Z,Male
3723,40,Millennial,Male
3724,72,Boomer,Male
3725,30,Millennial,Male
3726,35,Millennial,Male
3727,23,Gen Z,Female
3728,24,Gen Z,Male
3729,27,Millennial,Female
3730,21,Gen Z,Male
3731,32,Millennial,Male
3732,29,Millennial,Male
3733,21,Gen Z,Male
3734,51,Gen X,Male
3735,40,Millennial,Female
3736,29,Millennial,Female
3737,30,Millennial,Male
3738,52,Gen X,Female
3739,27,Millennial,Female
3740,34,Millennial,Male
3741,35,Millennial,Male
3742,26,Gen Z,Male
3743,50,Gen X,Male
3744,58,Gen X,Female
3745,42,Millennial,Female
3746,22,Gen Z,Male
3747,33,Millennial,Male
3748,26,Gen Z,Male
3749,56,Gen X,Male
3750,25,Gen Z,Male
3751,36,Millennial,Female
3752,24,Gen Z,Male
3753,30,Millennial,Female
3754,39,Millennial,Male
3755,29,Millennial,Male
3756,34,Millennial,Male
3757,36,Millennial,Male
3758,58,Gen X,Male
3759,36,Millennial,Male
3760,24,Gen Z,Male
3761,37,Millennial,Male
3762,56,Gen X,Female
3763,71,Boomer,Male
3764,29,Millennial,Female
3765,28,Millennial,Male
3766,56,Gen X,Male
3767,53,Gen X,Male
3768,27,Millennial,Male
3769,24,Gen Z,Male
3770,51,Gen X,Female
3771,73,Boomer,Female
3772,25,Gen Z,Male
3773,30,Millennial,Male
3774,57,Gen X,Male
3775,39,Millennial,Female
3776,23,Gen Z,Male
3777,53,Gen X,Male
3778,36,Millennial,Male
3779,31,Millennial,Female
3780,30,Millennial,Female
3781,34,Millennial,Female
3782,22,Gen Z,Female
3783,23,Gen Z,Male
3784,63,Boomer,Female
3785,26,Gen Z,Male
3786,37,Millennial,Male
3787,23,Gen Z,Male
3788,30,Millennial,Male
3789,50,Gen X,Female
3790,27,Millennial,Male
3791,40,Millennial,Male
3792,28,Millennial,Female
3793,26,Gen Z,Female
3794,21,Gen Z,Male
3795,21,Gen Z,Female
3796,54,Gen X,Male
3797,22,Gen Z,Male
3798,41,Millennial,Male
3799,37,Millennial,Male
3800,27,Millennial,Female
3801,21,Gen Z,Male
3802,41,Millennial,Male
3803,39,Millennial,Female
3804,34,Millennial,Female
3805,72,Boomer,Male
3806,52,Gen X,Male
3807,56,Gen X,Male
3808,26,Gen Z,Female
3809,47,Gen X,Male
3810,32,Millennial,Male
3811,24,Gen Z,Female
3812,48,Gen X,Male
3813,35,Millennial,Male
3814,40,Millennial,Female
3815,29,Millennial,Female
3816,32,Millennial,Male
3817,35,Millennial,Male
3818,51,Gen X,Female
3819,28,Millennial,Male
3820,33,Millennial,Male
3821,24,Gen Z,Male
3822,41,Millennial,Male
3823,44,Gen X,Female
3824,57,Gen X,Male
3825,40,Millennial,Male
3826,41,Millennial,Male
3827,40,Millennial,Male
3828,31,Millennial,Male
3829,31,Millennial,Female
3830,26,Gen Z,Male
3831,33,Millennial,Male
3832,57,Gen X,Male
3833,34,Millennial,Male
3834,37,Millennial,Female
3835,33,Millennial,Male
3836,34,Millennial,Male
3837,68,Boomer,Female
3838,49,Gen X,Male
3839,41,Millennial,Male
3840,36,Millennial,Female
3841,61,Boomer,Female
3842,27,Millennial,Female
3843,33,Millennial,Male
3844,37,Millennial,Female
3845,48,Gen X,Male
3846,47,Gen X,Male
3847,25,Gen Z,Male
3848,39,Millennial,Male
3849,29,Millennial,Female
3850,50,Gen X,Male
3851,25,Gen Z,Female
3852,53,Gen X,Female
3853,23,Gen Z,Male
3854,52,Gen X,Male
3855,23,Gen Z,Male
3856,42,Millennial,Male
3857,24,Gen Z,Male
3858,24,Gen Z,Male
3859,25,Gen Z,Female
3860,22,Gen Z,Male
3861,28,Millennial,Female
3862,34,Millennial,Male
3863,31,Millennial,Male
3864,22,Gen Z,Female
3865,67,Boomer,Male
3866,69,Boomer,Male
3867,64,Boomer,Male
3868,36,Millennial,Female
3869,52,Gen X,Female
3870,25,Gen Z,Male
3871,51,Gen X,Male
3872,31,Millennial,Male
3873,25,Gen Z,Male
3874,37,Millennial,Male
3875,37,Millennial,Male
3876,50,Gen X,Male
3877,27,Millennial,Male
3878,27,Millennial,Male
3879,42,Millennial,Male
3880,32,Millennial,Female
3881,33,Millennial,Male
3882,40,Millennial,Male
3883,21,Gen Z,Male
3884,22,Gen Z,Male
3885,28,Millennial,Male
3886,26,Gen Z,Male
3887,67,Boomer,Male
3888,22,Gen Z,Male
3889,34,Millennial,Female
3890,28,Millennial,Male
3891,41,Millennial,Male
3892,57,Gen X,Male
3893,37,Millennial,Male
3894,29,Millennial,Male
3895,26,Gen Z,Female
3896,65,Boomer,Female
3897,39,Millennial,Male
3898,25,Gen Z,Male
3899,43,Gen X,Male
3900,67,Boomer,Male
3901,37,Millennial,Male
3902,45,Gen X,Male
3903,25,Gen Z,Female
3904,56,Gen X,Male
3905,24,Gen Z,Male
3906,46,Gen X,Female
3907,55,Gen X,Male
3908,46,Gen X,Female
3909,21,Gen Z,Male
3910,30,Millennial,Male
3911,40,Millennial,Female
3912,41,Millennial,Male
3913,26,Gen Z,Male
3914,26,Gen Z,Male
3915,43,Gen X,Female
3916,25,Gen Z,Male
3917,51,Gen X,Male
3918,24,Gen Z,Female
3919,27,Millennial,Female
3920,48,Gen X,Male
3921,21,Gen Z,Male
3922,38,Millennial,Female
3923,39,Millennial,Male
3924,74,Boomer,Male
3925,70,Boomer,Male
3926,40,Millennial,Female
3927,50,Gen X,Female
3928,46,Gen X,Male
3929,28,Millennial,Male
3930,29,Millennial,Male
3931,27,Millennial,Male
3932,32,Millennial,Male
3933,45,Gen X,Male
3934,40,Millennial,Female
3935,28,Millennial,Female
3936,30,Millennial,Male
3937,21,Gen Z,Female
3938,57,Gen X,Male
3939,35,Millennial,Male
3940,29,Millennial,Male
3941,24,Gen Z,Male
3942,33,Millennial,Male
3943,23,Gen Z,Female
3944,38,Millennial,Female
3945,35,Millennial,Female
3946,34,Millennial,Female
3947,30,Millennial,Female
3948,39,Millennial,Male
3949,38,Millennial,Male
3950,25,Gen Z,Male
3951,38,Millennial,Female
3952,37,Millennial,Male
3953,22,Gen Z,Male
3954,22,Gen Z,Female
3955,23,Gen Z,Female
3956,42,Millennial,Male
3957,55,Gen X,Male
3958,37,Millennial,Male
3959,26,Gen Z,Female
3960,40,Millennial,Male
3961,23,Gen Z,Male
3962,59,Boomer,Male
3963,29,Millennial,Male
3964,50,Gen X,Female
3965,34,Millennial,Male
3966,27,Millennial,Female
3967,28,Millennial,Female
3968,50,Gen X,Male
3969,30,Millennial,Male
3970,25,Gen Z,Male
3971,26,Gen Z,Female
3972,57,Gen X,Male
3973,29,Millennial,Male
3974,37,Millennial,Female
3975,32,Millennial,Male
3976,32,Millennial,Male
3977,32,Millennial,Male
3978,38,Millennial,Male
3979,36,Millennial,Female
3980,32,Millennial,Male
3981,41,Millennial,Female
3982,39,Millennial,Female
3983,40,Millennial,Male
3984,25,Gen Z,Female
3985,65,Boomer,Male
3986,29,Millennial,Male
3987,21,Gen Z,Male
3988,25,Gen Z,Male
3989,21,Gen Z,Male
3990,24,Gen Z,Female
3991,39,Millennial,Male
3992,22,Gen Z,Female
3993,36,Millennial,Female
3994,37,Millennial,Female
3995,54,Gen X,Female
3996,32,Millennial,Female
3997,21,Gen Z,Male
3998,33,Millennial,Female
3999,34,Millennial,Male
4000,32,Millennial,Male
4001,24,Gen Z,Male
4002,29,Millennial,Male
4003,60,Boomer,Male
4004,22,Gen Z,Male
4005,50,Gen X,Female
4006,37,Millennial,Male
4007,31,Millennial,Female
4008,60,Boomer,Male
4009,37,Millennial,Male
4010,69,Boomer,Male
4011,37,Millennial,Male
4012,69,Boomer,Male
4013,24,Gen Z,Male
4014,49,Gen X,Male
4015,33,Millennial,Male
4016,42,Millennial,Male
4017,23,Gen Z,Male
4018,31,Millennial,Male
4019,34,Millennial,Male
4020,31,Millennial,Male
4021,27,Millennial,Male
4022,30,Millennial,Male
4023,39,Millennial,Female
4024,32,Millennial,Male
4025,49,Gen X,Male
4026,41,Millennial,Male
4027,53,Gen X,Male
4028,33,Millennial,Female
4029,29,Millennial,Male
4030,24,Gen Z,Male
4031,46,Gen X,Male
4032,26,Gen Z,Female
4033,58,Gen X,Female
4034,34,Millennial,Male
4035,47,Gen X,Female
4036,21,Gen Z,Male
4037,38,Millennial,Male
4038,34,Millennial,Male
4039,25,Gen Z,Male
4040,51,Gen X,Male
4041,23,Gen Z,Male
4042,26,Gen Z,Female
4043,23,Gen Z,Female
4044,51,Gen X,Male
4045,27,Millennial,Female
4046,35,Millennial,Male
4047,48,Gen X,Female
4048,40,Millennial,Female
4049,46,Gen X,Male
4050,31,Millennial,Male
4051,42,Millennial,Female
4052,22,Gen Z,Male
4053,25,Gen Z,Male
4054,42,Millennial,Female
4055,38,Millennial,Female
4056,29,Millennial,Male
4057,23,Gen Z,Male
4058,25,Gen Z,Male
4059,51,Gen X,Male
4060,30,Millennial,Male
4061,42,Millennial,Female
4062,25,Gen Z,Male
4063,39,Millennial,Female
4064,45,Gen X,Male
4065,24,Gen Z,Male
4066,55,Gen X,Male
4067,24,Gen Z,Male
4068,54,Gen X,Female
4069,39,Millennial,Female
4070,26,Gen Z,Male
4071,50,Gen X,Male
4072,40,Millennial,Male
4073,22,Gen Z,Male
4074,51,Gen X,Female
4075,38,Millennial,Male
4076,32,Millennial,Female
4077,62,Boomer,Male
4078,52,Gen X,Male
4079,39,Millennial,Male
4080,35,Millennial,Female
4081,28,Millennial,Female
4082,32,Millennial,Male
4083,37,Millennial,Male
4084,34,Millennial,Male
4085,27,Millennial,Male
4086,25,Gen Z,Male
4087,38,Millennial,Male
4088,45,Gen X,Male
4089,55,Gen X,Female
4090,26,Gen Z,Female
4091,38,Millennial,Female
4092,33,Millennial,Male
4093,25,Gen Z,Male
4094,32,Millennial,Male
4095,22,Gen Z,Female
4096,40,Millennial,Male
4097,22,Gen Z,Male
4098,22,Gen Z,Male
4099,45,Gen X,Male
4100,46,Gen X,Male
4101,41,Millennial,Male
4102,41,Millennial,Male
4103,45,Gen X,Female
4104,40,Millennial,Female
4105,34,Millennial,Male
4106,29,Millennial,Male
4107,30,Millennial,Male
4108,26,Gen Z,Male
4109,28,Millennial,Male
4110,38,Millennial,Female
4111,32,Millennial,Male
4112,32,Millennial,Female
4113,21,Gen Z,Male
4114,23,Gen Z,Male
4115,50,Gen X,Female
4116,21,Gen Z,Male
4117,48,Gen X,Male
4118,40,Millennial,Male
4119,45,Gen X,Male
4120,23,Gen Z,Male
4121,39,Millennial,Male
4122,24,Gen Z,Male
4123,28,Millennial,Male
4124,51,Gen X,Male
4125,62,Boomer,Male
4126,34,Millennial,Male
4127,53,Gen X,Male
4128,26,Gen Z,Male
4129,57,Gen X,Male
4130,61,Boomer,Female
4131,28,Millennial,Male
4132,53,Gen X,Male
4133,50,Gen X,Male
4134,21,Gen Z,Female
4135,43,Gen X,Male
4136,21,Gen Z,Female
4137,24,Gen Z,Female
4138,26,Gen Z,Male
4139,42,Millennial,Male
4140,24,Gen Z,Male
4141,42,Millennial,Female
4142,39,Millennial,Male
4143,50,Gen X,Male
4144,39,Millennial,Male
4145,26,Gen Z,Male
4146,23,Gen Z,Male
4147,50,Gen X,Female
4148,37,Millennial,Male
4149,41,Millennial,Male
4150,24,Gen Z,Male
4151,54,Gen X,Male
4152,48,Gen X,Male
4153,24,Gen Z,Female
4154,47,Gen X,Male
4155,24,Gen Z,Male
4156,36,Millennial,Male
4157,34,Millennial,Male
4158,24,Gen Z,Male
4159,66,Boomer,Female
4160,37,Millennial,Male
4161,36,Millennial,Male
4162,31,Millennial,Female
4163,28,Millennial,Male
4164,33,Millennial,Male
4165,21,Gen Z,Male
4166,29,Millennial,Female
4167,39,Millennial,Male
4168,53,Gen X,Female
4169,23,Gen Z,Male
4170,52,Gen X,Male
4171,42,Millennial,Female
4172,68,Boomer,Male
4173,24,Gen Z,Male
4174,24,Gen Z,Female
4175,37,Millennial,Male
4176,23,Gen Z,Female
4177,45,Gen X,Female
4178,53,Gen X,Male
4179,57,Gen X,Male
4180,23,Gen Z,Male
4181,29,Millennial,Male
4182,24,Gen Z,Male
4183,38,Millennial,Female
4184,28,Millennial,Male
4185,41,Millennial,Male
4186,33,Millennial,Female
4187,24,Gen Z,Male
4188,41,Millennial,Male
4189,33,Millennial,Female
4190,37,Millennial,Male
4191,74,Boomer,Male
4192,33,Millennial,Female
4193,23,Gen Z,Male
4194,37,Millennial,Male
4195,34,Millennial,Female
4196,33,Millennial,Male
4197,24,Gen Z,Male
4198,57,Gen X,Male
4199,23,Gen Z,Male
4200,58,Gen X,Male
4201,67,Boomer,Male
4202,35,Millennial,Male
4203,32,Millennial,Female
4204,31,Millennial,Male
4205,40,Millennial,Male
4206,39,Millennial,Male
4207,56,Gen X,Male
4208,26,Gen Z,Female
4209,39,Millennial,Male
4210,36,Millennial,Male
4211,39,Millennial,Male
4212,36,Millennial,Male
4213,33,Millennial,Male
4214,38,Millennial,Female
4215,42,Millennial,Male
4216,50,Gen X,Male
4217,37,Millennial,Male
4218,38,Millennial,Male
4219,23,Gen Z,Male
4220,27,Millennial,Female
4221,32,Millennial,Male
4222,36,Millennial,Female
4223,40,Millennial,Male
4224,67,Boomer,Male
4225,35,Millennial,Male
4226,38,Millennial,Female
4227,57,Gen X,Female
4228,38,Millennial,Male
4229,35,Millennial,Female
4230,30,Millennial,Female
4231,39,Millennial,Female
4232,42,Millennial,Female
4233,46,Gen X,Male
4234,47,Gen X,Male
4235,47,Gen X,Male
4236,35,Millennial,Male
4237,41,Millennial,Female
4238,24,Gen Z,Female
4239,72,Boomer,Male
4240,41,Millennial,Female
4241,22,Gen Z,Male
4242,24,Gen Z,Male
4243,34,Millennial,Male
4244,39,Millennial,Female
4245,41,Millennial,Male
4246,22,Gen Z,Female
4247,40,Millennial,Male
4248,35,Millennial,Male
4249,41,Millennial,Female
4250,43,Gen X,Male
4251,25,Gen Z,Male
4252,23,Gen Z,Male
4253,41,Millennial,Male
4254,33,Millennial,Female
4255,33,Millennial,Male
4256,27,Millennial,Female
4257,64,Boomer,Female
4258,29,Millennial,Male
4259,38,Millennial,Female
4260,32,Millennial,Female
4261,42,Millennial,Female
4262,57,Gen X,Female
4263,65,Boomer,Female
4264,23,Gen Z,Male
4265,24,Gen Z,Female
4266,33,Millennial,Male
4267,35,Millennial,Male
4268,23,Gen Z,Male
4269,40,Millennial,Female
4270,41,Millennial,Male
4271,46,Gen X,Male
4272,35,Millennial,Male
4273,58,Gen X,Male
4274,57,Gen X,Male
4275,51,Gen X,Male
4276,53,Gen X,Male
4277,47,Gen X,Male
4278,47,Gen X,Male
4279,48,Gen X,Female
4280,28,Millennial,Female
4281,34,Millennial,Female
4282,56,Gen X,Female
4283,23,Gen Z,Male
4284,24,Gen Z,Male
4285,32,Millennial,Male
4286,24,Gen Z,Female
4287,24,Gen Z,Male
4288,47,Gen X,Male
4289,58,Gen X,Male
4290,24,Gen Z,Male
4291,27,Millennial,Male
4292,28,Millennial,Male
4293,52,Gen X,Male
4294,38,Millennial,Female
4295,38,Millennial,Female
4296,50,Gen X,Male
4297,38,Millennial,Female
4298,22,Gen Z,Male
4299,33,Millennial,Female
4300,31,Millennial,Male
4301,32,Millennial,Male
4302,36,Millennial,Male
4303,36,Millennial,Male
4304,49,Gen X,Male
4305,50,Gen X,Male
4306,28,Millennial,Male
4307,35,Millennial,Male
4308,28,Millennial,Male
4309,33,Millennial,Male
4310,54,Gen X,Male
4311,33,Millennial,Male
4312,25,Gen Z,Female
4313,50,Gen X,Male
4314,68,Boomer,Female
4315,22,Gen Z,Male
4316,53,Gen X,Male
4317,22,Gen Z,Male
4318,25,Gen Z,Male
4319,30,Millennial,Male
4320,42,Millennial,Male
4321,25,Gen Z,Female
4322,49,Gen X,Male
4323,36,Millennial,Male
4324,36,Millennial,Male
4325,35,Millennial,Male
4326,23,Gen Z,Male
4327,43,Gen X,Female
4328,34,Millennial,Female
4329,32,Millennial,Male
4330,30,Millennial,Male
4331,37,Millennial,Male
4332,30,Millennial,Male
4333,45,Gen X,Male
4334,28,Millennial,Female
4335,29,Millennial,Male
4336,36,Millennial,Male
4337,41,Millennial,Male
4338,58,Gen X,Male
4339,27,Millennial,Male
4340,30,Millennial,Male
4341,22,Gen Z,Male
4342,29,Millennial,Male
4343,42,Millennial,Female
4344,41,Millennial,Male
4345,23,Gen Z,Male
4346,21,Gen Z,Male
4347,51,Gen X,Male
4348,50,Gen X,Male
4349,29,Millennial,Male
4350,30,Millennial,Female
4351,31,Millennial,Female
4352,65,Boomer,Female
4353,26,Gen Z,Female
4354,72,Boomer,Male
4355,39,Millennial,Male
4356,53,Gen X,Male
4357,26,Gen Z,Male
4358,35,Millennial,Female
4359,37,Millennial,Female
4360,46,Gen X,Male
4361,27,Millennial,Male
4362,56,Gen X,Male
4363,26,Gen Z,Female
4364,37,Millennial,Male
4365,52,Gen X,Male
4366,24,Gen Z,Female
4367,58,Gen X,Female
4368,36,Millennial,Female
4369,21,Gen Z,Male
4370,24,Gen Z,Female
4371,33,Millennial,Male
4372,23,Gen Z,Female
4373,38,Millennial,Female
4374,22,Gen Z,Female
4375,56,Gen X,Female
4376,38,Millennial,Male
4377,35,Millennial,Male
4378,28,Millennial,Male
4379,28,Millennial,Male
4380,25,Gen Z,Male
4381,53,Gen X,Male
4382,30,Millennial,Female
4383,24,Gen Z,Female
4384,27,Millennial,Female
4385,24,Gen Z,Male
4386,45,Gen X,Male
4387,37,Millennial,Male
4388,38,Millennial,Male
4389,51,Gen X,Male
4390,67,Boomer,Male
4391,28,Millennial,Female
4392,21,Gen Z,Male
4393,41,Millennial,Male
4394,73,Boomer,Male
4395,35,Millennial,Male
4396,29,Millennial,Male
4397,21,Gen Z,Male
4398,31,Millennial,Male
4399,23,Gen Z,Male
4400,28,Millennial,Male
4401,57,Gen X,Male
4402,41,Millennial,Male
4403,31,Millennial,Male
4404,41,Millennial,Male
4405,32,Millennial,Female
4406,24,Gen Z,Female
4407,25,Gen Z,Female
4408,29,Millennial,Female
4409,38,Millennial,Female
4410,42,Millennial,Female
4411,32,Millennial,Male
4412,35,Millennial,Male
4413,29,Millennial,Male
4414,73,Boomer,Male
4415,74,Boomer,Male
4416,24,Gen Z,Male
4417,31,Millennial,Male
4418,31,Millennial,Male
4419,39,Millennial,Male
4420,53,Gen X,Female
4421,58,Gen X,Female
4422,21,Gen Z,Female
4423,22,Gen Z,Male
4424,36,Millennial,Male
4425,54,Gen X,Male
4426,37,Millennial,Male
4427,39,Millennial,Female
4428,32,Millennial,Male
4429,32,Millennial,Female
4430,24,Gen Z,Male
4431,29,Millennial,Male
4432,21,Gen Z,Male
4433,27,Millennial,Female
4434,25,Gen Z,Male
4435,42,Millennial,Male
4436,41,Millennial,Female
4437,30,Millennial,Male
4438,27,Millennial,Female
4439,52,Gen X,Male
4440,41,Millennial,Male
4441,22,Gen Z,Female
4442,58,Gen X,Male
4443,54,Gen X,Male
4444,31,Millennial,Female
4445,33,Millennial,Female
4446,62,Boomer,Female
4447,40,Millennial,Male
4448,39,Millennial,Male
4449,28,Millennial,Female
4450,58,Gen X,Male
4451,21,Gen Z,Male
4452,30,Millennial,Male
4453,35,Millennial,Female
4454,45,Gen X,Male
4455,64,Boomer,Male
4456,38,Millennial,Female
4457,34,Millennial,Male
4458,25,Gen Z,Male
4459,45,Gen X,Female
4460,28,Millennial,Male
4461,57,Gen X,Female
4462,42,Millennial,Female
4463,24,Gen Z,Female
4464,38,Millennial,Female
4465,32,Millennial,Male
4466,22,Gen Z,Male
4467,37,Millennial,Female
4468,32,Millennial,Male
4469,26,Gen Z,Male
4470,28,Millennial,Female
4471,58,Gen X,Male
4472,25,Gen Z,Male
4473,24,Gen Z,Male
4474,26,Gen Z,Male
4475,23,Gen Z,Female
4476,23,Gen Z,Female
4477,41,Millennial,Male
4478,24,Gen Z,Male
4479,29,Millennial,Male
4480,37,Millennial,Male
4481,46,Gen X,Male
4482,37,Millennial,Male
4483,28,Millennial,Male
4484,26,Gen Z,Male
4485,34,Millennial,Male
4486,23,Gen Z,Male
4487,36,Millennial,Male
4488,37,Millennial,Female
4489,25,Gen Z,Male
4490,63,Boomer,Male
4491,39,Millennial,Female
4492,26,Gen Z,Female
4493,23,Gen Z,Male
4494,43,Gen X,Male
4495,31,Millennial,Male
4496,24,Gen Z,Female
4497,21,Gen Z,Male
4498,35,Millennial,Male
4499,21,Gen Z,Male
4500,33,Millennial,Female
4501,65,Boomer,Female
4502,23,Gen Z,Male
4503,32,Millennial,Male
4504,67,Boomer,Male
4505,34,Millennial,Female
4506,42,Millennial,Male
4507,57,Gen X,Male
4508,38,Millennial,Female
4509,21,Gen Z,Male
4510,32,Millennial,Male
4511,22,Gen Z,Female
4512,31,Millennial,Male
4513,34,Millennial,Male
4514,44,Gen X,Male
4515,40,Millennial,Male
4516,31,Millennial,Female
4517,50,Gen X,Female
4518,26,Gen Z,Female
4519,27,Millennial,Female
4520,69,Boomer,Female
4521,38,Millennial,Male
4522,37,Millennial,Male
4523,28,Millennial,Male
4524,30,Millennial,Male
4525,43,Gen X,Male
4526,22,Gen Z,Male
4527,31,Millennial,Female
4528,42,Millennial,Female
4529,22,Gen Z,Male
4530,36,Millennial,Male
4531,26,Gen Z,Female
4532,26,Gen Z,Male
4533,37,Millennial,Male
4534,30,Millennial,Female
4535,42,Millennial,Female
4536,35,Millennial,Male
4537,27,Millennial,Male
4538,41,Millennial,Female
4539,26,Gen Z,Male
4540,21,Gen Z,Female
4541,44,Gen X,Male
4542,51,Gen X,Female
4543,29,Millennial,Female
4544,35,Millennial,Male
4545,37,Millennial,Male
4546,22,Gen Z,Female
4547,34,Millennial,Male
4548,31,Millennial,Female
4549,37,Millennial,Male
4550,36,Millennial,Male
4551,46,Gen X,Female
4552,22,Gen Z,Male
4553,39,Millennial,Female
4554,24,Gen Z,Female
4555,28,Millennial,Male
4556,23,Gen Z,Female
4557,31,Millennial,Male
4558,54,Gen X,Female
4559,58,Gen X,Male
4560,22,Gen Z,Male
4561,36,Millennial,Male
4562,36,Millennial,Male
4563,27,Millennial,Female
4564,29,Millennial,Male
4565,23,Gen Z,Female
4566,40,Millennial,Male
4567,32,Millennial,Male
4568,51,Gen X,Female
4569,35,Millennial,Female
4570,21,Gen Z,Male
4571,35,Millennial,Male
4572,37,Millennial,Male
4573,31,Millennial,Male
4574,58,Gen X,Male
4575,26,Gen Z,Male
4576,58,Gen X,Female
4577,60,Boomer,Male
4578,30,Millennial,Male
4579,34,Millennial,Male
4580,30,Millennial,Male
4581,21,Gen Z,Male
4582,59,Boomer,Male
4583,44,Gen X,Male
4584,33,Millennial,Female
4585,31,Millennial,Male
4586,25,Gen Z,Male
4587,25,Gen Z,Male
4588,41,Millennial,Male
4589,21,Gen Z,Male
4590,34,Millennial,Male
4591,34,Millennial,Male
4592,74,Boomer,Male
4593,24,Gen Z,Male
4594,31,Millennial,Male
4595,65,Boomer,Female
4596,62,Boomer,Female
4597,29,Millennial,Male
4598,52,Gen X,Male
4599,68,Boomer,Female
4600,27,Millennial,Female
4601,41,Millennial,Male
4602,24,Gen Z,Male
4603,35,Millennial,Male
4604,22,Gen Z,Female
4605,26,Gen Z,Male
4606,22,Gen Z,Male
4607,58,Gen X,Female
4608,56,Gen X,Male
4609,38,Millennial,Male
4610,37,Millennial,Male
4611,56,Gen X,Female
4612,24,Gen Z,Male
4613,37,Millennial,Male
4614,24,Gen Z,Male
4615,33,Millennial,Male
4616,25,Gen Z,Male
4617,49,Gen X,Female
4618,28,Millennial,Male
4619,22,Gen Z,Male
4620,33,Millennial,Male
4621,32,Millennial,Male
4622,35,Millennial,Male
4623,21,Gen Z,Female
4624,53,Gen X,Male
4625,52,Gen X,Female
4626,21,Gen Z,Male
4627,27,Millennial,Male
4628,42,Millennial,Male
4629,26,Gen Z,Male
4630,26,Gen Z,Female
4631,32,Millennial,Male
4632,66,Boomer,Male
4633,27,Millennial,Male
4634,52,Gen X,Male
4635,37,Millennial,Male
4636,46,Gen X,Male
4637,30,Millennial,Female
4638,33,Millennial,Male
4639,23,Gen Z,Male
4640,35,Millennial,Male
4641,74,Boomer,Male
4642,27,Millennial,Male
4643,26,Gen Z,Male
4644,21,Gen Z,Male
4645,56,Gen X,Male
4646,50,Gen X,Male
4647,22,Gen Z,Male
4648,22,Gen Z,Male
4649,23,Gen Z,Female
4650,71,Boomer,Male
4651,38,Millennial,Female
4652,21,Gen Z,Female
4653,23,Gen Z,Female
4654,21,Gen Z,Male
4655,26,Gen Z,Male
4656,47,Gen X,Male
4657,26,Gen Z,Male
4658,22,Gen Z,Female
4659,24,Gen Z,Female
4660,33,Millennial,Male
4661,34,Millennial,Female
4662,32,Millennial,Male
4663,21,Gen Z,Male
4664,32,Millennial,Male
4665,60,Boomer,Female
4666,41,Millennial,Male
4667,42,Millennial,Female
4668,36,Millennial,Female
4669,24,Gen Z,Male
4670,32,Millennial,Male
4671,60,Boomer,Female
4672,35,Millennial,Male
4673,35,Millennial,Male
4674,49,Gen X,Female
4675,24,Gen Z,Male
4676,41,Millennial,Male
4677,42,Millennial,Male
4678,21,Gen Z,Male
4679,40,Millennial,Female
4680,71,Boomer,Male
4681,37,Millennial,Male
4682,37,Millennial,Female
4683,26,Gen Z,Female
4684,39,Millennial,Male
4685,22,Gen Z,Female
4686,33,Millennial,Male
4687,34,Millennial,Male
4688,38,Millennial,Male
4689,30,Millennial,Male
4690,24,Gen Z,Male
4691,55,Gen X,Male
4692,31,Millennial,Male
4693,24,Gen Z,Male
4694,66,Boomer,Female
4695,22,Gen Z,Male
4696,52,Gen X,Male
4697,37,Millennial,Male
4698,38,Millennial,Male
4699,31,Millennial,Male
4700,23,Gen Z,Male
4701,38,Millennial,Male
4702,27,Millennial,Female
4703,27,Millennial,Male
4704,25,Gen Z,Male
4705,40,Millennial,Male
4706,27,Millennial,Male
4707,22,Gen Z,Female
4708,21,Gen Z,Male
4709,62,Boomer,Male
4710,25,Gen Z,Male
4711,38,Millennial,Male
4712,37,Millennial,Female
4713,71,Boomer,Male
4714,46,Gen X,Male
4715,24,Gen Z,Female
4716,30,Millennial,Female
4717,21,Gen Z,Male
4718,51,Gen X,Male
4719,35,Millennial,Male
4720,21,Gen Z,Male
4721,40,Millennial,Male
4722,32,Millennial,Male
4723,69,Boomer,Male
4724,66,Boomer,Male
4725,23,Gen Z,Male
4726,23,Gen Z,Male
4727,38,Millennial,Female
4728,23,Gen Z,Male
4729,23,Gen Z,Male
4730,34,Millennial,Male
4731,39,Millennial,Male
4732,31,Millennial,Male
4733,34,Millennial,Male
4734,29,Millennial,Male
4735,24,Gen Z,Male
4736,22,Gen Z,Male
4737,33,Millennial,Male
4738,34,Millennial,Female
4739,55,Gen X,Female
4740,39,Millennial,Male
4741,52,Gen X,Male
4742,24,Gen Z,Female
4743,24,Gen Z,Male
4744,39,Millennial,Female
4745,51,Gen X,Male
4746,32,Millennial,Female
4747,24,Gen Z,Male
4748,33,Millennial,Female
4749,36,Millennial,Male
4750,26,Gen Z,Male
4751,25,Gen Z,Male
4752,24,Gen Z,Female
4753,56,Gen X,Male
4754,24,Gen Z,Male
4755,21,Gen Z,Female
4756,45,Gen X,Male
4757,50,Gen X,Female
4758,34,Millennial,Male
4759,26,Gen Z,Male
4760,30,Millennial,Female
4761,29,Millennial,Male
4762,29,Millennial,Male
4763,28,Millennial,Male
4764,34,Millennial,Male
4765,39,Millennial,Male
4766,41,Millennial,Female
4767,32,Millennial,Female
4768,25,Gen Z,Female
4769,24,Gen Z,Male
4770,43,Gen X,Female
4771,26,Gen Z,Male
4772,24,Gen Z,Male
4773,41,Millennial,Male
4774,41,Millennial,Male
4775,58,Gen X,Male
4776,38,Millennial,Male
4777,44,Gen X,Male
4778,22,Gen Z,Male
4779,48,Gen X,Male
4780,22,Gen Z,Male
4781,48,Gen X,Female
4782,57,Gen X,Male
4783,24,Gen Z,Female
4784,30,Millennial,Male
4785,45,Gen X,Female
4786,41,Millennial,Male
4787,25,Gen Z,Male
4788,61,Boomer,Female
4789,33,Millennial,Male
4790,25,Gen Z,Female
4791,41,Millennial,Female
4792,23,Gen Z,Male
4793,53,Gen X,Female
4794,26,Gen Z,Male
4795,45,Gen X,Female
4796,21,Gen Z,Male
4797,71,Boomer,Female
4798,45,Gen X,Male
4799,48,Gen X,Male
4800,26,Gen Z,Male
4801,26,Gen Z,Female
4802,54,Gen X,Male
4803,26,Gen Z,Female
4804,38,Millennial,Male
4805,40,Millennial,Male
4806,32,Millennial,Male
4807,57,Gen X,Male
4808,72,Boomer,Male
4809,31,Millennial,Male
4810,32,Millennial,Female
4811,71,Boomer,Female
4812,23,Gen Z,Male
4813,27,Millennial,Female
4814,39,Millennial,Male
4815,56,Gen X,Female
4816,21,Gen Z,Male
4817,38,Millennial,Female
4818,29,Millennial,Female
4819,22,Gen Z,Female
4820,35,Millennial,Male
4821,25,Gen Z,Male
4822,39,Millennial,Male
4823,21,Gen Z,Male
4824,23,Gen Z,Female
4825,30,Millennial,Female
4826,25,Gen Z,Male
4827,28,Millennial,Female
4828,30,Millennial,Female
4829,33,Millennial,Male
4830,39,Millennial,Male
4831,42,Millennial,Female
4832,24,Gen Z,Female
4833,30,Millennial,Male
4834,29,Millennial,Male
4835,38,Millennial,Male
4836,36,Millennial,Male
4837,29,Millennial,Female
4838,37,Millennial,Male
4839,62,Boomer,Male
4840,34,Millennial,Male
4841,37,Millennial,Male
4842,24,Gen Z,Male
4843,39,Millennial,Male
4844,54,Gen X,Female
4845,41,Millennial,Female
4846,27,Millennial,Male
4847,29,Millennial,Male
4848,52,Gen X,Male
4849,25,Gen Z,Male
4850,55,Gen X,Male
4851,37,Millennial,Male
4852,29,Millennial,Female
4853,39,Millennial,Female
4854,72,Boomer,Male
4855,46,Gen X,Male
4856,45,Gen X,Female
4857,26,Gen Z,Female
4858,65,Boomer,Male
4859,25,Gen Z,Male
4860,28,Millennial,Female
4861,21,Gen Z,Female
4862,46,Gen X,Male
4863,24,Gen Z,Male
4864,31,Millennial,Male
4865,25,Gen Z,Male
4866,41,Millennial,Male
4867,24,Gen Z,Female
4868,21,Gen Z,Male
4869,27,Millennial,Male
4870,51,Gen X,Female
4871,25,Gen Z,Male
4872,33,Millennial,Male
4873,61,Boomer,Female
4874,62,Boomer,Female
4875,39,Millennial,Male
4876,36,Millennial,Male
4877,30,Millennial,Male
4878,35,Millennial,Male
4879,23,Gen Z,Male
4880,42,Millennial,Male
4881,22,Gen Z,Male
4882,35,Millennial,Male
4883,49,Gen X,Male
4884,32,Millennial,Male
4885,41,Millennial,Male
4886,26,Gen Z,Male
4887,21,Gen Z,Male
4888,51,Gen X,Male
4889,38,Millennial,Female
4890,37,Millennial,Female
4891,22,Gen Z,Male
4892,46,Gen X,Male
4893,23,Gen Z,Male
4894,51,Gen X,Male
4895,36,Millennial,Male
4896,39,Millennial,Male
4897,23,Gen Z,Male
4898,30,Millennial,Female
4899,36,Millennial,Male
4900,23,Gen Z,Female
4901,25,Gen Z,Female
4902,58,Gen X,Male
4903,38,Millennial,Male
4904,22,Gen Z,Male
4905,40,Millennial,Male
4906,33,Millennial,Male
4907,47,Gen X,Male
4908,30,Millennial,Male
4909,36,Millennial,Male
4910,26,Gen Z,Male
4911,41,Millennial,Male
4912,51,Gen X,Male
4913,39,Millennial,Male
4914,50,Gen X,Female
4915,25,Gen Z,Female
4916,24,Gen Z,Female
4917,33,Millennial,Male
4918,33,Millennial,Male
4919,31,Millennial,Male
4920,39,Millennial,Male
4921,45,Gen X,Male
4922,70,Boomer,Male
4923,22,Gen Z,Male
4924,25,Gen Z,Male
4925,23,Gen Z,Male
4926,33,Millennial,Male
4927,25,Gen Z,Male
4928,24,Gen Z,Male
4929,55,Gen X,Female
4930,31,Millennial,Male
4931,23,Gen Z,Male
4932,29,Millennial,Male
4933,47,Gen X,Female
4934,21,Gen Z,Female
4935,26,Gen Z,Male
4936,65,Boomer,Male
4937,57,Gen X,Male
4938,66,Boomer,Male
4939,31,Millennial,Female
4940,36,Millennial,Female
4941,56,Gen X,Male
4942,33,Millennial,Male
4943,38,Millennial,Male
4944,46,Gen X,Male
4945,23,Gen Z,Male
4946,27,Millennial,Female
4947,25,Gen Z,Male
4948,36,Millennial,Male
4949,26,Gen Z,Male
4950,31,Millennial,Male
4951,26,Gen Z,Male
4952,43,Gen X,Male
4953,52,Gen X,Male
4954,28,Millennial,Male
4955,39,Millennial,Male
4956,38,Millennial,Male
4957,25,Gen Z,Female
4958,22,Gen Z,Male
4959,36,Millennial,Female
4960,51,Gen X,Male
4961,50,Gen X,Female
4962,40,Millennial,Male
4963,29,Millennial,Male
4964,61,Boomer,Male
4965,52,Gen X,Male
4966,70,Boomer,Female
4967,63,Boomer,Male
4968,40,Millennial,Male
4969,59,Boomer,Male
4970,25,Gen Z,Female
4971,35,Millennial,Female
4972,33,Millennial,Female
4973,41,Millennial,Female
4974,25,Gen Z,Male
4975,48,Gen X,Male
4976,26,Gen Z,Male
4977,30,Millennial,Male
4978,43,Gen X,Female
4979,25,Gen Z,Female
4980,68,Boomer,Female
4981,22,Gen Z,Male
4982,31,Millennial,Female
4983,60,Boomer,Male
4984,33,Millennial,Female
4985,57,Gen X,Male
4986,35,Millennial,Male
4987,42,Millennial,Female
4988,37,Millennial,Male
4989,31,Millennial,Male
4990,30,Millennial,Male
4991,21,Gen Z,Male
4992,72,Boomer,Male
4993,31,Millennial,Male
4994,31,Millennial,Female
4995,55,Gen X,Female
4996,28,Millennial,Male
4997,37,Millennial,Male
4998,25,Gen Z,Male
4999,22,Gen Z,Male
5000,41,Millennial,Female
5001,48,Gen X,Male
5002,28,Millennial,Male
5003,30,Millennial,Male
5004,74,Boomer,Male
5005,49,Gen X,Male
5006,55,Gen X,Female
5007,40,Millennial,Female
5008,38,Millennial,Male
5009,32,Millennial,Female
5010,32,Millennial,Male
5011,37,Millennial,Male
5012,42,Millennial,Male
5013,22,Gen Z,Male
5014,36,Millennial,Male
5015,41,Millennial,Male
5016,31,Millennial,Male
5017,34,Millennial,Male
5018,22,Gen Z,Female
5019,42,Millennial,Female
5020,42,Millennial,Male
5021,46,Gen X,Male
5022,38,Millennial,Male
5023,31,Millennial,Female
5024,33,Millennial,Female
5025,63,Boomer,Male
5026,26,Gen Z,Female
5027,30,Millennial,Female
5028,41,Millennial,Male
5029,39,Millennial,Female
5030,48,Gen X,Female
5031,41,Millennial,Male
5032,56,Gen X,Female
5033,31,Millennial,Male
5034,36,Millennial,Male
5035,41,Millennial,Male
5036,24,Gen Z,Male
5037,36,Millennial,Male
5038,62,Boomer,Female
5039,43,Gen X,Male
5040,24,Gen Z,Female
5041,37,Millennial,Female
5042,37,Millennial,Female
5043,47,Gen X,Male
5044,34,Millennial,Male
5045,49,Gen X,Female
5046,68,Boomer,Male
5047,25,Gen Z,Female
5048,39,Millennial,Female
5049,25,Gen Z,Male
5050,30,Millennial,Male
5051,30,Millennial,Female
5052,37,Millennial,Female
5053,22,Gen Z,Male
5054,41,Millennial,Male
5055,30,Millennial,Male
5056,47,Gen X,Female
5057,26,Gen Z,Female
5058,34,Millennial,Male
5059,23,Gen Z,Male
5060,49,Gen X,Female
5061,24,Gen Z,Male
5062,36,Millennial,Male
5063,35,Millennial,Female
5064,32,Millennial,Female
5065,30,Millennial,Male
5066,22,Gen Z,Male
5067,30,Millennial,Female
5068,41,Millennial,Male
5069,34,Millennial,Male
5070,50,Gen X,Male
5071,28,Millennial,Female
5072,28,Millennial,Male
5073,71,Boomer,Male
5074,29,Millennial,Female
5075,27,Millennial,Female
5076,47,Gen X,Male
5077,29,Millennial,Male
5078,47,Gen X,Male
5079,42,Millennial,Male
5080,43,Gen X,Male
5081,22,Gen Z,Female
5082,28,Millennial,Male
5083,66,Boomer,Male
5084,33,Millennial,Male
5085,41,Millennial,Male
5086,33,Millennial,Female
5087,34,Millennial,Male
5088,36,Millennial,Female
5089,38,Millennial,Male
5090,52,Gen X,Female
5091,36,Millennial,Male
5092,35,Millennial,Female
5093,28,Millennial,Female
5094,38,Millennial,Female
5095,28,Millennial,Female
5096,45,Gen X,Female
5097,39,Millennial,Male
5098,28,Millennial,Male
5099,26,Gen Z,Male
5100,25,Gen Z,Female
5101,39,Millennial,Female
5102,35,Millennial,Male
5103,21,Gen Z,Male
5104,33,Millennial,Male
5105,35,Millennial,Female
5106,33,Millennial,Male
5107,30,Millennial,Female
5108,24,Gen Z,Male
5109,22,Gen Z,Female
5110,35,Millennial,Male
5111,40,Millennial,Male
5112,31,Millennial,Male
5113,32,Millennial,Female
5114,73,Boomer,Female
5115,42,Millennial,Female
5116,42,Millennial,Female
5117,31,Millennial,Female
5118,27,Millennial,Male
5119,34,Millennial,Male
5120,38,Millennial,Male
5121,48,Gen X,Male
5122,27,Millennial,Male
5123,24,Gen Z,Female
5124,23,Gen Z,Male
5125,39,Millennial,Male
5126,28,Millennial,Male
5127,21,Gen Z,Male
5128,30,Millennial,Male
5129,26,Gen Z,Male
5130,24,Gen Z,Male
5131,59,Boomer,Male
5132,29,Millennial,Male
5133,58,Gen X,Male
5134,25,Gen Z,Female
5135,30,Millennial,Male
5136,55,Gen X,Male
5137,23,Gen Z,Female
5138,32,Millennial,Female
5139,25,Gen Z,Female
5140,47,Gen X,Male
5141,66,Boomer,Male
5142,26,Gen Z,Female
5143,35,Millennial,Male
5144,52,Gen X,Female
5145,25,Gen Z,Male
5146,24,Gen Z,Male
5147,50,Gen X,Male
5148,38,Millennial,Male
5149,27,Millennial,Male
5150,26,Gen Z,Female
5151,22,Gen Z,Male
5152,22,Gen Z,Male
5153,23,Gen Z,Male
5154,22,Gen Z,Female
5155,66,Boomer,Male
5156,22,Gen Z,Male
5157,41,Millennial,Male
5158,32,Millennial,Male
5159,43,Gen X,Male
5160,37,Millennial,Male
5161,23,Gen Z,Female
5162,41,Millennial,Male
5163,31,Millennial,Male
5164,36,Millennial,Female
5165,49,Gen X,Male
5166,54,Gen X,Male
5167,33,Millennial,Female
5168,26,Gen Z,Male
5169,23,Gen Z,Male
5170,24,Gen Z,Male
5171,23,Gen Z,Male
5172,50,Gen X,Male
5173,23,Gen Z,Female
5174,34,Millennial,Male
5175,23,Gen Z,Female
5176,57,Gen X,Male
5177,23,Gen Z,Female
5178,26,Gen Z,Male
5179,28,Millennial,Male
5180,22,Gen Z,Male
5181,35,Millennial,Male
5182,24,Gen Z,Male
5183,36,Millennial,Male
5184,25,Gen Z,Female
5185,22,Gen Z,Female
5186,35,Millennial,Female
5187,37,Millennial,Male
5188,32,Millennial,Male
5189,23,Gen Z,Male
5190,21,Gen Z,Male
5191,74,Boomer,Male
5192,28,Millennial,Male
5193,26,Gen Z,Female
5194,22,Gen Z,Male
5195,53,Gen X,Male
5196,66,Boomer,Male
5197,32,Millennial,Male
5198,39,Millennial,Male
5199,22,Gen Z,Female
5200,31,Millennial,Male
5201,26,Gen Z,Female
5202,29,Millennial,Male
5203,30,Millennial,Male
5204,32,Millennial,Female
5205,28,Millennial,Male
5206,34,Millennial,Male
5207,50,Gen X,Female
5208,53,Gen X,Male
5209,22,Gen Z,Male
5210,28,Millennial,Female
5211,32,Millennial,Male
5212,33,Millennial,Male
5213,36,Millennial,Male
5214,33,Millennial,Male
5215,38,Millennial,Male
5216,21,Gen Z,Male
5217,26,Gen Z,Male
5218,42,Millennial,Female
5219,55,Gen X,Male
5220,27,Millennial,Female
5221,49,Gen X,Female
5222,36,Millennial,Male
5223,59,Boomer,Male
5224,26,Gen Z,Male
5225,21,Gen Z,Male
5226,24,Gen Z,Female
5227,53,Gen X,Female
5228,28,Millennial,Male
5229,21,Gen Z,Male
5230,42,Millennial,Male
5231,22,Gen Z,Female
5232,57,Gen X,Female
5233,25,Gen Z,Male
5234,23,Gen Z,Male
5235,29,Millennial,Female
5236,50,Gen X,Male
5237,54,Gen X,Male
5238,74,Boomer,Male
5239,26,Gen Z,Male
5240,57,Gen X,Male
5241,34,Millennial,Male
5242,26,Gen Z,Male
5243,36,Millennial,Male
5244,40,Millennial,Male
5245,39,Millennial,Male
5246,23,Gen Z,Female
5247,32,Millennial,Male
5248,37,Millennial,Female
5249,27,Millennial,Male
5250,29,Millennial,Male
5251,27,Millennial,Female
5252,74,Boomer,Female
5253,26,Gen Z,Female
5254,25,Gen Z,Male
5255,26,Gen Z,Male
5256,49,Gen X,Male
5257,25,Gen Z,Female
5258,21,Gen Z,Male
5259,35,Millennial,Male
5260,36,Millennial,Male
5261,46,Gen X,Female
5262,52,Gen X,Male
5263,34,Millennial,Male
5264,31,Millennial,Male
5265,28,Millennial,Male
5266,54,Gen X,Female
5267,52,Gen X,Male
5268,21,Gen Z,Female
5269,28,Millennial,Female
5270,26,Gen Z,Female
5271,24,Gen Z,Male
5272,21,Gen Z,Male
5273,29,Millennial,Female
5274,49,Gen X,Male
5275,34,Millennial,Male
5276,36,Millennial,Male
5277,37,Millennial,Female
5278,28,Millennial,Female
5279,35,Millennial,Male
5280,39,Millennial,Male
5281,47,Gen X,Male
5282,36,Millennial,Male
5283,23,Gen Z,Male
5284,27,Millennial,Male
5285,25,Gen Z,Male
5286,53,Gen X,Male
5287,41,Millennial,Female
5288,42,Millennial,Female
5289,42,Millennial,Female
5290,22,Gen Z,Male
5291,39,Millennial,Male
5292,27,Millennial,Female
5293,33,Millennial,Female
5294,71,Boomer,Male
5295,62,Boomer,Male
5296,52,Gen X,Male
5297,23,Gen Z,Male
5298,27,Millennial,Male
5299,50,Gen X,Male
5300,21,Gen Z,Male
5301,54,Gen X,Female
5302,25,Gen Z,Male
5303,27,Millennial,Male
5304,32,Millennial,Male
5305,26,Gen Z,Male
5306,21,Gen Z,Female
5307,29,Millennial,Male
5308,54,Gen X,Male
5309,37,Millennial,Female
5310,54,Gen X,Male
5311,55,Gen X,Female
5312,35,Millennial,Male
5313,35,Millennial,Male
5314,69,Boomer,Male
5315,25,Gen Z,Female
5316,36,Millennial,Male
5317,33,Millennial,Female
5318,56,Gen X,Male
5319,30,Millennial,Male
5320,25,Gen Z,Female
5321,23,Gen Z,Male
5322,33,Millennial,Male
5323,61,Boomer,Male
5324,61,Boomer,Male
5325,53,Gen X,Male
5326,27,Millennial,Male
5327,28,Millennial,Male
5328,35,Millennial,Male
5329,36,Millennial,Male
5330,42,Millennial,Female
5331,42,Millennial,Female
5332,36,Millennial,Male
5333,23,Gen Z,Male
5334,27,Millennial,Male
5335,25,Gen Z,Male
5336,25,Gen Z,Male
5337,24,Gen Z,Male
5338,32,Millennial,Female
5339,23,Gen Z,Male
5340,33,Millennial,Male
5341,29,Millennial,Male
5342,53,Gen X,Male
5343,22,Gen Z,Female
5344,24,Gen Z,Male
5345,33,Millennial,Male
5346,40,Millennial,Male
5347,26,Gen Z,Female
5348,32,Millennial,Female
5349,30,Millennial,Male
5350,68,Boomer,Female
5351,41,Millennial,Female
5352,35,Millennial,Female
5353,24,Gen Z,Male
5354,23,Gen Z,Female
5355,36,Millennial,Male
5356,33,Millennial,Male
5357,41,Millennial,Female
5358,33,Millennial,Male
5359,30,Millennial,Female
5360,28,Millennial,Male
5361,23,Gen Z,Male
5362,26,Gen Z,Female
5363,33,Millennial,Male
5364,37,Millennial,Female
5365,32,Millennial,Male
5366,32,Millennial,Male
5367,31,Millennial,Male
5368,29,Millennial,Female
5369,60,Boomer,Female
5370,29,Millennial,Female
5371,38,Millennial,Male
5372,45,Gen X,Male
5373,34,Millennial,Male
5374,28,Millennial,Male
5375,22,Gen Z,Male
5376,73,Boomer,Male
5377,21,Gen Z,Female
5378,27,Millennial,Female
5379,42,Millennial,Male
5380,61,Boomer,Female
5381,31,Millennial,Male
5382,74,Boomer,Male
5383,54,Gen X,Female
5384,23,Gen Z,Male
5385,39,Millennial,Male
5386,73,Boomer,Male
5387,24,Gen Z,Male
5388,25,Gen Z,Female
5389,62,Boomer,Female
5390,23,Gen Z,Female
5391,28,Millennial,Male
5392,47,Gen X,Male
5393,29,Millennial,Female
5394,29,Millennial,Male
5395,21,Gen Z,Female
5396,39,Millennial,Female
5397,21,Gen Z,Female
5398,27,Millennial,Male
5399,33,Millennial,Male
5400,21,Gen Z,Male
5401,57,Gen X,Female
5402,21,Gen Z,Male
5403,23,Gen Z,Female
5404,26,Gen Z,Male
5405,37,Millennial,Male
5406,38,Millennial,Male
5407,66,Boomer,Male
5408,33,Millennial,Male
5409,37,Millennial,Male
5410,42,Millennial,Female
5411,30,Millennial,Male
5412,34,Millennial,Male
5413,34,Millennial,Male
5414,58,Gen X,Male
5415,22,Gen Z,Male
5416,45,Gen X,Male
5417,51,Gen X,Male
5418,45,Gen X,Female
5419,31,Millennial,Female
5420,24,Gen Z,Male
5421,30,Millennial,Female
5422,33,Millennial,Male
5423,48,Gen X,Male
5424,32,Millennial,Female
5425,55,Gen X,Female
5426,56,Gen X,Male
5427,42,Millennial,Female
5428,46,Gen X,Female
5429,29,Millennial,Female
5430,41,Millennial,Male
5431,39,Millennial,Male
5432,39,Millennial,Male
5433,27,Millennial,Female
5434,32,Millennial,Female
5435,36,Millennial,Male
5436,24,Gen Z,Female
5437,50,Gen X,Male
5438,47,Gen X,Female
5439,42,Millennial,Female
5440,43,Gen X,Male
5441,34,Millennial,Female
5442,35,Millennial,Female
5443,38,Millennial,Male
5444,22,Gen Z,Male
5445,44,Gen X,Male
5446,42,Millennial,Female
5447,34,Millennial,Male
5448,33,Millennial,Male
5449,27,Millennial,Male
5450,25,Gen Z,Female
5451,22,Gen Z,Male
5452,39,Millennial,Female
5453,57,Gen X,Male
5454,28,Millennial,Female
5455,53,Gen X,Female
5456,22,Gen Z,Male
5457,39,Millennial,Female
5458,25,Gen Z,Male
5459,33,Millennial,Male
5460,21,Gen Z,Female
5461,25,Gen Z,Male
5462,41,Millennial,Male
5463,31,Millennial,Female
5464,39,Millennial,Female
5465,27,Millennial,Male
5466,32,Millennial,Male
5467,27,Millennial,Female
5468,30,Millennial,Male
5469,33,Millennial,Male
5470,49,Gen X,Male
5471,21,Gen Z,Male
5472,24,Gen Z,Male
5473,23,Gen Z,Male
5474,35,Millennial,Female
5475,40,Millennial,Male
5476,57,Gen X,Male
5477,29,Millennial,Female
5478,43,Gen X,Male
5479,47,Gen X,Male
5480,21,Gen Z,Male
5481,37,Millennial,Male
5482,25,Gen Z,Female
5483,23,Gen Z,Male
5484,26,Gen Z,Female
5485,58,Gen X,Female
5486,32,Millennial,Female
5487,29,Millennial,Female
5488,25,Gen Z,Male
5489,31,Millennial,Male
5490,70,Boomer,Female
5491,68,Boomer,Female
5492,21,Gen Z,Female
5493,50,Gen X,Male
5494,41,Millennial,Female
5495,41,Millennial,Male
5496,35,Millennial,Female
5497,50,Gen X,Male
5498,21,Gen Z,Male
5499,34,Millennial,Male
5500,34,Millennial,Male
5501,37,Millennial,Female
5502,25,Gen Z,Male
5503,35,Millennial,Male
5504,58,Gen X,Female
5505,29,Millennial,Male
5506,51,Gen X,Male
5507,48,Gen X,Female
5508,32,Millennial,Male
5509,38,Millennial,Female
5510,33,Millennial,Female
5511,46,Gen X,Male
5512,27,Millennial,Female
5513,37,Millennial,Male
5514,25,Gen Z,Male
5515,42,Millennial,Female
5516,25,Gen Z,Female
5517,40,Millennial,Male
5518,48,Gen X,Female
5519,31,Millennial,Male
5520,34,Millennial,Female
5521,64,Boomer,Male
5522,37,Millennial,Male
5523,73,Boomer,Female
5524,25,Gen Z,Male
5525,25,Gen Z,Male
5526,32,Millennial,Male
5527,46,Gen X,Male
5528,35,Millennial,Female
5529,25,Gen Z,Male
5530,38,Millennial,Male
5531,21,Gen Z,Female
5532,21,Gen Z,Female
5533,31,Millennial,Male
5534,63,Boomer,Male
5535,24,Gen Z,Male
5536,60,Boomer,Male
5537,27,Millennial,Male
5538,22,Gen Z,Male
5539,30,Millennial,Male
5540,27,Millennial,Female
5541,58,Gen X,Male
5542,29,Millennial,Female
5543,23,Gen Z,Female
5544,48,Gen X,Male
5545,34,Millennial,Male
5546,54,Gen X,Male
5547,22,Gen Z,Male
5548,61,Boomer,Female
5549,39,Millennial,Female
5550,24,Gen Z,Male
5551,27,Millennial,Male
5552,42,Millennial,Male
5553,26,Gen Z,Male
5554,41,Millennial,Male
5555,44,Gen X,Male
5556,35,Millennial,Male
5557,30,Millennial,Female
5558,24,Gen Z,Male
5559,23,Gen Z,Male
5560,59,Boomer,Male
5561,24,Gen Z,Female
5562,43,Gen X,Male
5563,53,Gen X,Male
5564,26,Gen Z,Female
5565,27,Millennial,Male
5566,57,Gen X,Female
5567,28,Millennial,Male
5568,31,Millennial,Male
5569,22,Gen Z,Female
5570,50,Gen X,Male
5571,35,Millennial,Male
5572,32,Millennial,Female
5573,66,Boomer,Male
5574,41,Millennial,Male
5575,21,Gen Z,Female
5576,31,Millennial,Male
5577,24,Gen Z,Male
5578,31,Millennial,Male
5579,37,Millennial,Male
5580,29,Millennial,Male
5581,50,Gen X,Male
5582,65,Boomer,Female
5583,33,Millennial,Male
5584,41,Millennial,Male
5585,53,Gen X,Male
5586,41,Millennial,Male
5587,41,Millennial,Female
5588,28,Millennial,Female
5589,64,Boomer,Male
5590,24,Gen Z,Male
5591,25,Gen Z,Male
5592,30,Millennial,Female
5593,33,Millennial,Male
5594,40,Millennial,Male
5595,22,Gen Z,Male
5596,27,Millennial,Female
5597,23,Gen Z,Male
5598,31,Millennial,Male
5599,26,Gen Z,Male
5600,26,Gen Z,Female
5601,27,Millennial,Male
5602,57,Gen X,Female
5603,31,Millennial,Female
5604,66,Boomer,Male
5605,33,Millennial,Male
5606,26,Gen Z,Male
5607,33,Millennial,Male
5608,33,Millennial,Male
5609,40,Millennial,Female
5610,29,Millennial,Male
5611,41,Millennial,Male
5612,68,Boomer,Female
5613,29,Millennial,Male
5614,24,Gen Z,Male
5615,22,Gen Z,Male
5616,31,Millennial,Male
5617,31,Millennial,Male
5618,55,Gen X,Female
5619,38,Millennial,Male
5620,25,Gen Z,Male
5621,60,Boomer,Male
5622,28,Millennial,Male
5623,39,Millennial,Female
5624,48,Gen X,Female
5625,39,Millennial,Male
5626,24,Gen Z,Female
5627,22,Gen Z,Male
5628,24,Gen Z,Male
5629,45,Gen X,Female
5630,31,Millennial,Male
5631,24,Gen Z,Male
5632,50,Gen X,Male
5633,36,Millennial,Male
5634,30,Millennial,Female
5635,31,Millennial,Male
5636,33,Millennial,Male
5637,44,Gen X,Male
5638,43,Gen X,Female
5639,21,Gen Z,Female
5640,37,Millennial,Female
5641,21,Gen Z,Female
5642,60,Boomer,Female
5643,29,Millennial,Female
5644,57,Gen X,Male
5645,32,Millennial,Female
5646,57,Gen X,Female
5647,37,Millennial,Female
5648,30,Millennial,Female
5649,30,Millennial,Male
5650,26,Gen Z,Female
5651,51,Gen X,Male
5652,71,Boomer,Female
5653,63,Boomer,Female
5654,47,Gen X,Female
5655,51,Gen X,Male
5656,24,Gen Z,Male
5657,21,Gen Z,Female
5658,38,Millennial,Male
5659,33,Millennial,Female
5660,32,Millennial,Male
5661,31,Millennial,Male
5662,35,Millennial,Male
5663,26,Gen Z,Female
5664,39,Millennial,Female
5665,27,Millennial,Female
5666,37,Millennial,Male
5667,23,Gen Z,Female
5668,39,Millennial,Male
5669,42,Millennial,Male
5670,37,Millennial,Male
5671,34,Millennial,Male
5672,34,Millennial,Male
5673,42,Millennial,Male
5674,25,Gen Z,Male
5675,38,Millennial,Male
5676,21,Gen Z,Male
5677,40,Millennial,Female
5678,32,Millennial,Male
5679,48,Gen X,Male
5680,23,Gen Z,Male
5681,35,Millennial,Male
5682,28,Millennial,Male
5683,29,Millennial,Male
5684,49,Gen X,Female
5685,69,Boomer,Male
5686,26,Gen Z,Male
5687,33,Millennial,Male
5688,47,Gen X,Female
5689,60,Boomer,Female
5690,23,Gen Z,Male
5691,24,Gen Z,Male
5692,38,Millennial,Male
5693,23,Gen Z,Female
5694,68,Boomer,Female
5695,39,Millennial,Male
5696,33,Millennial,Female
5697,58,Gen X,Male
5698,42,Millennial,Male
5699,29,Millennial,Male
5700,27,Millennial,Female
5701,73,Boomer,Female
5702,22,Gen Z,Male
5703,46,Gen X,Male
5704,41,Millennial,Female
5705,43,Gen X,Male
5706,22,Gen Z,Male
5707,25,Gen Z,Male
5708,34,Millennial,Male
5709,65,Boomer,Male
5710,24,Gen Z,Female
5711,57,Gen X,Male
5712,29,Millennial,Female
5713,21,Gen Z,Male
5714,42,Millennial,Male
5715,26,Gen Z,Male
5716,35,Millennial,Male
5717,43,Gen X,Male
5718,41,Millennial,Female
5719,30,Millennial,Male
5720,62,Boomer,Female
5721,21,Gen Z,Female
5722,37,Millennial,Male
5723,42,Millennial,Male
5724,30,Millennial,Female
5725,31,Millennial,Male
5726,27,Millennial,Male
5727,24,Gen Z,Female
5728,33,Millennial,Male
5729,24,Gen Z,Male
5730,49,Gen X,Male
5731,59,Boomer,Male
5732,58,Gen X,Male
5733,57,Gen X,Female
5734,57,Gen X,Female
5735,25,Gen Z,Male
5736,43,Gen X,Male
5737,39,Millennial,Male
5738,40,Millennial,Female
5739,25,Gen Z,Male
5740,32,Millennial,Male
5741,22,Gen Z,Male
5742,54,Gen X,Male
5743,71,Boomer,Female
5744,58,Gen X,Female
5745,26,Gen Z,Male
5746,29,Millennial,Male
5747,34,Millennial,Female
5748,58,Gen X,Female
5749,46,Gen X,Male
5750,37,Millennial,Male
5751,26,Gen Z,Male
5752,42,Millennial,Female
5753,36,Millennial,Male
5754,21,Gen Z,Female
5755,39,Millennial,Male
5756,24,Gen Z,Female
5757,70,Boomer,Male
5758,31,Millennial,Female
5759,24,Gen Z,Male
5760,33,Millennial,Male
5761,36,Millennial,Male
5762,62,Boomer,Male
5763,33,Millennial,Male
5764,24,Gen Z,Male
5765,31,Millennial,Male
5766,27,Millennial,Male
5767,24,Gen Z,Female
5768,26,Gen Z,Male
5769,37,Millennial,Male
5770,25,Gen Z,Male
5771,42,Millennial,Male
5772,21,Gen Z,Male
5773,31,Millennial,Male
5774,45,Gen X,Female
5775,22,Gen Z,Male
5776,22,Gen Z,Male
5777,25,Gen Z,Male
5778,44,Gen X,Male
5779,32,Millennial,Female
5780,21,Gen Z,Male
5781,22,Gen Z,Male
5782,26,Gen Z,Female
5783,27,Millennial,Female
5784,23,Gen Z,Male
5785,28,Millennial,Male
5786,41,Millennial,Female
5787,37,Millennial,Male
5788,55,Gen X,Male
5789,33,Millennial,Female
5790,35,Millennial,Male
5791,55,Gen X,Male
5792,43,Gen X,Female
5793,24,Gen Z,Female
5794,42,Millennial,Female
5795,41,Millennial,Female
5796,23,Gen Z,Female
5797,30,Millennial,Male
5798,32,Millennial,Male
5799,22,Gen Z,Male
5800,23,Gen Z,Female
5801,34,Millennial,Male
5802,72,Boomer,Male
5803,22,Gen Z,Male
5804,22,Gen Z,Male
5805,33,Millennial,Female
5806,33,Millennial,Male
5807,31,Millennial,Male
5808,48,Gen X,Female
5809,37,Millennial,Male
5810,34,Millennial,Male
5811,21,Gen Z,Male
5812,33,Millennial,Female
5813,26,Gen Z,Female
5814,37,Millennial,Female
5815,29,Millennial,Male
5816,26,Gen Z,Male
5817,23,Gen Z,Male
5818,69,Boomer,Female
5819,33,Millennial,Male
5820,26,Gen Z,Male
5821,65,Boomer,Female
5822,31,Millennial,Male
5823,23,Gen Z,Male
5824,50,Gen X,Male
5825,32,Millennial,Male
5826,34,Millennial,Female
5827,40,Millennial,Female
5828,27,Millennial,Male
5829,41,Millennial,Female
5830,23,Gen Z,Male
5831,23,Gen Z,Male
5832,25,Gen Z,Male
5833,25,Gen Z,Male
5834,22,Gen Z,Female
5835,21,Gen Z,Male
5836,25,Gen Z,Male
5837,40,Millennial,Male
5838,52,Gen X,Female
5839,35,Millennial,Male
5840,57,Gen X,Male
5841,42,Millennial,Female
5842,39,Millennial,Male
5843,49,Gen X,Female
5844,39,Millennial,Female
5845,41,Millennial,Male
5846,56,Gen X,Female
5847,29,Millennial,Female
5848,67,Boomer,Male
5849,33,Millennial,Male
5850,42,Millennial,Male
5851,46,Gen X,Male
5852,58,Gen X,Female
5853,51,Gen X,Female
5854,38,Millennial,Male
5855,24,Gen Z,Female
5856,30,Millennial,Female
5857,71,Boomer,Female
5858,42,Millennial,Male
5859,23,Gen Z,Male
5860,42,Millennial,Female
5861,40,Millennial,Male
5862,68,Boomer,Male
5863,21,Gen Z,Male
5864,29,Millennial,Male
5865,34,Millennial,Female
5866,71,Boomer,Female
5867,23,Gen Z,Female
5868,56,Gen X,Male
5869,69,Boomer,Male
5870,51,Gen X,Male
5871,32,Millennial,Male
5872,44,Gen X,Male
5873,39,Millennial,Female
5874,31,Millennial,Male
5875,30,Millennial,Male
5876,36,Millennial,Male
5877,27,Millennial,Male
5878,50,Gen X,Female
5879,52,Gen X,Male
5880,21,Gen Z,Male
5881,30,Millennial,Female
5882,45,Gen X,Male
5883,24,Gen Z,Male
5884,28,Millennial,Female
5885,48,Gen X,Female
5886,29,Millennial,Female
5887,28,Millennial,Female
5888,31,Millennial,Female
5889,21,Gen Z,Male
5890,42,Millennial,Male
5891,56,Gen X,Male
5892,26,Gen Z,Female
5893,50,Gen X,Female
5894,68,Boomer,Male
5895,37,Millennial,Male
5896,59,Boomer,Female
5897,22,Gen Z,Male
5898,38,Millennial,Female
5899,22,Gen Z,Female
5900,29,Millennial,Male
5901,22,Gen Z,Female
5902,61,Boomer,Female
5903,33,Millennial,Male
5904,27,Millennial,Male
5905,59,Boomer,Female
5906,50,Gen X,Female
5907,37,Millennial,Female
5908,22,Gen Z,Male
5909,72,Boomer,Male
5910,71,Boomer,Female
5911,37,Millennial,Male
5912,50,Gen X,Male
5913,37,Millennial,Male
5914,69,Boomer,Male
5915,37,Millennial,Male
5916,55,Gen X,Male
5917,56,Gen X,Male
5918,52,Gen X,Male
5919,25,Gen Z,Male
5920,59,Boomer,Male
5921,23,Gen Z,Female
5922,29,Millennial,Male
5923,21,Gen Z,Female
5924,28,Millennial,Female
5925,72,Boomer,Female
5926,24,Gen Z,Female
5927,33,Millennial,Male
5928,23,Gen Z,Male
5929,30,Millennial,Male
5930,30,Millennial,Male
5931,34,Millennial,Female
5932,24,Gen Z,Female
5933,63,Boomer,Male
5934,49,Gen X,Female
5935,30,Millennial,Male
5936,47,Gen X,Female
5937,67,Boomer,Male
5938,38,Millennial,Female
5939,26,Gen Z,Male
5940,39,Millennial,Male
5941,53,Gen X,Male
5942,71,Boomer,Male
5943,30,Millennial,Male
5944,33,Millennial,Male
5945,35,Millennial,Male
5946,48,Gen X,Male
5947,24,Gen Z,Male
5948,35,Millennial,Male
5949,31,Millennial,Female
5950,35,Millennial,Male
5951,25,Gen Z,Male
5952,55,Gen X,Male
5953,26,Gen Z,Female
5954,22,Gen Z,Female
5955,23,Gen Z,Female
5956,50,Gen X,Female
5957,26,Gen Z,Male
5958,31,Millennial,Male
5959,36,Millennial,Male
5960,32,Millennial,Male
5961,25,Gen Z,Male
5962,68,Boomer,Male
5963,21,Gen Z,Female
5964,25,Gen Z,Male
5965,52,Gen X,Male
5966,33,Millennial,Female
5967,67,Boomer,Male
5968,22,Gen Z,Male
5969,31,Millennial,Female
5970,29,Millennial,Male
5971,27,Millennial,Male
5972,27,Millennial,Male
5973,35,Millennial,Male
5974,26,Gen Z,Male
5975,58,Gen X,Male
5976,44,Gen X,Female
5977,27,Millennial,Male
5978,63,Boomer,Male
5979,35,Millennial,Male
5980,27,Millennial,Male
5981,40,Millennial,Male
5982,33,Millennial,Male
5983,41,Millennial,Female
5984,49,Gen X,Female
5985,36,Millennial,Male
5986,45,Gen X,Female
5987,64,Boomer,Female
5988,39,Millennial,Female
5989,29,Millennial,Female
5990,49,Gen X,Male
5991,21,Gen Z,Female
5992,39,Millennial,Male
5993,31,Millennial,Female
5994,25,Gen Z,Male
5995,25,Gen Z,Male
5996,32,Millennial,Female
5997,23,Gen Z,Male
5998,34,Millennial,Male
5999,30,Millennial,Male
6000,73,Boomer,Female
6001,37,Millennial,Female
6002,42,Millennial,Male
6003,23,Gen Z,Female
6004,38,Millennial,Female
6005,27,Millennial,Male
6006,38,Millennial,Male
6007,54,Gen X,Male
6008,27,Millennial,Female
6009,24,Gen Z,Male
6010,58,Gen X,Male
6011,64,Boomer,Female
6012,56,Gen X,Male
6013,24,Gen Z,Male
6014,31,Millennial,Male
6015,42,Millennial,Female
6016,43,Gen X,Female
6017,72,Boomer,Female
6018,41,Millennial,Male
6019,31,Millennial,Male
6020,21,Gen Z,Male
6021,58,Gen X,Male
6022,73,Boomer,Male
6023,41,Millennial,Male
6024,27,Millennial,Male
6025,27,Millennial,Male
6026,40,Millennial,Male
6027,26,Gen Z,Female
6028,29,Millennial,Male
6029,31,Millennial,Male
6030,74,Boomer,Female
6031,36,Millennial,Female
6032,65,Boomer,Male
6033,37,Millennial,Male
6034,69,Boomer,Male
6035,25,Gen Z,Female
6036,53,Gen X,Male
6037,47,Gen X,Male
6038,50,Gen X,Male
6039,23,Gen Z,Male
6040,23,Gen Z,Male
6041,23,Gen Z,Female
6042,25,Gen Z,Female
6043,42,Millennial,Female
6044,21,Gen Z,Male
6045,40,Millennial,Male
6046,22,Gen Z,Male
6047,39,Millennial,Female
6048,37,Millennial,Male
6049,32,Millennial,Male
6050,35,Millennial,Male
6051,40,Millennial,Female
6052,21,Gen Z,Male
6053,40,Millennial,Male
6054,30,Millennial,Male
6055,70,Boomer,Male
6056,45,Gen X,Male
6057,39,Millennial,Male
6058,56,Gen X,Male
6059,39,Millennial,Female
6060,27,Millennial,Female
6061,65,Boomer,Male
6062,34,Millennial,Male
6063,58,Gen X,Male
6064,41,Millennial,Male
6065,36,Millennial,Female
6066,42,Millennial,Male
6067,29,Millennial,Male
6068,21,Gen Z,Male
6069,35,Millennial,Male
6070,36,Millennial,Female
6071,29,Millennial,Male
6072,33,Millennial,Male
6073,40,Millennial,Male
6074,30,Millennial,Male
6075,27,Millennial,Male
6076,54,Gen X,Male
6077,41,Millennial,Male
6078,30,Millennial,Male
6079,39,Millennial,Male
6080,25,Gen Z,Male
6081,38,Millennial,Female
6082,54,Gen X,Male
6083,24,Gen Z,Male
6084,40,Millennial,Female
6085,24,Gen Z,Male
6086,73,Boomer,Male
6087,41,Millennial,Male
6088,36,Millennial,Male
6089,21,Gen Z,Female
6090,39,Millennial,Male
6091,37,Millennial,Female
6092,49,Gen X,Male
6093,41,Millennial,Male
6094,34,Millennial,Male
6095,52,Gen X,Female
6096,27,Millennial,Male
6097,23,Gen Z,Male
6098,47,Gen X,Male
6099,67,Boomer,Male
6100,34,Millennial,Male
6101,56,Gen X,Female
6102,39,Millennial,Male
6103,34,Millennial,Male
6104,39,Millennial,Female
6105,31,Millennial,Male
6106,40,Millennial,Male
6107,58,Gen X,Male
6108,21,Gen Z,Male
6109,37,Millennial,Male
6110,66,Boomer,Male
6111,24,Gen Z,Male
6112,68,Boomer,Female
6113,29,Millennial,Male
6114,22,Gen Z,Male
6115,26,Gen Z,Male
6116,22,Gen Z,Male
6117,29,Millennial,Male
6118,55,Gen X,Male
6119,39,Millennial,Male
6120,31,Millennial,Male
6121,30,Millennial,Male
6122,22,Gen Z,Female
6123,68,Boomer,Female
6124,47,Gen X,Male
6125,26,Gen Z,Male
6126,23,Gen Z,Male
6127,42,Millennial,Male
6128,35,Millennial,Female
6129,32,Millennial,Male
6130,35,Millennial,Male
6131,29,Millennial,Male
6132,51,Gen X,Male
6133,21,Gen Z,Male
6134,44,Gen X,Male
6135,25,Gen Z,Female
6136,49,Gen X,Male
6137,44,Gen X,Female
6138,29,Millennial,Male
6139,21,Gen Z,Male
6140,32,Millennial,Male
6141,36,Millennial,Female
6142,47,Gen X,Female
6143,26,Gen Z,Male
6144,59,Boomer,Male
6145,29,Millennial,Male
6146,47,Gen X,Male
6147,71,Boomer,Female
6148,58,Gen X,Female
6149,47,Gen X,Female
6150,25,Gen Z,Male
6151,37,Millennial,Male
6152,24,Gen Z,Male
6153,40,Millennial,Male
6154,27,Millennial,Female
6155,34,Millennial,Male
6156,56,Gen X,Male
6157,43,Gen X,Male
6158,43,Gen X,Male
6159,27,Millennial,Male
6160,41,Millennial,Female
6161,42,Millennial,Female
6162,38,Millennial,Male
6163,28,Millennial,Male
6164,38,Millennial,Male
6165,32,Millennial,Female
6166,22,Gen Z,Male
6167,31,Millennial,Male
6168,41,Millennial,Male
6169,41,Millennial,Male
6170,53,Gen X,Female
6171,26,Gen Z,Male
6172,42,Millennial,Male
6173,28,Millennial,Male
6174,60,Boomer,Female
6175,38,Millennial,Male
6176,41,Millennial,Male
6177,35,Millennial,Male
6178,43,Gen X,Male
6179,29,Millennial,Female
6180,35,Millennial,Male
6181,37,Millennial,Male
6182,37,Millennial,Female
6183,24,Gen Z,Male
6184,45,Gen X,Male
6185,42,Millennial,Female
6186,65,Boomer,Female
6187,31,Millennial,Female
6188,29,Millennial,Male
6189,26,Gen Z,Male
6190,33,Millennial,Male
6191,26,Gen Z,Male
6192,37,Millennial,Male
6193,24,Gen Z,Male
6194,46,Gen X,Male
6195,42,Millennial,Male
6196,46,Gen X,Female
6197,34,Millennial,Male
6198,22,Gen Z,Male
6199,22,Gen Z,Male
6200,56,Gen X,Male
6201,24,Gen Z,Male
6202,28,Millennial,Female
6203,33,Millennial,Female
6204,40,Millennial,Male
6205,53,Gen X,Female
6206,53,Gen X,Male
6207,43,Gen X,Male
6208,56,Gen X,Female
6209,43,Gen X,Male
6210,24,Gen Z,Male
6211,32,Millennial,Male
6212,31,Millennial,Female
6213,54,Gen X,Male
6214,28,Millennial,Male
6215,25,Gen Z,Male
6216,23,Gen Z,Male
6217,59,Boomer,Male
6218,41,Millennial,Male
6219,23,Gen Z,Male
6220,32,Millennial,Male
6221,64,Boomer,Male
6222,32,Millennial,Male
6223,44,Gen X,Male
6224,22,Gen Z,Male
6225,37,Millennial,Male
6226,36,Millennial,Female
6227,46,Gen X,Female
6228,45,Gen X,Female
6229,29,Millennial,Male
6230,57,Gen X,Female
6231,53,Gen X,Male
6232,65,Boomer,Male
6233,33,Millennial,Female
6234,42,Millennial,Male
6235,63,Boomer,Female
6236,26,Gen Z,Female
6237,29,Millennial,Female
6238,31,Millennial,Male
6239,39,Millennial,Female
6240,70,Boomer,Male
6241,25,Gen Z,Male
6242,57,Gen X,Male
6243,32,Millennial,Male
6244,22,Gen Z,Female
6245,52,Gen X,Male
6246,21,Gen Z,Male
6247,61,Boomer,Male
6248,24,Gen Z,Male
6249,55,Gen X,Male
6250,32,Millennial,Male
6251,34,Millennial,Female
6252,22,Gen Z,Female
6253,53,Gen X,Male
6254,31,Millennial,Male
6255,65,Boomer,Male
6256,35,Millennial,Female
6257,32,Millennial,Female
6258,29,Millennial,Male
6259,32,Millennial,Female
6260,36,Millennial,Male
6261,36,Millennial,Male
6262,30,Millennial,Female
6263,44,Gen X,Female
6264,40,Millennial,Male
6265,55,Gen X,Female
6266,29,Millennial,Male
6267,31,Millennial,Male
6268,34,Millennial,Female
6269,28,Millennial,Female
6270,28,Millennial,Male
6271,22,Gen Z,Female
6272,25,Gen Z,Male
6273,36,Millennial,Female
6274,42,Millennial,Male
6275,22,Gen Z,Male
6276,23,Gen Z,Male
6277,39,Millennial,Female
6278,22,Gen Z,Male
6279,22,Gen Z,Male
6280,33,Millennial,Male
6281,24,Gen Z,Male
6282,40,Millennial,Male
6283,23,Gen Z,Female
6284,22,Gen Z,Female
6285,29,Millennial,Male
6286,35,Millennial,Male
6287,50,Gen X,Male
6288,22,Gen Z,Male
6289,66,Boomer,Male
6290,54,Gen X,Female
6291,47,Gen X,Female
6292,35,Millennial,Male
6293,57,Gen X,Male
6294,34,Millennial,Male
6295,26,Gen Z,Male
6296,40,Millennial,Male
6297,36,Millennial,Male
6298,58,Gen X,Male
6299,43,Gen X,Male
6300,27,Millennial,Male
6301,22,Gen Z,Male
6302,40,Millennial,Male
6303,46,Gen X,Male
6304,40,Millennial,Male
6305,42,Millennial,Male
6306,29,Millennial,Female
6307,21,Gen Z,Male
6308,40,Millennial,Male
6309,49,Gen X,Male
6310,58,Gen X,Female
6311,39,Millennial,Female
6312,26,Gen Z,Male
6313,28,Millennial,Male
6314,28,Millennial,Female
6315,24,Gen Z,Male
6316,39,Millennial,Male
6317,34,Millennial,Female
6318,21,Gen Z,Male
6319,24,Gen Z,Male
6320,23,Gen Z,Male
6321,39,Millennial,Male
6322,51,Gen X,Male
6323,26,Gen Z,Male
6324,31,Millennial,Male
6325,73,Boomer,Male
6326,28,Millennial,Male
6327,69,Boomer,Male
6328,58,Gen X,Male
6329,31,Millennial,Male
6330,37,Millennial,Male
6331,21,Gen Z,Male
6332,39,Millennial,Male
6333,21,Gen Z,Male
6334,40,Millennial,Female
6335,31,Millennial,Male
6336,41,Millennial,Male
6337,39,Millennial,Male
6338,52,Gen X,Female
6339,28,Millennial,Male
6340,24,Gen Z,Male
6341,32,Millennial,Male
6342,56,Gen X,Male
6343,52,Gen X,Male
6344,44,Gen X,Male
6345,65,Boomer,Male
6346,23,Gen Z,Male
6347,56,Gen X,Female
6348,57,Gen X,Male
6349,33,Millennial,Male
6350,55,Gen X,Male
6351,30,Millennial,Male
6352,36,Millennial,Male
6353,27,Millennial,Female
6354,21,Gen Z,Female
6355,41,Millennial,Male
6356,30,Millennial,Male
6357,40,Millennial,Male
6358,23,Gen Z,Male
6359,23,Gen Z,Male
6360,26,Gen Z,Female
6361,33,Millennial,Female
6362,41,Millennial,Male
6363,62,Boomer,Male
6364,25,Gen Z,Male
6365,61,Boomer,Female
6366,33,Millennial,Female
6367,42,Millennial,Male
6368,27,Millennial,Male
6369,21,Gen Z,Male
6370,49,Gen X,Female
6371,30,Millennial,Female
6372,24,Gen Z,Male
6373,24,Gen Z,Female
6374,32,Millennial,Male
6375,39,Millennial,Female
6376,54,Gen X,Female
6377,41,Millennial,Male
6378,50,Gen X,Male
6379,33,Millennial,Male
6380,40,Millennial,Female
6381,67,Boomer,Male
6382,24,Gen Z,Female
6383,37,Millennial,Male
6384,43,Gen X,Male
6385,30,Millennial,Male
6386,73,Boomer,Male
6387,25,Gen Z,Female
6388,44,Gen X,Female
6389,36,Millennial,Male
6390,35,Millennial,Male
6391,42,Millennial,Male
6392,31,Millennial,Male
6393,26,Gen Z,Male
6394,67,Boomer,Male
6395,23,Gen Z,Male
6396,37,Millennial,Male
6397,37,Millennial,Male
6398,36,Millennial,Male
6399,52,Gen X,Male
6400,62,Boomer,Male
6401,29,Millennial,Male
6402,28,Millennial,Male
6403,31,Millennial,Female
6404,34,Millennial,Male
6405,27,Millennial,Female
6406,26,Gen Z,Male
6407,29,Millennial,Female
6408,44,Gen X,Male
6409,48,Gen X,Female
6410,33,Millennial,Male
6411,24,Gen Z,Male
6412,32,Millennial,Male
6413,40,Millennial,Male
6414,48,Gen X,Male
6415,48,Gen X,Male
6416,52,Gen X,Male
6417,24,Gen Z,Female
6418,40,Millennial,Female
6419,31,Millennial,Female
6420,21,Gen Z,Male
6421,21,Gen Z,Female
6422,52,Gen X,Male
6423,31,Millennial,Female
6424,41,Millennial,Female
6425,39,Millennial,Male
6426,58,Gen X,Female
6427,30,Millennial,Female
6428,34,Millennial,Male
6429,34,Millennial,Male
6430,31,Millennial,Male
6431,22,Gen Z,Male
6432,47,Gen X,Male
6433,32,Millennial,Male
6434,25,Gen Z,Female
6435,41,Millennial,Male
6436,22,Gen Z,Male
6437,26,Gen Z,Female
6438,25,Gen Z,Male
6439,22,Gen Z,Male
6440,34,Millennial,Female
6441,32,Millennial,Female
6442,50,Gen X,Male
6443,28,Millennial,Female
6444,36,Millennial,Male
6445,54,Gen X,Male
6446,41,Millennial,Male
6447,68,Boomer,Male
6448,24,Gen Z,Male
6449,30,Millennial,Male
6450,41,Millennial,Male
6451,32,Millennial,Male
6452,35,Millennial,Female
6453,52,Gen X,Male
6454,26,Gen Z,Male
6455,42,Millennial,Male
6456,51,Gen X,Female
6457,37,Millennial,Male
6458,21,Gen Z,Male
6459,30,Millennial,Male
6460,26,Gen Z,Male
6461,40,Millennial,Female
6462,23,Gen Z,Male
6463,22,Gen Z,Female
6464,34,Millennial,Male
6465,24,Gen Z,Male
6466,32,Millennial,Male
6467,28,Millennial,Male
6468,22,Gen Z,Female
6469,34,Millennial,Male
6470,27,Millennial,Male
6471,42,Millennial,Male
6472,32,Millennial,Male
6473,37,Millennial,Male
6474,30,Millennial,Male
6475,22,Gen Z,Male
6476,32,Millennial,Male
6477,26,Gen Z,Male
6478,26,Gen Z,Female
6479,63,Boomer,Male
6480,33,Millennial,Male
6481,21,Gen Z,Male
6482,52,Gen X,Male
6483,37,Millennial,Male
6484,33,Millennial,Male
6485,31,Millennial,Male
6486,29,Millennial,Female
6487,34,Millennial,Male
6488,42,Millennial,Male
6489,28,Millennial,Male
6490,54,Gen X,Female
6491,49,Gen X,Male
6492,35,Millennial,Female
6493,31,Millennial,Female
6494,26,Gen Z,Male
6495,53,Gen X,Female
6496,23,Gen Z,Male
6497,36,Millennial,Male
6498,25,Gen Z,Male
6499,29,Millennial,Male
6500,32,Millennial,Male
6501,26,Gen Z,Male
6502,32,Millennial,Female
6503,30,Millennial,Male
6504,32,Millennial,Female
6505,28,Millennial,Female
6506,49,Gen X,Male
6507,24,Gen Z,Female
6508,46,Gen X,Male
6509,22,Gen Z,Male
6510,38,Millennial,Male
6511,22,Gen Z,Male
6512,37,Millennial,Male
6513,40,Millennial,Male
6514,26,Gen Z,Male
6515,57,Gen X,Male
6516,40,Millennial,Female
6517,25,Gen Z,Female
6518,28,Millennial,Male
6519,46,Gen X,Female
6520,54,Gen X,Male
6521,49,Gen X,Female
6522,25,Gen Z,Female
6523,48,Gen X,Female
6524,41,Millennial,Male
6525,68,Boomer,Male
6526,32,Millennial,Male
6527,54,Gen X,Male
6528,27,Millennial,Male
6529,26,Gen Z,Male
6530,35,Millennial,Male
6531,52,Gen X,Male
6532,24,Gen Z,Female
6533,23,Gen Z,Male
6534,26,Gen Z,Female
6535,34,Millennial,Male
6536,42,Millennial,Male
6537,30,Millennial,Female
6538,56,Gen X,Female
6539,42,Millennial,Male
6540,46,Gen X,Male
6541,57,Gen X,Female
6542,28,Millennial,Male
6543,60,Boomer,Male
6544,39,Millennial,Male
6545,42,Millennial,Male
6546,27,Millennial,Female
6547,26,Gen Z,Male
6548,39,Millennial,Male
6549,37,Millennial,Female
6550,26,Gen Z,Male
6551,24,Gen Z,Male
6552,35,Millennial,Male
6553,36,Millennial,Male
6554,71,Boomer,Female
6555,25,Gen Z,Female
6556,37,Millennial,Male
6557,30,Millennial,Male
6558,44,Gen X,Male
6559,33,Millennial,Male
6560,38,Millennial,Male
6561,51,Gen X,Female
6562,25,Gen Z,Male
6563,45,Gen X,Male
6564,29,Millennial,Male
6565,45,Gen X,Male
6566,22,Gen Z,Male
6567,21,Gen Z,Male
6568,38,Millennial,Male
6569,29,Millennial,Male
6570,21,Gen Z,Female
6571,30,Millennial,Male
6572,35,Millennial,Male
6573,29,Millennial,Male
6574,23,Gen Z,Female
6575,41,Millennial,Female
6576,41,Millennial,Female
6577,34,Millennial,Male
6578,63,Boomer,Female
6579,51,Gen X,Male
6580,46,Gen X,Female
6581,34,Millennial,Male
6582,64,Boomer,Male
6583,69,Boomer,Male
6584,32,Millennial,Male
6585,40,Millennial,Female
6586,33,Millennial,Male
6587,42,Millennial,Male
6588,24,Gen Z,Female
6589,41,Millennial,Male
6590,51,Gen X,Male
6591,54,Gen X,Male
6592,37,Millennial,Male
6593,25,Gen Z,Male
6594,26,Gen Z,Female
6595,68,Boomer,Female
6596,38,Millennial,Female
6597,58,Gen X,Female
6598,58,Gen X,Female
6599,49,Gen X,Female
6600,33,Millennial,Male
6601,65,Boomer,Male
6602,34,Millennial,Male
6603,23,Gen Z,Male
6604,27,Millennial,Female
6605,25,Gen Z,Male
6606,22,Gen Z,Female
6607,56,Gen X,Female
6608,32,Millennial,Female
6609,23,Gen Z,Male
6610,58,Gen X,Male
6611,26,Gen Z,Female
6612,47,Gen X,Male
6613,21,Gen Z,Female
6614,41,Millennial,Female
6615,66,Boomer,Male
6616,72,Boomer,Male
6617,55,Gen X,Male
6618,38,Millennial,Male
6619,29,Millennial,Male
6620,34,Millennial,Male
6621,29,Millennial,Male
6622,28,Millennial,Male
6623,51,Gen X,Female
6624,36,Millennial,Male
6625,59,Boomer,Female
6626,39,Millennial,Male
6627,33,Millennial,Male
6628,40,Millennial,Male
6629,29,Millennial,Male
6630,21,Gen Z,Male
6631,29,Millennial,Female
6632,31,Millennial,Male
6633,28,Millennial,Female
6634,39,Millennial,Male
6635,30,Millennial,Male
6636,40,Millennial,Female
6637,35,Millennial,Male
6638,34,Millennial,Male
6639,47,Gen X,Male
6640,26,Gen Z,Male
6641,51,Gen X,Female
6642,42,Millennial,Male
6643,38,Millennial,Male
6644,22,Gen Z,Male
6645,29,Millennial,Female
6646,29,Millennial,Female
6647,21,Gen Z,Male
6648,40,Millennial,Male
6649,28,Millennial,Male
6650,53,Gen X,Female
6651,23,Gen Z,Female
6652,21,Gen Z,Male
6653,60,Boomer,Female
6654,27,Millennial,Female
6655,28,Millennial,Female
6656,33,Millennial,Female
6657,24,Gen Z,Male
6658,35,Millennial,Male
6659,36,Millennial,Female
6660,33,Millennial,Male
6661,70,Boomer,Male
6662,25,Gen Z,Male
6663,35,Millennial,Male
6664,31,Millennial,Female
6665,37,Millennial,Female
6666,29,Millennial,Male
6667,35,Millennial,Male
6668,58,Gen X,Female
6669,23,Gen Z,Female
6670,24,Gen Z,Male
6671,37,Millennial,Male
6672,21,Gen Z,Male
6673,40,Millennial,Male
6674,50,Gen X,Male
6675,62,Boomer,Female
6676,24,Gen Z,Female
6677,51,Gen X,Male
6678,37,Millennial,Female
6679,36,Millennial,Male
6680,49,Gen X,Male
6681,41,Millennial,Male
6682,40,Millennial,Male
6683,30,Millennial,Male
6684,25,Gen Z,Female
6685,33,Millennial,Male
6686,41,Millennial,Male
6687,65,Boomer,Male
6688,26,Gen Z,Female
6689,37,Millennial,Female
6690,29,Millennial,Male
6691,31,Millennial,Male
6692,30,Millennial,Female
6693,51,Gen X,Female
6694,42,Millennial,Male
6695,25,Gen Z,Male
6696,42,Millennial,Female
6697,42,Millennial,Female
6698,25,Gen Z,Female
6699,30,Millennial,Male
6700,58,Gen X,Male
6701,41,Millennial,Male
6702,32,Millennial,Male
6703,35,Millennial,Male
6704,42,Millennial,Male
6705,37,Millennial,Female
6706,33,Millennial,Female
6707,21,Gen Z,Male
6708,23,Gen Z,Male
6709,23,Gen Z,Female
6710,28,Millennial,Male
6711,57,Gen X,Female
6712,22,Gen Z,Male
6713,33,Millennial,Male
6714,55,Gen X,Male
6715,52,Gen X,Male
6716,28,Millennial,Female
6717,22,Gen Z,Female
6718,35,Millennial,Male
6719,40,Millennial,Male
6720,27,Millennial,Male
6721,34,Millennial,Female
6722,39,Millennial,Male
6723,34,Millennial,Male
6724,48,Gen X,Male
6725,25,Gen Z,Male
6726,58,Gen X,Female
6727,56,Gen X,Male
6728,28,Millennial,Male
6729,22,Gen Z,Male
6730,38,Millennial,Male
6731,38,Millennial,Male
6732,43,Gen X,Male
6733,23,Gen Z,Female
6734,33,Millennial,Female
6735,23,Gen Z,Male
6736,54,Gen X,Male
6737,29,Millennial,Male
6738,25,Gen Z,Male
6739,21,Gen Z,Male
6740,21,Gen Z,Female
6741,42,Millennial,Male
6742,42,Millennial,Male
6743,39,Millennial,Male
6744,24,Gen Z,Female
6745,30,Millennial,Male
6746,74,Boomer,Male
6747,25,Gen Z,Male
6748,32,Millennial,Male
6749,28,Millennial,Male
6750,40,Millennial,Female
6751,21,Gen Z,Female
6752,38,Millennial,Female
6753,42,Millennial,Male
6754,33,Millennial,Male
6755,41,Millennial,Male
6756,37,Millennial,Male
6757,24,Gen Z,Female
6758,29,Millennial,Female
6759,32,Millennial,Female
6760,48,Gen X,Male
6761,30,Millennial,Male
6762,40,Millennial,Male
6763,72,Boomer,Male
6764,33,Millennial,Male
6765,24,Gen Z,Male
6766,25,Gen Z,Male
6767,48,Gen X,Female
6768,25,Gen Z,Male
6769,21,Gen Z,Female
6770,25,Gen Z,Female
6771,31,Millennial,Male
6772,29,Millennial,Male
6773,31,Millennial,Female
6774,29,Millennial,Female
6775,50,Gen X,Male
6776,39,Millennial,Female
6777,35,Millennial,Male
6778,41,Millennial,Female
6779,66,Boomer,Female
6780,54,Gen X,Female
6781,36,Millennial,Female
6782,25,Gen Z,Female
6783,36,Millennial,Male
6784,29,Millennial,Male
6785,42,Millennial,Male
6786,67,Boomer,Female
6787,53,Gen X,Male
6788,33,Millennial,Female
6789,61,Boomer,Male
6790,21,Gen Z,Female
6791,70,Boomer,Male
6792,22,Gen Z,Female
6793,37,Millennial,Male
6794,33,Millennial,Male
6795,67,Boomer,Female
6796,34,Millennial,Male
6797,40,Millennial,Male
6798,51,Gen X,Female
6799,25,Gen Z,Male
6800,71,Boomer,Female
6801,57,Gen X,Female
6802,63,Boomer,Male
6803,25,Gen Z,Male
6804,55,Gen X,Female
6805,35,Millennial,Female
6806,26,Gen Z,Male
6807,36,Millennial,Female
6808,35,Millennial,Male
6809,48,Gen X,Male
6810,40,Millennial,Male
6811,28,Millennial,Male
6812,36,Millennial,Male
6813,45,Gen X,Male
6814,26,Gen Z,Male
6815,53,Gen X,Male
6816,34,Millennial,Male
6817,36,Millennial,Male
6818,36,Millennial,Female
6819,42,Millennial,Female
6820,23,Gen Z,Male
6821,41,Millennial,Female
6822,42,Millennial,Male
6823,30,Millennial,Female
6824,39,Millennial,Female
6825,41,Millennial,Female
6826,54,Gen X,Male
6827,24,Gen Z,Male
6828,42,Millennial,Female
6829,69,Boomer,Male
6830,24,Gen Z,Male
6831,28,Millennial,Male
6832,24,Gen Z,Female
6833,37,Millennial,Male
6834,35,Millennial,Female
6835,32,Millennial,Male
6836,40,Millennial,Male
6837,25,Gen Z,Male
6838,35,Millennial,Male
6839,38,Millennial,Male
6840,23,Gen Z,Female
6841,54,Gen X,Male
6842,56,Gen X,Male
6843,22,Gen Z,Female
6844,74,Boomer,Male
6845,35,Millennial,Male
6846,39,Millennial,Female
6847,27,Millennial,Female
6848,41,Millennial,Female
6849,26,Gen Z,Male
6850,27,Millennial,Male
6851,30,Millennial,Male
6852,51,Gen X,Female
6853,43,Gen X,Male
6854,67,Boomer,Male
6855,21,Gen Z,Female
6856,49,Gen X,Male
6857,42,Millennial,Male
6858,36,Millennial,Male
6859,40,Millennial,Male
6860,38,Millennial,Male
6861,21,Gen Z,Male
6862,60,Boomer,Male
6863,36,Millennial,Male
6864,48,Gen X,Female
6865,26,Gen Z,Male
6866,21,Gen Z,Female
6867,36,Millennial,Male
6868,31,Millennial,Male
6869,33,Millennial,Male
6870,32,Millennial,Male
6871,36,Millennial,Male
6872,36,Millennial,Female
6873,24,Gen Z,Female
6874,35,Millennial,Male
6875,44,Gen X,Female
6876,31,Millennial,Male
6877,27,Millennial,Male
6878,23,Gen Z,Female
6879,42,Millennial,Female
6880,70,Boomer,Male
6881,42,Millennial,Female
6882,51,Gen X,Male
6883,25,Gen Z,Female
6884,22,Gen Z,Male
6885,35,Millennial,Male
6886,30,Millennial,Male
6887,31,Millennial,Male
6888,23,Gen Z,Female
6889,32,Millennial,Female
6890,22,Gen Z,Male
6891,50,Gen X,Male
6892,23,Gen Z,Male
6893,26,Gen Z,Female
6894,38,Millennial,Male
6895,56,Gen X,Female
6896,33,Millennial,Female
6897,25,Gen Z,Male
6898,24,Gen Z,Male
6899,36,Millennial,Female
6900,35,Millennial,Female
6901,48,Gen X,Male
6902,35,Millennial,Male
6903,22,Gen Z,Male
6904,41,Millennial,Male
6905,24,Gen Z,Male
6906,25,Gen Z,Male
6907,54,Gen X,Female
6908,34,Millennial,Female
6909,56,Gen X,Female
6910,32,Millennial,Male
6911,43,Gen X,Male
6912,52,Gen X,Male
6913,42,Millennial,Female
6914,35,Millennial,Male
6915,56,Gen X,Female
6916,26,Gen Z,Male
6917,52,Gen X,Male
6918,29,Millennial,Female
6919,32,Millennial,Male
6920,25,Gen Z,Male
6921,28,Millennial,Female
6922,26,Gen Z,Female
6923,33,Millennial,Female
6924,51,Gen X,Female
6925,51,Gen X,Male
6926,27,Millennial,Female
6927,62,Boomer,Male
6928,27,Millennial,Male
6929,24,Gen Z,Male
6930,28,Millennial,Female
6931,39,Millennial,Female
6932,42,Millennial,Female
6933,39,Millennial,Male
6934,24,Gen Z,Male
6935,23,Gen Z,Male
6936,57,Gen X,Female
6937,30,Millennial,Female
6938,22,Gen Z,Female
6939,33,Millennial,Male
6940,25,Gen Z,Male
6941,30,Millennial,Female
6942,37,Millennial,Male
6943,28,Millennial,Male
6944,47,Gen X,Male
6945,28,Millennial,Male
6946,34,Millennial,Female
6947,27,Millennial,Male
6948,42,Millennial,Male
6949,26,Gen Z,Male
6950,37,Millennial,Male
6951,53,Gen X,Male
6952,63,Boomer,Male
6953,22,Gen Z,Male
6954,36,Millennial,Female
6955,38,Millennial,Female
6956,23,Gen Z,Male
6957,42,Millennial,Male
6958,47,Gen X,Male
6959,24,Gen Z,Male
6960,30,Millennial,Male
6961,51,Gen X,Male
6962,36,Millennial,Female
6963,57,Gen X,Female
6964,49,Gen X,Male
6965,28,Millennial,Male
6966,25,Gen Z,Male
6967,48,Gen X,Male
6968,44,Gen X,Female
6969,28,Millennial,Male
6970,37,Millennial,Female
6971,31,Millennial,Female
6972,30,Millennial,Male
6973,24,Gen Z,Female
6974,38,Millennial,Female
6975,36,Millennial,Male
6976,42,Millennial,Male
6977,25,Gen Z,Male
6978,25,Gen Z,Female
6979,40,Millennial,Female
6980,40,Millennial,Male
6981,26,Gen Z,Male
6982,21,Gen Z,Male
6983,29,Millennial,Male
6984,62,Boomer,Male
6985,22,Gen Z,Male
6986,42,Millennial,Male
6987,38,Millennial,Female
6988,26,Gen Z,Male
6989,29,Millennial,Male
6990,21,Gen Z,Male
6991,22,Gen Z,Male
6992,55,Gen X,Male
6993,61,Boomer,Male
6994,50,Gen X,Male
6995,63,Boomer,Female
6996,28,Millennial,Male
6997,32,Millennial,Male
6998,62,Boomer,Male
6999,38,Millennial,Male
7000,22,Gen Z,Male
7001,47,Gen X,Male
7002,41,Millennial,Female
7003,40,Millennial,Male
7004,42,Millennial,Female
7005,39,Millennial,Male
7006,47,Gen X,Male
7007,24,Gen Z,Female
7008,22,Gen Z,Male
7009,39,Millennial,Male
7010,38,Millennial,Male
7011,59,Boomer,Female
7012,36,Millennial,Male
7013,54,Gen X,Male
7014,25,Gen Z,Male
7015,25,Gen Z,Male
7016,38,Millennial,Male
7017,25,Gen Z,Male
7018,31,Millennial,Female
7019,54,Gen X,Male
7020,35,Millennial,Male
7021,21,Gen Z,Male
7022,34,Millennial,Male
7023,37,Millennial,Female
7024,38,Millennial,Male
7025,31,Millennial,Male
7026,41,Millennial,Male
7027,45,Gen X,Female
7028,25,Gen Z,Male
7029,32,Millennial,Male
7030,48,Gen X,Female
7031,29,Millennial,Male
7032,49,Gen X,Female
7033,25,Gen Z,Female
7034,24,Gen Z,Female
7035,56,Gen X,Male
7036,21,Gen Z,Male
7037,41,Millennial,Male
7038,27,Millennial,Male
7039,37,Millennial,Female
7040,26,Gen Z,Female
7041,30,Millennial,Male
7042,30,Millennial,Male
7043,38,Millennial,Male
7044,37,Millennial,Female
7045,28,Millennial,Female
7046,26,Gen Z,Female
7047,32,Millennial,Male
7048,43,Gen X,Male
7049,26,Gen Z,Female
7050,28,Millennial,Female
7051,38,Millennial,Female
7052,58,Gen X,Male
7053,36,Millennial,Male
7054,40,Millennial,Male
7055,34,Millennial,Male
7056,39,Millennial,Male
7057,34,Millennial,Male
7058,55,Gen X,Female
7059,53,Gen X,Female
7060,37,Millennial,Female
7061,30,Millennial,Female
7062,26,Gen Z,Female
7063,31,Millennial,Male
7064,51,Gen X,Female
7065,33,Millennial,Female
7066,30,Millennial,Male
7067,66,Boomer,Female
7068,37,Millennial,Male
7069,22,Gen Z,Male
7070,35,Millennial,Male
7071,52,Gen X,Female
7072,25,Gen Z,Male
7073,54,Gen X,Male
7074,49,Gen X,Female
7075,24,Gen Z,Male
7076,33,Millennial,Female
7077,27,Millennial,Male
7078,29,Millennial,Male
7079,24,Gen Z,Female
7080,21,Gen Z,Male
7081,31,Millennial,Female
7082,36,Millennial,Male
7083,35,Millennial,Female
7084,25,Gen Z,Female
7085,57,Gen X,Male
7086,25,Gen Z,Male
7087,49,Gen X,Male
7088,31,Millennial,Male
7089,36,Millennial,Male
7090,22,Gen Z,Female
7091,47,Gen X,Male
7092,52,Gen X,Female
7093,43,Gen X,Male
7094,48,Gen X,Male
7095,40,Millennial,Male
7096,49,Gen X,Male
7097,23,Gen Z,Male
7098,24,Gen Z,Female
7099,37,Millennial,Male
7100,29,Millennial,Male
7101,33,Millennial,Male
7102,26,Gen Z,Male
7103,28,Millennial,Male
7104,67,Boomer,Male
7105,31,Millennial,Male
7106,36,Millennial,Male
7107,26,Gen Z,Female
7108,26,Gen Z,Male
7109,25,Gen Z,Male
7110,50,Gen X,Female
7111,21,Gen Z,Female
7112,37,Millennial,Male
7113,66,Boomer,Female
7114,24,Gen Z,Female
7115,24,Gen Z,Male
7116,24,Gen Z,Male
7117,50,Gen X,Female
7118,52,Gen X,Female
7119,34,Millennial,Male
7120,39,Millennial,Female
7121,25,Gen Z,Male
7122,31,Millennial,Female
7123,24,Gen Z,Male
7124,40,Millennial,Male
7125,25,Gen Z,Male
7126,21,Gen Z,Female
7127,22,Gen Z,Male
7128,26,Gen Z,Male
7129,24,Gen Z,Male
7130,27,Millennial,Male
7131,23,Gen Z,Male
7132,26,Gen Z,Male
7133,30,Millennial,Female
7134,40,Millennial,Female
7135,29,Millennial,Male
7136,28,Millennial,Male
7137,37,Millennial,Female
7138,34,Millennial,Male
7139,22,Gen Z,Female
7140,38,Millennial,Female
7141,44,Gen X,Female
7142,32,Millennial,Male
7143,67,Boomer,Male
7144,24,Gen Z,Male
7145,62,Boomer,Male
7146,44,Gen X,Male
7147,31,Millennial,Male
7148,21,Gen Z,Female
7149,40,Millennial,Female
7150,30,Millennial,Male
7151,41,Millennial,Male
7152,24,Gen Z,Female
7153,21,Gen Z,Female
7154,37,Millennial,Female
7155,25,Gen Z,Female
7156,41,Millennial,Female
7157,28,Millennial,Male
7158,46,Gen X,Male
7159,26,Gen Z,Male
7160,62,Boomer,Male
7161,22,Gen Z,Male
7162,40,Millennial,Male
7163,30,Millennial,Male
7164,69,Boomer,Male
7165,22,Gen Z,Female
7166,62,Boomer,Male
7167,42,Millennial,Male
7168,46,Gen X,Male
7169,22,Gen Z,Female
7170,26,Gen Z,Female
7171,46,Gen X,Male
7172,41,Millennial,Male
7173,42,Millennial,Male
7174,54,Gen X,Female
7175,36,Millennial,Female
7176,53,Gen X,Male
7177,26,Gen Z,Male
7178,21,Gen Z,Female
7179,31,Millennial,Male
7180,68,Boomer,Male
7181,40,Millennial,Female
7182,40,Millennial,Female
7183,38,Millennial,Female
7184,22,Gen Z,Female
7185,44,Gen X,Female
7186,38,Millennial,Male
7187,52,Gen X,Female
7188,58,Gen X,Male
7189,25,Gen Z,Male
7190,40,Millennial,Male
7191,26,Gen Z,Male
7192,22,Gen Z,Female
7193,41,Millennial,Female
7194,42,Millennial,Female
7195,27,Millennial,Male
7196,25,Gen Z,Male
7197,25,Gen Z,Male
7198,31,Millennial,Male
7199,51,Gen X,Female
7200,61,Boomer,Male
7201,27,Millennial,Male
7202,38,Millennial,Male
7203,43,Gen X,Male
7204,41,Millennial,Male
7205,31,Millennial,Male
7206,58,Gen X,Male
7207,31,Millennial,Male
7208,36,Millennial,Female
7209,23,Gen Z,Female
7210,31,Millennial,Male
7211,27,Millennial,Female
7212,44,Gen X,Male
7213,46,Gen X,Male
7214,31,Millennial,Male
7215,52,Gen X,Male
7216,57,Gen X,Male
7217,29,Millennial,Female
7218,31,Millennial,Male
7219,22,Gen Z,Male
7220,24,Gen Z,Male
7221,22,Gen Z,Female
7222,21,Gen Z,Male
7223,42,Millennial,Male
7224,49,Gen X,Male
7225,22,Gen Z,Male
7226,65,Boomer,Male
7227,40,Millennial,Male
7228,21,Gen Z,Male
7229,26,Gen Z,Male
7230,24,Gen Z,Male
7231,40,Millennial,Male
7232,23,Gen Z,Male
7233,33,Millennial,Female
7234,32,Millennial,Male
7235,53,Gen X,Male
7236,30,Millennial,Female
7237,24,Gen Z,Male
7238,40,Millennial,Male
7239,33,Millennial,Male
7240,39,Millennial,Male
7241,35,Millennial,Male
7242,37,Millennial,Male
7243,22,Gen Z,Male
7244,35,Millennial,Female
7245,23,Gen Z,Female
7246,25,Gen Z,Female
7247,47,Gen X,Male
7248,65,Boomer,Male
7249,40,Millennial,Male
7250,36,Millennial,Female
7251,35,Millennial,Male
7252,24,Gen Z,Female
7253,25,Gen Z,Male
7254,44,Gen X,Female
7255,49,Gen X,Male
7256,33,Millennial,Male
7257,43,Gen X,Male
7258,26,Gen Z,Male
7259,26,Gen Z,Male
7260,55,Gen X,Female
7261,28,Millennial,Female
7262,32,Millennial,Male
7263,21,Gen Z,Male
7264,43,Gen X,Male
7265,27,Millennial,Male
7266,22,Gen Z,Male
7267,30,Millennial,Female
7268,22,Gen Z,Female
7269,65,Boomer,Female
7270,28,Millennial,Female
7271,30,Millennial,Male
7272,39,Millennial,Male
7273,24,Gen Z,Male
7274,51,Gen X,Female
7275,48,Gen X,Male
7276,33,Millennial,Male
7277,23,Gen Z,Female
7278,21,Gen Z,Male
7279,27,Millennial,Female
7280,38,Millennial,Male
7281,21,Gen Z,Male
7282,32,Millennial,Female
7283,56,Gen X,Male
7284,23,Gen Z,Female
7285,24,Gen Z,Female
7286,21,Gen Z,Male
7287,45,Gen X,Male
7288,51,Gen X,Female
7289,28,Millennial,Male
7290,33,Millennial,Male
7291,28,Millennial,Female
7292,38,Millennial,Male
7293,32,Millennial,Male
7294,33,Millennial,Female
7295,69,Boomer,Male
7296,41,Millennial,Male
7297,38,Millennial,Male
7298,22,Gen Z,Male
7299,50,Gen X,Male
7300,51,Gen X,Male
7301,33,Millennial,Male
7302,22,Gen Z,Female
7303,33,Millennial,Female
7304,34,Millennial,Male
7305,30,Millennial,Female
7306,62,Boomer,Male
7307,56,Gen X,Male
7308,48,Gen X,Male
7309,34,Millennial,Male
7310,33,Millennial,Female
7311,31,Millennial,Male
7312,39,Millennial,Female
7313,21,Gen Z,Female
7314,26,Gen Z,Male
7315,34,Millennial,Female
7316,29,Millennial,Female
7317,36,Millennial,Female
7318,22,Gen Z,Female
7319,31,Millennial,Female
7320,44,Gen X,Male
7321,41,Millennial,Male
7322,59,Boomer,Female
7323,42,Millennial,Male
7324,40,Millennial,Male
7325,39,Millennial,Female
7326,26,Gen Z,Male
7327,25,Gen Z,Female
7328,46,Gen X,Male
7329,38,Millennial,Female
7330,33,Millennial,Male
7331,21,Gen Z,Male
7332,45,Gen X,Male
7333,51,Gen X,Male
7334,32,Millennial,Female
7335,24,Gen Z,Male
7336,22,Gen Z,Male
7337,39,Millennial,Female
7338,21,Gen Z,Male
7339,31,Millennial,Male
7340,22,Gen Z,Female
7341,28,Millennial,Female
7342,57,Gen X,Male
7343,48,Gen X,Female
7344,26,Gen Z,Female
7345,68,Boomer,Female
7346,35,Millennial,Female
7347,55,Gen X,Female
7348,42,Millennial,Male
7349,25,Gen Z,Female
7350,24,Gen Z,Male
7351,35,Millennial,Male
7352,28,Millennial,Male
7353,43,Gen X,Female
7354,22,Gen Z,Female
7355,44,Gen X,Male
7356,49,Gen X,Male
7357,22,Gen Z,Male
7358,36,Millennial,Female
7359,40,Millennial,Female
7360,24,Gen Z,Male
7361,30,Millennial,Male
7362,70,Boomer,Male
7363,38,Millennial,Male
7364,22,Gen Z,Female
7365,22,Gen Z,Female
7366,28,Millennial,Male
7367,38,Millennial,Male
7368,31,Millennial,Male
7369,32,Millennial,Female
7370,37,Millennial,Female
7371,33,Millennial,Female
7372,25,Gen Z,Male
7373,71,Boomer,Female
7374,62,Boomer,Male
7375,31,Millennial,Male
7376,42,Millennial,Female
7377,57,Gen X,Female
7378,37,Millennial,Female
7379,38,Millennial,Male
7380,44,Gen X,Female
7381,57,Gen X,Male
7382,26,Gen Z,Male
7383,31,Millennial,Male
7384,53,Gen X,Female
7385,23,Gen Z,Female
7386,41,Millennial,Female
7387,53,Gen X,Male
7388,32,Millennial,Male
7389,26,Gen Z,Male
7390,41,Millennial,Male
7391,45,Gen X,Male
7392,21,Gen Z,Male
7393,24,Gen Z,Male
7394,25,Gen Z,Male
7395,22,Gen Z,Male
7396,37,Millennial,Female
7397,23,Gen Z,Male
7398,39,Millennial,Male
7399,37,Millennial,Male
7400,26,Gen Z,Female
7401,23,Gen Z,Male
7402,37,Millennial,Female
7403,27,Millennial,Male
7404,36,Millennial,Male
7405,33,Millennial,Male
7406,25,Gen Z,Female
7407,37,Millennial,Female
7408,65,Boomer,Female
7409,27,Millennial,Male
7410,35,Millennial,Male
7411,43,Gen X,Male
7412,58,Gen X,Female
7413,36,Millennial,Male
7414,24,Gen Z,Male
7415,47,Gen X,Female
7416,36,Millennial,Female
7417,35,Millennial,Male
7418,24,Gen Z,Male
7419,32,Millennial,Male
7420,41,Millennial,Male
7421,29,Millennial,Male
7422,25,Gen Z,Female
7423,35,Millennial,Male
7424,56,Gen X,Female
7425,33,Millennial,Male
7426,40,Millennial,Female
7427,34,Millennial,Male
7428,28,Millennial,Male
7429,22,Gen Z,Male
7430,39,Millennial,Female
7431,21,Gen Z,Female
7432,45,Gen X,Male
7433,34,Millennial,Female
7434,48,Gen X,Female
7435,69,Boomer,Male
7436,34,Millennial,Female
7437,50,Gen X,Male
7438,49,Gen X,Male
7439,58,Gen X,Female
7440,53,Gen X,Male
7441,54,Gen X,Male
7442,53,Gen X,Male
7443,34,Millennial,Female
7444,35,Millennial,Male
7445,47,Gen X,Male
7446,22,Gen Z,Male
7447,29,Millennial,Female
7448,32,Millennial,Female
7449,37,Millennial,Female
7450,49,Gen X,Male
7451,40,Millennial,Female
7452,35,Millennial,Female
7453,29,Millennial,Female
7454,27,Millennial,Male
7455,43,Gen X,Male
7456,29,Millennial,Female
7457,24,Gen Z,Male
7458,38,Millennial,Female
7459,42,Millennial,Male
7460,62,Boomer,Female
7461,24,Gen Z,Female
7462,23,Gen Z,Male
7463,58,Gen X,Female
7464,40,Millennial,Female
7465,55,Gen X,Male
7466,62,Boomer,Male
7467,40,Millennial,Male
7468,45,Gen X,Male
7469,49,Gen X,Male
7470,68,Boomer,Female
7471,39,Millennial,Male
7472,41,Millennial,Female
7473,36,Millennial,Female
7474,35,Millennial,Male
7475,37,Millennial,Male
7476,32,Millennial,Male
7477,27,Millennial,Male
7478,48,Gen X,Male
7479,42,Millennial,Male
7480,40,Millennial,Female
7481,46,Gen X,Male
7482,41,Millennial,Female
7483,74,Boomer,Male
7484,43,Gen X,Male
7485,68,Boomer,Female
7486,39,Millennial,Female
7487,43,Gen X,Male
7488,31,Millennial,Male
7489,26,Gen Z,Male
7490,62,Boomer,Male
7491,46,Gen X,Male
7492,43,Gen X,Male
7493,29,Millennial,Male
7494,37,Millennial,Male
7495,44,Gen X,Female
7496,48,Gen X,Male
7497,41,Millennial,Female
7498,37,Millennial,Male
7499,24,Gen Z,Male
7500,31,Millennial,Male
7501,41,Millennial,Female
7502,31,Millennial,Male
7503,63,Boomer,Male
7504,29,Millennial,Female
7505,41,Millennial,Male
7506,24,Gen Z,Male
7507,22,Gen Z,Male
7508,23,Gen Z,Female
7509,35,Millennial,Male
7510,41,Millennial,Male
7511,34,Millennial,Male
7512,41,Millennial,Male
7513,35,Millennial,Female
7514,22,Gen Z,Female
7515,32,Millennial,Male
7516,26,Gen Z,Female
7517,37,Millennial,Male
7518,37,Millennial,Male
7519,41,Millennial,Male
7520,21,Gen Z,Male
7521,35,Millennial,Female
7522,24,Gen Z,Female
7523,26,Gen Z,Female
7524,31,Millennial,Male
7525,24,Gen Z,Male
7526,27,Millennial,Male
7527,45,Gen X,Male
7528,40,Millennial,Female
7529,37,Millennial,Male
7530,37,Millennial,Male
7531,35,Millennial,Male
7532,23,Gen Z,Male
7533,28,Millennial,Female
7534,38,Millennial,Female
7535,49,Gen X,Male
7536,28,Millennial,Male
7537,22,Gen Z,Male
7538,21,Gen Z,Female
7539,32,Millennial,Male
7540,25,Gen Z,Male
7541,23,Gen Z,Female
7542,48,Gen X,Male
7543,29,Millennial,Male
7544,40,Millennial,Male
7545,32,Millennial,Male
7546,35,Millennial,Male
7547,25,Gen Z,Male
7548,32,Millennial,Female
7549,26,Gen Z,Male
7550,51,Gen X,Male
7551,21,Gen Z,Female
7552,58,Gen X,Male
7553,51,Gen X,Male
7554,42,Millennial,Female
7555,24,Gen Z,Male
7556,29,Millennial,Male
7557,42,Millennial,Male
7558,21,Gen Z,Female
7559,25,Gen Z,Female
7560,31,Millennial,Male
7561,34,Millennial,Female
7562,21,Gen Z,Female
7563,39,Millennial,Male
7564,30,Millennial,Male
7565,24,Gen Z,Male
7566,36,Millennial,Male
7567,42,Millennial,Male
7568,30,Millennial,Female
7569,27,Millennial,Male
7570,28,Millennial,Male
7571,55,Gen X,Male
7572,55,Gen X,Male
7573,40,Millennial,Female
7574,26,Gen Z,Male
7575,48,Gen X,Male
7576,31,Millennial,Male
7577,38,Millennial,Male
7578,37,Millennial,Male
7579,39,Millennial,Female
7580,68,Boomer,Male
7581,23,Gen Z,Female
7582,24,Gen Z,Male
7583,21,Gen Z,Male
7584,39,Millennial,Male
7585,35,Millennial,Male
7586,36,Millennial,Male
7587,43,Gen X,Male
7588,28,Millennial,Female
7589,24,Gen Z,Male
7590,41,Millennial,Male
7591,26,Gen Z,Male
7592,51,Gen X,Male
7593,23,Gen Z,Male
7594,35,Millennial,Male
7595,42,Millennial,Female
7596,24,Gen Z,Male
7597,38,Millennial,Male
7598,34,Millennial,Male
7599,30,Millennial,Male
7600,21,Gen Z,Female
7601,44,Gen X,Male
7602,38,Millennial,Female
7603,69,Boomer,Female
7604,37,Millennial,Male
7605,35,Millennial,Male
7606,41,Millennial,Male
7607,42,Millennial,Female
7608,56,Gen X,Male
7609,43,Gen X,Male
7610,52,Gen X,Female
7611,30,Millennial,Female
7612,36,Millennial,Male
7613,60,Boomer,Male
7614,44,Gen X,Male
7615,39,Millennial,Male
7616,36,Millennial,Female
7617,22,Gen Z,Male
7618,40,Millennial,Male
7619,22,Gen Z,Female
7620,32,Millennial,Male
7621,39,Millennial,Female
7622,44,Gen X,Male
7623,53,Gen X,Male
7624,49,Gen X,Male
7625,33,Millennial,Male
7626,32,Millennial,Male
7627,31,Millennial,Male
7628,28,Millennial,Male
7629,23,Gen Z,Male
7630,51,Gen X,Female
7631,29,Millennial,Male
7632,42,Millennial,Male
7633,28,Millennial,Male
7634,22,Gen Z,Female
7635,22,Gen Z,Male
7636,53,Gen X,Male
7637,21,Gen Z,Male
7638,28,Millennial,Male
7639,34,Millennial,Female
7640,42,Millennial,Male
7641,40,Millennial,Male
7642,56,Gen X,Male
7643,41,Millennial,Female
7644,41,Millennial,Female
7645,24,Gen Z,Male
7646,47,Gen X,Male
7647,39,Millennial,Male
7648,26,Gen Z,Female
7649,32,Millennial,Female
7650,36,Millennial,Female
7651,39,Millennial,Male
7652,21,Gen Z,Male
7653,34,Millennial,Female
7654,41,Millennial,Male
7655,22,Gen Z,Female
7656,34,Millennial,Female
7657,25,Gen Z,Female
7658,26,Gen Z,Female
7659,30,Millennial,Female
7660,28,Millennial,Male
7661,48,Gen X,Female
7662,36,Millennial,Female
7663,30,Millennial,Female
7664,59,Boomer,Female
7665,36,Millennial,Male
7666,57,Gen X,Male
7667,48,Gen X,Male
7668,40,Millennial,Male
7669,62,Boomer,Male
7670,41,Millennial,Female
7671,30,Millennial,Male
7672,39,Millennial,Male
7673,26,Gen Z,Male
7674,35,Millennial,Male
7675,41,Millennial,Female
7676,47,Gen X,Female
7677,29,Millennial,Male
7678,31,Millennial,Female
7679,42,Millennial,Male
7680,22,Gen Z,Male
7681,24,Gen Z,Male
7682,39,Millennial,Male
7683,42,Millennial,Male
7684,36,Millennial,Female
7685,21,Gen Z,Male
7686,42,Millennial,Male
7687,47,Gen X,Female
7688,49,Gen X,Female
7689,22,Gen Z,Male
7690,27,Millennial,Male
7691,48,Gen X,Female
7692,21,Gen Z,Male
7693,22,Gen Z,Female
7694,28,Millennial,Female
7695,34,Millennial,Female
7696,38,Millennial,Female
7697,34,Millennial,Male
7698,55,Gen X,Male
7699,29,Millennial,Male
7700,21,Gen Z,Male
7701,35,Millennial,Male
7702,43,Gen X,Male
7703,21,Gen Z,Female
7704,22,Gen Z,Male
7705,41,Millennial,Male
7706,22,Gen Z,Female
7707,45,Gen X,Male
7708,35,Millennial,Male
7709,56,Gen X,Male
7710,63,Boomer,Male
7711,31,Millennial,Male
7712,37,Millennial,Male
7713,50,Gen X,Female
7714,51,Gen X,Male
7715,50,Gen X,Male
7716,33,Millennial,Male
7717,31,Millennial,Female
7718,21,Gen Z,Female
7719,25,Gen Z,Female
7720,41,Millennial,Male
7721,39,Millennial,Male
7722,24,Gen Z,Male
7723,26,Gen Z,Male
7724,23,Gen Z,Male
7725,41,Millennial,Female
7726,51,Gen X,Female
7727,32,Millennial,Male
7728,67,Boomer,Male
7729,42,Millennial,Male
7730,33,Millennial,Male
7731,34,Millennial,Female
7732,35,Millennial,Male
7733,38,Millennial,Male
7734,21,Gen Z,Male
7735,41,Millennial,Female
7736,33,Millennial,Female
7737,56,Gen X,Female
7738,41,Millennial,Female
7739,56,Gen X,Female
7740,50,Gen X,Male
7741,64,Boomer,Male
7742,70,Boomer,Male
7743,39,Millennial,Female
7744,42,Millennial,Male
7745,44,Gen X,Female
7746,32,Millennial,Male
7747,27,Millennial,Female
7748,42,Millennial,Male
7749,21,Gen Z,Male
7750,30,Millennial,Male
7751,42,Millennial,Male
7752,31,Millennial,Male
7753,40,Millennial,Male
7754,23,Gen Z,Male
7755,40,Millennial,Male
7756,30,Millennial,Male
7757,28,Millennial,Male
7758,55,Gen X,Male
7759,24,Gen Z,Male
7760,25,Gen Z,Female
7761,50,Gen X,Male
7762,25,Gen Z,Male
7763,41,Millennial,Male
7764,37,Millennial,Male
7765,37,Millennial,Female
7766,39,Millennial,Male
7767,37,Millennial,Female
7768,36,Millennial,Male
7769,38,Millennial,Male
7770,34,Millennial,Male
7771,45,Gen X,Male
7772,30,Millennial,Female
7773,43,Gen X,Male
7774,21,Gen Z,Male
7775,21,Gen Z,Male
7776,51,Gen X,Male
7777,28,Millennial,Male
7778,28,Millennial,Male
7779,52,Gen X,Female
7780,32,Millennial,Male
7781,35,Millennial,Male
7782,30,Millennial,Female
7783,40,Millennial,Male
7784,27,Millennial,Female
7785,26,Gen Z,Female
7786,22,Gen Z,Male
7787,26,Gen Z,Female
7788,26,Gen Z,Male
7789,42,Millennial,Male
7790,71,Boomer,Male
7791,48,Gen X,Male
7792,36,Millennial,Male
7793,27,Millennial,Male
7794,40,Millennial,Female
7795,40,Millennial,Female
7796,35,Millennial,Male
7797,25,Gen Z,Male
7798,53,Gen X,Male
7799,35,Millennial,Male
7800,39,Millennial,Male
7801,21,Gen Z,Female
7802,38,Millennial,Male
7803,21,Gen Z,Male
7804,31,Millennial,Female
7805,64,Boomer,Male
7806,35,Millennial,Female
7807,22,Gen Z,Male
7808,27,Millennial,Female
7809,39,Millennial,Male
7810,23,Gen Z,Male
7811,56,Gen X,Male
7812,51,Gen X,Male
7813,52,Gen X,Male
7814,38,Millennial,Male
7815,23,Gen Z,Female
7816,22,Gen Z,Male
7817,30,Millennial,Female
7818,74,Boomer,Male
7819,39,Millennial,Male
7820,22,Gen Z,Male
7821,27,Millennial,Female
7822,33,Millennial,Male
7823,32,Millennial,Male
7824,34,Millennial,Male
7825,41,Millennial,Male
7826,51,Gen X,Female
7827,42,Millennial,Male
7828,40,Millennial,Male
7829,26,Gen Z,Male
7830,22,Gen Z,Male
7831,32,Millennial,Female
7832,56,Gen X,Female
7833,21,Gen Z,Female
7834,35,Millennial,Male
7835,24,Gen Z,Male
7836,68,Boomer,Male
7837,29,Millennial,Male
7838,38,Millennial,Female
7839,22,Gen Z,Male
7840,68,Boomer,Female
7841,28,Millennial,Male
7842,31,Millennial,Male
7843,41,Millennial,Female
7844,26,Gen Z,Male
7845,26,Gen Z,Male
7846,34,Millennial,Female
7847,38,Millennial,Female
7848,35,Millennial,Male
7849,37,Millennial,Male
7850,52,Gen X,Male
7851,53,Gen X,Male
7852,26,Gen Z,Female
7853,43,Gen X,Male
7854,24,Gen Z,Male
7855,32,Millennial,Male
7856,21,Gen Z,Male
7857,41,Millennial,Male
7858,38,Millennial,Male
7859,24,Gen Z,Female
7860,30,Millennial,Male
7861,35,Millennial,Female
7862,33,Millennial,Male
7863,26,Gen Z,Female
7864,65,Boomer,Male
7865,66,Boomer,Male
7866,44,Gen X,Male
7867,24,Gen Z,Female
7868,28,Millennial,Female
7869,36,Millennial,Female
7870,48,Gen X,Female
7871,30,Millennial,Female
7872,56,Gen X,Male
7873,63,Boomer,Male
7874,22,Gen Z,Female
7875,25,Gen Z,Female
7876,40,Millennial,Male
7877,26,Gen Z,Male
7878,22,Gen Z,Male
7879,30,Millennial,Female
7880,25,Gen Z,Female
7881,28,Millennial,Male
7882,69,Boomer,Female
7883,42,Millennial,Female
7884,38,Millennial,Male
7885,23,Gen Z,Female
7886,25,Gen Z,Male
7887,57,Gen X,Male
7888,53,Gen X,Male
7889,38,Millennial,Male
7890,29,Millennial,Male
7891,33,Millennial,Male
7892,59,Boomer,Male
7893,32,Millennial,Female
7894,39,Millennial,Male
7895,35,Millennial,Female
7896,23,Gen Z,Female
7897,25,Gen Z,Male
7898,53,Gen X,Female
7899,32,Millennial,Male
7900,35,Millennial,Male
7901,45,Gen X,Male
7902,38,Millennial,Male
7903,55,Gen X,Male
7904,32,Millennial,Male
7905,37,Millennial,Male
7906,30,Millennial,Male
7907,69,Boomer,Female
7908,36,Millennial,Female
7909,35,Millennial,Male
7910,25,Gen Z,Male
7911,31,Millennial,Male
7912,73,Boomer,Male
7913,24,Gen Z,Male
7914,50,Gen X,Male
7915,23,Gen Z,Male
7916,22,Gen Z,Male
7917,41,Millennial,Male
7918,28,Millennial,Female
7919,25,Gen Z,Male
7920,28,Millennial,Male
7921,25,Gen Z,Male
7922,37,Millennial,Male
7923,38,Millennial,Female
7924,58,Gen X,Male
7925,31,Millennial,Female
7926,39,Millennial,Female
7927,26,Gen Z,Male
7928,24,Gen Z,Male
7929,41,Millennial,Female
7930,40,Millennial,Male
7931,40,Millennial,Female
7932,29,Millennial,Male
7933,23,Gen Z,Female
7934,25,Gen Z,Male
7935,40,Millennial,Male
7936,23,Gen Z,Male
7937,32,Millennial,Male
7938,25,Gen Z,Female
7939,26,Gen Z,Male
7940,40,Millennial,Male
7941,69,Boomer,Male
7942,23,Gen Z,Male
7943,38,Millennial,Male
7944,41,Millennial,Female
7945,28,Millennial,Female
7946,36,Millennial,Male
7947,32,Millennial,Male
7948,26,Gen Z,Male
7949,28,Millennial,Male
7950,37,Millennial,Female
7951,42,Millennial,Male
7952,21,Gen Z,Male
7953,29,Millennial,Male
7954,43,Gen X,Male
7955,28,Millennial,Male
7956,33,Millennial,Female
7957,34,Millennial,Female
7958,26,Gen Z,Female
7959,29,Millennial,Female
7960,58,Gen X,Male
7961,41,Millennial,Male
7962,31,Millennial,Male
7963,36,Millennial,Female
7964,33,Millennial,Female
7965,29,Millennial,Female
7966,36,Millennial,Female
7967,27,Millennial,Female
7968,29,Millennial,Female
7969,41,Millennial,Female
7970,67,Boomer,Male
7971,74,Boomer,Male
7972,27,Millennial,Female
7973,29,Millennial,Female
7974,36,Millennial,Male
7975,26,Gen Z,Male
7976,50,Gen X,Male
7977,38,Millennial,Male
7978,31,Millennial,Male
7979,32,Millennial,Male
7980,50,Gen X,Male
7981,25,Gen Z,Male
7982,41,Millennial,Male
7983,42,Millennial,Male
7984,41,Millennial,Female
7985,27,Millennial,Female
7986,50,Gen X,Male
7987,38,Millennial,Female
7988,74,Boomer,Male
7989,33,Millennial,Male
7990,22,Gen Z,Male
7991,34,Millennial,Male
7992,65,Boomer,Female
7993,69,Boomer,Male
7994,26,Gen Z,Male
7995,41,Millennial,Male
7996,31,Millennial,Male
7997,23,Gen Z,Male
7998,47,Gen X,Male
7999,33,Millennial,Male
8000,40,Millennial,Female
8001,29,Millennial,Female
8002,39,Millennial,Female
8003,40,Millennial,Male
8004,40,Millennial,Male
8005,45,Gen X,Female
8006,34,Millennial,Female
8007,40,Millennial,Female
8008,25,Gen Z,Female
8009,25,Gen Z,Male
8010,26,Gen Z,Female
8011,34,Millennial,Male
8012,48,Gen X,Male
8013,38,Millennial,Male
8014,37,Millennial,Female
8015,42,Millennial,Male
8016,23,Gen Z,Female
8017,31,Millennial,Male
8018,36,Millennial,Male
8019,33,Millennial,Female
8020,66,Boomer,Female
8021,56,Gen X,Male
8022,36,Millennial,Female
8023,66,Boomer,Male
8024,51,Gen X,Female
8025,37,Millennial,Male
8026,28,Millennial,Female
8027,50,Gen X,Male
8028,23,Gen Z,Female
8029,42,Millennial,Male
8030,22,Gen Z,Male
8031,63,Boomer,Male
8032,27,Millennial,Male
8033,25,Gen Z,Male
8034,38,Millennial,Female
8035,47,Gen X,Male
8036,22,Gen Z,Female
8037,23,Gen Z,Female
8038,56,Gen X,Female
8039,57,Gen X,Male
8040,35,Millennial,Female
8041,48,Gen X,Male
8042,48,Gen X,Male
8043,23,Gen Z,Female
8044,54,Gen X,Female
8045,30,Millennial,Male
8046,57,Gen X,Male
8047,21,Gen Z,Male
8048,23,Gen Z,Male
8049,40,Millennial,Male
8050,24,Gen Z,Female
8051,71,Boomer,Male
8052,38,Millennial,Male
8053,34,Millennial,Female
8054,43,Gen X,Male
8055,26,Gen Z,Female
8056,26,Gen Z,Female
8057,24,Gen Z,Female
8058,66,Boomer,Male
8059,24,Gen Z,Female
8060,39,Millennial,Male
8061,41,Millennial,Male
8062,37,Millennial,Male
8063,48,Gen X,Male
8064,37,Millennial,Male
8065,34,Millennial,Female
8066,27,Millennial,Female
8067,24,Gen Z,Male
8068,37,Millennial,Female
8069,34,Millennial,Female
8070,32,Millennial,Male
8071,22,Gen Z,Female
8072,48,Gen X,Male
8073,35,Millennial,Male
8074,32,Millennial,Female
8075,56,Gen X,Male
8076,47,Gen X,Male
8077,40,Millennial,Male
8078,21,Gen Z,Male
8079,58,Gen X,Male
8080,28,Millennial,Male
8081,22,Gen Z,Male
8082,23,Gen Z,Female
8083,28,Millennial,Male
8084,48,Gen X,Male
8085,32,Millennial,Female
8086,65,Boomer,Male
8087,58,Gen X,Female
8088,21,Gen Z,Male
8089,53,Gen X,Female
8090,30,Millennial,Male
8091,35,Millennial,Male
8092,58,Gen X,Female
8093,36,Millennial,Male
8094,29,Millennial,Female
8095,35,Millennial,Male
8096,30,Millennial,Male
8097,37,Millennial,Female
8098,35,Millennial,Male
8099,37,Millennial,Female
8100,33,Millennial,Female
8101,39,Millennial,Female
8102,25,Gen Z,Male
8103,48,Gen X,Male
8104,33,Millennial,Male
8105,25,Gen Z,Male
8106,58,Gen X,Female
8107,27,Millennial,Male
8108,33,Millennial,Male
8109,50,Gen X,Male
8110,42,Millennial,Male
8111,28,Millennial,Female
8112,22,Gen Z,Male
8113,32,Millennial,Male
8114,67,Boomer,Female
8115,31,Millennial,Male
8116,43,Gen X,Male
8117,38,Millennial,Male
8118,45,Gen X,Female
8119,42,Millennial,Female
8120,25,Gen Z,Male
8121,45,Gen X,Male
8122,37,Millennial,Female
8123,34,Millennial,Female
8124,28,Millennial,Male
8125,36,Millennial,Male
8126,33,Millennial,Female
8127,27,Millennial,Male
8128,35,Millennial,Female
8129,26,Gen Z,Male
8130,49,Gen X,Male
8131,32,Millennial,Female
8132,25,Gen Z,Male
8133,51,Gen X,Male
8134,22,Gen Z,Female
8135,39,Millennial,Female
8136,23,Gen Z,Male
8137,54,Gen X,Female
8138,21,Gen Z,Male
8139,24,Gen Z,Female
8140,22,Gen Z,Female
8141,39,Millennial,Female
8142,31,Millennial,Male
8143,26,Gen Z,Male
8144,39,Millennial,Male
8145,38,Millennial,Male
8146,21,Gen Z,Female
8147,49,Gen X,Male
8148,30,Millennial,Male
8149,53,Gen X,Female
8150,24,Gen Z,Female
8151,23,Gen Z,Male
8152,43,Gen X,Male
8153,37,Millennial,Male
8154,22,Gen Z,Female
8155,42,Millennial,Male
8156,36,Millennial,Male
8157,34,Millennial,Female
8158,47,Gen X,Male
8159,44,Gen X,Male
8160,28,Millennial,Male
8161,32,Millennial,Male
8162,32,Millennial,Female
8163,32,Millennial,Female
8164,48,Gen X,Male
8165,35,Millennial,Male
8166,22,Gen Z,Female
8167,30,Millennial,Female
8168,24,Gen Z,Male
8169,31,Millennial,Male
8170,32,Millennial,Male
8171,23,Gen Z,Male
8172,47,Gen X,Female
8173,24,Gen Z,Male
8174,39,Millennial,Male
8175,53,Gen X,Female
8176,43,Gen X,Male
8177,37,Millennial,Female
8178,39,Millennial,Male
8179,42,Millennial,Female
8180,37,Millennial,Male
8181,41,Millennial,Male
8182,29,Millennial,Female
8183,35,Millennial,Female
8184,24,Gen Z,Female
8185,37,Millennial,Female
8186,58,Gen X,Male
8187,30,Millennial,Male
8188,30,Millennial,Male
8189,50,Gen X,Female
8190,40,Millennial,Female
8191,37,Millennial,Male
8192,64,Boomer,Male
8193,32,Millennial,Male
8194,57,Gen X,Female
8195,45,Gen X,Male
8196,26,Gen Z,Male
8197,25,Gen Z,Male
8198,58,Gen X,Male
8199,69,Boomer,Male
8200,38,Millennial,Female
8201,50,Gen X,Male
8202,40,Millennial,Male
8203,32,Millennial,Female
8204,40,Millennial,Male
8205,31,Millennial,Male
8206,34,Millennial,Male
8207,39,Millennial,Male
8208,33,Millennial,Male
8209,37,Millennial,Female
8210,46,Gen X,Male
8211,30,Millennial,Female
8212,45,Gen X,Female
8213,47,Gen X,Male
8214,41,Millennial,Female
8215,36,Millennial,Female
8216,29,Millennial,Female
8217,60,Boomer,Male
8218,22,Gen Z,Male
8219,29,Millennial,Male
8220,39,Millennial,Female
8221,38,Millennial,Male
8222,33,Millennial,Female
8223,31,Millennial,Female
8224,43,Gen X,Male
8225,73,Boomer,Female
8226,64,Boomer,Male
8227,33,Millennial,Male
8228,29,Millennial,Male
8229,27,Millennial,Male
8230,25,Gen Z,Female
8231,67,Boomer,Female
8232,39,Millennial,Male
8233,21,Gen Z,Male
8234,47,Gen X,Male
8235,33,Millennial,Male
8236,29,Millennial,Female
8237,23,Gen Z,Male
8238,29,Millennial,Male
8239,62,Boomer,Female
8240,39,Millennial,Female
8241,45,Gen X,Male
8242,41,Millennial,Male
8243,28,Millennial,Male
8244,56,Gen X,Male
8245,35,Millennial,Female
8246,36,Millennial,Female
8247,29,Millennial,Male
8248,31,Millennial,Male
8249,35,Millennial,Female
8250,29,Millennial,Male
8251,25,Gen Z,Female
8252,32,Millennial,Male
8253,22,Gen Z,Female
8254,39,Millennial,Male
8255,34,Millennial,Male
8256,26,Gen Z,Male
8257,41,Millennial,Female
8258,54,Gen X,Male
8259,30,Millennial,Female
8260,24,Gen Z,Male
8261,28,Millennial,Male
8262,34,Millennial,Male
8263,36,Millennial,Female
8264,35,Millennial,Female
8265,35,Millennial,Male
8266,37,Millennial,Female
8267,64,Boomer,Male
8268,32,Millennial,Female
8269,30,Millennial,Female
8270,24,Gen Z,Male
8271,23,Gen Z,Male
8272,68,Boomer,Male
8273,23,Gen Z,Female
8274,56,Gen X,Male
8275,21,Gen Z,Male
8276,25,Gen Z,Male
8277,26,Gen Z,Male
8278,21,Gen Z,Male
8279,37,Millennial,Female
8280,40,Millennial,Female
8281,68,Boomer,Male
8282,58,Gen X,Female
8283,41,Millennial,Male
8284,37,Millennial,Male
8285,53,Gen X,Male
8286,38,Millennial,Female
8287,42,Millennial,Male
8288,33,Millennial,Female
8289,26,Gen Z,Male
8290,43,Gen X,Female
8291,25,Gen Z,Male
8292,28,Millennial,Female
8293,53,Gen X,Male
8294,23,Gen Z,Male
8295,33,Millennial,Male
8296,51,Gen X,Male
8297,29,Millennial,Female
8298,43,Gen X,Male
8299,21,Gen Z,Male
8300,42,Millennial,Male
8301,40,Millennial,Male
8302,22,Gen Z,Male
8303,24,Gen Z,Female
8304,52,Gen X,Female
8305,36,Millennial,Female
8306,41,Millennial,Female
8307,37,Millennial,Male
8308,23,Gen Z,Male
8309,57,Gen X,Male
8310,31,Millennial,Female
8311,47,Gen X,Male
8312,23,Gen Z,Male
8313,30,Millennial,Male
8314,26,Gen Z,Female
8315,48,Gen X,Female
8316,51,Gen X,Male
8317,46,Gen X,Male
8318,26,Gen Z,Female
8319,36,Millennial,Male
8320,56,Gen X,Male
8321,30,Millennial,Female
8322,49,Gen X,Male
8323,35,Millennial,Male
8324,35,Millennial,Male
8325,33,Millennial,Male
8326,41,Millennial,Male
8327,28,Millennial,Male
8328,67,Boomer,Male
8329,30,Millennial,Male
8330,36,Millennial,Male
8331,29,Millennial,Male
8332,23,Gen Z,Male
8333,43,Gen X,Female
8334,41,Millennial,Male
8335,27,Millennial,Male
8336,45,Gen X,Male
8337,25,Gen Z,Male
8338,73,Boomer,Male
8339,22,Gen Z,Male
8340,62,Boomer,Male
8341,34,Millennial,Female
8342,37,Millennial,Female
8343,34,Millennial,Male
8344,34,Millennial,Male
8345,24,Gen Z,Male
8346,24,Gen Z,Male
8347,38,Millennial,Female
8348,37,Millennial,Male
8349,30,Millennial,Male
8350,30,Millennial,Male
8351,31,Millennial,Male
8352,22,Gen Z,Female
8353,24,Gen Z,Male
8354,28,Millennial,Male
8355,22,Gen Z,Male
8356,26,Gen Z,Female
8357,54,Gen X,Male
8358,24,Gen Z,Male
8359,22,Gen Z,Male
8360,23,Gen Z,Male
8361,23,Gen Z,Male
8362,39,Millennial,Male
8363,31,Millennial,Male
8364,24,Gen Z,Male
8365,57,Gen X,Male
8366,40,Millennial,Male
8367,22,Gen Z,Female
8368,23,Gen Z,Male
8369,31,Millennial,Female
8370,35,Millennial,Male
8371,31,Millennial,Male
8372,39,Millennial,Male
8373,23,Gen Z,Male
8374,36,Millennial,Male
8375,39,Millennial,Male
8376,25,Gen Z,Male
8377,27,Millennial,Female
8378,40,Millennial,Male
8379,25,Gen Z,Female
8380,44,Gen X,Male
8381,43,Gen X,Female
8382,57,Gen X,Male
8383,32,Millennial,Female
8384,67,Boomer,Male
8385,26,Gen Z,Male
8386,37,Millennial,Female
8387,30,Millennial,Male
8388,21,Gen Z,Female
8389,59,Boomer,Female
8390,33,Millennial,Male
8391,50,Gen X,Male
8392,42,Millennial,Male
8393,61,Boomer,Male
8394,26,Gen Z,Male
8395,22,Gen Z,Male
8396,44,Gen X,Female
8397,21,Gen Z,Male
8398,25,Gen Z,Female
8399,24,Gen Z,Female
8400,35,Millennial,Male
8401,66,Boomer,Male
8402,40,Millennial,Male
8403,51,Gen X,Male
8404,35,Millennial,Male
8405,34,Millennial,Male
8406,23,Gen Z,Male
8407,34,Millennial,Male
8408,23,Gen Z,Male
8409,25,Gen Z,Female
8410,55,Gen X,Male
8411,23,Gen Z,Female
8412,48,Gen X,Male
8413,26,Gen Z,Male
8414,31,Millennial,Male
8415,55,Gen X,Female
8416,64,Boomer,Male
8417,40,Millennial,Male
8418,21,Gen Z,Male
8419,33,Millennial,Male
8420,24,Gen Z,Female
8421,25,Gen Z,Female
8422,53,Gen X,Male
8423,27,Millennial,Male
8424,36,Millennial,Male
8425,28,Millennial,Male
8426,37,Millennial,Male
8427,70,Boomer,Female
8428,35,Millennial,Female
8429,36,Millennial,Male
8430,31,Millennial,Female
8431,25,Gen Z,Male
8432,21,Gen Z,Male
8433,43,Gen X,Male
8434,39,Millennial,Male
8435,29,Millennial,Male
8436,48,Gen X,Female
8437,21,Gen Z,Male
8438,36,Millennial,Female
8439,25,Gen Z,Female
8440,52,Gen X,Male
8441,41,Millennial,Female
8442,38,Millennial,Female
8443,63,Boomer,Male
8444,69,Boomer,Male
8445,24,Gen Z,Female
8446,31,Millennial,Female
8447,29,Millennial,Male
8448,36,Millennial,Male
8449,57,Gen X,Male
8450,58,Gen X,Male
8451,39,Millennial,Female
8452,36,Millennial,Female
8453,72,Boomer,Male
8454,21,Gen Z,Female
8455,28,Millennial,Female
8456,36,Millennial,Male
8457,48,Gen X,Female
8458,24,Gen Z,Male
8459,40,Millennial,Male
8460,34,Millennial,Female
8461,26,Gen Z,Male
8462,21,Gen Z,Female
8463,54,Gen X,Male
8464,45,Gen X,Male
8465,42,Millennial,Male
8466,60,Boomer,Male
8467,23,Gen Z,Female
8468,24,Gen Z,Male
8469,21,Gen Z,Female
8470,27,Millennial,Female
8471,41,Millennial,Male
8472,58,Gen X,Male
8473,44,Gen X,Male
8474,32,Millennial,Male
8475,57,Gen X,Male
8476,26,Gen Z,Male
8477,46,Gen X,Male
8478,56,Gen X,Male
8479,26,Gen Z,Female
8480,47,Gen X,Male
8481,39,Millennial,Female
8482,61,Boomer,Male
8483,21,Gen Z,Female
8484,26,Gen Z,Female
8485,24,Gen Z,Male
8486,44,Gen X,Male
8487,25,Gen Z,Male
8488,33,Millennial,Male
8489,33,Millennial,Male
8490,42,Millennial,Male
8491,33,Millennial,Male
8492,29,Millennial,Male
8493,32,Millennial,Male
8494,25,Gen Z,Male
8495,22,Gen Z,Male
8496,37,Millennial,Male
8497,58,Gen X,Male
8498,29,Millennial,Male
8499,28,Millennial,Female
8500,33,Millennial,Female
8501,31,Millennial,Male
8502,25,Gen Z,Female
8503,22,Gen Z,Male
8504,23,Gen Z,Male
8505,22,Gen Z,Female
8506,65,Boomer,Female
8507,42,Millennial,Male
8508,21,Gen Z,Male
8509,32,Millennial,Female
8510,64,Boomer,Male
8511,21,Gen Z,Female
8512,33,Millennial,Male
8513,32,Millennial,Male
8514,25,Gen Z,Male
8515,47,Gen X,Male
8516,29,Millennial,Male
8517,47,Gen X,Male
8518,28,Millennial,Female
8519,23,Gen Z,Female
8520,30,Millennial,Male
8521,37,Millennial,Male
8522,27,Millennial,Male
8523,24,Gen Z,Male
8524,23,Gen Z,Female
8525,56,Gen X,Male
8526,36,Millennial,Male
8527,57,Gen X,Female
8528,21,Gen Z,Female
8529,36,Millennial,Female
8530,21,Gen Z,Male
8531,39,Millennial,Male
8532,31,Millennial,Male
8533,68,Boomer,Female
8534,46,Gen X,Male
8535,25,Gen Z,Male
8536,42,Millennial,Female
8537,66,Boomer,Male
8538,25,Gen Z,Female
8539,22,Gen Z,Female
8540,33,Millennial,Male
8541,51,Gen X,Male
8542,24,Gen Z,Male
8543,33,Millennial,Male
8544,55,Gen X,Female
8545,25,Gen Z,Male
8546,25,Gen Z,Male
8547,33,Millennial,Male
8548,29,Millennial,Male
8549,68,Boomer,Male
8550,30,Millennial,Male
8551,21,Gen Z,Female
8552,38,Millennial,Male
8553,22,Gen Z,Male
8554,39,Millennial,Male
8555,29,Millennial,Male
8556,38,Millennial,Male
8557,52,Gen X,Male
8558,21,Gen Z,Female
8559,58,Gen X,Male
8560,35,Millennial,Male
8561,22,Gen Z,Male
8562,36,Millennial,Female
8563,22,Gen Z,Male
8564,28,Millennial,Female
8565,50,Gen X,Male
8566,22,Gen Z,Male
8567,42,Millennial,Male
8568,22,Gen Z,Male
8569,36,Millennial,Male
8570,54,Gen X,Female
8571,24,Gen Z,Male
8572,53,Gen X,Female
8573,41,Millennial,Male
8574,38,Millennial,Male
8575,70,Boomer,Male
8576,37,Millennial,Male
8577,38,Millennial,Male
8578,36,Millennial,Male
8579,42,Millennial,Male
8580,39,Millennial,Male
8581,46,Gen X,Female
8582,55,Gen X,Male
8583,50,Gen X,Female
8584,68,Boomer,Female
8585,21,Gen Z,Male
8586,37,Millennial,Male
8587,31,Millennial,Male
8588,37,Millennial,Female
8589,28,Millennial,Male
8590,41,Millennial,Female
8591,39,Millennial,Male
8592,35,Millennial,Female
8593,22,Gen Z,Male
8594,31,Millennial,Female
8595,40,Millennial,Female
8596,26,Gen Z,Male
8597,23,Gen Z,Male
8598,45,Gen X,Female
8599,22,Gen Z,Male
8600,33,Millennial,Male
8601,54,Gen X,Male
8602,31,Millennial,Male
8603,28,Millennial,Female
8604,40,Millennial,Male
8605,73,Boomer,Male
8606,24,Gen Z,Male
8607,27,Millennial,Male
8608,48,Gen X,Male
8609,29,Millennial,Female
8610,35,Millennial,Female
8611,36,Millennial,Male
8612,41,Millennial,Female
8613,21,Gen Z,Male
8614,35,Millennial,Male
8615,29,Millennial,Female
8616,45,Gen X,Female
8617,37,Millennial,Male
8618,37,Millennial,Male
8619,26,Gen Z,Male
8620,36,Millennial,Male
8621,30,Millennial,Male
8622,47,Gen X,Male
8623,40,Millennial,Male
8624,23,Gen Z,Male
8625,56,Gen X,Female
8626,43,Gen X,Male
8627,64,Boomer,Male
8628,38,Millennial,Male
8629,53,Gen X,Male
8630,25,Gen Z,Male
8631,49,Gen X,Male
8632,37,Millennial,Male
8633,41,Millennial,Female
8634,69,Boomer,Male
8635,42,Millennial,Male
8636,22,Gen Z,Female
8637,43,Gen X,Male
8638,22,Gen Z,Female
8639,49,Gen X,Female
8640,27,Millennial,Male
8641,22,Gen Z,Male
8642,23,Gen Z,Male
8643,27,Millennial,Female
8644,37,Millennial,Male
8645,45,Gen X,Male
8646,43,Gen X,Female
8647,43,Gen X,Male
8648,22,Gen Z,Female
8649,35,Millennial,Female
8650,25,Gen Z,Female
8651,29,Millennial,Male
8652,39,Millennial,Male
8653,38,Millennial,Female
8654,37,Millennial,Male
8655,65,Boomer,Male
8656,56,Gen X,Female
8657,41,Millennial,Female
8658,25,Gen Z,Female
8659,28,Millennial,Male
8660,42,Millennial,Male
8661,35,Millennial,Male
8662,21,Gen Z,Female
8663,61,Boomer,Male
8664,25,Gen Z,Male
8665,36,Millennial,Male
8666,29,Millennial,Male
8667,27,Millennial,Male
8668,40,Millennial,Male
8669,35,Millennial,Male
8670,51,Gen X,Male
8671,37,Millennial,Male
8672,45,Gen X,Female
8673,35,Millennial,Female
8674,23,Gen Z,Male
8675,38,Millennial,Female
8676,23,Gen Z,Male
8677,66,Boomer,Male
8678,25,Gen Z,Male
8679,64,Boomer,Male
8680,51,Gen X,Male
8681,41,Millennial,Male
8682,27,Millennial,Male
8683,41,Millennial,Male
8684,65,Boomer,Female
8685,51,Gen X,Male
8686,38,Millennial,Male
8687,29,Millennial,Male
8688,36,Millennial,Male
8689,25,Gen Z,Male
8690,39,Millennial,Female
8691,44,Gen X,Male
8692,28,Millennial,Male
8693,22,Gen Z,Female
8694,45,Gen X,Male
8695,47,Gen X,Male
8696,41,Millennial,Female
8697,36,Millennial,Male
8698,25,Gen Z,Male
8699,28,Millennial,Male
8700,27,Millennial,Female
8701,24,Gen Z,Female
8702,21,Gen Z,Female
8703,29,Millennial,Male
8704,47,Gen X,Female
8705,23,Gen Z,Female
8706,63,Boomer,Male
8707,22,Gen Z,Female
8708,24,Gen Z,Female
8709,26,Gen Z,Male
8710,27,Millennial,Male
8711,28,Millennial,Male
8712,54,Gen X,Male
8713,48,Gen X,Male
8714,58,Gen X,Female
8715,56,Gen X,Male
8716,26,Gen Z,Male
8717,70,Boomer,Male
8718,44,Gen X,Male
8719,37,Millennial,Female
8720,35,Millennial,Male
8721,65,Boomer,Female
8722,54,Gen X,Female
8723,42,Millennial,Female
8724,41,Millennial,Male
8725,25,Gen Z,Female
8726,61,Boomer,Female
8727,43,Gen X,Male
8728,34,Millennial,Female
8729,54,Gen X,Male
8730,44,Gen X,Female
8731,39,Millennial,Female
8732,57,Gen X,Female
8733,41,Millennial,Male
8734,26,Gen Z,Male
8735,41,Millennial,Male
8736,36,Millennial,Female
8737,30,Millennial,Male
8738,24,Gen Z,Male
8739,36,Millennial,Male
8740,63,Boomer,Female
8741,40,Millennial,Male
8742,35,Millennial,Female
8743,21,Gen Z,Male
8744,27,Millennial,Male
8745,36,Millennial,Female
8746,40,Millennial,Male
8747,71,Boomer,Male
8748,38,Millennial,Male
8749,60,Boomer,Male
8750,56,Gen X,Male
8751,45,Gen X,Male
8752,30,Millennial,Male
8753,68,Boomer,Male
8754,41,Millennial,Female
8755,71,Boomer,Female
8756,53,Gen X,Female
8757,34,Millennial,Male
8758,36,Millennial,Female
8759,33,Millennial,Male
8760,41,Millennial,Male
8761,31,Millennial,Male
8762,32,Millennial,Male
8763,35,Millennial,Female
8764,60,Boomer,Male
8765,71,Boomer,Male
8766,41,Millennial,Male
8767,27,Millennial,Male
8768,45,Gen X,Male
8769,29,Millennial,Female
8770,41,Millennial,Female
8771,42,Millennial,Male
8772,22,Gen Z,Male
8773,34,Millennial,Male
8774,24,Gen Z,Male
8775,58,Gen X,Male
8776,34,Millennial,Male
8777,23,Gen Z,Male
8778,65,Boomer,Male
8779,38,Millennial,Male
8780,26,Gen Z,Male
8781,24,Gen Z,Male
8782,24,Gen Z,Male
8783,48,Gen X,Male
8784,51,Gen X,Female
8785,58,Gen X,Male
8786,42,Millennial,Female
8787,25,Gen Z,Male
8788,23,Gen Z,Male
8789,31,Millennial,Male
8790,36,Millennial,Male
8791,28,Millennial,Male
8792,50,Gen X,Male
8793,55,Gen X,Male
8794,36,Millennial,Male
8795,35,Millennial,Male
8796,28,Millennial,Male
8797,31,Millennial,Male
8798,24,Gen Z,Male
8799,51,Gen X,Male
8800,26,Gen Z,Male
8801,31,Millennial,Male
8802,21,Gen Z,Male
8803,23,Gen Z,Male
8804,25,Gen Z,Male
8805,28,Millennial,Female
8806,63,Boomer,Male
8807,36,Millennial,Male
8808,23,Gen Z,Female
8809,34,Millennial,Male
8810,28,Millennial,Male
8811,25,Gen Z,Female
8812,37,Millennial,Male
8813,38,Millennial,Male
8814,73,Boomer,Female
8815,21,Gen Z,Male
8816,22,Gen Z,Male
8817,51,Gen X,Male
8818,51,Gen X,Male
8819,21,Gen Z,Female
8820,24,Gen Z,Female
8821,21,Gen Z,Male
8822,38,Millennial,Male
8823,41,Millennial,Female
8824,39,Millennial,Female
8825,24,Gen Z,Female
8826,24,Gen Z,Male
8827,41,Millennial,Male
8828,71,Boomer,Male
8829,43,Gen X,Male
8830,42,Millennial,Male
8831,30,Millennial,Male
8832,50,Gen X,Male
8833,35,Millennial,Male
8834,34,Millennial,Male
8835,36,Millennial,Male
8836,38,Millennial,Male
8837,36,Millennial,Male
8838,49,Gen X,Male
8839,22,Gen Z,Male
8840,25,Gen Z,Male
8841,23,Gen Z,Female
8842,46,Gen X,Male
8843,40,Millennial,Female
8844,51,Gen X,Male
8845,43,Gen X,Female
8846,21,Gen Z,Male
8847,30,Millennial,Male
8848,34,Millennial,Male
8849,25,Gen Z,Male
8850,42,Millennial,Female
8851,26,Gen Z,Male
8852,29,Millennial,Male
8853,37,Millennial,Male
8854,70,Boomer,Male
8855,58,Gen X,Female
8856,40,Millennial,Male
8857,35,Millennial,Female
8858,24,Gen Z,Male
8859,27,Millennial,Male
8860,22,Gen Z,Male
8861,53,Gen X,Female
8862,46,Gen X,Female
8863,33,Millennial,Male
8864,22,Gen Z,Male
8865,50,Gen X,Male
8866,23,Gen Z,Male
8867,42,Millennial,Male
8868,48,Gen X,Male
8869,34,Millennial,Male
8870,39,Millennial,Male
8871,42,Millennial,Male
8872,25,Gen Z,Male
8873,59,Boomer,Female
8874,61,Boomer,Male
8875,26,Gen Z,Male
8876,32,Millennial,Female
8877,34,Millennial,Male
8878,34,Millennial,Male
8879,38,Millennial,Female
8880,22,Gen Z,Female
8881,26,Gen Z,Male
8882,25,Gen Z,Male
8883,21,Gen Z,Male
8884,39,Millennial,Male
8885,32,Millennial,Male
8886,66,Boomer,Male
8887,29,Millennial,Male
8888,30,Millennial,Male
8889,24,Gen Z,Male
8890,38,Millennial,Male
8891,38,Millennial,Male
8892,54,Gen X,Male
8893,42,Millennial,Female
8894,58,Gen X,Female
8895,28,Millennial,Female
8896,24,Gen Z,Male
8897,33,Millennial,Male
8898,24,Gen Z,Male
8899,53,Gen X,Male
8900,32,Millennial,Female
8901,34,Millennial,Male
8902,21,Gen Z,Male
8903,22,Gen Z,Male
8904,36,Millennial,Male
8905,55,Gen X,Female
8906,36,Millennial,Male
8907,56,Gen X,Male
8908,28,Millennial,Male
8909,71,Boomer,Male
8910,72,Boomer,Male
8911,48,Gen X,Male
8912,21,Gen Z,Male
8913,72,Boomer,Female
8914,25,Gen Z,Male
8915,21,Gen Z,Female
8916,21,Gen Z,Female
8917,59,Boomer,Female
8918,37,Millennial,Male
8919,29,Millennial,Female
8920,42,Millennial,Male
8921,33,Millennial,Male
8922,35,Millennial,Male
8923,74,Boomer,Female
8924,43,Gen X,Female
8925,36,Millennial,Female
8926,39,Millennial,Male
8927,23,Gen Z,Male
8928,37,Millennial,Male
8929,37,Millennial,Female
8930,28,Millennial,Male
8931,24,Gen Z,Male
8932,29,Millennial,Male
8933,33,Millennial,Female
8934,42,Millennial,Male
8935,29,Millennial,Male
8936,52,Gen X,Male
8937,37,Millennial,Female
8938,30,Millennial,Male
8939,36,Millennial,Male
8940,35,Millennial,Male
8941,32,Millennial,Male
8942,51,Gen X,Male
8943,27,Millennial,Male
8944,30,Millennial,Female
8945,23,Gen Z,Male
8946,39,Millennial,Male
8947,36,Millennial,Female
8948,41,Millennial,Male
8949,27,Millennial,Female
8950,48,Gen X,Male
8951,30,Millennial,Male
8952,66,Boomer,Male
8953,42,Millennial,Male
8954,42,Millennial,Female
8955,27,Millennial,Male
8956,33,Millennial,Male
8957,22,Gen Z,Female
8958,38,Millennial,Male
8959,21,Gen Z,Male
8960,51,Gen X,Male
8961,64,Boomer,Female
8962,37,Millennial,Male
8963,41,Millennial,Female
8964,30,Millennial,Male
8965,36,Millennial,Male
8966,50,Gen X,Male
8967,37,Millennial,Male
8968,39,Millennial,Male
8969,25,Gen Z,Male
8970,56,Gen X,Male
8971,32,Millennial,Male
8972,48,Gen X,Male
8973,37,Millennial,Male
8974,22,Gen Z,Male
8975,34,Millennial,Male
8976,24,Gen Z,Male
8977,22,Gen Z,Male
8978,55,Gen X,Male
8979,41,Millennial,Male
8980,23,Gen Z,Male
8981,41,Millennial,Female
8982,32,Millennial,Male
8983,61,Boomer,Male
8984,24,Gen Z,Male
8985,34,Millennial,Male
8986,36,Millennial,Male
8987,24,Gen Z,Female
8988,32,Millennial,Male
8989,69,Boomer,Male
8990,50,Gen X,Male
8991,21,Gen Z,Female
8992,29,Millennial,Male
8993,27,Millennial,Male
8994,28,Millennial,Male
8995,28,Millennial,Male
8996,27,Millennial,Male
8997,36,Millennial,Male
8998,31,Millennial,Male
8999,47,Gen X,Female
9000,23,Gen Z,Female
9001,26,Gen Z,Female
9002,58,Gen X,Male
9003,65,Boomer,Female
9004,28,Millennial,Female
9005,24,Gen Z,Male
9006,21,Gen Z,Male
9007,36,Millennial,Female
9008,60,Boomer,Female
9009,70,Boomer,Male
9010,23,Gen Z,Male
9011,22,Gen Z,Male
9012,46,Gen X,Male
9013,63,Boomer,Male
9014,51,Gen X,Female
9015,54,Gen X,Male
9016,53,Gen X,Female
9017,21,Gen Z,Female
9018,55,Gen X,Male
9019,40,Millennial,Male
9020,32,Millennial,Female
9021,21,Gen Z,Male
9022,38,Millennial,Male
9023,26,Gen Z,Male
9024,35,Millennial,Male
9025,53,Gen X,Male
9026,70,Boomer,Male
9027,33,Millennial,Female
9028,48,Gen X,Male
9029,23,Gen Z,Male
9030,28,Millennial,Male
9031,28,Millennial,Female
9032,35,Millennial,Male
9033,40,Millennial,Male
9034,36,Millennial,Male
9035,25,Gen Z,Female
9036,25,Gen Z,Female
9037,28,Millennial,Male
9038,72,Boomer,Male
9039,34,Millennial,Male
9040,57,Gen X,Male
9041,41,Millennial,Female
9042,33,Millennial,Male
9043,36,Millennial,Male
9044,27,Millennial,Female
9045,41,Millennial,Male
9046,21,Gen Z,Female
9047,25,Gen Z,Female
9048,39,Millennial,Male
9049,69,Boomer,Female
9050,26,Gen Z,Male
9051,51,Gen X,Male
9052,71,Boomer,Male
9053,35,Millennial,Male
9054,32,Millennial,Female
9055,37,Millennial,Male
9056,45,Gen X,Male
9057,39,Millennial,Male
9058,73,Boomer,Male
9059,49,Gen X,Male
9060,29,Millennial,Female
9061,23,Gen Z,Female
9062,36,Millennial,Female
9063,25,Gen Z,Male
9064,49,Gen X,Male
9065,26,Gen Z,Female
9066,30,Millennial,Male
9067,32,Millennial,Male
9068,43,Gen X,Male
9069,24,Gen Z,Male
9070,34,Millennial,Male
9071,37,Millennial,Male
9072,33,Millennial,Male
9073,36,Millennial,Male
9074,40,Millennial,Female
9075,45,Gen X,Male
9076,49,Gen X,Female
9077,32,Millennial,Female
9078,25,Gen Z,Male
9079,36,Millennial,Female
9080,29,Millennial,Female
9081,28,Millennial,Female
9082,25,Gen Z,Male
9083,27,Millennial,Male
9084,36,Millennial,Female
9085,32,Millennial,Female
9086,21,Gen Z,Male
9087,53,Gen X,Male
9088,69,Boomer,Female
9089,27,Millennial,Male
9090,34,Millennial,Male
9091,26,Gen Z,Male
9092,23,Gen Z,Male
9093,22,Gen Z,Male
9094,25,Gen Z,Male
9095,40,Millennial,Male
9096,22,Gen Z,Female
9097,23,Gen Z,Male
9098,38,Millennial,Female
9099,33,Millennial,Female
9100,26,Gen Z,Female
9101,32,Millennial,Male
9102,31,Millennial,Female
9103,39,Millennial,Male
9104,72,Boomer,Male
9105,23,Gen Z,Male
9106,23,Gen Z,Female
9107,57,Gen X,Female
9108,21,Gen Z,Male
9109,23,Gen Z,Female
9110,41,Millennial,Male
9111,25,Gen Z,Female
9112,37,Millennial,Male
9113,40,Millennial,Female
9114,51,Gen X,Male
9115,32,Millennial,Female
9116,31,Millennial,Male
9117,35,Millennial,Male
9118,54,Gen X,Female
9119,23,Gen Z,Female
9120,41,Millennial,Female
9121,24,Gen Z,Male
9122,24,Gen Z,Female
9123,34,Millennial,Male
9124,43,Gen X,Female
9125,25,Gen Z,Male
9126,58,Gen X,Male
9127,26,Gen Z,Female
9128,42,Millennial,Male
9129,30,Millennial,Male
9130,35,Millennial,Male
9131,57,Gen X,Female
9132,24,Gen Z,Male
9133,46,Gen X,Male
9134,72,Boomer,Female
9135,42,Millennial,Female
9136,26,Gen Z,Male
9137,42,Millennial,Female
9138,42,Millennial,Female
9139,38,Millennial,Female
9140,26,Gen Z,Male
9141,36,Millennial,Male
9142,61,Boomer,Female
9143,36,Millennial,Female
9144,27,Millennial,Male
9145,26,Gen Z,Female
9146,47,Gen X,Male
9147,36,Millennial,Female
9148,51,Gen X,Female
9149,22,Gen Z,Female
9150,31,Millennial,Female
9151,55,Gen X,Male
9152,32,Millennial,Male
9153,32,Millennial,Female
9154,35,Millennial,Male
9155,32,Millennial,Male
9156,44,Gen X,Male
9157,27,Millennial,Male
9158,37,Millennial,Male
9159,47,Gen X,Male
9160,28,Millennial,Male
9161,23,Gen Z,Male
9162,40,Millennial,Female
9163,31,Millennial,Male
9164,49,Gen X,Male
9165,29,Millennial,Male
9166,30,Millennial,Male
9167,30,Millennial,Male
9168,23,Gen Z,Male
9169,25,Gen Z,Female
9170,22,Gen Z,Male
9171,40,Millennial,Female
9172,22,Gen Z,Male
9173,67,Boomer,Male
9174,33,Millennial,Male
9175,53,Gen X,Male
9176,23,Gen Z,Male
9177,25,Gen Z,Male
9178,29,Millennial,Female
9179,50,Gen X,Female
9180,39,Millennial,Male
9181,32,Millennial,Male
9182,38,Millennial,Female
9183,30,Millennial,Female
9184,39,Millennial,Male
9185,58,Gen X,Male
9186,37,Millennial,Male
9187,27,Millennial,Male
9188,34,Millennial,Male
9189,42,Millennial,Male
9190,22,Gen Z,Male
9191,39,Millennial,Female
9192,46,Gen X,Female
9193,26,Gen Z,Male
9194,36,Millennial,Female
9195,26,Gen Z,Male
9196,33,Millennial,Female
9197,58,Gen X,Female
9198,41,Millennial,Female
9199,33,Millennial,Male
9200,38,Millennial,Male
9201,22,Gen Z,Female
9202,56,Gen X,Male
9203,65,Boomer,Male
9204,40,Millennial,Male
9205,39,Millennial,Male
9206,37,Millennial,Male
9207,21,Gen Z,Male
9208,54,Gen X,Male
9209,24,Gen Z,Male
9210,40,Millennial,Male
9211,29,Millennial,Male
9212,24,Gen Z,Female
9213,31,Millennial,Male
9214,35,Millennial,Male
9215,30,Millennial,Male
9216,26,Gen Z,Female
9217,27,Millennial,Male
9218,35,Millennial,Female
9219,22,Gen Z,Male
9220,27,Millennial,Male
9221,38,Millennial,Male
9222,22,Gen Z,Male
9223,33,Millennial,Male
9224,31,Millennial,Male
9225,22,Gen Z,Male
9226,61,Boomer,Female
9227,68,Boomer,Female
9228,43,Gen X,Male
9229,27,Millennial,Male
9230,23,Gen Z,Female
9231,23,Gen Z,Female
9232,41,Millennial,Female
9233,53,Gen X,Male
9234,32,Millennial,Female
9235,60,Boomer,Male
9236,33,Millennial,Female
9237,54,Gen X,Female
9238,28,Millennial,Male
9239,24,Gen Z,Male
9240,48,Gen X,Male
9241,31,Millennial,Male
9242,38,Millennial,Male
9243,26,Gen Z,Male
9244,32,Millennial,Male
9245,36,Millennial,Male
9246,34,Millennial,Female
9247,36,Millennial,Female
9248,33,Millennial,Male
9249,29,Millennial,Male
9250,47,Gen X,Male
9251,74,Boomer,Male
9252,38,Millennial,Male
9253,50,Gen X,Male
9254,25,Gen Z,Male
9255,31,Millennial,Male
9256,39,Millennial,Female
9257,37,Millennial,Female
9258,34,Millennial,Female
9259,25,Gen Z,Male
9260,24,Gen Z,Male
9261,45,Gen X,Male
9262,34,Millennial,Female
9263,38,Millennial,Female
9264,54,Gen X,Male
9265,40,Millennial,Male
9266,59,Boomer,Male
9267,29,Millennial,Male
9268,37,Millennial,Male
9269,36,Millennial,Male
9270,31,Millennial,Male
9271,37,Millennial,Female
9272,35,Millennial,Female
9273,22,Gen Z,Female
9274,22,Gen Z,Female
9275,39,Millennial,Male
9276,60,Boomer,Male
9277,54,Gen X,Male
9278,37,Millennial,Female
9279,22,Gen Z,Male
9280,64,Boomer,Male
9281,48,Gen X,Female
9282,26,Gen Z,Male
9283,74,Boomer,Male
9284,33,Millennial,Male
9285,55,Gen X,Male
9286,30,Millennial,Male
9287,24,Gen Z,Male
9288,30,Millennial,Male
9289,30,Millennial,Female
9290,25,Gen Z,Female
9291,30,Millennial,Female
9292,42,Millennial,Male
9293,34,Millennial,Female
9294,32,Millennial,Male
9295,39,Millennial,Male
9296,36,Millennial,Male
9297,40,Millennial,Male
9298,41,Millennial,Male
9299,38,Millennial,Male
9300,34,Millennial,Female
9301,30,Millennial,Male
9302,27,Millennial,Female
9303,27,Millennial,Male
9304,39,Millennial,Female
9305,49,Gen X,Female
9306,39,Millennial,Male
9307,21,Gen Z,Male
9308,53,Gen X,Male
9309,33,Millennial,Female
9310,30,Millennial,Female
9311,22,Gen Z,Male
9312,52,Gen X,Female
9313,29,Millennial,Male
9314,31,Millennial,Male
9315,33,Millennial,Male
9316,25,Gen Z,Male
9317,42,Millennial,Female
9318,45,Gen X,Female
9319,27,Millennial,Male
9320,33,Millennial,Male
9321,37,Millennial,Male
9322,25,Gen Z,Female
9323,42,Millennial,Male
9324,26,Gen Z,Male
9325,21,Gen Z,Male
9326,26,Gen Z,Female
9327,45,Gen X,Female
9328,57,Gen X,Male
9329,57,Gen X,Male
9330,42,Millennial,Female
9331,24,Gen Z,Male
9332,22,Gen Z,Male
9333,40,Millennial,Male
9334,40,Millennial,Male
9335,57,Gen X,Female
9336,32,Millennial,Female
9337,27,Millennial,Male
9338,22,Gen Z,Male
9339,22,Gen Z,Male
9340,21,Gen Z,Male
9341,35,Millennial,Male
9342,71,Boomer,Male
9343,28,Millennial,Male
9344,24,Gen Z,Female
9345,38,Millennial,Male
9346,26,Gen Z,Male
9347,51,Gen X,Male
9348,57,Gen X,Female
9349,26,Gen Z,Female
9350,35,Millennial,Male
9351,27,Millennial,Male
9352,44,Gen X,Male
9353,41,Millennial,Male
9354,45,Gen X,Male
9355,55,Gen X,Male
9356,24,Gen Z,Male
9357,36,Millennial,Female
9358,25,Gen Z,Male
9359,42,Millennial,Female
9360,36,Millennial,Female
9361,26,Gen Z,Male
9362,23,Gen Z,Male
9363,40,Millennial,Male
9364,21,Gen Z,Male
9365,27,Millennial,Female
9366,44,Gen X,Female
9367,22,Gen Z,Female
9368,36,Millennial,Male
9369,31,Millennial,Female
9370,29,Millennial,Male
9371,57,Gen X,Male
9372,56,Gen X,Male
9373,33,Millennial,Female
9374,74,Boomer,Male
9375,74,Boomer,Male
9376,25,Gen Z,Female
9377,41,Millennial,Male
9378,29,Millennial,Male
9379,61,Boomer,Male
9380,26,Gen Z,Male
9381,21,Gen Z,Male
9382,33,Millennial,Male
9383,26,Gen Z,Male
9384,54,Gen X,Male
9385,25,Gen Z,Male
9386,28,Millennial,Female
9387,40,Millennial,Male
9388,33,Millennial,Female
9389,32,Millennial,Male
9390,60,Boomer,Male
9391,24,Gen Z,Male
9392,37,Millennial,Male
9393,51,Gen X,Male
9394,29,Millennial,Male
9395,31,Millennial,Female
9396,69,Boomer,Female
9397,24,Gen Z,Female
9398,31,Millennial,Female
9399,41,Millennial,Male
9400,34,Millennial,Male
9401,32,Millennial,Male
9402,41,Millennial,Male
9403,37,Millennial,Female
9404,38,Millennial,Male
9405,28,Millennial,Female
9406,31,Millennial,Female
9407,24,Gen Z,Male
9408,45,Gen X,Female
9409,53,Gen X,Male
9410,39,Millennial,Male
9411,44,Gen X,Male
9412,25,Gen Z,Male
9413,40,Millennial,Female
9414,72,Boomer,Male
9415,46,Gen X,Male
9416,39,Millennial,Male
9417,33,Millennial,Male
9418,21,Gen Z,Female
9419,24,Gen Z,Male
9420,35,Millennial,Female
9421,39,Millennial,Male
9422,22,Gen Z,Female
9423,24,Gen Z,Female
9424,29,Millennial,Male
9425,37,Millennial,Male
9426,28,Millennial,Male
9427,37,Millennial,Male
9428,23,Gen Z,Female
9429,25,Gen Z,Female
9430,24,Gen Z,Female
9431,39,Millennial,Female
9432,44,Gen X,Male
9433,58,Gen X,Male
9434,54,Gen X,Male
9435,73,Boomer,Male
9436,53,Gen X,Male
9437,24,Gen Z,Male
9438,22,Gen Z,Female
9439,26,Gen Z,Male
9440,33,Millennial,Female
9441,41,Millennial,Male
9442,58,Gen X,Female
9443,28,Millennial,Male
9444,33,Millennial,Male
9445,39,Millennial,Male
9446,23,Gen Z,Female
9447,24,Gen Z,Male
9448,40,Millennial,Female
9449,25,Gen Z,Male
9450,29,Millennial,Male
9451,40,Millennial,Female
9452,31,Millennial,Male
9453,34,Millennial,Male
9454,26,Gen Z,Female
9455,21,Gen Z,Female
9456,37,Millennial,Female
9457,42,Millennial,Male
9458,45,Gen X,Female
9459,21,Gen Z,Female
9460,45,Gen X,Male
9461,24,Gen Z,Female
9462,38,Millennial,Male
9463,26,Gen Z,Male
9464,38,Millennial,Male
9465,69,Boomer,Male
9466,30,Millennial,Female
9467,68,Boomer,Male
9468,44,Gen X,Male
9469,53,Gen X,Male
9470,49,Gen X,Male
9471,36,Millennial,Female
9472,23,Gen Z,Female
9473,30,Millennial,Female
9474,56,Gen X,Male
9475,28,Millennial,Male
9476,41,Millennial,Female
9477,37,Millennial,Female
9478,31,Millennial,Male
9479,29,Millennial,Female
9480,25,Gen Z,Female
9481,56,Gen X,Male
9482,38,Millennial,Male
9483,34,Millennial,Male
9484,46,Gen X,Male
9485,39,Millennial,Male
9486,54,Gen X,Male
9487,54,Gen X,Male
9488,38,Millennial,Male
9489,33,Millennial,Female
9490,24,Gen Z,Male
9491,34,Millennial,Male
9492,34,Millennial,Male
9493,25,Gen Z,Male
9494,37,Millennial,Female
9495,32,Millennial,Male
9496,28,Millennial,Male
9497,39,Millennial,Female
9498,27,Millennial,Male
9499,27,Millennial,Male
9500,41,Millennial,Male
9501,23,Gen Z,Male
9502,37,Millennial,Male
9503,25,Gen Z,Female
9504,31,Millennial,Male
9505,22,Gen Z,Male
9506,22,Gen Z,Male
9507,33,Millennial,Female
9508,26,Gen Z,Male
9509,21,Gen Z,Female
9510,41,Millennial,Male
9511,25,Gen Z,Male
9512,34,Millennial,Male
9513,25,Gen Z,Male
9514,38,Millennial,Female
9515,27,Millennial,Female
9516,27,Millennial,Male
9517,26,Gen Z,Female
9518,52,Gen X,Female
9519,41,Millennial,Male
9520,56,Gen X,Male
9521,24,Gen Z,Female
9522,24,Gen Z,Female
9523,59,Boomer,Female
9524,35,Millennial,Male
9525,42,Millennial,Male
9526,27,Millennial,Male
9527,38,Millennial,Male
9528,42,Millennial,Male
9529,57,Gen X,Female
9530,49,Gen X,Male
9531,51,Gen X,Female
9532,31,Millennial,Male
9533,34,Millennial,Female
9534,33,Millennial,Male
9535,56,Gen X,Female
9536,25,Gen Z,Male
9537,21,Gen Z,Female
9538,46,Gen X,Female
9539,24,Gen Z,Male
9540,25,Gen Z,Male
9541,50,Gen X,Male
9542,33,Millennial,Female
9543,28,Millennial,Male
9544,40,Millennial,Male
9545,33,Millennial,Male
9546,64,Boomer,Male
9547,36,Millennial,Male
9548,54,Gen X,Male
9549,34,Millennial,Female
9550,21,Gen Z,Male
9551,53,Gen X,Male
9552,24,Gen Z,Male
9553,27,Millennial,Male
9554,26,Gen Z,Female
9555,67,Boomer,Female
9556,29,Millennial,Male
9557,28,Millennial,Female
9558,28,Millennial,Female
9559,26,Gen Z,Female
9560,49,Gen X,Male
9561,33,Millennial,Male
9562,26,Gen Z,Female
9563,25,Gen Z,Male
9564,22,Gen Z,Male
9565,25,Gen Z,Male
9566,41,Millennial,Male
9567,40,Millennial,Female
9568,23,Gen Z,Male
9569,37,Millennial,Male
9570,37,Millennial,Male
9571,44,Gen X,Male
9572,21,Gen Z,Female
9573,23,Gen Z,Female
9574,38,Millennial,Male
9575,36,Millennial,Male
9576,54,Gen X,Female
9577,23,Gen Z,Male
9578,32,Millennial,Male
9579,39,Millennial,Female
9580,24,Gen Z,Male
9581,21,Gen Z,Female
9582,26,Gen Z,Male
9583,23,Gen Z,Female
9584,23,Gen Z,Male
9585,45,Gen X,Male
9586,29,Millennial,Male
9587,47,Gen X,Female
9588,55,Gen X,Male
9589,40,Millennial,Male
9590,41,Millennial,Male
9591,30,Millennial,Female
9592,22,Gen Z,Male
9593,28,Millennial,Female
9594,24,Gen Z,Male
9595,72,Boomer,Male
9596,26,Gen Z,Female
9597,65,Boomer,Female
9598,27,Millennial,Female
9599,23,Gen Z,Female
9600,59,Boomer,Female
9601,25,Gen Z,Female
9602,58,Gen X,Male
9603,33,Millennial,Male
9604,25,Gen Z,Male
9605,57,Gen X,Male
9606,21,Gen Z,Female
9607,26,Gen Z,Female
9608,31,Millennial,Male
9609,21,Gen Z,Male
9610,35,Millennial,Male
9611,21,Gen Z,Female
9612,60,Boomer,Female
9613,24,Gen Z,Male
9614,42,Millennial,Male
9615,35,Millennial,Male
9616,74,Boomer,Male
9617,72,Boomer,Male
9618,48,Gen X,Female
9619,25,Gen Z,Male
9620,28,Millennial,Male
9621,37,Millennial,Male
9622,38,Millennial,Male
9623,33,Millennial,Male
9624,24,Gen Z,Female
9625,34,Millennial,Female
9626,43,Gen X,Male
9627,27,Millennial,Female
9628,35,Millennial,Male
9629,50,Gen X,Male
9630,37,Millennial,Female
9631,41,Millennial,Male
9632,29,Millennial,Male
9633,27,Millennial,Male
9634,24,Gen Z,Male
9635,35,Millennial,Male
9636,42,Millennial,Male
9637,29,Millennial,Male
9638,29,Millennial,Female
9639,26,Gen Z,Female
9640,38,Millennial,Male
9641,25,Gen Z,Male
9642,27,Millennial,Female
9643,32,Millennial,Male
9644,39,Millennial,Male
9645,26,Gen Z,Male
9646,23,Gen Z,Male
9647,47,Gen X,Male
9648,23,Gen Z,Female
9649,62,Boomer,Female
9650,28,Millennial,Female
9651,38,Millennial,Female
9652,54,Gen X,Male
9653,27,Millennial,Male
9654,24,Gen Z,Male
9655,32,Millennial,Female
9656,35,Millennial,Male
9657,26,Gen Z,Female
9658,25,Gen Z,Female
9659,35,Millennial,Female
9660,23,Gen Z,Female
9661,21,Gen Z,Male
9662,39,Millennial,Male
9663,61,Boomer,Male
9664,41,Millennial,Female
9665,21,Gen Z,Male
9666,21,Gen Z,Male
9667,49,Gen X,Female
9668,30,Millennial,Male
9669,45,Gen X,Male
9670,26,Gen Z,Female
9671,33,Millennial,Male
9672,42,Millennial,Male
9673,57,Gen X,Male
9674,39,Millennial,Male
9675,22,Gen Z,Male
9676,31,Millennial,Female
9677,23,Gen Z,Female
9678,41,Millennial,Male
9679,42,Millennial,Male
9680,40,Millennial,Female
9681,25,Gen Z,Male
9682,26,Gen Z,Female
9683,29,Millennial,Female
9684,24,Gen Z,Male
9685,47,Gen X,Male
9686,25,Gen Z,Female
9687,29,Millennial,Male
9688,40,Millennial,Female
9689,42,Millennial,Male
9690,25,Gen Z,Male
9691,43,Gen X,Male
9692,22,Gen Z,Male
9693,24,Gen Z,Male
9694,25,Gen Z,Male
9695,40,Millennial,Female
9696,40,Millennial,Male
9697,29,Millennial,Female
9698,21,Gen Z,Female
9699,42,Millennial,Female
9700,35,Millennial,Female
9701,21,Gen Z,Female
9702,61,Boomer,Male
9703,65,Boomer,Male
9704,36,Millennial,Female
9705,59,Boomer,Female
9706,21,Gen Z,Male
9707,28,Millennial,Female
9708,21,Gen Z,Male
9709,24,Gen Z,Male
9710,35,Millennial,Male
9711,32,Millennial,Female
9712,54,Gen X,Male
9713,50,Gen X,Female
9714,32,Millennial,Male
9715,49,Gen X,Male
9716,31,Millennial,Male
9717,52,Gen X,Female
9718,43,Gen X,Male
9719,33,Millennial,Female
9720,29,Millennial,Female
9721,51,Gen X,Male
9722,25,Gen Z,Male
9723,52,Gen X,Female
9724,25,Gen Z,Male
9725,30,Millennial,Female
9726,36,Millennial,Male
9727,28,Millennial,Male
9728,21,Gen Z,Male
9729,22,Gen Z,Male
9730,24,Gen Z,Male
9731,56,Gen X,Male
9732,33,Millennial,Male
9733,34,Millennial,Male
9734,36,Millennial,Female
9735,22,Gen Z,Male
9736,39,Millennial,Male
9737,41,Millennial,Male
9738,26,Gen Z,Male
9739,24,Gen Z,Male
9740,23,Gen Z,Female
9741,37,Millennial,Male
9742,28,Millennial,Female
9743,24,Gen Z,Male
9744,21,Gen Z,Female
9745,44,Gen X,Male
9746,22,Gen Z,Male
9747,33,Millennial,Female
9748,39,Millennial,Male
9749,39,Millennial,Male
9750,31,Millennial,Male
9751,39,Millennial,Male
9752,22,Gen Z,Male
9753,56,Gen X,Female
9754,55,Gen X,Male
9755,22,Gen Z,Female
9756,41,Millennial,Male
9757,65,Boomer,Male
9758,38,Millennial,Male
9759,36,Millennial,Male
9760,53,Gen X,Male
9761,26,Gen Z,Male
9762,25,Gen Z,Male
9763,24,Gen Z,Female
9764,21,Gen Z,Male
9765,24,Gen Z,Male
9766,61,Boomer,Male
9767,55,Gen X,Female
9768,33,Millennial,Female
9769,23,Gen Z,Male
9770,22,Gen Z,Female
9771,24,Gen Z,Female
9772,22,Gen Z,Male
9773,67,Boomer,Male
9774,33,Millennial,Female
9775,37,Millennial,Male
9776,30,Millennial,Male
9777,53,Gen X,Male
9778,31,Millennial,Female
9779,22,Gen Z,Male
9780,24,Gen Z,Male
9781,23,Gen Z,Male
9782,21,Gen Z,Male
9783,30,Millennial,Female
9784,50,Gen X,Male
9785,52,Gen X,Male
9786,42,Millennial,Male
9787,47,Gen X,Female
9788,25,Gen Z,Male
9789,23,Gen Z,Male
9790,24,Gen Z,Male
9791,42,Millennial,Female
9792,36,Millennial,Male
9793,29,Millennial,Male
9794,27,Millennial,Female
9795,49,Gen X,Female
9796,38,Millennial,Male
9797,26,Gen Z,Female
9798,35,Millennial,Female
9799,37,Millennial,Female
9800,23,Gen Z,Female
9801,25,Gen Z,Male
9802,31,Millennial,Male
9803,40,Millennial,Male
9804,66,Boomer,Female
9805,42,Millennial,Male
9806,37,Millennial,Male
9807,30,Millennial,Male
9808,65,Boomer,Female
9809,22,Gen Z,Male
9810,64,Boomer,Male
9811,34,Millennial,Male
9812,38,Millennial,Male
9813,57,Gen X,Female
9814,21,Gen Z,Male
9815,69,Boomer,Male
9816,70,Boomer,Male
9817,68,Boomer,Female
9818,45,Gen X,Female
9819,68,Boomer,Male
9820,41,Millennial,Male
9821,32,Millennial,Male
9822,23,Gen Z,Male
9823,31,Millennial,Male
9824,44,Gen X,Male
9825,25,Gen Z,Female
9826,58,Gen X,Male
9827,32,Millennial,Female
9828,35,Millennial,Female
9829,52,Gen X,Male
9830,46,Gen X,Male
9831,43,Gen X,Female
9832,33,Millennial,Female
9833,48,Gen X,Female
9834,31,Millennial,Female
9835,35,Millennial,Male
9836,24,Gen Z,Male
9837,23,Gen Z,Male
9838,62,Boomer,Male
9839,38,Millennial,Female
9840,42,Millennial,Male
9841,22,Gen Z,Female
9842,70,Boomer,Male
9843,22,Gen Z,Male
9844,22,Gen Z,Female
9845,45,Gen X,Male
9846,24,Gen Z,Male
9847,47,Gen X,Male
9848,68,Boomer,Male
9849,34,Millennial,Female
9850,41,Millennial,Female
9851,68,Boomer,Male
9852,44,Gen X,Male
9853,33,Millennial,Male
9854,25,Gen Z,Male
9855,28,Millennial,Male
9856,39,Millennial,Female
9857,25,Gen Z,Female
9858,50,Gen X,Male
9859,41,Millennial,Male
9860,23,Gen Z,Male
9861,56,Gen X,Male
9862,58,Gen X,Female
9863,35,Millennial,Female
9864,54,Gen X,Male
9865,21,Gen Z,Male
9866,39,Millennial,Male
9867,31,Millennial,Male
9868,39,Millennial,Male
9869,29,Millennial,Female
9870,24,Gen Z,Male
9871,60,Boomer,Male
9872,30,Millennial,Male
9873,38,Millennial,Female
9874,34,Millennial,Male
9875,56,Gen X,Male
9876,32,Millennial,Male
9877,48,Gen X,Female
9878,23,Gen Z,Female
9879,58,Gen X,Male
9880,45,Gen X,Male
9881,27,Millennial,Female
9882,27,Millennial,Male
9883,31,Millennial,Male
9884,34,Millennial,Female
9885,52,Gen X,Male
9886,40,Millennial,Male
9887,54,Gen X,Female
9888,36,Millennial,Male
9889,22,Gen Z,Female
9890,67,Boomer,Male
9891,39,Millennial,Male
9892,23,Gen Z,Male
9893,24,Gen Z,Male
9894,26,Gen Z,Male
9895,22,Gen Z,Male
9896,27,Millennial,Male
9897,57,Gen X,Male
9898,27,Millennial,Male
9899,69,Boomer,Female
9900,41,Millennial,Male
9901,68,Boomer,Male
9902,39,Millennial,Male
9903,35,Millennial,Male
9904,23,Gen Z,Male
9905,37,Millennial,Female
9906,23,Gen Z,Male
9907,34,Millennial,Male
9908,59,Boomer,Female
9909,27,Millennial,Male
9910,60,Boomer,Male
9911,60,Boomer,Female
9912,45,Gen X,Female
9913,23,Gen Z,Male
9914,24,Gen Z,Male
9915,41,Millennial,Male
9916,36,Millennial,Male
9917,34,Millennial,Female
9918,46,Gen X,Female
9919,58,Gen X,Male
9920,33,Millennial,Male
9921,35,Millennial,Male
9922,48,Gen X,Male
9923,42,Millennial,Male
9924,43,Gen X,Female
9925,32,Millennial,Female
9926,47,Gen X,Male
9927,63,Boomer,Male
9928,23,Gen Z,Male
9929,25,Gen Z,Male
9930,47,Gen X,Female
9931,49,Gen X,Male
9932,23,Gen Z,Female
9933,37,Millennial,Male
9934,22,Gen Z,Female
9935,32,Millennial,Male
9936,37,Millennial,Male
9937,22,Gen Z,Male
9938,26,Gen Z,Male
9939,40,Millennial,Female
9940,45,Gen X,Female
9941,53,Gen X,Male
9942,25,Gen Z,Male
9943,60,Boomer,Male
9944,44,Gen X,Male
9945,41,Millennial,Male
9946,34,Millennial,Male
9947,46,Gen X,Female
9948,26,Gen Z,Male
9949,39,Millennial,Male
9950,52,Gen X,Male
9951,42,Millennial,Male
9952,35,Millennial,Female
9953,34,Millennial,Male
9954,28,Millennial,Male
9955,53,Gen X,Male
9956,22,Gen Z,Male
9957,41,Millennial,Male
9958,27,Millennial,Male
9959,56,Gen X,Male
9960,61,Boomer,Male
9961,31,Millennial,Male
9962,25,Gen Z,Male
9963,22,Gen Z,Male
9964,34,Millennial,Female
9965,24,Gen Z,Female
9966,34,Millennial,Male
9967,25,Gen Z,Male
9968,27,Millennial,Male
9969,21,Gen Z,Female
9970,28,Millennial,Male
9971,51,Gen X,Male
9972,25,Gen Z,Female
9973,45,Gen X,Male
9974,21,Gen Z,Female
9975,31,Millennial,Female
9976,25,Gen Z,Female
9977,41,Millennial,Male
9978,31,Millennial,Male
9979,21,Gen Z,Male
9980,53,Gen X,Male
9981,34,Millennial,Male
9982,29,Millennial,Male
9983,41,Millennial,Male
9984,42,Millennial,Male
9985,24,Gen Z,Male
9986,23,Gen Z,Female
9987,23,Gen Z,Female
9988,56,Gen X,Male
9989,58,Gen X,Male
9990,53,Gen X,Male
9991,24,Gen Z,Male
9992,33,Millennial,Male
9993,68,Boomer,Male
9994,22,Gen Z,Male
9995,39,Millennial,Male
9996,29,Millennial,Male
9997,40,Millennial,Female
9998,26,Gen Z,Female
9999,46,Gen X,Female
10000,27,Millennial,Female
10001,26,Gen Z,Male
10002,24,Gen Z,Female
10003,21,Gen Z,Male
10004,45,Gen X,Female
10005,36,Millennial,Male
10006,21,Gen Z,Male
10007,36,Millennial,Female
10008,26,Gen Z,Male
10009,32,Millennial,Female
10010,23,Gen Z,Male
10011,27,Millennial,Male
10012,50,Gen X,Male
10013,37,Millennial,Male
10014,29,Millennial,Male
10015,40,Millennial,Female
10016,31,Millennial,Male
10017,45,Gen X,Female
10018,35,Millennial,Female
10019,36,Millennial,Male
10020,26,Gen Z,Male
10021,46,Gen X,Male
10022,52,Gen X,Male
10023,43,Gen X,Male
10024,60,Boomer,Male
10025,39,Millennial,Male
10026,29,Millennial,Female
10027,46,Gen X,Male
10028,58,Gen X,Male
10029,26,Gen Z,Male
10030,29,Millennial,Male
10031,25,Gen Z,Male
10032,54,Gen X,Female
10033,38,Millennial,Female
10034,27,Millennial,Male
10035,32,Millennial,Male
10036,25,Gen Z,Female
10037,23,Gen Z,Male
10038,26,Gen Z,Male
10039,24,Gen Z,Male
10040,27,Millennial,Male
10041,42,Millennial,Female
10042,41,Millennial,Male
10043,61,Boomer,Female
10044,52,Gen X,Female
10045,24,Gen Z,Male
10046,23,Gen Z,Female
10047,45,Gen X,Male
10048,42,Millennial,Male
10049,21,Gen Z,Female
10050,27,Millennial,Female
10051,34,Millennial,Male
10052,52,Gen X,Male
10053,26,Gen Z,Male
10054,37,Millennial,Male
10055,47,Gen X,Male
10056,38,Millennial,Male
10057,29,Millennial,Male
10058,34,Millennial,Male
10059,44,Gen X,Female
10060,50,Gen X,Male
10061,46,Gen X,Male
10062,29,Millennial,Male
10063,31,Millennial,Female
10064,32,Millennial,Male
10065,32,Millennial,Male
10066,31,Millennial,Male
10067,49,Gen X,Female
10068,42,Millennial,Male
10069,25,Gen Z,Female
10070,21,Gen Z,Male
10071,29,Millennial,Male
10072,38,Millennial,Female
10073,44,Gen X,Male
10074,41,Millennial,Female
10075,38,Millennial,Male
10076,39,Millennial,Male
10077,34,Millennial,Male
10078,43,Gen X,Male
10079,48,Gen X,Male
10080,39,Millennial,Male
10081,34,Millennial,Male
10082,42,Millennial,Male
10083,49,Gen X,Male
10084,34,Millennial,Male
10085,44,Gen X,Male
10086,26,Gen Z,Male
10087,67,Boomer,Male
10088,48,Gen X,Male
10089,56,Gen X,Male
10090,56,Gen X,Male
10091,36,Millennial,Female
10092,35,Millennial,Male
10093,60,Boomer,Male
10094,41,Millennial,Male
10095,36,Millennial,Male
10096,27,Millennial,Male
10097,24,Gen Z,Male
10098,27,Millennial,Male
10099,42,Millennial,Male
10100,28,Millennial,Male
10101,26,Gen Z,Female
10102,25,Gen Z,Male
10103,34,Millennial,Male
10104,45,Gen X,Female
10105,49,Gen X,Female
10106,23,Gen Z,Male
10107,45,Gen X,Male
10108,31,Millennial,Male
10109,33,Millennial,Male
10110,40,Millennial,Female
10111,48,Gen X,Male
10112,22,Gen Z,Female
10113,27,Millennial,Male
10114,25,Gen Z,Female
10115,22,Gen Z,Male
10116,42,Millennial,Female
10117,39,Millennial,Male
10118,28,Millennial,Male
10119,33,Millennial,Female
10120,31,Millennial,Female
10121,22,Gen Z,Male
10122,42,Millennial,Female
10123,27,Millennial,Male
10124,40,Millennial,Male
10125,47,Gen X,Male
10126,33,Millennial,Female
10127,28,Millennial,Female
10128,22,Gen Z,Male
10129,35,Millennial,Male
10130,25,Gen Z,Female
10131,27,Millennial,Female
10132,35,Millennial,Male
10133,51,Gen X,Female
10134,46,Gen X,Male
10135,38,Millennial,Female
10136,27,Millennial,Male
10137,27,Millennial,Female
10138,51,Gen X,Male
10139,71,Boomer,Male
10140,21,Gen Z,Female
10141,24,Gen Z,Male
10142,53,Gen X,Male
10143,36,Millennial,Male
10144,41,Millennial,Male
10145,49,Gen X,Male
10146,22,Gen Z,Male
10147,49,Gen X,Male
10148,58,Gen X,Female
10149,37,Millennial,Male
10150,34,Millennial,Male
10151,40,Millennial,Male
10152,32,Millennial,Male
10153,50,Gen X,Male
10154,27,Millennial,Male
10155,68,Boomer,Male
10156,39,Millennial,Male
10157,47,Gen X,Male
10158,30,Millennial,Female
10159,43,Gen X,Male
10160,34,Millennial,Female
10161,22,Gen Z,Female
10162,37,Millennial,Female
10163,28,Millennial,Female
10164,54,Gen X,Male
10165,53,Gen X,Female
10166,28,Millennial,Male
10167,41,Millennial,Female
10168,32,Millennial,Male
10169,63,Boomer,Male
10170,23,Gen Z,Male
10171,21,Gen Z,Female
10172,24,Gen Z,Male
10173,45,Gen X,Male
10174,36,Millennial,Male
10175,41,Millennial,Male
10176,30,Millennial,Male
10177,31,Millennial,Male
10178,32,Millennial,Male
10179,49,Gen X,Male
10180,50,Gen X,Male
10181,26,Gen Z,Female
10182,53,Gen X,Male
10183,23,Gen Z,Female
10184,24,Gen Z,Female
10185,44,Gen X,Female
10186,31,Millennial,Male
10187,60,Boomer,Male
10188,26,Gen Z,Male
10189,37,Millennial,Male
10190,33,Millennial,Male
10191,33,Millennial,Male
10192,34,Millennial,Female
10193,39,Millennial,Female
10194,35,Millennial,Female
10195,55,Gen X,Female
10196,25,Gen Z,Female
10197,31,Millennial,Male
10198,21,Gen Z,Female
10199,26,Gen Z,Male
10200,23,Gen Z,Male
10201,22,Gen Z,Female
10202,29,Millennial,Female
10203,27,Millennial,Male
10204,34,Millennial,Male
10205,26,Gen Z,Male
10206,25,Gen Z,Male
10207,36,Millennial,Female
10208,22,Gen Z,Male
10209,66,Boomer,Female
10210,41,Millennial,Male
10211,37,Millennial,Female
10212,23,Gen Z,Male
10213,26,Gen Z,Female
10214,39,Millennial,Male
10215,30,Millennial,Male
10216,28,Millennial,Female
10217,33,Millennial,Female
10218,69,Boomer,Male
10219,45,Gen X,Female
10220,46,Gen X,Female
10221,26,Gen Z,Female
10222,40,Millennial,Male
10223,57,Gen X,Male
10224,36,Millennial,Male
10225,34,Millennial,Male
10226,39,Millennial,Male
10227,22,Gen Z,Male
10228,44,Gen X,Male
10229,23,Gen Z,Female
10230,65,Boomer,Male
10231,29,Millennial,Female
10232,34,Millennial,Male
10233,25,Gen Z,Male
10234,25,Gen Z,Male
10235,26,Gen Z,Female
10236,37,Millennial,Male
10237,28,Millennial,Male
10238,37,Millennial,Female
10239,22,Gen Z,Male
10240,38,Millennial,Female
10241,36,Millennial,Male
10242,39,Millennial,Male
10243,54,Gen X,Male
10244,73,Boomer,Male
10245,43,Gen X,Male
10246,42,Millennial,Male
10247,53,Gen X,Female
10248,46,Gen X,Male
10249,28,Millennial,Female
10250,41,Millennial,Male
10251,50,Gen X,Male
10252,42,Millennial,Male
10253,35,Millennial,Male
10254,25,Gen Z,Male
10255,40,Millennial,Male
10256,24,Gen Z,Female
10257,28,Millennial,Male
10258,23,Gen Z,Male
10259,71,Boomer,Male
10260,54,Gen X,Female
10261,50,Gen X,Male
10262,49,Gen X,Male
10263,52,Gen X,Male
10264,31,Millennial,Male
10265,27,Millennial,Female
10266,25,Gen Z,Male
10267,58,Gen X,Male
10268,33,Millennial,Female
10269,35,Millennial,Female
10270,32,Millennial,Male
10271,63,Boomer,Male
10272,40,Millennial,Female
10273,23,Gen Z,Male
10274,37,Millennial,Male
10275,41,Millennial,Male
10276,68,Boomer,Male
10277,40,Millennial,Male
10278,23,Gen Z,Female
10279,23,Gen Z,Male
10280,37,Millennial,Female
10281,23,Gen Z,Male
10282,22,Gen Z,Male
10283,46,Gen X,Male
10284,25,Gen Z,Female
10285,25,Gen Z,Male
10286,40,Millennial,Male
10287,32,Millennial,Male
10288,31,Millennial,Female
10289,26,Gen Z,Male
10290,25,Gen Z,Male
10291,27,Millennial,Male
10292,30,Millennial,Female
10293,40,Millennial,Male
10294,56,Gen X,Male
10295,25,Gen Z,Male
10296,31,Millennial,Male
10297,38,Millennial,Male
10298,26,Gen Z,Male
10299,22,Gen Z,Female
10300,21,Gen Z,Male
10301,38,Millennial,Male
10302,38,Millennial,Female
10303,39,Millennial,Male
10304,35,Millennial,Male
10305,39,Millennial,Male
10306,26,Gen Z,Male
10307,43,Gen X,Male
10308,62,Boomer,Female
10309,24,Gen Z,Male
10310,44,Gen X,Female
10311,30,Millennial,Female
10312,21,Gen Z,Male
10313,34,Millennial,Male
10314,41,Millennial,Male
10315,73,Boomer,Female
10316,22,Gen Z,Male
10317,55,Gen X,Male
10318,38,Millennial,Male
10319,57,Gen X,Male
10320,47,Gen X,Female
10321,40,Millennial,Male
10322,50,Gen X,Female
10323,22,Gen Z,Male
10324,44,Gen X,Male
10325,28,Millennial,Female
10326,28,Millennial,Male
10327,24,Gen Z,Male
10328,45,Gen X,Male
10329,34,Millennial,Male
10330,38,Millennial,Female
10331,36,Millennial,Female
10332,32,Millennial,Female
10333,36,Millennial,Male
10334,25,Gen Z,Female
10335,29,Millennial,Female
10336,24,Gen Z,Male
10337,46,Gen X,Female
10338,62,Boomer,Male
10339,34,Millennial,Male
10340,27,Millennial,Male
10341,43,Gen X,Female
10342,26,Gen Z,Male
10343,34,Millennial,Male
10344,38,Millennial,Female
10345,40,Millennial,Female
10346,54,Gen X,Female
10347,50,Gen X,Male
10348,43,Gen X,Male
10349,23,Gen Z,Female
10350,66,Boomer,Male
10351,46,Gen X,Male
10352,47,Gen X,Male
10353,41,Millennial,Female
10354,39,Millennial,Female
10355,25,Gen Z,Female
10356,41,Millennial,Male
10357,52,Gen X,Male
10358,29,Millennial,Male
10359,21,Gen Z,Male
10360,23,Gen Z,Female
10361,25,Gen Z,Male
10362,72,Boomer,Male
10363,30,Millennial,Male
10364,42,Millennial,Male
10365,69,Boomer,Male
10366,21,Gen Z,Male
10367,67,Boomer,Female
10368,33,Millennial,Male
10369,25,Gen Z,Male
10370,23,Gen Z,Female
10371,25,Gen Z,Female
10372,36,Millennial,Male
10373,56,Gen X,Male
10374,26,Gen Z,Male
10375,24,Gen Z,Male
10376,25,Gen Z,Female
10377,52,Gen X,Female
10378,32,Millennial,Male
10379,23,Gen Z,Female
10380,24,Gen Z,Female
10381,24,Gen Z,Male
10382,64,Boomer,Male
10383,50,Gen X,Male
10384,25,Gen Z,Male
10385,34,Millennial,Male
10386,43,Gen X,Male
10387,23,Gen Z,Male
10388,29,Millennial,Male
10389,37,Millennial,Male
10390,41,Millennial,Male
10391,30,Millennial,Male
10392,57,Gen X,Female
10393,39,Millennial,Female
10394,40,Millennial,Male
10395,21,Gen Z,Female
10396,58,Gen X,Male
10397,24,Gen Z,Female
10398,26,Gen Z,Male
10399,25,Gen Z,Male
10400,68,Boomer,Female
10401,25,Gen Z,Female
10402,22,Gen Z,Male
10403,41,Millennial,Male
10404,42,Millennial,Male
10405,25,Gen Z,Male
10406,55,Gen X,Male
10407,25,Gen Z,Male
10408,69,Boomer,Female
10409,31,Millennial,Male
10410,35,Millennial,Male
10411,27,Millennial,Male
10412,21,Gen Z,Female
10413,26,Gen Z,Male
10414,46,Gen X,Male
10415,30,Millennial,Male
10416,22,Gen Z,Male
10417,30,Millennial,Male
10418,43,Gen X,Male
10419,27,Millennial,Female
10420,36,Millennial,Male
10421,26,Gen Z,Female
10422,21,Gen Z,Male
10423,71,Boomer,Male
10424,24,Gen Z,Male
10425,24,Gen Z,Female
10426,22,Gen Z,Male
10427,47,Gen X,Male
10428,22,Gen Z,Male
10429,28,Millennial,Male
10430,33,Millennial,Female
10431,21,Gen Z,Female
10432,28,Millennial,Female
10433,24,Gen Z,Female
10434,24,Gen Z,Male
10435,60,Boomer,Female
10436,41,Millennial,Female
10437,69,Boomer,Male
10438,30,Millennial,Male
10439,47,Gen X,Male
10440,28,Millennial,Male
10441,21,Gen Z,Male
10442,35,Millennial,Male
10443,54,Gen X,Female
10444,52,Gen X,Male
10445,46,Gen X,Male
10446,50,Gen X,Male
10447,29,Millennial,Female
10448,30,Millennial,Male
10449,35,Millennial,Male
10450,33,Millennial,Male
10451,23,Gen Z,Male
10452,22,Gen Z,Male
10453,39,Millennial,Female
10454,24,Gen Z,Male
10455,26,Gen Z,Male
10456,43,Gen X,Female
10457,23,Gen Z,Male
10458,27,Millennial,Male
10459,30,Millennial,Male
10460,51,Gen X,Male
10461,36,Millennial,Male
10462,23,Gen Z,Female
10463,33,Millennial,Female
10464,49,Gen X,Female
10465,24,Gen Z,Male
10466,23,Gen Z,Male
10467,53,Gen X,Female
10468,41,Millennial,Male
10469,32,Millennial,Female
10470,35,Millennial,Female
10471,27,Millennial,Male
10472,44,Gen X,Female
10473,36,Millennial,Female
10474,23,Gen Z,Male
10475,24,Gen Z,Male
10476,42,Millennial,Male
10477,26,Gen Z,Male
10478,21,Gen Z,Female
10479,40,Millennial,Female
10480,25,Gen Z,Female
10481,23,Gen Z,Female
10482,40,Millennial,Female
10483,57,Gen X,Female
10484,23,Gen Z,Male
10485,41,Millennial,Female
10486,24,Gen Z,Female
10487,53,Gen X,Male
10488,57,Gen X,Male
10489,38,Millennial,Male
10490,56,Gen X,Male
10491,46,Gen X,Female
10492,24,Gen Z,Female
10493,25,Gen Z,Male
10494,35,Millennial,Female
10495,55,Gen X,Male
10496,40,Millennial,Male
10497,39,Millennial,Male
10498,46,Gen X,Male
10499,33,Millennial,Female
10500,24,Gen Z,Female
10501,32,Millennial,Male
10502,23,Gen Z,Female
10503,37,Millennial,Male
10504,27,Millennial,Male
10505,46,Gen X,Male
10506,25,Gen Z,Male
10507,32,Millennial,Male
10508,70,Boomer,Male
10509,23,Gen Z,Male
10510,42,Millennial,Male
10511,38,Millennial,Male
10512,62,Boomer,Male
10513,25,Gen Z,Male
10514,40,Millennial,Male
10515,30,Millennial,Male
10516,22,Gen Z,Male
10517,22,Gen Z,Female
10518,27,Millennial,Male
10519,37,Millennial,Male
10520,23,Gen Z,Female
10521,40,Millennial,Female
10522,56,Gen X,Male
10523,23,Gen Z,Male
10524,29,Millennial,Female
10525,36,Millennial,Male
10526,42,Millennial,Male
10527,28,Millennial,Male
10528,24,Gen Z,Male
10529,41,Millennial,Male
10530,22,Gen Z,Male
10531,27,Millennial,Female
10532,63,Boomer,Male
10533,23,Gen Z,Female
10534,35,Millennial,Male
10535,22,Gen Z,Female
10536,44,Gen X,Female
10537,39,Millennial,Female
10538,22,Gen Z,Male
10539,36,Millennial,Female
10540,24,Gen Z,Male
10541,36,Millennial,Female
10542,41,Millennial,Male
10543,33,Millennial,Male
10544,50,Gen X,Male
10545,45,Gen X,Male
10546,23,Gen Z,Female
10547,28,Millennial,Male
10548,59,Boomer,Male
10549,32,Millennial,Male
10550,47,Gen X,Female
10551,25,Gen Z,Female
10552,52,Gen X,Male
10553,39,Millennial,Male
10554,22,Gen Z,Male
10555,23,Gen Z,Female
10556,21,Gen Z,Female
10557,56,Gen X,Male
10558,35,Millennial,Male
10559,49,Gen X,Male
10560,49,Gen X,Female
10561,41,Millennial,Male
10562,51,Gen X,Female
10563,27,Millennial,Female
10564,62,Boomer,Male
10565,48,Gen X,Female
10566,41,Millennial,Male
10567,51,Gen X,Male
10568,53,Gen X,Male
10569,25,Gen Z,Male
10570,24,Gen Z,Male
10571,49,Gen X,Female
10572,27,Millennial,Male
10573,23,Gen Z,Female
10574,23,Gen Z,Male
10575,29,Millennial,Male
10576,35,Millennial,Female
10577,25,Gen Z,Female
10578,39,Millennial,Female
10579,31,Millennial,Male
10580,72,Boomer,Female
10581,52,Gen X,Female
10582,57,Gen X,Male
10583,30,Millennial,Male
10584,33,Millennial,Male
10585,38,Millennial,Male
10586,46,Gen X,Female
10587,23,Gen Z,Female
10588,26,Gen Z,Female
10589,26,Gen Z,Male
10590,23,Gen Z,Male
10591,59,Boomer,Female
10592,32,Millennial,Female
10593,39,Millennial,Female
10594,34,Millennial,Female
10595,39,Millennial,Female
10596,34,Millennial,Male
10597,32,Millennial,Male
10598,64,Boomer,Male
10599,44,Gen X,Male
10600,41,Millennial,Female
10601,23,Gen Z,Male
10602,52,Gen X,Male
10603,24,Gen Z,Female
10604,43,Gen X,Male
10605,27,Millennial,Male
10606,26,Gen Z,Male
10607,55,Gen X,Female
10608,29,Millennial,Male
10609,23,Gen Z,Male
10610,49,Gen X,Female
10611,67,Boomer,Male
10612,33,Millennial,Male
10613,22,Gen Z,Female
10614,21,Gen Z,Female
10615,36,Millennial,Female
10616,35,Millennial,Female
10617,46,Gen X,Male
10618,27,Millennial,Male
10619,53,Gen X,Male
10620,69,Boomer,Male
10621,48,Gen X,Male
10622,24,Gen Z,Male
10623,50,Gen X,Male
10624,48,Gen X,Male
10625,28,Millennial,Male
10626,45,Gen X,Male
10627,34,Millennial,Male
10628,32,Millennial,Male
10629,28,Millennial,Male
10630,70,Boomer,Male
10631,25,Gen Z,Male
10632,34,Millennial,Female
10633,42,Millennial,Female
10634,31,Millennial,Female
10635,59,Boomer,Female
10636,39,Millennial,Male
10637,40,Millennial,Male
10638,44,Gen X,Male
10639,44,Gen X,Male
10640,33,Millennial,Male
10641,41,Millennial,Male
10642,22,Gen Z,Male
10643,39,Millennial,Male
10644,21,Gen Z,Male
10645,28,Millennial,Male
10646,21,Gen Z,Male
10647,35,Millennial,Male
10648,36,Millennial,Male
10649,46,Gen X,Male
10650,38,Millennial,Female
10651,38,Millennial,Male
10652,22,Gen Z,Male
10653,54,Gen X,Male
10654,42,Millennial,Male
10655,36,Millennial,Female
10656,29,Millennial,Male
10657,38,Millennial,Male
10658,40,Millennial,Female
10659,29,Millennial,Female
10660,24,Gen Z,Female
10661,58,Gen X,Female
10662,43,Gen X,Male
10663,32,Millennial,Male
10664,41,Millennial,Male
10665,21,Gen Z,Male
10666,34,Millennial,Female
10667,45,Gen X,Female
10668,39,Millennial,Male
10669,40,Millennial,Female
10670,27,Millennial,Female
10671,31,Millennial,Male
10672,25,Gen Z,Female
10673,32,Millennial,Female
10674,32,Millennial,Male
10675,36,Millennial,Female
10676,48,Gen X,Male
10677,25,Gen Z,Male
10678,28,Millennial,Female
10679,42,Millennial,Female
10680,24,Gen Z,Male
10681,23,Gen Z,Male
10682,39,Millennial,Female
10683,33,Millennial,Male
10684,28,Millennial,Male
10685,54,Gen X,Female
10686,34,Millennial,Male
10687,26,Gen Z,Female
10688,39,Millennial,Male
10689,44,Gen X,Female
10690,49,Gen X,Female
10691,63,Boomer,Male
10692,24,Gen Z,Male
10693,36,Millennial,Male
10694,22,Gen Z,Male
10695,25,Gen Z,Male
10696,63,Boomer,Male
10697,39,Millennial,Male
10698,41,Millennial,Female
10699,40,Millennial,Male
10700,30,Millennial,Male
10701,27,Millennial,Female
10702,22,Gen Z,Male
10703,37,Millennial,Male
10704,54,Gen X,Female
10705,36,Millennial,Female
10706,23,Gen Z,Male
10707,21,Gen Z,Male
10708,26,Gen Z,Male
10709,33,Millennial,Female
10710,60,Boomer,Female
10711,48,Gen X,Male
10712,30,Millennial,Female
10713,33,Millennial,Male
10714,29,Millennial,Female
10715,25,Gen Z,Male
10716,50,Gen X,Male
10717,60,Boomer,Female
10718,22,Gen Z,Male
10719,25,Gen Z,Male
10720,35,Millennial,Female
10721,27,Millennial,Male
10722,27,Millennial,Male
10723,35,Millennial,Male
10724,32,Millennial,Male
10725,71,Boomer,Male
10726,33,Millennial,Male
10727,26,Gen Z,Male
10728,35,Millennial,Male
10729,36,Millennial,Male
10730,43,Gen X,Male
10731,38,Millennial,Male
10732,41,Millennial,Female
10733,33,Millennial,Male
10734,26,Gen Z,Female
10735,27,Millennial,Male
10736,30,Millennial,Male
10737,21,Gen Z,Male
10738,31,Millennial,Male
10739,34,Millennial,Male
10740,41,Millennial,Female
10741,38,Millennial,Male
10742,21,Gen Z,Male
10743,36,Millennial,Female
10744,65,Boomer,Male
10745,27,Millennial,Male
10746,25,Gen Z,Female
10747,38,Millennial,Male
10748,30,Millennial,Female
10749,27,Millennial,Male
10750,34,Millennial,Male
10751,25,Gen Z,Male
10752,58,Gen X,Female
10753,58,Gen X,Female
10754,28,Millennial,Female
10755,59,Boomer,Male
10756,39,Millennial,Female
10757,31,Millennial,Male
10758,29,Millennial,Male
10759,40,Millennial,Male
10760,50,Gen X,Female
10761,58,Gen X,Female
10762,32,Millennial,Female
10763,28,Millennial,Female
10764,52,Gen X,Male
10765,34,Millennial,Male
10766,37,Millennial,Male
10767,38,Millennial,Male
10768,35,Millennial,Female
10769,58,Gen X,Female
10770,39,Millennial,Female
10771,23,Gen Z,Male
10772,30,Millennial,Male
10773,36,Millennial,Female
10774,25,Gen Z,Male
10775,28,Millennial,Male
10776,21,Gen Z,Male
10777,36,Millennial,Male
10778,42,Millennial,Male
10779,41,Millennial,Male
10780,37,Millennial,Male
10781,53,Gen X,Male
10782,39,Millennial,Female
10783,28,Millennial,Male
10784,35,Millennial,Female
10785,31,Millennial,Male
10786,34,Millennial,Male
10787,24,Gen Z,Male
10788,41,Millennial,Male
10789,38,Millennial,Male
10790,30,Millennial,Male
10791,38,Millennial,Male
10792,21,Gen Z,Female
10793,28,Millennial,Male
10794,29,Millennial,Female
10795,32,Millennial,Female
10796,39,Millennial,Male
10797,37,Millennial,Male
10798,42,Millennial,Male
10799,62,Boomer,Male
10800,26,Gen Z,Male
10801,54,Gen X,Female
10802,48,Gen X,Male
10803,44,Gen X,Female
10804,29,Millennial,Male
10805,48,Gen X,Male
10806,36,Millennial,Female
10807,48,Gen X,Male
10808,40,Millennial,Male
10809,22,Gen Z,Male
10810,42,Millennial,Female
10811,24,Gen Z,Female
10812,35,Millennial,Male
10813,35,Millennial,Male
10814,23,Gen Z,Male
10815,33,Millennial,Male
10816,23,Gen Z,Male
10817,31,Millennial,Male
10818,53,Gen X,Male
10819,36,Millennial,Male
10820,35,Millennial,Male
10821,42,Millennial,Male
10822,37,Millennial,Female
10823,40,Millennial,Female
10824,59,Boomer,Male
10825,35,Millennial,Female
10826,30,Millennial,Female
10827,27,Millennial,Male
10828,27,Millennial,Male
10829,37,Millennial,Male
10830,42,Millennial,Male
10831,23,Gen Z,Male
10832,44,Gen X,Male
10833,32,Millennial,Male
10834,28,Millennial,Male
10835,32,Millennial,Male
10836,29,Millennial,Male
10837,53,Gen X,Male
10838,55,Gen X,Male
10839,25,Gen Z,Male
10840,23,Gen Z,Male
10841,22,Gen Z,Male
10842,25,Gen Z,Male
10843,37,Millennial,Male
10844,34,Millennial,Male
10845,37,Millennial,Female
10846,66,Boomer,Male
10847,46,Gen X,Male
10848,52,Gen X,Male
10849,36,Millennial,Female
10850,52,Gen X,Male
10851,28,Millennial,Male
10852,34,Millennial,Male
10853,46,Gen X,Male
10854,38,Millennial,Female
10855,33,Millennial,Male
10856,28,Millennial,Male
10857,25,Gen Z,Female
10858,35,Millennial,Male
10859,23,Gen Z,Male
10860,39,Millennial,Male
10861,43,Gen X,Male
10862,31,Millennial,Male
10863,42,Millennial,Female
10864,54,Gen X,Male
10865,38,Millennial,Male
10866,26,Gen Z,Female
10867,40,Millennial,Female
10868,49,Gen X,Female
10869,29,Millennial,Male
10870,71,Boomer,Male
10871,23,Gen Z,Male
10872,25,Gen Z,Female
10873,28,Millennial,Female
10874,49,Gen X,Male
10875,48,Gen X,Male
10876,31,Millennial,Male
10877,27,Millennial,Male
10878,37,Millennial,Female
10879,52,Gen X,Male
10880,47,Gen X,Male
10881,48,Gen X,Male
10882,33,Millennial,Male
10883,30,Millennial,Male
10884,27,Millennial,Male
10885,28,Millennial,Male
10886,34,Millennial,Male
10887,32,Millennial,Male
10888,41,Millennial,Female
10889,58,Gen X,Female
10890,53,Gen X,Male
10891,70,Boomer,Male
10892,55,Gen X,Male
10893,33,Millennial,Female
10894,58,Gen X,Male
10895,34,Millennial,Male
10896,50,Gen X,Male
10897,23,Gen Z,Male
10898,57,Gen X,Male
10899,30,Millennial,Male
10900,70,Boomer,Male
10901,33,Millennial,Male
10902,36,Millennial,Female
10903,32,Millennial,Male
10904,25,Gen Z,Male
10905,26,Gen Z,Male
10906,39,Millennial,Male
10907,28,Millennial,Female
10908,35,Millennial,Male
10909,41,Millennial,Male
10910,46,Gen X,Female
10911,22,Gen Z,Female
10912,42,Millennial,Male
10913,21,Gen Z,Male
10914,32,Millennial,Female
10915,34,Millennial,Male
10916,32,Millennial,Male
10917,48,Gen X,Male
10918,30,Millennial,Male
10919,40,Millennial,Male
10920,27,Millennial,Male
10921,27,Millennial,Male
10922,34,Millennial,Male
10923,31,Millennial,Male
10924,37,Millennial,Male
10925,22,Gen Z,Male
10926,26,Gen Z,Male
10927,36,Millennial,Female
10928,48,Gen X,Female
10929,28,Millennial,Female
10930,40,Millennial,Female
10931,24,Gen Z,Female
10932,22,Gen Z,Male
10933,29,Millennial,Female
10934,29,Millennial,Male
10935,34,Millennial,Male
10936,52,Gen X,Male
10937,55,Gen X,Male
10938,24,Gen Z,Male
10939,24,Gen Z,Male
10940,55,Gen X,Female
10941,40,Millennial,Female
10942,34,Millennial,Male
10943,32,Millennial,Male
10944,51,Gen X,Male
10945,28,Millennial,Female
10946,27,Millennial,Female
10947,42,Millennial,Female
10948,29,Millennial,Male
10949,36,Millennial,Male
10950,52,Gen X,Female
10951,34,Millennial,Male
10952,36,Millennial,Male
10953,34,Millennial,Male
10954,64,Boomer,Male
10955,31,Millennial,Male
10956,30,Millennial,Male
10957,36,Millennial,Female
10958,36,Millennial,Male
10959,44,Gen X,Female
10960,37,Millennial,Male
10961,29,Millennial,Male
10962,52,Gen X,Male
10963,52,Gen X,Female
10964,22,Gen Z,Male
10965,38,Millennial,Male
10966,70,Boomer,Male
10967,33,Millennial,Male
10968,39,Millennial,Male
10969,26,Gen Z,Female
10970,21,Gen Z,Female
10971,22,Gen Z,Male
10972,25,Gen Z,Female
10973,25,Gen Z,Female
10974,21,Gen Z,Male
10975,24,Gen Z,Male
10976,35,Millennial,Female
10977,26,Gen Z,Female
10978,27,Millennial,Male
10979,26,Gen Z,Male
10980,38,Millennial,Male
10981,30,Millennial,Male
10982,41,Millennial,Male
10983,21,Gen Z,Female
10984,47,Gen X,Male
10985,42,Millennial,Male
10986,40,Millennial,Male
10987,40,Millennial,Male
10988,33,Millennial,Female
10989,36,Millennial,Male
10990,46,Gen X,Male
10991,37,Millennial,Female
10992,24,Gen Z,Male
10993,52,Gen X,Female
10994,49,Gen X,Male
10995,42,Millennial,Male
10996,25,Gen Z,Female
10997,58,Gen X,Female
10998,67,Boomer,Female
10999,27,Millennial,Female
11000,42,Millennial,Male
11001,26,Gen Z,Female
11002,67,Boomer,Female
11003,39,Millennial,Male
11004,27,Millennial,Male
11005,36,Millennial,Male
11006,30,Millennial,Male
11007,22,Gen Z,Male
11008,54,Gen X,Male
11009,34,Millennial,Female
11010,21,Gen Z,Male
11011,39,Millennial,Male
11012,34,Millennial,Male
11013,50,Gen X,Male
11014,42,Millennial,Male
11015,46,Gen X,Male
11016,43,Gen X,Male
11017,32,Millennial,Male
11018,39,Millennial,Male
11019,21,Gen Z,Male
11020,62,Boomer,Male
11021,47,Gen X,Female
11022,27,Millennial,Male
11023,53,Gen X,Male
11024,74,Boomer,Male
11025,38,Millennial,Male
11026,21,Gen Z,Male
11027,41,Millennial,Male
11028,38,Millennial,Male
11029,28,Millennial,Male
11030,25,Gen Z,Male
11031,31,Millennial,Male
11032,53,Gen X,Male
11033,22,Gen Z,Male
11034,50,Gen X,Male
11035,21,Gen Z,Female
11036,29,Millennial,Male
11037,36,Millennial,Male
11038,26,Gen Z,Female
11039,44,Gen X,Male
11040,21,Gen Z,Male
11041,40,Millennial,Female
11042,25,Gen Z,Female
11043,60,Boomer,Male
11044,21,Gen Z,Male
11045,36,Millennial,Male
11046,33,Millennial,Male
11047,41,Millennial,Male
11048,31,Millennial,Female
11049,25,Gen Z,Female
11050,53,Gen X,Female
11051,35,Millennial,Female
11052,46,Gen X,Female
11053,33,Millennial,Female
11054,41,Millennial,Male
11055,36,Millennial,Female
11056,37,Millennial,Male
11057,26,Gen Z,Male
11058,24,Gen Z,Female
11059,72,Boomer,Female
11060,50,Gen X,Male
11061,37,Millennial,Male
11062,59,Boomer,Male
11063,48,Gen X,Male
11064,42,Millennial,Female
11065,35,Millennial,Male
11066,28,Millennial,Male
11067,21,Gen Z,Male
11068,33,Millennial,Male
11069,33,Millennial,Female
11070,44,Gen X,Male
11071,35,Millennial,Male
11072,23,Gen Z,Male
11073,32,Millennial,Male
11074,28,Millennial,Male
11075,62,Boomer,Female
11076,21,Gen Z,Male
11077,24,Gen Z,Male
11078,35,Millennial,Female
11079,41,Millennial,Male
11080,67,Boomer,Female
11081,54,Gen X,Male
11082,30,Millennial,Male
11083,74,Boomer,Female
11084,24,Gen Z,Female
11085,30,Millennial,Male
11086,67,Boomer,Male
11087,47,Gen X,Male
11088,26,Gen Z,Male
11089,41,Millennial,Male
11090,29,Millennial,Female
11091,36,Millennial,Male
11092,38,Millennial,Male
11093,31,Millennial,Male
11094,22,Gen Z,Male
11095,30,Millennial,Male
11096,41,Millennial,Male
11097,33,Millennial,Male
11098,32,Millennial,Male
11099,41,Millennial,Male
11100,28,Millennial,Female
11101,44,Gen X,Male
11102,34,Millennial,Male
11103,24,Gen Z,Male
11104,24,Gen Z,Male
11105,43,Gen X,Male
11106,49,Gen X,Female
11107,24,Gen Z,Female
11108,32,Millennial,Female
11109,22,Gen Z,Male
11110,27,Millennial,Male
11111,22,Gen Z,Male
11112,22,Gen Z,Female
11113,38,Millennial,Male
11114,37,Millennial,Male
11115,43,Gen X,Female
11116,27,Millennial,Male
11117,38,Millennial,Female
11118,50,Gen X,Male
11119,24,Gen Z,Male
11120,41,Millennial,Female
11121,44,Gen X,Male
11122,40,Millennial,Male
11123,25,Gen Z,Male
11124,23,Gen Z,Male
11125,30,Millennial,Male
11126,41,Millennial,Male
11127,46,Gen X,Male
11128,40,Millennial,Female
11129,71,Boomer,Female
11130,33,Millennial,Male
11131,31,Millennial,Female
11132,28,Millennial,Male
11133,45,Gen X,Male
11134,48,Gen X,Male
11135,47,Gen X,Male
11136,24,Gen Z,Female
11137,26,Gen Z,Male
11138,27,Millennial,Female
11139,44,Gen X,Male
11140,31,Millennial,Male
11141,37,Millennial,Male
11142,37,Millennial,Female
11143,46,Gen X,Male
11144,25,Gen Z,Female
11145,24,Gen Z,Male
11146,36,Millennial,Male
11147,69,Boomer,Male
11148,42,Millennial,Female
11149,36,Millennial,Female
11150,42,Millennial,Male
11151,22,Gen Z,Male
11152,27,Millennial,Male
11153,43,Gen X,Male
11154,25,Gen Z,Female
11155,39,Millennial,Male
11156,21,Gen Z,Female
11157,33,Millennial,Male
11158,57,Gen X,Male
11159,33,Millennial,Male
11160,27,Millennial,Male
11161,42,Millennial,Female
11162,24,Gen Z,Male
11163,37,Millennial,Male
11164,51,Gen X,Male
11165,44,Gen X,Female
11166,30,Millennial,Male
11167,35,Millennial,Male
11168,22,Gen Z,Male
11169,38,Millennial,Male
11170,23,Gen Z,Male
11171,22,Gen Z,Female
11172,22,Gen Z,Male
11173,32,Millennial,Male
11174,73,Boomer,Male
11175,31,Millennial,Male
11176,41,Millennial,Male
11177,26,Gen Z,Female
11178,28,Millennial,Female
11179,50,Gen X,Male
11180,54,Gen X,Male
11181,47,Gen X,Male
11182,68,Boomer,Male
11183,55,Gen X,Male
11184,54,Gen X,Male
11185,34,Millennial,Male
11186,26,Gen Z,Male
11187,22,Gen Z,Male
11188,23,Gen Z,Male
11189,24,Gen Z,Male
11190,47,Gen X,Male
11191,29,Millennial,Male
11192,22,Gen Z,Male
11193,27,Millennial,Female
11194,24,Gen Z,Female
11195,21,Gen Z,Male
11196,42,Millennial,Female
11197,24,Gen Z,Male
11198,34,Millennial,Male
11199,34,Millennial,Female
11200,31,Millennial,Male
11201,34,Millennial,Male
11202,23,Gen Z,Male
11203,33,Millennial,Male
11204,33,Millennial,Female
11205,27,Millennial,Female
11206,40,Millennial,Male
11207,61,Boomer,Male
11208,62,Boomer,Male
11209,60,Boomer,Male
11210,74,Boomer,Male
11211,67,Boomer,Male
11212,29,Millennial,Female
11213,60,Boomer,Male
11214,37,Millennial,Female
11215,35,Millennial,Male
11216,31,Millennial,Female
11217,67,Boomer,Male
11218,50,Gen X,Male
11219,22,Gen Z,Male
11220,26,Gen Z,Female
11221,44,Gen X,Male
11222,29,Millennial,Female
11223,25,Gen Z,Female
11224,31,Millennial,Male
11225,38,Millennial,Female
11226,22,Gen Z,Male
11227,44,Gen X,Male
11228,50,Gen X,Female
11229,41,Millennial,Female
11230,37,Millennial,Male
11231,28,Millennial,Male
11232,21,Gen Z,Female
11233,35,Millennial,Male
11234,38,Millennial,Male
11235,35,Millennial,Male
11236,51,Gen X,Female
11237,40,Millennial,Female
11238,50,Gen X,Female
11239,42,Millennial,Male
11240,67,Boomer,Male
11241,37,Millennial,Male
11242,40,Millennial,Male
11243,36,Millennial,Male
11244,52,Gen X,Male
11245,52,Gen X,Male
11246,23,Gen Z,Female
11247,53,Gen X,Female
11248,43,Gen X,Male
11249,28,Millennial,Male
11250,49,Gen X,Male
11251,41,Millennial,Female
11252,22,Gen Z,Male
11253,21,Gen Z,Male
11254,54,Gen X,Male
11255,40,Millennial,Male
11256,26,Gen Z,Male
11257,73,Boomer,Female
11258,57,Gen X,Female
11259,32,Millennial,Male
11260,26,Gen Z,Female
11261,66,Boomer,Male
11262,45,Gen X,Male
11263,22,Gen Z,Female
11264,70,Boomer,Male
11265,37,Millennial,Male
11266,50,Gen X,Male
11267,21,Gen Z,Male
11268,24,Gen Z,Female
11269,21,Gen Z,Male
11270,24,Gen Z,Female
11271,23,Gen Z,Female
11272,24,Gen Z,Female
11273,41,Millennial,Female
11274,22,Gen Z,Male
11275,35,Millennial,Male
11276,37,Millennial,Male
11277,23,Gen Z,Male
11278,55,Gen X,Male
11279,30,Millennial,Male
11280,45,Gen X,Female
11281,60,Boomer,Male
11282,39,Millennial,Male
11283,36,Millennial,Female
11284,24,Gen Z,Male
11285,59,Boomer,Female
11286,41,Millennial,Male
11287,26,Gen Z,Female
11288,24,Gen Z,Male
11289,34,Millennial,Male
11290,37,Millennial,Female
11291,59,Boomer,Female
11292,25,Gen Z,Female
11293,50,Gen X,Female
11294,30,Millennial,Female
11295,24,Gen Z,Female
11296,31,Millennial,Female
11297,41,Millennial,Female
11298,25,Gen Z,Male
11299,24,Gen Z,Male
11300,23,Gen Z,Female
11301,31,Millennial,Male
11302,32,Millennial,Female
11303,23,Gen Z,Female
11304,29,Millennial,Female
11305,24,Gen Z,Male
11306,21,Gen Z,Male
11307,44,Gen X,Male
11308,37,Millennial,Male
11309,23,Gen Z,Male
11310,37,Millennial,Male
11311,48,Gen X,Male
11312,27,Millennial,Female
11313,43,Gen X,Male
11314,32,Millennial,Male
11315,27,Millennial,Female
11316,24,Gen Z,Male
11317,46,Gen X,Male
11318,53,Gen X,Female
11319,21,Gen Z,Male
11320,49,Gen X,Male
11321,21,Gen Z,Male
11322,54,Gen X,Female
11323,25,Gen Z,Male
11324,47,Gen X,Male
11325,53,Gen X,Male
11326,42,Millennial,Male
11327,62,Boomer,Male
11328,53,Gen X,Female
11329,23,Gen Z,Female
11330,24,Gen Z,Female
11331,37,Millennial,Female
11332,42,Millennial,Male
11333,21,Gen Z,Female
11334,32,Millennial,Male
11335,54,Gen X,Male
11336,29,Millennial,Male
11337,30,Millennial,Male
11338,34,Millennial,Male
11339,39,Millennial,Male
11340,38,Millennial,Male
11341,25,Gen Z,Male
11342,22,Gen Z,Female
11343,32,Millennial,Male
11344,35,Millennial,Female
11345,63,Boomer,Male
11346,34,Millennial,Female
11347,52,Gen X,Male
11348,39,Millennial,Female
11349,56,Gen X,Female
11350,23,Gen Z,Male
11351,45,Gen X,Female
11352,38,Millennial,Female
11353,25,Gen Z,Male
11354,32,Millennial,Male
11355,21,Gen Z,Female
11356,41,Millennial,Female
11357,29,Millennial,Male
11358,35,Millennial,Male
11359,22,Gen Z,Male
11360,27,Millennial,Male
11361,27,Millennial,Male
11362,37,Millennial,Female
11363,21,Gen Z,Male
11364,27,Millennial,Female
11365,39,Millennial,Female
11366,58,Gen X,Male
11367,64,Boomer,Female
11368,22,Gen Z,Male
11369,23,Gen Z,Female
11370,70,Boomer,Male
11371,34,Millennial,Male
11372,50,Gen X,Male
11373,26,Gen Z,Female
11374,26,Gen Z,Male
11375,42,Millennial,Female
11376,32,Millennial,Male
11377,42,Millennial,Male
11378,72,Boomer,Male
11379,22,Gen Z,Male
11380,70,Boomer,Male
11381,30,Millennial,Male
11382,36,Millennial,Female
11383,56,Gen X,Male
11384,59,Boomer,Male
11385,26,Gen Z,Male
11386,34,Millennial,Male
11387,35,Millennial,Female
11388,32,Millennial,Male
11389,34,Millennial,Male
11390,28,Millennial,Male
11391,31,Millennial,Male
11392,55,Gen X,Male
11393,26,Gen Z,Male
11394,23,Gen Z,Male
11395,41,Millennial,Male
11396,41,Millennial,Male
11397,22,Gen Z,Male
11398,43,Gen X,Female
11399,53,Gen X,Female
11400,22,Gen Z,Male
11401,27,Millennial,Male
11402,24,Gen Z,Male
11403,30,Millennial,Female
11404,46,Gen X,Female
11405,32,Millennial,Female
11406,53,Gen X,Male
11407,48,Gen X,Male
11408,23,Gen Z,Female
11409,21,Gen Z,Female
11410,30,Millennial,Male
11411,44,Gen X,Male
11412,42,Millennial,Male
11413,36,Millennial,Male
11414,26,Gen Z,Male
11415,24,Gen Z,Male
11416,21,Gen Z,Male
11417,25,Gen Z,Male
11418,24,Gen Z,Male
11419,21,Gen Z,Male
11420,50,Gen X,Female
11421,48,Gen X,Female
11422,32,Millennial,Male
11423,43,Gen X,Male
11424,29,Millennial,Male
11425,31,Millennial,Male
11426,42,Millennial,Male
11427,25,Gen Z,Male
11428,34,Millennial,Male
11429,66,Boomer,Female
11430,36,Millennial,Male
11431,43,Gen X,Male
11432,37,Millennial,Female
11433,28,Millennial,Female
11434,21,Gen Z,Male
11435,28,Millennial,Male
11436,27,Millennial,Male
11437,26,Gen Z,Female
11438,35,Millennial,Male
11439,23,Gen Z,Male
11440,42,Millennial,Male
11441,43,Gen X,Male
11442,32,Millennial,Male
11443,37,Millennial,Female
11444,26,Gen Z,Male
11445,44,Gen X,Male
11446,24,Gen Z,Male
11447,21,Gen Z,Male
11448,34,Millennial,Female
11449,31,Millennial,Female
11450,24,Gen Z,Male
11451,31,Millennial,Male
11452,34,Millennial,Female
11453,24,Gen Z,Male
11454,21,Gen Z,Female
11455,37,Millennial,Male
11456,31,Millennial,Male
11457,25,Gen Z,Male
11458,27,Millennial,Male
11459,37,Millennial,Male
11460,25,Gen Z,Male
11461,41,Millennial,Male
11462,27,Millennial,Male
11463,29,Millennial,Male
11464,44,Gen X,Male
11465,35,Millennial,Male
11466,21,Gen Z,Female
11467,23,Gen Z,Male
11468,71,Boomer,Female
11469,24,Gen Z,Male
11470,28,Millennial,Male
11471,48,Gen X,Male
11472,33,Millennial,Male
11473,27,Millennial,Female
11474,35,Millennial,Male
11475,36,Millennial,Male
11476,48,Gen X,Male
11477,22,Gen Z,Male
11478,45,Gen X,Female
11479,24,Gen Z,Male
11480,51,Gen X,Male
11481,44,Gen X,Male
11482,30,Millennial,Female
11483,26,Gen Z,Male
11484,29,Millennial,Male
11485,26,Gen Z,Female
11486,66,Boomer,Male
11487,42,Millennial,Female
11488,33,Millennial,Female
11489,39,Millennial,Male
11490,23,Gen Z,Male
11491,32,Millennial,Female
11492,22,Gen Z,Male
11493,48,Gen X,Male
11494,36,Millennial,Male
11495,58,Gen X,Male
11496,21,Gen Z,Female
11497,31,Millennial,Male
11498,34,Millennial,Male
11499,21,Gen Z,Male
11500,34,Millennial,Male
11501,34,Millennial,Male
11502,51,Gen X,Male
11503,35,Millennial,Female
11504,53,Gen X,Male
11505,74,Boomer,Male
11506,42,Millennial,Female
11507,23,Gen Z,Male
11508,41,Millennial,Female
11509,26,Gen Z,Female
11510,39,Millennial,Male
11511,22,Gen Z,Male
11512,42,Millennial,Female
11513,21,Gen Z,Male
11514,32,Millennial,Female
11515,35,Millennial,Female
11516,45,Gen X,Male
11517,29,Millennial,Male
11518,65,Boomer,Male
11519,58,Gen X,Male
11520,22,Gen Z,Female
11521,21,Gen Z,Female
11522,39,Millennial,Male
11523,38,Millennial,Female
11524,52,Gen X,Female
11525,29,Millennial,Male
11526,35,Millennial,Male
11527,21,Gen Z,Male
11528,37,Millennial,Male
11529,39,Millennial,Male
11530,35,Millennial,Male
11531,30,Millennial,Female
11532,29,Millennial,Female
11533,49,Gen X,Male
11534,41,Millennial,Male
11535,36,Millennial,Male
11536,35,Millennial,Female
11537,37,Millennial,Female
11538,39,Millennial,Male
11539,27,Millennial,Male
11540,45,Gen X,Male
11541,26,Gen Z,Female
11542,40,Millennial,Male
11543,67,Boomer,Male
11544,31,Millennial,Female
11545,51,Gen X,Male
11546,56,Gen X,Male
11547,22,Gen Z,Male
11548,45,Gen X,Female
11549,38,Millennial,Male
11550,58,Gen X,Male
11551,31,Millennial,Male
11552,29,Millennial,Female
11553,32,Millennial,Female
11554,41,Millennial,Female
11555,42,Millennial,Male
11556,33,Millennial,Female
11557,40,Millennial,Male
11558,44,Gen X,Male
11559,25,Gen Z,Male
11560,34,Millennial,Male
11561,34,Millennial,Male
11562,45,Gen X,Male
11563,23,Gen Z,Male
11564,21,Gen Z,Male
11565,32,Millennial,Male
11566,22,Gen Z,Male
11567,38,Millennial,Female
11568,28,Millennial,Female
11569,43,Gen X,Female
11570,73,Boomer,Male
11571,42,Millennial,Male
11572,24,Gen Z,Male
11573,41,Millennial,Male
11574,35,Millennial,Male
11575,30,Millennial,Male
11576,50,Gen X,Female
11577,39,Millennial,Male
11578,38,Millennial,Male
11579,25,Gen Z,Male
11580,29,Millennial,Male
11581,26,Gen Z,Male
11582,25,Gen Z,Male
11583,22,Gen Z,Male
11584,49,Gen X,Male
11585,22,Gen Z,Female
11586,29,Millennial,Female
11587,26,Gen Z,Male
11588,38,Millennial,Male
11589,28,Millennial,Male
11590,23,Gen Z,Male
11591,33,Millennial,Male
11592,21,Gen Z,Female
11593,35,Millennial,Male
11594,39,Millennial,Male
11595,23,Gen Z,Male
11596,24,Gen Z,Female
11597,31,Millennial,Male
11598,69,Boomer,Female
11599,44,Gen X,Male
11600,24,Gen Z,Male
11601,24,Gen Z,Male
11602,49,Gen X,Male
11603,21,Gen Z,Male
11604,53,Gen X,Male
11605,30,Millennial,Male
11606,47,Gen X,Male
11607,50,Gen X,Female
11608,35,Millennial,Male
11609,34,Millennial,Male
11610,46,Gen X,Male
11611,43,Gen X,Male
11612,21,Gen Z,Male
11613,34,Millennial,Male
11614,30,Millennial,Male
11615,24,Gen Z,Male
11616,22,Gen Z,Male
11617,35,Millennial,Male
11618,23,Gen Z,Female
11619,65,Boomer,Female
11620,37,Millennial,Male
11621,24,Gen Z,Male
11622,24,Gen Z,Female
11623,35,Millennial,Female
11624,55,Gen X,Male
11625,55,Gen X,Male
11626,74,Boomer,Male
11627,42,Millennial,Female
11628,25,Gen Z,Male
11629,40,Millennial,Male
11630,32,Millennial,Female
11631,47,Gen X,Female
11632,35,Millennial,Male
11633,46,Gen X,Male
11634,65,Boomer,Male
11635,30,Millennial,Male
11636,24,Gen Z,Female
11637,38,Millennial,Male
11638,40,Millennial,Female
11639,37,Millennial,Male
11640,23,Gen Z,Male
11641,55,Gen X,Male
11642,33,Millennial,Male
11643,25,Gen Z,Female
11644,39,Millennial,Male
11645,42,Millennial,Female
11646,25,Gen Z,Female
11647,28,Millennial,Male
11648,70,Boomer,Female
11649,26,Gen Z,Male
11650,28,Millennial,Female
11651,26,Gen Z,Female
11652,22,Gen Z,Male
11653,37,Millennial,Male
11654,72,Boomer,Male
11655,30,Millennial,Male
11656,32,Millennial,Female
11657,29,Millennial,Male
11658,48,Gen X,Female
11659,41,Millennial,Male
11660,31,Millennial,Female
11661,27,Millennial,Female
11662,54,Gen X,Male
11663,42,Millennial,Male
11664,36,Millennial,Female
11665,63,Boomer,Male
11666,26,Gen Z,Male
11667,25,Gen Z,Male
11668,52,Gen X,Female
11669,34,Millennial,Male
11670,51,Gen X,Female
11671,31,Millennial,Male
11672,23,Gen Z,Male
11673,33,Millennial,Male
11674,23,Gen Z,Female
11675,51,Gen X,Female
11676,26,Gen Z,Female
11677,42,Millennial,Male
11678,47,Gen X,Male
11679,47,Gen X,Female
11680,46,Gen X,Male
11681,32,Millennial,Male
11682,29,Millennial,Female
11683,43,Gen X,Male
11684,55,Gen X,Male
11685,27,Millennial,Female
11686,45,Gen X,Male
11687,45,Gen X,Male
11688,29,Millennial,Male
11689,33,Millennial,Female
11690,57,Gen X,Male
11691,29,Millennial,Female
11692,24,Gen Z,Male
11693,54,Gen X,Male
11694,26,Gen Z,Female
11695,40,Millennial,Male
11696,22,Gen Z,Male
11697,23,Gen Z,Male
11698,34,Millennial,Male
11699,31,Millennial,Male
11700,31,Millennial,Male
11701,37,Millennial,Female
11702,40,Millennial,Male
11703,34,Millennial,Male
11704,37,Millennial,Female
11705,53,Gen X,Female
11706,68,Boomer,Female
11707,43,Gen X,Male
11708,23,Gen Z,Male
11709,23,Gen Z,Female
11710,31,Millennial,Male
11711,68,Boomer,Female
11712,35,Millennial,Female
11713,40,Millennial,Male
11714,25,Gen Z,Male
11715,48,Gen X,Male
11716,40,Millennial,Male
11717,21,Gen Z,Male
11718,42,Millennial,Female
11719,50,Gen X,Female
11720,50,Gen X,Male
11721,26,Gen Z,Male
11722,54,Gen X,Female
11723,23,Gen Z,Male
11724,58,Gen X,Male
11725,60,Boomer,Female
11726,23,Gen Z,Female
11727,29,Millennial,Male
11728,38,Millennial,Male
11729,27,Millennial,Male
11730,24,Gen Z,Female
11731,30,Millennial,Male
11732,40,Millennial,Male
11733,37,Millennial,Male
11734,32,Millennial,Male
11735,49,Gen X,Male
11736,53,Gen X,Male
11737,31,Millennial,Male
11738,44,Gen X,Female
11739,43,Gen X,Male
11740,36,Millennial,Female
11741,50,Gen X,Female
11742,28,Millennial,Male
11743,29,Millennial,Male
11744,37,Millennial,Male
11745,44,Gen X,Male
11746,23,Gen Z,Male
11747,25,Gen Z,Male
11748,31,Millennial,Male
11749,25,Gen Z,Male
11750,56,Gen X,Male
11751,34,Millennial,Male
11752,42,Millennial,Male
11753,27,Millennial,Female
11754,23,Gen Z,Male
11755,21,Gen Z,Female
11756,21,Gen Z,Male
11757,33,Millennial,Male
11758,34,Millennial,Male
11759,30,Millennial,Male
11760,27,Millennial,Male
11761,28,Millennial,Female
11762,36,Millennial,Female
11763,66,Boomer,Male
11764,53,Gen X,Male
11765,21,Gen Z,Female
11766,27,Millennial,Female
11767,32,Millennial,Female
11768,49,Gen X,Male
11769,24,Gen Z,Female
11770,33,Millennial,Male
11771,34,Millennial,Male
11772,35,Millennial,Male
11773,56,Gen X,Female
11774,43,Gen X,Male
11775,41,Millennial,Male
11776,24,Gen Z,Male
11777,32,Millennial,Male
11778,35,Millennial,Female
11779,41,Millennial,Male
11780,41,Millennial,Male
11781,49,Gen X,Male
11782,41,Millennial,Female
11783,57,Gen X,Male
11784,39,Millennial,Male
11785,43,Gen X,Male
11786,30,Millennial,Male
11787,37,Millennial,Male
11788,28,Millennial,Male
11789,39,Millennial,Male
11790,26,Gen Z,Male
11791,23,Gen Z,Male
11792,25,Gen Z,Male
11793,64,Boomer,Male
11794,48,Gen X,Male
11795,38,Millennial,Male
11796,36,Millennial,Female
11797,41,Millennial,Male
11798,47,Gen X,Male
11799,57,Gen X,Female
11800,25,Gen Z,Male
11801,43,Gen X,Female
11802,37,Millennial,Male
11803,42,Millennial,Female
11804,22,Gen Z,Male
11805,27,Millennial,Male
11806,29,Millennial,Male
11807,66,Boomer,Female
11808,24,Gen Z,Female
11809,33,Millennial,Male
11810,36,Millennial,Male
11811,70,Boomer,Male
11812,36,Millennial,Male
11813,26,Gen Z,Male
11814,32,Millennial,Male
11815,42,Millennial,Male
11816,22,Gen Z,Female
11817,29,Millennial,Female
11818,32,Millennial,Male
11819,35,Millennial,Female
11820,31,Millennial,Male
11821,33,Millennial,Female
11822,36,Millennial,Male
11823,21,Gen Z,Female
11824,32,Millennial,Female
11825,22,Gen Z,Male
11826,65,Boomer,Male
11827,26,Gen Z,Male
11828,32,Millennial,Male
11829,58,Gen X,Female
11830,22,Gen Z,Male
11831,38,Millennial,Female
11832,29,Millennial,Male
11833,35,Millennial,Male
11834,41,Millennial,Female
11835,33,Millennial,Male
11836,37,Millennial,Male
11837,26,Gen Z,Male
11838,26,Gen Z,Male
11839,52,Gen X,Male
11840,24,Gen Z,Male
11841,34,Millennial,Male
11842,40,Millennial,Male
11843,71,Boomer,Female
11844,25,Gen Z,Male
11845,37,Millennial,Male
11846,26,Gen Z,Female
11847,39,Millennial,Male
11848,32,Millennial,Male
11849,21,Gen Z,Female
11850,22,Gen Z,Male
11851,32,Millennial,Male
11852,22,Gen Z,Male
11853,72,Boomer,Male
11854,74,Boomer,Female
11855,68,Boomer,Male
11856,34,Millennial,Male
11857,40,Millennial,Male
11858,36,Millennial,Male
11859,24,Gen Z,Male
11860,40,Millennial,Male
11861,45,Gen X,Male
11862,39,Millennial,Male
11863,33,Millennial,Male
11864,26,Gen Z,Female
11865,22,Gen Z,Male
11866,37,Millennial,Male
11867,54,Gen X,Male
11868,29,Millennial,Female
11869,23,Gen Z,Female
11870,27,Millennial,Male
11871,37,Millennial,Female
11872,41,Millennial,Female
11873,40,Millennial,Male
11874,27,Millennial,Male
11875,23,Gen Z,Male
11876,35,Millennial,Female
11877,38,Millennial,Female
11878,26,Gen Z,Male
11879,30,Millennial,Female
11880,32,Millennial,Female
11881,35,Millennial,Male
11882,38,Millennial,Male
11883,64,Boomer,Male
11884,35,Millennial,Female
11885,32,Millennial,Female
11886,46,Gen X,Female
11887,55,Gen X,Male
11888,38,Millennial,Female
11889,31,Millennial,Male
11890,63,Boomer,Male
11891,24,Gen Z,Male
11892,29,Millennial,Male
11893,70,Boomer,Female
11894,23,Gen Z,Male
11895,58,Gen X,Male
11896,27,Millennial,Male
11897,39,Millennial,Male
11898,59,Boomer,Male
11899,29,Millennial,Male
11900,53,Gen X,Male
11901,29,Millennial,Male
11902,27,Millennial,Female
11903,37,Millennial,Male
11904,38,Millennial,Female
11905,42,Millennial,Female
11906,41,Millennial,Male
11907,38,Millennial,Female
11908,63,Boomer,Male
11909,41,Millennial,Male
11910,22,Gen Z,Male
11911,27,Millennial,Male
11912,25,Gen Z,Male
11913,23,Gen Z,Male
11914,44,Gen X,Male
11915,37,Millennial,Male
11916,30,Millennial,Male
11917,22,Gen Z,Male
11918,35,Millennial,Female
11919,47,Gen X,Male
11920,41,Millennial,Female
11921,41,Millennial,Female
11922,40,Millennial,Male
11923,34,Millennial,Female
11924,29,Millennial,Male
11925,22,Gen Z,Male
11926,26,Gen Z,Female
11927,27,Millennial,Male
11928,33,Millennial,Male
11929,26,Gen Z,Male
11930,21,Gen Z,Male
11931,49,Gen X,Female
11932,28,Millennial,Female
11933,30,Millennial,Male
11934,24,Gen Z,Female
11935,27,Millennial,Female
11936,32,Millennial,Male
11937,66,Boomer,Male
11938,32,Millennial,Female
11939,33,Millennial,Male
11940,32,Millennial,Female
11941,57,Gen X,Male
11942,27,Millennial,Female
11943,44,Gen X,Male
11944,38,Millennial,Male
11945,23,Gen Z,Male
11946,23,Gen Z,Female
11947,57,Gen X,Female
11948,28,Millennial,Female
11949,41,Millennial,Male
11950,26,Gen Z,Female
11951,59,Boomer,Male
11952,56,Gen X,Female
11953,28,Millennial,Female
11954,26,Gen Z,Female
11955,37,Millennial,Male
11956,30,Millennial,Male
11957,64,Boomer,Male
11958,33,Millennial,Male
11959,73,Boomer,Male
11960,42,Millennial,Female
11961,48,Gen X,Male
11962,34,Millennial,Female
11963,48,Gen X,Female
11964,68,Boomer,Male
11965,26,Gen Z,Male
11966,53,Gen X,Male
11967,52,Gen X,Female
11968,38,Millennial,Female
11969,47,Gen X,Female
11970,27,Millennial,Male
11971,25,Gen Z,Male
11972,35,Millennial,Female
11973,39,Millennial,Male
11974,49,Gen X,Female
11975,41,Millennial,Male
11976,42,Millennial,Male
11977,24,Gen Z,Female
11978,38,Millennial,Female
11979,23,Gen Z,Male
11980,53,Gen X,Male
11981,23,Gen Z,Female
11982,24,Gen Z,Female
11983,56,Gen X,Male
11984,25,Gen Z,Male
11985,21,Gen Z,Female
11986,56,Gen X,Female
11987,42,Millennial,Male
11988,69,Boomer,Male
11989,26,Gen Z,Male
11990,28,Millennial,Male
11991,29,Millennial,Male
11992,44,Gen X,Male
11993,23,Gen Z,Female
11994,30,Millennial,Male
11995,50,Gen X,Female
11996,42,Millennial,Female
11997,26,Gen Z,Male
11998,56,Gen X,Male
11999,27,Millennial,Male
12000,35,Millennial,Male
12001,35,Millennial,Female
12002,26,Gen Z,Female
12003,38,Millennial,Male
12004,31,Millennial,Male
12005,24,Gen Z,Male
12006,35,Millennial,Male
12007,24,Gen Z,Male
12008,21,Gen Z,Female
12009,31,Millennial,Male
12010,24,Gen Z,Female
12011,25,Gen Z,Male
12012,29,Millennial,Male
12013,21,Gen Z,Male
12014,23,Gen Z,Male
12015,25,Gen Z,Female
12016,33,Millennial,Female
12017,33,Millennial,Female
12018,25,Gen Z,Female
12019,51,Gen X,Female
12020,55,Gen X,Female
12021,29,Millennial,Female
12022,57,Gen X,Male
12023,46,Gen X,Male
12024,26,Gen Z,Male
12025,45,Gen X,Female
12026,31,Millennial,Male
12027,26,Gen Z,Male
12028,50,Gen X,Male
12029,51,Gen X,Female
12030,24,Gen Z,Male
12031,28,Millennial,Male
12032,23,Gen Z,Female
12033,22,Gen Z,Male
12034,28,Millennial,Male
12035,57,Gen X,Male
12036,33,Millennial,Male
12037,22,Gen Z,Female
12038,25,Gen Z,Male
12039,27,Millennial,Male
12040,46,Gen X,Male
12041,37,Millennial,Male
12042,33,Millennial,Male
12043,21,Gen Z,Female
12044,32,Millennial,Male
12045,31,Millennial,Female
12046,38,Millennial,Male
12047,24,Gen Z,Male
12048,46,Gen X,Male
12049,51,Gen X,Male
12050,61,Boomer,Male
12051,48,Gen X,Male
12052,23,Gen Z,Female
12053,29,Millennial,Female
12054,40,Millennial,Male
12055,50,Gen X,Female
12056,32,Millennial,Male
12057,37,Millennial,Male
12058,44,Gen X,Male
12059,39,Millennial,Male
12060,40,Millennial,Male
12061,24,Gen Z,Female
12062,22,Gen Z,Male
12063,26,Gen Z,Female
12064,27,Millennial,Female
12065,34,Millennial,Female
12066,37,Millennial,Male
12067,24,Gen Z,Female
12068,23,Gen Z,Male
12069,21,Gen Z,Female
12070,41,Millennial,Male
12071,33,Millennial,Male
12072,24,Gen Z,Male
12073,29,Millennial,Male
12074,36,Millennial,Female
12075,39,Millennial,Male
12076,21,Gen Z,Male
12077,22,Gen Z,Female
12078,38,Millennial,Male
12079,58,Gen X,Female
12080,59,Boomer,Female
12081,26,Gen Z,Male
12082,31,Millennial,Male
12083,29,Millennial,Female
12084,43,Gen X,Male
12085,56,Gen X,Male
12086,36,Millennial,Male
12087,44,Gen X,Male
12088,45,Gen X,Female
12089,55,Gen X,Male
12090,26,Gen Z,Female
12091,41,Millennial,Female
12092,56,Gen X,Female
12093,36,Millennial,Male
12094,30,Millennial,Male
12095,21,Gen Z,Female
12096,23,Gen Z,Male
12097,43,Gen X,Female
12098,30,Millennial,Male
12099,24,Gen Z,Female
12100,61,Boomer,Female
12101,30,Millennial,Female
12102,55,Gen X,Male
12103,32,Millennial,Female
12104,26,Gen Z,Male
12105,36,Millennial,Male
12106,23,Gen Z,Female
12107,35,Millennial,Male
12108,48,Gen X,Male
12109,28,Millennial,Male
12110,27,Millennial,Female
12111,35,Millennial,Male
12112,44,Gen X,Female
12113,57,Gen X,Male
12114,32,Millennial,Male
12115,22,Gen Z,Female
12116,32,Millennial,Male
12117,28,Millennial,Female
12118,41,Millennial,Male
12119,74,Boomer,Male
12120,33,Millennial,Female
12121,55,Gen X,Female
12122,52,Gen X,Male
12123,28,Millennial,Male
12124,29,Millennial,Female
12125,31,Millennial,Female
12126,25,Gen Z,Male
12127,25,Gen Z,Male
12128,46,Gen X,Female
12129,26,Gen Z,Male
12130,23,Gen Z,Male
12131,39,Millennial,Male
12132,55,Gen X,Male
12133,29,Millennial,Female
12134,34,Millennial,Female
12135,22,Gen Z,Male
12136,56,Gen X,Female
12137,32,Millennial,Male
12138,34,Millennial,Female
12139,29,Millennial,Male
12140,58,Gen X,Female
12141,50,Gen X,Male
12142,42,Millennial,Male
12143,52,Gen X,Male
12144,22,Gen Z,Male
12145,22,Gen Z,Male
12146,57,Gen X,Female
12147,29,Millennial,Male
12148,30,Millennial,Female
12149,24,Gen Z,Male
12150,72,Boomer,Male
12151,32,Millennial,Female
12152,27,Millennial,Male
12153,29,Millennial,Female
12154,26,Gen Z,Male
12155,28,Millennial,Male
12156,34,Millennial,Male
12157,24,Gen Z,Male
12158,23,Gen Z,Male
12159,42,Millennial,Male
12160,61,Boomer,Male
12161,46,Gen X,Female
12162,33,Millennial,Female
12163,29,Millennial,Female
12164,21,Gen Z,Male
12165,28,Millennial,Female
12166,21,Gen Z,Male
12167,26,Gen Z,Female
12168,34,Millennial,Male
12169,36,Millennial,Male
12170,22,Gen Z,Male
12171,74,Boomer,Male
12172,29,Millennial,Female
12173,28,Millennial,Female
12174,40,Millennial,Male
12175,26,Gen Z,Male
12176,22,Gen Z,Female
12177,21,Gen Z,Male
12178,25,Gen Z,Female
12179,24,Gen Z,Male
12180,50,Gen X,Male
12181,21,Gen Z,Male
12182,27,Millennial,Female
12183,29,Millennial,Male
12184,55,Gen X,Male
12185,68,Boomer,Male
12186,36,Millennial,Male
12187,35,Millennial,Female
12188,51,Gen X,Male
12189,37,Millennial,Male
12190,22,Gen Z,Female
12191,25,Gen Z,Female
12192,32,Millennial,Male
12193,61,Boomer,Male
12194,33,Millennial,Male
12195,37,Millennial,Male
12196,21,Gen Z,Female
12197,22,Gen Z,Male
12198,39,Millennial,Male
12199,61,Boomer,Female
12200,30,Millennial,Male
12201,61,Boomer,Male
12202,31,Millennial,Male
12203,55,Gen X,Female
12204,65,Boomer,Male
12205,42,Millennial,Male
12206,39,Millennial,Male
12207,33,Millennial,Male
12208,32,Millennial,Male
12209,67,Boomer,Female
12210,38,Millennial,Male
12211,34,Millennial,Male
12212,44,Gen X,Male
12213,39,Millennial,Male
12214,40,Millennial,Female
12215,48,Gen X,Male
12216,42,Millennial,Male
12217,25,Gen Z,Female
12218,23,Gen Z,Male
12219,21,Gen Z,Female
12220,24,Gen Z,Male
12221,49,Gen X,Male
12222,26,Gen Z,Female
12223,59,Boomer,Male
12224,28,Millennial,Female
12225,22,Gen Z,Male
12226,47,Gen X,Male
12227,28,Millennial,Female
12228,34,Millennial,Male
12229,21,Gen Z,Male
12230,74,Boomer,Female
12231,54,Gen X,Female
12232,42,Millennial,Male
12233,41,Millennial,Male
12234,21,Gen Z,Female
12235,43,Gen X,Male
12236,44,Gen X,Female
12237,23,Gen Z,Female
12238,23,Gen Z,Male
12239,24,Gen Z,Female
12240,21,Gen Z,Female
12241,35,Millennial,Female
12242,22,Gen Z,Female
12243,35,Millennial,Male
12244,30,Millennial,Male
12245,25,Gen Z,Male
12246,47,Gen X,Male
12247,58,Gen X,Male
12248,36,Millennial,Male
12249,70,Boomer,Female
12250,42,Millennial,Female
12251,53,Gen X,Male
12252,56,Gen X,Male
12253,22,Gen Z,Male
12254,28,Millennial,Female
12255,27,Millennial,Female
12256,56,Gen X,Male
12257,46,Gen X,Male
12258,58,Gen X,Male
12259,26,Gen Z,Male
12260,31,Millennial,Male
12261,37,Millennial,Male
12262,21,Gen Z,Male
12263,22,Gen Z,Female
12264,34,Millennial,Female
12265,47,Gen X,Male
12266,33,Millennial,Male
12267,59,Boomer,Female
12268,30,Millennial,Male
12269,30,Millennial,Male
12270,66,Boomer,Female
12271,23,Gen Z,Male
12272,24,Gen Z,Male
12273,35,Millennial,Male
12274,26,Gen Z,Male
12275,30,Millennial,Male
12276,53,Gen X,Male
12277,23,Gen Z,Female
12278,22,Gen Z,Male
12279,55,Gen X,Male
12280,37,Millennial,Female
12281,41,Millennial,Female
12282,68,Boomer,Male
12283,23,Gen Z,Male
12284,24,Gen Z,Male
12285,28,Millennial,Male
12286,25,Gen Z,Male
12287,34,Millennial,Female
12288,21,Gen Z,Female
12289,26,Gen Z,Female
12290,43,Gen X,Male
12291,25,Gen Z,Male
12292,40,Millennial,Male
12293,24,Gen Z,Female
12294,28,Millennial,Male
12295,57,Gen X,Female
12296,41,Millennial,Female
12297,56,Gen X,Male
12298,21,Gen Z,Male
12299,49,Gen X,Female
12300,24,Gen Z,Male
12301,40,Millennial,Male
12302,56,Gen X,Male
12303,33,Millennial,Male
12304,29,Millennial,Male
12305,27,Millennial,Female
12306,24,Gen Z,Female
12307,21,Gen Z,Male
12308,32,Millennial,Male
12309,49,Gen X,Male
12310,56,Gen X,Male
12311,72,Boomer,Male
12312,54,Gen X,Male
12313,28,Millennial,Female
12314,35,Millennial,Male
12315,26,Gen Z,Female
12316,37,Millennial,Male
12317,29,Millennial,Male
12318,53,Gen X,Male
12319,22,Gen Z,Male
12320,42,Millennial,Female
12321,65,Boomer,Male
12322,37,Millennial,Male
12323,74,Boomer,Male
12324,37,Millennial,Male
12325,27,Millennial,Female
12326,38,Millennial,Male
12327,32,Millennial,Male
12328,46,Gen X,Male
12329,61,Boomer,Male
12330,58,Gen X,Female
12331,33,Millennial,Male
12332,35,Millennial,Male
12333,30,Millennial,Male
12334,38,Millennial,Female
12335,42,Millennial,Male
12336,53,Gen X,Female
12337,58,Gen X,Female
12338,23,Gen Z,Male
12339,26,Gen Z,Male
12340,37,Millennial,Male
12341,49,Gen X,Male
12342,41,Millennial,Female
12343,30,Millennial,Male
12344,34,Millennial,Male
12345,42,Millennial,Female
12346,55,Gen X,Male
12347,26,Gen Z,Male
12348,29,Millennial,Female
12349,39,Millennial,Male
12350,37,Millennial,Male
12351,41,Millennial,Female
12352,25,Gen Z,Male
12353,35,Millennial,Male
12354,65,Boomer,Male
12355,54,Gen X,Male
12356,29,Millennial,Male
12357,45,Gen X,Male
12358,23,Gen Z,Male
12359,33,Millennial,Male
12360,53,Gen X,Male
12361,24,Gen Z,Male
12362,33,Millennial,Male
12363,33,Millennial,Male
12364,24,Gen Z,Female
12365,65,Boomer,Male
12366,21,Gen Z,Male
12367,64,Boomer,Male
12368,45,Gen X,Male
12369,55,Gen X,Female
12370,24,Gen Z,Male
12371,21,Gen Z,Male
12372,25,Gen Z,Male
12373,46,Gen X,Male
12374,40,Millennial,Male
12375,54,Gen X,Male
12376,35,Millennial,Male
12377,23,Gen Z,Female
12378,56,Gen X,Female
12379,26,Gen Z,Male
12380,34,Millennial,Male
12381,39,Millennial,Male
12382,35,Millennial,Female
12383,21,Gen Z,Male
12384,27,Millennial,Male
12385,51,Gen X,Female
12386,25,Gen Z,Male
12387,28,Millennial,Male
12388,26,Gen Z,Male
12389,42,Millennial,Male
12390,37,Millennial,Female
12391,39,Millennial,Male
12392,34,Millennial,Female
12393,27,Millennial,Female
12394,34,Millennial,Female
12395,36,Millennial,Male
12396,21,Gen Z,Female
12397,36,Millennial,Female
12398,22,Gen Z,Female
12399,42,Millennial,Male
12400,46,Gen X,Female
12401,47,Gen X,Female
12402,61,Boomer,Female
12403,30,Millennial,Female
12404,27,Millennial,Male
12405,39,Millennial,Female
12406,43,Gen X,Male
12407,32,Millennial,Male
12408,39,Millennial,Female
12409,43,Gen X,Male
12410,27,Millennial,Male
12411,27,Millennial,Male
12412,42,Millennial,Male
12413,49,Gen X,Male
12414,42,Millennial,Male
12415,48,Gen X,Female
12416,29,Millennial,Female
12417,36,Millennial,Female
12418,46,Gen X,Female
12419,42,Millennial,Female
12420,25,Gen Z,Male
12421,40,Millennial,Male
12422,21,Gen Z,Male
12423,41,Millennial,Male
12424,28,Millennial,Male
12425,40,Millennial,Male
12426,43,Gen X,Male
12427,37,Millennial,Female
12428,31,Millennial,Female
12429,70,Boomer,Male
12430,33,Millennial,Female
12431,21,Gen Z,Female
12432,55,Gen X,Male
12433,67,Boomer,Female
12434,36,Millennial,Male
12435,72,Boomer,Male
12436,58,Gen X,Female
12437,32,Millennial,Male
12438,69,Boomer,Male
12439,28,Millennial,Male
12440,42,Millennial,Female
12441,23,Gen Z,Male
12442,31,Millennial,Male
12443,44,Gen X,Male
12444,39,Millennial,Male
12445,50,Gen X,Male
12446,71,Boomer,Female
12447,49,Gen X,Female
12448,22,Gen Z,Male
12449,24,Gen Z,Female
12450,42,Millennial,Male
12451,54,Gen X,Male
12452,36,Millennial,Female
12453,22,Gen Z,Male
12454,34,Millennial,Female
12455,35,Millennial,Male
12456,38,Millennial,Female
12457,22,Gen Z,Male
12458,24,Gen Z,Female
12459,40,Millennial,Male
12460,41,Millennial,Male
12461,41,Millennial,Male
12462,54,Gen X,Male
12463,23,Gen Z,Female
12464,35,Millennial,Male
12465,35,Millennial,Female
12466,41,Millennial,Male
12467,56,Gen X,Male
12468,29,Millennial,Male
12469,41,Millennial,Male
12470,70,Boomer,Female
12471,31,Millennial,Female
12472,68,Boomer,Female
12473,37,Millennial,Male
12474,30,Millennial,Male
12475,34,Millennial,Male
12476,23,Gen Z,Male
12477,35,Millennial,Female
12478,28,Millennial,Male
12479,35,Millennial,Male
12480,54,Gen X,Female
12481,36,Millennial,Male
12482,25,Gen Z,Female
12483,39,Millennial,Male
12484,32,Millennial,Male
12485,44,Gen X,Male
12486,23,Gen Z,Male
12487,37,Millennial,Male
12488,46,Gen X,Female
12489,43,Gen X,Male
12490,22,Gen Z,Male
12491,26,Gen Z,Female
12492,61,Boomer,Male
12493,28,Millennial,Male
12494,59,Boomer,Female
12495,25,Gen Z,Female
12496,71,Boomer,Male
12497,41,Millennial,Male
12498,24,Gen Z,Female
12499,38,Millennial,Male
12500,33,Millennial,Female
12501,23,Gen Z,Female
12502,49,Gen X,Male
12503,33,Millennial,Male
12504,55,Gen X,Female
12505,24,Gen Z,Female
12506,31,Millennial,Female
12507,56,Gen X,Male
12508,35,Millennial,Male
12509,42,Millennial,Male
12510,25,Gen Z,Male
12511,36,Millennial,Female
12512,31,Millennial,Female
12513,69,Boomer,Female
12514,39,Millennial,Male
12515,33,Millennial,Male
12516,33,Millennial,Male
12517,22,Gen Z,Male
12518,30,Millennial,Male
12519,27,Millennial,Female
12520,46,Gen X,Female
12521,22,Gen Z,Male
12522,37,Millennial,Male
12523,63,Boomer,Male
12524,53,Gen X,Female
12525,34,Millennial,Male
12526,57,Gen X,Female
12527,33,Millennial,Male
12528,26,Gen Z,Male
12529,31,Millennial,Male
12530,40,Millennial,Male
12531,32,Millennial,Male
12532,30,Millennial,Male
12533,22,Gen Z,Female
12534,22,Gen Z,Male
12535,60,Boomer,Male
12536,24,Gen Z,Male
12537,21,Gen Z,Male
12538,38,Millennial,Female
12539,49,Gen X,Male
12540,47,Gen X,Male
12541,22,Gen Z,Male
12542,32,Millennial,Female
12543,26,Gen Z,Male
12544,54,Gen X,Female
12545,37,Millennial,Male
12546,37,Millennial,Female
12547,31,Millennial,Male
12548,37,Millennial,Female
12549,28,Millennial,Female
12550,74,Boomer,Male
12551,24,Gen Z,Male
12552,26,Gen Z,Female
12553,36,Millennial,Male
12554,24,Gen Z,Female
12555,30,Millennial,Female
12556,33,Millennial,Male
12557,39,Millennial,Male
12558,28,Millennial,Male
12559,34,Millennial,Male
12560,37,Millennial,Male
12561,31,Millennial,Male
12562,38,Millennial,Male
12563,56,Gen X,Male
12564,43,Gen X,Female
12565,33,Millennial,Male
12566,21,Gen Z,Male
12567,37,Millennial,Male
12568,22,Gen Z,Female
12569,31,Millennial,Male
12570,44,Gen X,Female
12571,24,Gen Z,Female
12572,36,Millennial,Male
12573,29,Millennial,Male
12574,74,Boomer,Male
12575,41,Millennial,Male
12576,22,Gen Z,Male
12577,31,Millennial,Female
12578,42,Millennial,Male
12579,26,Gen Z,Female
12580,22,Gen Z,Female
12581,25,Gen Z,Female
12582,31,Millennial,Male
12583,33,Millennial,Male
12584,43,Gen X,Male
12585,42,Millennial,Male
12586,55,Gen X,Female
12587,50,Gen X,Female
12588,34,Millennial,Male
12589,28,Millennial,Male
12590,21,Gen Z,Male
12591,28,Millennial,Male
12592,72,Boomer,Male
12593,31,Millennial,Male
12594,28,Millennial,Male
12595,21,Gen Z,Female
12596,70,Boomer,Female
12597,30,Millennial,Female
12598,45,Gen X,Male
12599,30,Millennial,Male
12600,52,Gen X,Female
12601,45,Gen X,Male
12602,57,Gen X,Female
12603,33,Millennial,Female
12604,44,Gen X,Male
12605,23,Gen Z,Female
12606,34,Millennial,Male
12607,35,Millennial,Male
12608,36,Millennial,Male
12609,37,Millennial,Male
12610,29,Millennial,Female
12611,70,Boomer,Male
12612,25,Gen Z,Male
12613,58,Gen X,Female
12614,22,Gen Z,Male
12615,43,Gen X,Male
12616,30,Millennial,Female
12617,69,Boomer,Male
12618,24,Gen Z,Male
12619,56,Gen X,Male
12620,51,Gen X,Male
12621,30,Millennial,Female
12622,39,Millennial,Female
12623,24,Gen Z,Male
12624,36,Millennial,Male
12625,32,Millennial,Female
12626,40,Millennial,Female
12627,29,Millennial,Male
12628,36,Millennial,Male
12629,30,Millennial,Male
12630,39,Millennial,Male
12631,35,Millennial,Male
12632,42,Millennial,Male
12633,24,Gen Z,Female
12634,50,Gen X,Female
12635,50,Gen X,Male
12636,26,Gen Z,Male
12637,21,Gen Z,Male
12638,39,Millennial,Female
12639,24,Gen Z,Male
12640,63,Boomer,Male
12641,34,Millennial,Male
12642,24,Gen Z,Female
12643,43,Gen X,Male
12644,27,Millennial,Female
12645,27,Millennial,Female
12646,22,Gen Z,Female
12647,38,Millennial,Female
12648,34,Millennial,Female
12649,23,Gen Z,Male
12650,21,Gen Z,Male
12651,30,Millennial,Male
12652,29,Millennial,Male
12653,39,Millennial,Male
12654,32,Millennial,Male
12655,43,Gen X,Female
12656,24,Gen Z,Female
12657,27,Millennial,Male
12658,41,Millennial,Male
12659,67,Boomer,Male
12660,57,Gen X,Male
12661,24,Gen Z,Male
12662,55,Gen X,Male
12663,55,Gen X,Male
12664,21,Gen Z,Female
12665,25,Gen Z,Female
12666,28,Millennial,Female
12667,32,Millennial,Female
12668,23,Gen Z,Male
12669,54,Gen X,Male
12670,48,Gen X,Female
12671,33,Millennial,Male
12672,22,Gen Z,Female
12673,58,Gen X,Male
12674,24,Gen Z,Female
12675,26,Gen Z,Male
12676,33,Millennial,Female
12677,67,Boomer,Male
12678,70,Boomer,Male
12679,44,Gen X,Female
12680,30,Millennial,Female
12681,32,Millennial,Female
12682,68,Boomer,Male
12683,25,Gen Z,Male
12684,25,Gen Z,Male
12685,52,Gen X,Female
12686,21,Gen Z,Female
12687,55,Gen X,Male
12688,56,Gen X,Male
12689,26,Gen Z,Female
12690,30,Millennial,Male
12691,28,Millennial,Female
12692,36,Millennial,Female
12693,21,Gen Z,Male
12694,31,Millennial,Male
12695,73,Boomer,Male
12696,35,Millennial,Male
12697,31,Millennial,Male
12698,22,Gen Z,Male
12699,55,Gen X,Male
12700,26,Gen Z,Male
12701,39,Millennial,Male
12702,51,Gen X,Male
12703,34,Millennial,Male
12704,51,Gen X,Female
12705,38,Millennial,Male
12706,34,Millennial,Male
12707,38,Millennial,Male
12708,42,Millennial,Male
12709,27,Millennial,Male
12710,58,Gen X,Male
12711,27,Millennial,Male
12712,24,Gen Z,Male
12713,39,Millennial,Female
12714,21,Gen Z,Male
12715,28,Millennial,Male
12716,28,Millennial,Male
12717,37,Millennial,Male
12718,34,Millennial,Male
12719,35,Millennial,Male
12720,53,Gen X,Male
12721,23,Gen Z,Male
12722,40,Millennial,Male
12723,32,Millennial,Male
12724,39,Millennial,Male
12725,48,Gen X,Male
12726,35,Millennial,Male
12727,24,Gen Z,Male
12728,62,Boomer,Male
12729,63,Boomer,Male
12730,63,Boomer,Male
12731,69,Boomer,Female
12732,30,Millennial,Male
12733,27,Millennial,Male
12734,40,Millennial,Female
12735,21,Gen Z,Male
12736,32,Millennial,Male
12737,72,Boomer,Male
12738,41,Millennial,Male
12739,32,Millennial,Male
12740,55,Gen X,Male
12741,39,Millennial,Male
12742,50,Gen X,Female
12743,41,Millennial,Male
12744,33,Millennial,Male
12745,33,Millennial,Female
12746,33,Millennial,Male
12747,42,Millennial,Male
12748,22,Gen Z,Male
12749,36,Millennial,Female
12750,31,Millennial,Male
12751,22,Gen Z,Female
12752,40,Millennial,Male
12753,25,Gen Z,Male
12754,73,Boomer,Male
12755,66,Boomer,Male
12756,39,Millennial,Female
12757,41,Millennial,Female
12758,67,Boomer,Male
12759,27,Millennial,Male
12760,36,Millennial,Female
12761,48,Gen X,Male
12762,30,Millennial,Female
12763,26,Gen Z,Male
12764,29,Millennial,Female
12765,22,Gen Z,Female
12766,67,Boomer,Male
12767,37,Millennial,Male
12768,44,Gen X,Female
12769,39,Millennial,Female
12770,39,Millennial,Female
12771,32,Millennial,Male
12772,29,Millennial,Male
12773,37,Millennial,Female
12774,31,Millennial,Male
12775,21,Gen Z,Male
12776,27,Millennial,Male
12777,40,Millennial,Female
12778,33,Millennial,Male
12779,39,Millennial,Female
12780,61,Boomer,Male
12781,56,Gen X,Male
12782,32,Millennial,Male
12783,42,Millennial,Female
12784,35,Millennial,Male
12785,59,Boomer,Male
12786,22,Gen Z,Male
12787,21,Gen Z,Male
12788,41,Millennial,Female
12789,22,Gen Z,Female
12790,26,Gen Z,Male
12791,26,Gen Z,Female
12792,30,Millennial,Male
12793,23,Gen Z,Female
12794,40,Millennial,Female
12795,30,Millennial,Male
12796,35,Millennial,Male
12797,33,Millennial,Male
12798,33,Millennial,Male
12799,36,Millennial,Female
12800,52,Gen X,Male
12801,41,Millennial,Male
12802,39,Millennial,Male
12803,33,Millennial,Male
12804,31,Millennial,Male
12805,60,Boomer,Male
12806,37,Millennial,Male
12807,27,Millennial,Male
12808,37,Millennial,Male
12809,23,Gen Z,Female
12810,38,Millennial,Male
12811,24,Gen Z,Male
12812,42,Millennial,Male
12813,40,Millennial,Male
12814,38,Millennial,Male
12815,63,Boomer,Male
12816,30,Millennial,Female
12817,53,Gen X,Female
12818,33,Millennial,Female
12819,51,Gen X,Male
12820,31,Millennial,Male
12821,48,Gen X,Female
12822,22,Gen Z,Female
12823,33,Millennial,Female
12824,26,Gen Z,Male
12825,57,Gen X,Male
12826,23,Gen Z,Male
12827,50,Gen X,Male
12828,22,Gen Z,Female
12829,46,Gen X,Male
12830,23,Gen Z,Male
12831,47,Gen X,Male
12832,22,Gen Z,Female
12833,31,Millennial,Male
12834,25,Gen Z,Female
12835,31,Millennial,Male
12836,36,Millennial,Male
12837,34,Millennial,Male
12838,23,Gen Z,Female
12839,39,Millennial,Female
12840,52,Gen X,Male
12841,26,Gen Z,Female
12842,28,Millennial,Male
12843,38,Millennial,Female
12844,37,Millennial,Female
12845,51,Gen X,Male
12846,50,Gen X,Male
12847,36,Millennial,Male
12848,27,Millennial,Male
12849,34,Millennial,Male
12850,41,Millennial,Male
12851,34,Millennial,Male
12852,25,Gen Z,Male
12853,28,Millennial,Male
12854,56,Gen X,Female
12855,29,Millennial,Male
12856,28,Millennial,Female
12857,35,Millennial,Male
12858,50,Gen X,Male
12859,33,Millennial,Female
12860,35,Millennial,Male
12861,25,Gen Z,Male
12862,27,Millennial,Female
12863,74,Boomer,Male
12864,29,Millennial,Male
12865,29,Millennial,Male
12866,23,Gen Z,Male
12867,26,Gen Z,Male
12868,36,Millennial,Female
12869,21,Gen Z,Male
12870,50,Gen X,Male
12871,29,Millennial,Male
12872,44,Gen X,Female
12873,46,Gen X,Male
12874,36,Millennial,Male
12875,49,Gen X,Male
12876,39,Millennial,Male
12877,39,Millennial,Female
12878,70,Boomer,Male
12879,54,Gen X,Male
12880,64,Boomer,Female
12881,39,Millennial,Male
12882,51,Gen X,Female
12883,45,Gen X,Male
12884,46,Gen X,Male
12885,26,Gen Z,Female
12886,44,Gen X,Male
12887,24,Gen Z,Male
12888,23,Gen Z,Male
12889,72,Boomer,Male
12890,41,Millennial,Male
12891,32,Millennial,Female
12892,21,Gen Z,Male
12893,23,Gen Z,Male
12894,27,Millennial,Female
12895,22,Gen Z,Male
12896,58,Gen X,Female
12897,60,Boomer,Female
12898,37,Millennial,Male
12899,35,Millennial,Female
12900,30,Millennial,Female
12901,23,Gen Z,Female
12902,32,Millennial,Male
12903,25,Gen Z,Female
12904,21,Gen Z,Female
12905,32,Millennial,Female
12906,42,Millennial,Male
12907,25,Gen Z,Female
12908,41,Millennial,Male
12909,23,Gen Z,Male
12910,21,Gen Z,Male
12911,40,Millennial,Male
12912,33,Millennial,Female
12913,35,Millennial,Male
12914,32,Millennial,Male
12915,28,Millennial,Male
12916,32,Millennial,Male
12917,23,Gen Z,Male
12918,22,Gen Z,Male
12919,32,Millennial,Male
12920,38,Millennial,Male
12921,33,Millennial,Male
12922,26,Gen Z,Female
12923,53,Gen X,Female
12924,41,Millennial,Female
12925,30,Millennial,Male
12926,30,Millennial,Male
12927,29,Millennial,Male
12928,42,Millennial,Female
12929,69,Boomer,Male
12930,36,Millennial,Male
12931,28,Millennial,Male
12932,30,Millennial,Male
12933,21,Gen Z,Female
12934,27,Millennial,Male
12935,21,Gen Z,Male
12936,42,Millennial,Male
12937,38,Millennial,Male
12938,48,Gen X,Female
12939,26,Gen Z,Male
12940,31,Millennial,Male
12941,44,Gen X,Male
12942,55,Gen X,Male
12943,51,Gen X,Male
12944,26,Gen Z,Male
12945,66,Boomer,Male
12946,37,Millennial,Male
12947,38,Millennial,Male
12948,52,Gen X,Male
12949,37,Millennial,Male
12950,35,Millennial,Female
12951,36,Millennial,Male
12952,50,Gen X,Female
12953,36,Millennial,Male
12954,62,Boomer,Male
12955,37,Millennial,Male
12956,24,Gen Z,Male
12957,57,Gen X,Male
12958,43,Gen X,Male
12959,56,Gen X,Male
12960,25,Gen Z,Female
12961,35,Millennial,Male
12962,42,Millennial,Female
12963,36,Millennial,Male
12964,56,Gen X,Female
12965,28,Millennial,Female
12966,54,Gen X,Female
12967,39,Millennial,Male
12968,45,Gen X,Male
12969,37,Millennial,Male
12970,22,Gen Z,Male
12971,24,Gen Z,Female
12972,40,Millennial,Male
12973,50,Gen X,Male
12974,39,Millennial,Male
12975,29,Millennial,Male
12976,34,Millennial,Female
12977,32,Millennial,Male
12978,23,Gen Z,Female
12979,42,Millennial,Male
12980,40,Millennial,Male
12981,35,Millennial,Male
12982,47,Gen X,Male
12983,22,Gen Z,Male
12984,35,Millennial,Male
12985,43,Gen X,Female
12986,22,Gen Z,Male
12987,27,Millennial,Male
12988,23,Gen Z,Male
12989,34,Millennial,Female
12990,35,Millennial,Male
12991,39,Millennial,Male
12992,29,Millennial,Male
12993,26,Gen Z,Male
12994,58,Gen X,Female
12995,37,Millennial,Male
12996,32,Millennial,Male
12997,38,Millennial,Male
12998,22,Gen Z,Female
12999,38,Millennial,Male
13000,64,Boomer,Male
13001,38,Millennial,Male
13002,21,Gen Z,Male
13003,40,Millennial,Male
13004,62,Boomer,Male
13005,72,Boomer,Male
13006,29,Millennial,Male
13007,24,Gen Z,Female
13008,54,Gen X,Male
13009,32,Millennial,Male
13010,27,Millennial,Female
13011,29,Millennial,Male
13012,23,Gen Z,Male
13013,35,Millennial,Male
13014,27,Millennial,Male
13015,44,Gen X,Male
13016,32,Millennial,Female
13017,21,Gen Z,Male
13018,37,Millennial,Male
13019,34,Millennial,Female
13020,34,Millennial,Female
13021,23,Gen Z,Male
13022,22,Gen Z,Female
13023,63,Boomer,Male
13024,36,Millennial,Male
13025,29,Millennial,Male
13026,48,Gen X,Male
13027,72,Boomer,Male
13028,29,Millennial,Male
13029,29,Millennial,Male
13030,37,Millennial,Male
13031,28,Millennial,Female
13032,32,Millennial,Female
13033,44,Gen X,Female
13034,26,Gen Z,Male
13035,25,Gen Z,Male
13036,41,Millennial,Female
13037,21,Gen Z,Female
13038,32,Millennial,Female
13039,38,Millennial,Male
13040,56,Gen X,Female
13041,51,Gen X,Male
13042,46,Gen X,Male
13043,70,Boomer,Male
13044,43,Gen X,Female
13045,26,Gen Z,Male
13046,40,Millennial,Male
13047,22,Gen Z,Male
13048,35,Millennial,Female
13049,37,Millennial,Female
13050,27,Millennial,Male
13051,40,Millennial,Male
13052,31,Millennial,Male
13053,70,Boomer,Female
13054,28,Millennial,Female
13055,39,Millennial,Female
13056,64,Boomer,Female
13057,55,Gen X,Female
13058,38,Millennial,Male
13059,72,Boomer,Male
13060,23,Gen Z,Male
13061,25,Gen Z,Male
13062,35,Millennial,Male
13063,27,Millennial,Male
13064,36,Millennial,Male
13065,68,Boomer,Female
13066,41,Millennial,Male
13067,56,Gen X,Male
13068,62,Boomer,Male
13069,36,Millennial,Male
13070,41,Millennial,Male
13071,27,Millennial,Female
13072,50,Gen X,Male
13073,22,Gen Z,Female
13074,68,Boomer,Female
13075,26,Gen Z,Male
13076,37,Millennial,Male
13077,43,Gen X,Female
13078,36,Millennial,Female
13079,38,Millennial,Female
13080,23,Gen Z,Male
13081,50,Gen X,Male
13082,26,Gen Z,Female
13083,74,Boomer,Male
13084,21,Gen Z,Male
13085,33,Millennial,Male
13086,35,Millennial,Male
13087,23,Gen Z,Male
13088,32,Millennial,Male
13089,23,Gen Z,Female
13090,41,Millennial,Female
13091,38,Millennial,Male
13092,35,Millennial,Male
13093,36,Millennial,Female
13094,22,Gen Z,Male
13095,33,Millennial,Male
13096,26,Gen Z,Male
13097,54,Gen X,Male
13098,30,Millennial,Male
13099,35,Millennial,Male
13100,36,Millennial,Male
13101,24,Gen Z,Male
13102,41,Millennial,Male
13103,21,Gen Z,Female
13104,28,Millennial,Male
13105,46,Gen X,Male
13106,29,Millennial,Male
13107,23,Gen Z,Male
13108,31,Millennial,Male
13109,24,Gen Z,Male
13110,45,Gen X,Female
13111,40,Millennial,Female
13112,38,Millennial,Female
13113,23,Gen Z,Male
13114,24,Gen Z,Male
13115,65,Boomer,Female
13116,42,Millennial,Female
13117,39,Millennial,Male
13118,52,Gen X,Male
13119,23,Gen Z,Male
13120,52,Gen X,Female
13121,30,Millennial,Female
13122,37,Millennial,Female
13123,25,Gen Z,Female
13124,22,Gen Z,Male
13125,39,Millennial,Female
13126,40,Millennial,Male
13127,35,Millennial,Male
13128,45,Gen X,Female
13129,26,Gen Z,Female
13130,37,Millennial,Female
13131,23,Gen Z,Male
13132,26,Gen Z,Female
13133,27,Millennial,Male
13134,42,Millennial,Male
13135,29,Millennial,Male
13136,32,Millennial,Male
13137,46,Gen X,Male
13138,35,Millennial,Female
13139,34,Millennial,Male
13140,47,Gen X,Male
13141,28,Millennial,Female
13142,41,Millennial,Female
13143,33,Millennial,Male
13144,47,Gen X,Male
13145,28,Millennial,Male
13146,56,Gen X,Male
13147,49,Gen X,Male
13148,52,Gen X,Female
13149,26,Gen Z,Male
13150,41,Millennial,Male
13151,55,Gen X,Female
13152,29,Millennial,Male
13153,71,Boomer,Male
13154,26,Gen Z,Male
13155,55,Gen X,Female
13156,58,Gen X,Male
13157,42,Millennial,Male
13158,37,Millennial,Female
13159,41,Millennial,Male
13160,29,Millennial,Male
13161,31,Millennial,Male
13162,61,Boomer,Male
13163,59,Boomer,Male
13164,53,Gen X,Female
13165,25,Gen Z,Male
13166,53,Gen X,Male
13167,73,Boomer,Female
13168,26,Gen Z,Male
13169,29,Millennial,Female
13170,48,Gen X,Female
13171,24,Gen Z,Male
13172,41,Millennial,Male
13173,40,Millennial,Male
13174,55,Gen X,Female
13175,36,Millennial,Male
13176,38,Millennial,Male
13177,31,Millennial,Female
13178,45,Gen X,Male
13179,30,Millennial,Male
13180,25,Gen Z,Female
13181,43,Gen X,Female
13182,34,Millennial,Male
13183,21,Gen Z,Female
13184,33,Millennial,Female
13185,38,Millennial,Female
13186,38,Millennial,Female
13187,41,Millennial,Female
13188,28,Millennial,Male
13189,58,Gen X,Male
13190,23,Gen Z,Male
13191,46,Gen X,Male
13192,26,Gen Z,Male
13193,24,Gen Z,Male
13194,55,Gen X,Male
13195,25,Gen Z,Male
13196,26,Gen Z,Male
13197,55,Gen X,Male
13198,53,Gen X,Male
13199,29,Millennial,Female
13200,31,Millennial,Female
13201,67,Boomer,Male
13202,28,Millennial,Male
13203,34,Millennial,Female
13204,32,Millennial,Male
13205,42,Millennial,Male
13206,39,Millennial,Male
13207,40,Millennial,Male
13208,36,Millennial,Male
13209,28,Millennial,Female
13210,24,Gen Z,Male
13211,27,Millennial,Male
13212,45,Gen X,Male
13213,49,Gen X,Male
13214,23,Gen Z,Male
13215,21,Gen Z,Female
13216,38,Millennial,Female
13217,41,Millennial,Female
13218,40,Millennial,Female
13219,22,Gen Z,Male
13220,38,Millennial,Male
13221,30,Millennial,Male
13222,39,Millennial,Male
13223,39,Millennial,Male
13224,38,Millennial,Male
13225,34,Millennial,Male
13226,57,Gen X,Male
13227,35,Millennial,Male
13228,47,Gen X,Female
13229,22,Gen Z,Male
13230,35,Millennial,Male
13231,24,Gen Z,Female
13232,38,Millennial,Male
13233,47,Gen X,Male
13234,22,Gen Z,Male
13235,49,Gen X,Male
13236,46,Gen X,Female
13237,32,Millennial,Female
13238,34,Millennial,Male
13239,49,Gen X,Female
13240,68,Boomer,Female
13241,36,Millennial,Male
13242,31,Millennial,Male
13243,62,Boomer,Male
13244,22,Gen Z,Male
13245,28,Millennial,Male
13246,23,Gen Z,Male
13247,62,Boomer,Male
13248,31,Millennial,Male
13249,24,Gen Z,Male
13250,21,Gen Z,Female
13251,33,Millennial,Male
13252,54,Gen X,Male
13253,23,Gen Z,Male
13254,40,Millennial,Male
13255,30,Millennial,Female
13256,30,Millennial,Male
13257,53,Gen X,Female
13258,23,Gen Z,Male
13259,58,Gen X,Female
13260,41,Millennial,Female
13261,36,Millennial,Female
13262,61,Boomer,Male
13263,25,Gen Z,Female
13264,31,Millennial,Male
13265,30,Millennial,Female
13266,38,Millennial,Male
13267,57,Gen X,Male
13268,32,Millennial,Male
13269,29,Millennial,Male
13270,47,Gen X,Male
13271,33,Millennial,Male
13272,40,Millennial,Male
13273,29,Millennial,Female
13274,42,Millennial,Male
13275,33,Millennial,Male
13276,55,Gen X,Male
13277,35,Millennial,Male
13278,33,Millennial,Male
13279,24,Gen Z,Female
13280,27,Millennial,Male
13281,25,Gen Z,Male
13282,25,Gen Z,Male
13283,33,Millennial,Female
13284,38,Millennial,Male
13285,42,Millennial,Female
13286,25,Gen Z,Male
13287,67,Boomer,Female
13288,74,Boomer,Male
13289,33,Millennial,Male
13290,24,Gen Z,Female
13291,26,Gen Z,Male
13292,36,Millennial,Male
13293,52,Gen X,Female
13294,42,Millennial,Male
13295,37,Millennial,Male
13296,25,Gen Z,Male
13297,57,Gen X,Female
13298,29,Millennial,Male
13299,35,Millennial,Female
13300,54,Gen X,Male
13301,21,Gen Z,Male
13302,67,Boomer,Male
13303,40,Millennial,Female
13304,35,Millennial,Female
13305,25,Gen Z,Male
13306,47,Gen X,Female
13307,23,Gen Z,Female
13308,36,Millennial,Female
13309,34,Millennial,Female
13310,23,Gen Z,Male
13311,42,Millennial,Female
13312,39,Millennial,Male
13313,23,Gen Z,Male
13314,43,Gen X,Male
13315,33,Millennial,Male
13316,39,Millennial,Female
13317,21,Gen Z,Male
13318,52,Gen X,Male
13319,41,Millennial,Male
13320,40,Millennial,Male
13321,29,Millennial,Female
13322,41,Millennial,Male
13323,25,Gen Z,Male
13324,23,Gen Z,Male
13325,32,Millennial,Male
13326,34,Millennial,Female
13327,26,Gen Z,Male
13328,34,Millennial,Female
13329,26,Gen Z,Male
13330,21,Gen Z,Female
13331,42,Millennial,Female
13332,29,Millennial,Male
13333,34,Millennial,Male
13334,42,Millennial,Male
13335,24,Gen Z,Male
13336,26,Gen Z,Female
13337,40,Millennial,Male
13338,39,Millennial,Male
13339,56,Gen X,Male
13340,39,Millennial,Female
13341,36,Millennial,Male
13342,54,Gen X,Female
13343,28,Millennial,Male
13344,31,Millennial,Female
13345,30,Millennial,Male
13346,70,Boomer,Female
13347,46,Gen X,Male
13348,21,Gen Z,Female
13349,25,Gen Z,Male
13350,56,Gen X,Male
13351,39,Millennial,Female
13352,36,Millennial,Male
13353,21,Gen Z,Male
13354,23,Gen Z,Female
13355,33,Millennial,Male
13356,69,Boomer,Female
13357,50,Gen X,Female
13358,21,Gen Z,Male
13359,21,Gen Z,Male
13360,21,Gen Z,Male
13361,31,Millennial,Male
13362,65,Boomer,Female
13363,59,Boomer,Male
13364,41,Millennial,Male
13365,53,Gen X,Male
13366,45,Gen X,Male
13367,60,Boomer,Female
13368,25,Gen Z,Male
13369,39,Millennial,Male
13370,27,Millennial,Male
13371,52,Gen X,Male
13372,34,Millennial,Male
13373,25,Gen Z,Male
13374,36,Millennial,Male
13375,39,Millennial,Male
13376,26,Gen Z,Female
13377,34,Millennial,Female
13378,26,Gen Z,Female
13379,35,Millennial,Female
13380,70,Boomer,Male
13381,34,Millennial,Female
13382,51,Gen X,Male
13383,31,Millennial,Female
13384,49,Gen X,Female
13385,44,Gen X,Male
13386,53,Gen X,Male
13387,32,Millennial,Female
13388,29,Millennial,Female
13389,26,Gen Z,Male
13390,54,Gen X,Female
13391,56,Gen X,Female
13392,36,Millennial,Male
13393,42,Millennial,Female
13394,66,Boomer,Female
13395,39,Millennial,Female
13396,60,Boomer,Male
13397,24,Gen Z,Male
13398,30,Millennial,Female
13399,21,Gen Z,Male
13400,40,Millennial,Male
13401,68,Boomer,Male
13402,35,Millennial,Male
13403,42,Millennial,Male
13404,26,Gen Z,Male
13405,24,Gen Z,Male
13406,26,Gen Z,Female
13407,29,Millennial,Female
13408,33,Millennial,Male
13409,27,Millennial,Male
13410,23,Gen Z,Male
13411,54,Gen X,Male
13412,29,Millennial,Female
13413,37,Millennial,Male
13414,35,Millennial,Male
13415,43,Gen X,Male
13416,47,Gen X,Male
13417,29,Millennial,Female
13418,53,Gen X,Female
13419,29,Millennial,Male
13420,50,Gen X,Male
13421,23,Gen Z,Male
13422,55,Gen X,Male
13423,36,Millennial,Male
13424,70,Boomer,Male
13425,23,Gen Z,Male
13426,27,Millennial,Male
13427,29,Millennial,Female
13428,31,Millennial,Male
13429,45,Gen X,Male
13430,46,Gen X,Male
13431,27,Millennial,Male
13432,39,Millennial,Male
13433,50,Gen X,Male
13434,26,Gen Z,Male
13435,22,Gen Z,Male
13436,27,Millennial,Female
13437,21,Gen Z,Male
13438,39,Millennial,Female
13439,41,Millennial,Male
13440,52,Gen X,Male
13441,29,Millennial,Male
13442,38,Millennial,Male
13443,23,Gen Z,Female
13444,40,Millennial,Male
13445,53,Gen X,Male
13446,54,Gen X,Male
13447,26,Gen Z,Female
13448,38,Millennial,Male
13449,22,Gen Z,Male
13450,31,Millennial,Male
13451,30,Millennial,Male
13452,25,Gen Z,Male
13453,25,Gen Z,Male
13454,35,Millennial,Male
13455,29,Millennial,Female
13456,26,Gen Z,Male
13457,28,Millennial,Female
13458,37,Millennial,Female
13459,33,Millennial,Female
13460,21,Gen Z,Female
13461,42,Millennial,Male
13462,56,Gen X,Female
13463,50,Gen X,Male
13464,31,Millennial,Male
13465,35,Millennial,Male
13466,34,Millennial,Male
13467,51,Gen X,Male
13468,24,Gen Z,Female
13469,23,Gen Z,Female
13470,63,Boomer,Male
13471,46,Gen X,Male
13472,24,Gen Z,Female
13473,37,Millennial,Male
13474,57,Gen X,Female
13475,28,Millennial,Male
13476,36,Millennial,Female
13477,41,Millennial,Male
13478,44,Gen X,Female
13479,41,Millennial,Male
13480,56,Gen X,Male
13481,33,Millennial,Female
13482,58,Gen X,Female
13483,47,Gen X,Male
13484,32,Millennial,Male
13485,28,Millennial,Male
13486,64,Boomer,Female
13487,41,Millennial,Male
13488,31,Millennial,Male
13489,32,Millennial,Female
13490,51,Gen X,Female
13491,55,Gen X,Male
13492,26,Gen Z,Male
13493,26,Gen Z,Male
13494,37,Millennial,Male
13495,39,Millennial,Male
13496,55,Gen X,Male
13497,56,Gen X,Male
13498,32,Millennial,Male
13499,22,Gen Z,Male
13500,26,Gen Z,Female
13501,32,Millennial,Male
13502,33,Millennial,Male
13503,30,Millennial,Male
13504,25,Gen Z,Male
13505,28,Millennial,Male
13506,55,Gen X,Male
13507,29,Millennial,Male
13508,49,Gen X,Female
13509,42,Millennial,Male
13510,36,Millennial,Male
13511,29,Millennial,Male
13512,68,Boomer,Male
13513,41,Millennial,Female
13514,60,Boomer,Male
13515,21,Gen Z,Female
13516,49,Gen X,Female
13517,32,Millennial,Male
13518,26,Gen Z,Male
13519,23,Gen Z,Female
13520,39,Millennial,Male
13521,31,Millennial,Male
13522,33,Millennial,Male
13523,45,Gen X,Female
13524,26,Gen Z,Female
13525,28,Millennial,Male
13526,65,Boomer,Male
13527,23,Gen Z,Female
13528,27,Millennial,Female
13529,39,Millennial,Female
13530,40,Millennial,Male
13531,26,Gen Z,Male
13532,59,Boomer,Male
13533,25,Gen Z,Male
13534,21,Gen Z,Male
13535,32,Millennial,Male
13536,33,Millennial,Female
13537,29,Millennial,Female
13538,54,Gen X,Female
13539,35,Millennial,Male
13540,27,Millennial,Male
13541,53,Gen X,Male
13542,37,Millennial,Male
13543,22,Gen Z,Female
13544,32,Millennial,Male
13545,32,Millennial,Male
13546,58,Gen X,Male
13547,38,Millennial,Male
13548,26,Gen Z,Male
13549,34,Millennial,Male
13550,38,Millennial,Female
13551,29,Millennial,Female
13552,22,Gen Z,Male
13553,21,Gen Z,Male
13554,31,Millennial,Male
13555,37,Millennial,Male
13556,41,Millennial,Female
13557,26,Gen Z,Male
13558,29,Millennial,Male
13559,33,Millennial,Female
13560,26,Gen Z,Male
13561,22,Gen Z,Male
13562,22,Gen Z,Male
13563,36,Millennial,Female
13564,23,Gen Z,Male
13565,47,Gen X,Female
13566,31,Millennial,Female
13567,26,Gen Z,Male
13568,23,Gen Z,Female
13569,41,Millennial,Male
13570,31,Millennial,Male
13571,29,Millennial,Male
13572,62,Boomer,Male
13573,38,Millennial,Male
13574,40,Millennial,Female
13575,23,Gen Z,Male
13576,32,Millennial,Male
13577,56,Gen X,Female
13578,26,Gen Z,Male
13579,69,Boomer,Male
13580,48,Gen X,Female
13581,45,Gen X,Female
13582,65,Boomer,Male
13583,35,Millennial,Female
13584,25,Gen Z,Female
13585,22,Gen Z,Male
13586,32,Millennial,Male
13587,32,Millennial,Male
13588,21,Gen Z,Male
13589,37,Millennial,Male
13590,58,Gen X,Female
13591,38,Millennial,Female
13592,33,Millennial,Male
13593,51,Gen X,Male
13594,50,Gen X,Female
13595,54,Gen X,Female
13596,21,Gen Z,Female
13597,41,Millennial,Male
13598,57,Gen X,Male
13599,59,Boomer,Male
13600,22,Gen Z,Female
13601,26,Gen Z,Male
13602,24,Gen Z,Male
13603,64,Boomer,Female
13604,43,Gen X,Male
13605,21,Gen Z,Female
13606,41,Millennial,Male
13607,29,Millennial,Female
13608,41,Millennial,Male
13609,33,Millennial,Male
13610,38,Millennial,Male
13611,33,Millennial,Male
13612,24,Gen Z,Male
13613,52,Gen X,Male
13614,21,Gen Z,Male
13615,55,Gen X,Male
13616,33,Millennial,Male
13617,38,Millennial,Male
13618,31,Millennial,Male
13619,41,Millennial,Male
13620,39,Millennial,Female
13621,23,Gen Z,Female
13622,51,Gen X,Male
13623,31,Millennial,Male
13624,39,Millennial,Female
13625,38,Millennial,Male
13626,37,Millennial,Female
13627,49,Gen X,Male
13628,26,Gen Z,Female
13629,45,Gen X,Male
13630,56,Gen X,Male
13631,53,Gen X,Female
13632,35,Millennial,Male
13633,41,Millennial,Female
13634,28,Millennial,Male
13635,22,Gen Z,Male
13636,35,Millennial,Male
13637,22,Gen Z,Male
13638,25,Gen Z,Female
13639,28,Millennial,Male
13640,23,Gen Z,Male
13641,32,Millennial,Male
13642,36,Millennial,Male
13643,37,Millennial,Male
13644,46,Gen X,Male
13645,33,Millennial,Male
13646,43,Gen X,Female
13647,23,Gen Z,Male
13648,25,Gen Z,Male
13649,30,Millennial,Male
13650,21,Gen Z,Female
13651,28,Millennial,Male
13652,42,Millennial,Female
13653,35,Millennial,Male
13654,22,Gen Z,Female
13655,35,Millennial,Female
13656,57,Gen X,Male
13657,64,Boomer,Female
13658,27,Millennial,Male
13659,25,Gen Z,Male
13660,25,Gen Z,Female
13661,57,Gen X,Male
13662,33,Millennial,Female
13663,24,Gen Z,Male
13664,25,Gen Z,Male
13665,27,Millennial,Male
13666,49,Gen X,Female
13667,55,Gen X,Female
13668,62,Boomer,Female
13669,37,Millennial,Female
13670,42,Millennial,Male
13671,23,Gen Z,Male
13672,23,Gen Z,Male
13673,26,Gen Z,Male
13674,50,Gen X,Male
13675,36,Millennial,Female
13676,21,Gen Z,Male
13677,60,Boomer,Male
13678,31,Millennial,Male
13679,26,Gen Z,Male
13680,31,Millennial,Female
13681,36,Millennial,Male
13682,47,Gen X,Male
13683,22,Gen Z,Female
13684,42,Millennial,Male
13685,25,Gen Z,Male
13686,33,Millennial,Female
13687,49,Gen X,Male
13688,31,Millennial,Male
13689,28,Millennial,Male
13690,22,Gen Z,Male
13691,40,Millennial,Male
13692,42,Millennial,Male
13693,22,Gen Z,Female
13694,51,Gen X,Female
13695,38,Millennial,Male
13696,34,Millennial,Female
13697,28,Millennial,Male
13698,47,Gen X,Female
13699,56,Gen X,Male
13700,41,Millennial,Male
13701,47,Gen X,Male
13702,72,Boomer,Female
13703,38,Millennial,Male
13704,28,Millennial,Female
13705,24,Gen Z,Female
13706,29,Millennial,Male
13707,46,Gen X,Male
13708,29,Millennial,Male
13709,63,Boomer,Female
13710,21,Gen Z,Male
13711,39,Millennial,Male
13712,21,Gen Z,Male
13713,33,Millennial,Female
13714,29,Millennial,Female
13715,31,Millennial,Male
13716,22,Gen Z,Male
13717,21,Gen Z,Male
13718,63,Boomer,Male
13719,48,Gen X,Male
13720,40,Millennial,Male
13721,32,Millennial,Male
13722,56,Gen X,Male
13723,38,Millennial,Female
13724,24,Gen Z,Male
13725,38,Millennial,Male
13726,37,Millennial,Female
13727,63,Boomer,Female
13728,29,Millennial,Male
13729,24,Gen Z,Female
13730,35,Millennial,Male
13731,34,Millennial,Female
13732,30,Millennial,Male
13733,41,Millennial,Female
13734,32,Millennial,Male
13735,31,Millennial,Male
13736,74,Boomer,Female
13737,66,Boomer,Male
13738,40,Millennial,Male
13739,39,Millennial,Female
13740,26,Gen Z,Female
13741,23,Gen Z,Male
13742,53,Gen X,Male
13743,30,Millennial,Male
13744,37,Millennial,Female
13745,31,Millennial,Male
13746,24,Gen Z,Female
13747,47,Gen X,Male
13748,53,Gen X,Male
13749,35,Millennial,Male
13750,38,Millennial,Male
13751,27,Millennial,Male
13752,46,Gen X,Male
13753,48,Gen X,Female
13754,30,Millennial,Male
13755,32,Millennial,Male
13756,58,Gen X,Male
13757,38,Millennial,Male
13758,52,Gen X,Male
13759,27,Millennial,Male
13760,40,Millennial,Male
13761,37,Millennial,Male
13762,28,Millennial,Male
13763,21,Gen Z,Female
13764,41,Millennial,Male
13765,21,Gen Z,Female
13766,34,Millennial,Male
13767,36,Millennial,Male
13768,29,Millennial,Male
13769,39,Millennial,Female
13770,74,Boomer,Male
13771,30,Millennial,Male
13772,21,Gen Z,Female
13773,70,Boomer,Female
13774,74,Boomer,Female
13775,49,Gen X,Female
13776,33,Millennial,Male
13777,37,Millennial,Male
13778,56,Gen X,Male
13779,28,Millennial,Male
13780,36,Millennial,Male
13781,27,Millennial,Male
13782,36,Millennial,Male
13783,58,Gen X,Female
13784,39,Millennial,Male
13785,64,Boomer,Female
13786,37,Millennial,Male
13787,35,Millennial,Female
13788,21,Gen Z,Male
13789,58,Gen X,Male
13790,26,Gen Z,Female
13791,46,Gen X,Female
13792,25,Gen Z,Male
13793,53,Gen X,Male
13794,46,Gen X,Male
13795,37,Millennial,Male
13796,33,Millennial,Male
13797,30,Millennial,Male
13798,35,Millennial,Female
13799,59,Boomer,Male
13800,58,Gen X,Male
13801,24,Gen Z,Male
13802,25,Gen Z,Female
13803,34,Millennial,Male
13804,52,Gen X,Male
13805,73,Boomer,Female
13806,71,Boomer,Male
13807,34,Millennial,Female
13808,52,Gen X,Male
13809,24,Gen Z,Male
13810,21,Gen Z,Male
13811,72,Boomer,Female
13812,26,Gen Z,Male
13813,29,Millennial,Male
13814,49,Gen X,Male
13815,30,Millennial,Female
13816,23,Gen Z,Male
13817,45,Gen X,Male
13818,29,Millennial,Female
13819,41,Millennial,Male
13820,41,Millennial,Female
13821,28,Millennial,Male
13822,24,Gen Z,Female
13823,33,Millennial,Female
13824,33,Millennial,Male
13825,36,Millennial,Male
13826,36,Millennial,Male
13827,26,Gen Z,Male
13828,37,Millennial,Male
13829,30,Millennial,Male
13830,30,Millennial,Female
13831,32,Millennial,Male
13832,25,Gen Z,Male
13833,68,Boomer,Male
13834,40,Millennial,Male
13835,33,Millennial,Male
13836,38,Millennial,Male
13837,21,Gen Z,Male
13838,47,Gen X,Female
13839,28,Millennial,Male
13840,65,Boomer,Female
13841,56,Gen X,Male
13842,33,Millennial,Male
13843,33,Millennial,Male
13844,48,Gen X,Male
13845,37,Millennial,Male
13846,21,Gen Z,Female
13847,38,Millennial,Male
13848,73,Boomer,Male
13849,34,Millennial,Female
13850,23,Gen Z,Female
13851,58,Gen X,Male
13852,27,Millennial,Female
13853,36,Millennial,Female
13854,46,Gen X,Male
13855,28,Millennial,Male
13856,26,Gen Z,Male
13857,41,Millennial,Female
13858,33,Millennial,Male
13859,37,Millennial,Female
13860,34,Millennial,Male
13861,21,Gen Z,Female
13862,23,Gen Z,Female
13863,26,Gen Z,Female
13864,38,Millennial,Female
13865,32,Millennial,Male
13866,37,Millennial,Male
13867,51,Gen X,Male
13868,41,Millennial,Male
13869,56,Gen X,Male
13870,24,Gen Z,Male
13871,42,Millennial,Male
13872,41,Millennial,Male
13873,39,Millennial,Female
13874,30,Millennial,Male
13875,32,Millennial,Male
13876,24,Gen Z,Male
13877,35,Millennial,Male
13878,47,Gen X,Male
13879,39,Millennial,Male
13880,25,Gen Z,Female
13881,38,Millennial,Male
13882,70,Boomer,Male
13883,34,Millennial,Male
13884,52,Gen X,Female
13885,23,Gen Z,Female
13886,24,Gen Z,Male
13887,35,Millennial,Female
13888,49,Gen X,Female
13889,27,Millennial,Female
13890,56,Gen X,Female
13891,72,Boomer,Male
13892,28,Millennial,Female
13893,44,Gen X,Female
13894,24,Gen Z,Male
13895,66,Boomer,Male
13896,54,Gen X,Female
13897,26,Gen Z,Female
13898,22,Gen Z,Male
13899,52,Gen X,Female
13900,27,Millennial,Male
13901,25,Gen Z,Male
13902,31,Millennial,Female
13903,55,Gen X,Male
13904,63,Boomer,Male
13905,46,Gen X,Male
13906,46,Gen X,Male
13907,28,Millennial,Female
13908,24,Gen Z,Male
13909,38,Millennial,Male
13910,58,Gen X,Male
13911,24,Gen Z,Male
13912,42,Millennial,Male
13913,28,Millennial,Male
13914,66,Boomer,Female
13915,52,Gen X,Male
13916,36,Millennial,Male
13917,37,Millennial,Male
13918,22,Gen Z,Male
13919,28,Millennial,Female
13920,31,Millennial,Male
13921,52,Gen X,Female
13922,53,Gen X,Male
13923,28,Millennial,Male
13924,22,Gen Z,Male
13925,41,Millennial,Male
13926,38,Millennial,Male
13927,34,Millennial,Male
13928,34,Millennial,Male
13929,22,Gen Z,Male
13930,30,Millennial,Male
13931,33,Millennial,Male
13932,30,Millennial,Male
13933,24,Gen Z,Male
13934,24,Gen Z,Female
13935,57,Gen X,Male
13936,25,Gen Z,Female
13937,21,Gen Z,Male
13938,48,Gen X,Male
13939,25,Gen Z,Male
13940,29,Millennial,Male
13941,21,Gen Z,Male
13942,24,Gen Z,Male
13943,54,Gen X,Male
13944,58,Gen X,Male
13945,40,Millennial,Female
13946,39,Millennial,Male
13947,34,Millennial,Female
13948,26,Gen Z,Male
13949,29,Millennial,Male
13950,35,Millennial,Male
13951,68,Boomer,Male
13952,22,Gen Z,Male
13953,58,Gen X,Female
13954,39,Millennial,Male
13955,40,Millennial,Male
13956,30,Millennial,Male
13957,31,Millennial,Male
13958,53,Gen X,Male
13959,23,Gen Z,Female
13960,24,Gen Z,Male
13961,30,Millennial,Male
13962,21,Gen Z,Female
13963,36,Millennial,Male
13964,41,Millennial,Male
13965,65,Boomer,Female
13966,35,Millennial,Female
13967,36,Millennial,Male
13968,42,Millennial,Male
13969,37,Millennial,Male
13970,25,Gen Z,Male
13971,39,Millennial,Male
13972,25,Gen Z,Male
13973,52,Gen X,Male
13974,38,Millennial,Female
13975,46,Gen X,Male
13976,51,Gen X,Male
13977,36,Millennial,Female
13978,48,Gen X,Male
13979,35,Millennial,Male
13980,24,Gen Z,Male
13981,40,Millennial,Male
13982,55,Gen X,Female
13983,36,Millennial,Male
13984,23,Gen Z,Female
13985,34,Millennial,Male
13986,41,Millennial,Male
13987,24,Gen Z,Female
13988,68,Boomer,Male
13989,31,Millennial,Male
13990,22,Gen Z,Male
13991,52,Gen X,Male
13992,46,Gen X,Female
13993,22,Gen Z,Male
13994,50,Gen X,Female
13995,28,Millennial,Female
13996,25,Gen Z,Male
13997,41,Millennial,Female
13998,40,Millennial,Male
13999,27,Millennial,Female
14000,40,Millennial,Male
14001,56,Gen X,Female
14002,25,Gen Z,Male
14003,45,Gen X,Male
14004,43,Gen X,Female
14005,37,Millennial,Female
14006,26,Gen Z,Female
14007,27,Millennial,Male
14008,41,Millennial,Male
14009,40,Millennial,Female
14010,29,Millennial,Male
14011,36,Millennial,Male
14012,37,Millennial,Male
14013,47,Gen X,Male
14014,25,Gen Z,Male
14015,39,Millennial,Male
14016,37,Millennial,Male
14017,40,Millennial,Male
14018,35,Millennial,Male
14019,29,Millennial,Female
14020,68,Boomer,Male
14021,38,Millennial,Male
14022,50,Gen X,Female
14023,39,Millennial,Male
14024,58,Gen X,Male
14025,26,Gen Z,Male
14026,39,Millennial,Male
14027,22,Gen Z,Male
14028,48,Gen X,Male
14029,41,Millennial,Female
14030,43,Gen X,Male
14031,26,Gen Z,Female
14032,34,Millennial,Male
14033,30,Millennial,Male
14034,22,Gen Z,Male
14035,32,Millennial,Male
14036,30,Millennial,Male
14037,56,Gen X,Male
14038,31,Millennial,Male
14039,38,Millennial,Male
14040,35,Millennial,Male
14041,29,Millennial,Male
14042,55,Gen X,Male
14043,22,Gen Z,Female
14044,43,Gen X,Male
14045,22,Gen Z,Male
14046,22,Gen Z,Male
14047,21,Gen Z,Female
14048,21,Gen Z,Female
14049,49,Gen X,Male
14050,31,Millennial,Male
14051,45,Gen X,Male
14052,27,Millennial,Male
14053,24,Gen Z,Male
14054,57,Gen X,Male
14055,30,Millennial,Male
14056,31,Millennial,Female
14057,21,Gen Z,Male
14058,37,Millennial,Female
14059,46,Gen X,Female
14060,66,Boomer,Female
14061,31,Millennial,Female
14062,32,Millennial,Male
14063,23,Gen Z,Female
14064,33,Millennial,Female
14065,40,Millennial,Male
14066,28,Millennial,Male
14067,50,Gen X,Male
14068,50,Gen X,Female
14069,40,Millennial,Female
14070,61,Boomer,Male
14071,49,Gen X,Female
14072,30,Millennial,Male
14073,48,Gen X,Male
14074,40,Millennial,Female
14075,43,Gen X,Male
14076,21,Gen Z,Female
14077,33,Millennial,Female
14078,23,Gen Z,Female
14079,39,Millennial,Male
14080,43,Gen X,Male
14081,22,Gen Z,Male
14082,22,Gen Z,Female
14083,58,Gen X,Male
14084,72,Boomer,Male
14085,57,Gen X,Male
14086,35,Millennial,Male
14087,45,Gen X,Female
14088,64,Boomer,Male
14089,28,Millennial,Male
14090,45,Gen X,Female
14091,32,Millennial,Female
14092,41,Millennial,Male
14093,34,Millennial,Male
14094,35,Millennial,Female
14095,31,Millennial,Male
14096,32,Millennial,Male
14097,35,Millennial,Male
14098,35,Millennial,Male
14099,52,Gen X,Male
14100,28,Millennial,Female
14101,24,Gen Z,Male
14102,39,Millennial,Male
14103,33,Millennial,Male
14104,41,Millennial,Female
14105,37,Millennial,Male
14106,41,Millennial,Male
14107,22,Gen Z,Male
14108,26,Gen Z,Male
14109,26,Gen Z,Male
14110,69,Boomer,Male
14111,42,Millennial,Male
14112,64,Boomer,Male
14113,22,Gen Z,Male
14114,72,Boomer,Female
14115,40,Millennial,Male
14116,31,Millennial,Male
14117,24,Gen Z,Female
14118,45,Gen X,Male
14119,47,Gen X,Male
14120,61,Boomer,Male
14121,33,Millennial,Male
14122,44,Gen X,Male
14123,28,Millennial,Male
14124,32,Millennial,Female
14125,28,Millennial,Male
14126,66,Boomer,Female
14127,31,Millennial,Male
14128,49,Gen X,Male
14129,39,Millennial,Male
14130,21,Gen Z,Male
14131,25,Gen Z,Female
14132,37,Millennial,Female
14133,36,Millennial,Male
14134,58,Gen X,Female
14135,22,Gen Z,Female
14136,62,Boomer,Female
14137,23,Gen Z,Female
14138,23,Gen Z,Female
14139,42,Millennial,Female
14140,48,Gen X,Female
14141,31,Millennial,Female
14142,46,Gen X,Male
14143,52,Gen X,Male
14144,37,Millennial,Male
14145,29,Millennial,Female
14146,54,Gen X,Male
14147,33,Millennial,Male
14148,27,Millennial,Male
14149,38,Millennial,Male
14150,22,Gen Z,Male
14151,45,Gen X,Female
14152,40,Millennial,Male
14153,34,Millennial,Female
14154,27,Millennial,Male
14155,39,Millennial,Female
14156,28,Millennial,Female
14157,29,Millennial,Female
14158,58,Gen X,Male
14159,23,Gen Z,Male
14160,22,Gen Z,Male
14161,52,Gen X,Female
14162,21,Gen Z,Male
14163,39,Millennial,Female
14164,24,Gen Z,Female
14165,31,Millennial,Male
14166,30,Millennial,Male
14167,22,Gen Z,Male
14168,24,Gen Z,Male
14169,21,Gen Z,Female
14170,33,Millennial,Male
14171,24,Gen Z,Male
14172,37,Millennial,Female
14173,27,Millennial,Male
14174,25,Gen Z,Male
14175,23,Gen Z,Male
14176,22,Gen Z,Male
14177,29,Millennial,Male
14178,42,Millennial,Male
14179,32,Millennial,Male
14180,54,Gen X,Male
14181,25,Gen Z,Male
14182,24,Gen Z,Male
14183,34,Millennial,Male
14184,33,Millennial,Female
14185,29,Millennial,Male
14186,43,Gen X,Male
14187,26,Gen Z,Male
14188,63,Boomer,Female
14189,37,Millennial,Male
14190,27,Millennial,Female
14191,25,Gen Z,Female
14192,23,Gen Z,Female
14193,28,Millennial,Male
14194,72,Boomer,Male
14195,43,Gen X,Male
14196,40,Millennial,Male
14197,36,Millennial,Male
14198,51,Gen X,Male
14199,24,Gen Z,Female
14200,28,Millennial,Female
14201,34,Millennial,Female
14202,58,Gen X,Female
14203,57,Gen X,Female
14204,39,Millennial,Male
14205,26,Gen Z,Male
14206,29,Millennial,Male
14207,21,Gen Z,Female
14208,24,Gen Z,Male
14209,24,Gen Z,Male
14210,31,Millennial,Female
14211,26,Gen Z,Female
14212,39,Millennial,Female
14213,30,Millennial,Male
14214,30,Millennial,Male
14215,35,Millennial,Male
14216,39,Millennial,Male
14217,67,Boomer,Male
14218,32,Millennial,Male
14219,63,Boomer,Male
14220,29,Millennial,Male
14221,22,Gen Z,Male
14222,23,Gen Z,Male
14223,22,Gen Z,Male
14224,26,Gen Z,Male
14225,23,Gen Z,Female
14226,40,Millennial,Female
14227,36,Millennial,Male
14228,21,Gen Z,Male
14229,40,Millennial,Male
14230,40,Millennial,Male
14231,24,Gen Z,Female
14232,31,Millennial,Female
14233,29,Millennial,Female
14234,54,Gen X,Male
14235,37,Millennial,Male
14236,34,Millennial,Male
14237,30,Millennial,Female
14238,22,Gen Z,Male
14239,22,Gen Z,Male
14240,33,Millennial,Female
14241,44,Gen X,Female
14242,38,Millennial,Male
14243,31,Millennial,Male
14244,55,Gen X,Male
14245,21,Gen Z,Male
14246,67,Boomer,Female
14247,23,Gen Z,Male
14248,26,Gen Z,Female
14249,26,Gen Z,Male
14250,27,Millennial,Female
14251,25,Gen Z,Male
14252,55,Gen X,Male
14253,59,Boomer,Male
14254,26,Gen Z,Female
14255,52,Gen X,Male
14256,22,Gen Z,Male
14257,26,Gen Z,Male
14258,23,Gen Z,Male
14259,40,Millennial,Male
14260,35,Millennial,Male
14261,32,Millennial,Female
14262,64,Boomer,Male
14263,21,Gen Z,Female
14264,26,Gen Z,Male
14265,35,Millennial,Male
14266,40,Millennial,Female
14267,47,Gen X,Male
14268,45,Gen X,Male
14269,32,Millennial,Male
14270,66,Boomer,Male
14271,24,Gen Z,Female
14272,24,Gen Z,Female
14273,21,Gen Z,Female
14274,26,Gen Z,Female
14275,41,Millennial,Female
14276,37,Millennial,Female
14277,41,Millennial,Male
14278,35,Millennial,Male
14279,33,Millennial,Male
14280,35,Millennial,Male
14281,21,Gen Z,Male
14282,21,Gen Z,Male
14283,37,Millennial,Male
14284,50,Gen X,Male
14285,47,Gen X,Male
14286,38,Millennial,Male
14287,68,Boomer,Male
14288,33,Millennial,Male
14289,38,Millennial,Male
14290,22,Gen Z,Male
14291,70,Boomer,Female
14292,53,Gen X,Female
14293,23,Gen Z,Female
14294,25,Gen Z,Female
14295,25,Gen Z,Male
14296,23,Gen Z,Male
14297,26,Gen Z,Male
14298,37,Millennial,Male
14299,53,Gen X,Male
14300,45,Gen X,Male
14301,22,Gen Z,Female
14302,74,Boomer,Male
14303,22,Gen Z,Male
14304,37,Millennial,Female
14305,44,Gen X,Male
14306,34,Millennial,Male
14307,27,Millennial,Male
14308,24,Gen Z,Male
14309,35,Millennial,Male
14310,47,Gen X,Male
14311,41,Millennial,Male
14312,22,Gen Z,Male
14313,21,Gen Z,Female
14314,49,Gen X,Female
14315,31,Millennial,Male
14316,38,Millennial,Male
14317,36,Millennial,Female
14318,32,Millennial,Male
14319,23,Gen Z,Female
14320,26,Gen Z,Male
14321,26,Gen Z,Male
14322,38,Millennial,Male
14323,24,Gen Z,Female
14324,33,Millennial,Male
14325,38,Millennial,Male
14326,24,Gen Z,Male
14327,26,Gen Z,Female
14328,58,Gen X,Male
14329,50,Gen X,Female
14330,42,Millennial,Female
14331,30,Millennial,Male
14332,37,Millennial,Male
14333,49,Gen X,Male
14334,35,Millennial,Female
14335,29,Millennial,Male
14336,32,Millennial,Male
14337,30,Millennial,Male
14338,26,Gen Z,Male
14339,69,Boomer,Male
14340,62,Boomer,Male
14341,39,Millennial,Male
14342,61,Boomer,Male
14343,37,Millennial,Male
14344,41,Millennial,Female
14345,27,Millennial,Male
14346,50,Gen X,Male
14347,34,Millennial,Female
14348,26,Gen Z,Male
14349,35,Millennial,Female
14350,32,Millennial,Male
14351,41,Millennial,Male
14352,26,Gen Z,Male
14353,26,Gen Z,Male
14354,22,Gen Z,Male
14355,46,Gen X,Female
14356,26,Gen Z,Female
14357,61,Boomer,Female
14358,35,Millennial,Female
14359,34,Millennial,Male
14360,39,Millennial,Male
14361,41,Millennial,Male
14362,23,Gen Z,Female
14363,57,Gen X,Male
14364,40,Millennial,Male
14365,36,Millennial,Male
14366,34,Millennial,Female
14367,68,Boomer,Male
14368,28,Millennial,Female
14369,52,Gen X,Male
14370,34,Millennial,Male
14371,37,Millennial,Male
14372,32,Millennial,Male
14373,43,Gen X,Male
14374,22,Gen Z,Male
14375,29,Millennial,Male
14376,35,Millennial,Female
14377,28,Millennial,Male
14378,23,Gen Z,Male
14379,26,Gen Z,Male
14380,37,Millennial,Male
14381,73,Boomer,Male
14382,49,Gen X,Male
14383,38,Millennial,Male
14384,37,Millennial,Male
14385,33,Millennial,Female
14386,42,Millennial,Male
14387,46,Gen X,Female
14388,47,Gen X,Female
14389,37,Millennial,Male
14390,34,Millennial,Male
14391,26,Gen Z,Female
14392,38,Millennial,Male
14393,46,Gen X,Male
14394,63,Boomer,Male
14395,26,Gen Z,Female
14396,57,Gen X,Male
14397,24,Gen Z,Female
14398,41,Millennial,Male
14399,56,Gen X,Male
14400,34,Millennial,Female
14401,28,Millennial,Male
14402,32,Millennial,Female
14403,23,Gen Z,Female
14404,22,Gen Z,Female
14405,58,Gen X,Female
14406,55,Gen X,Male
14407,40,Millennial,Female
14408,26,Gen Z,Male
14409,35,Millennial,Female
14410,38,Millennial,Male
14411,26,Gen Z,Male
14412,34,Millennial,Female
14413,45,Gen X,Male
14414,58,Gen X,Female
14415,29,Millennial,Male
14416,36,Millennial,Female
14417,37,Millennial,Male
14418,33,Millennial,Male
14419,25,Gen Z,Male
14420,26,Gen Z,Female
14421,35,Millennial,Male
14422,32,Millennial,Male
14423,42,Millennial,Male
14424,33,Millennial,Male
14425,57,Gen X,Female
14426,41,Millennial,Female
14427,36,Millennial,Male
14428,25,Gen Z,Male
14429,21,Gen Z,Female
14430,27,Millennial,Male
14431,24,Gen Z,Male
14432,24,Gen Z,Male
14433,25,Gen Z,Male
14434,31,Millennial,Female
14435,27,Millennial,Female
14436,22,Gen Z,Male
14437,24,Gen Z,Female
14438,22,Gen Z,Female
14439,34,Millennial,Female
14440,50,Gen X,Male
14441,71,Boomer,Female
14442,73,Boomer,Female
14443,29,Millennial,Female
14444,32,Millennial,Male
14445,28,Millennial,Male
14446,22,Gen Z,Female
14447,60,Boomer,Male
14448,39,Millennial,Female
14449,35,Millennial,Male
14450,21,Gen Z,Male
14451,39,Millennial,Male
14452,35,Millennial,Male
14453,34,Millennial,Male
14454,24,Gen Z,Female
14455,39,Millennial,Male
14456,30,Millennial,Male
14457,71,Boomer,Male
14458,53,Gen X,Male
14459,23,Gen Z,Male
14460,54,Gen X,Female
14461,35,Millennial,Male
14462,26,Gen Z,Male
14463,35,Millennial,Male
14464,33,Millennial,Female
14465,50,Gen X,Male
14466,45,Gen X,Male
14467,42,Millennial,Male
14468,22,Gen Z,Male
14469,43,Gen X,Male
14470,49,Gen X,Male
14471,55,Gen X,Male
14472,38,Millennial,Male
14473,26,Gen Z,Female
14474,63,Boomer,Male
14475,73,Boomer,Male
14476,29,Millennial,Male
14477,24,Gen Z,Male
14478,56,Gen X,Male
14479,21,Gen Z,Male
14480,60,Boomer,Female
14481,63,Boomer,Female
14482,32,Millennial,Male
14483,30,Millennial,Male
14484,48,Gen X,Male
14485,21,Gen Z,Male
14486,21,Gen Z,Male
14487,37,Millennial,Male
14488,35,Millennial,Male
14489,61,Boomer,Male
14490,40,Millennial,Male
14491,53,Gen X,Female
14492,35,Millennial,Male
14493,26,Gen Z,Female
14494,39,Millennial,Female
14495,38,Millennial,Female
14496,32,Millennial,Female
14497,32,Millennial,Female
14498,67,Boomer,Male
14499,40,Millennial,Female
14500,36,Millennial,Male
14501,47,Gen X,Male
14502,39,Millennial,Male
14503,23,Gen Z,Male
14504,74,Boomer,Female
14505,43,Gen X,Female
14506,39,Millennial,Male
14507,36,Millennial,Female
14508,52,Gen X,Female
14509,58,Gen X,Male
14510,23,Gen Z,Male
14511,25,Gen Z,Male
14512,25,Gen Z,Male
14513,24,Gen Z,Male
14514,21,Gen Z,Female
14515,37,Millennial,Male
14516,34,Millennial,Male
14517,26,Gen Z,Female
14518,33,Millennial,Male
14519,21,Gen Z,Female
14520,35,Millennial,Female
14521,37,Millennial,Male
14522,41,Millennial,Male
14523,30,Millennial,Male
14524,51,Gen X,Female
14525,43,Gen X,Male
14526,29,Millennial,Male
14527,36,Millennial,Male
14528,52,Gen X,Female
14529,31,Millennial,Male
14530,23,Gen Z,Male
14531,43,Gen X,Male
14532,38,Millennial,Male
14533,41,Millennial,Male
14534,52,Gen X,Male
14535,37,Millennial,Female
14536,55,Gen X,Male
14537,51,Gen X,Male
14538,42,Millennial,Male
14539,27,Millennial,Male
14540,62,Boomer,Male
14541,32,Millennial,Male
14542,40,Millennial,Male
14543,41,Millennial,Female
14544,25,Gen Z,Male
14545,38,Millennial,Female
14546,29,Millennial,Female
14547,22,Gen Z,Female
14548,36,Millennial,Male
14549,63,Boomer,Female
14550,23,Gen Z,Male
14551,41,Millennial,Male
14552,28,Millennial,Male
14553,37,Millennial,Female
14554,39,Millennial,Female
14555,42,Millennial,Male
14556,26,Gen Z,Male
14557,35,Millennial,Female
14558,29,Millennial,Male
14559,34,Millennial,Male
14560,22,Gen Z,Female
14561,23,Gen Z,Male
14562,27,Millennial,Male
14563,22,Gen Z,Male
14564,42,Millennial,Male
14565,32,Millennial,Male
14566,36,Millennial,Male
14567,52,Gen X,Male
14568,24,Gen Z,Female
14569,38,Millennial,Male
14570,26,Gen Z,Male
14571,21,Gen Z,Male
14572,22,Gen Z,Male
14573,58,Gen X,Female
14574,37,Millennial,Male
14575,38,Millennial,Male
14576,26,Gen Z,Male
14577,38,Millennial,Male
14578,62,Boomer,Male
14579,74,Boomer,Male
14580,45,Gen X,Male
14581,26,Gen Z,Male
14582,37,Millennial,Male
14583,54,Gen X,Male
14584,38,Millennial,Male
14585,24,Gen Z,Male
14586,29,Millennial,Male
14587,31,Millennial,Male
14588,36,Millennial,Male
14589,35,Millennial,Male
14590,27,Millennial,Male
14591,42,Millennial,Male
14592,22,Gen Z,Female
14593,25,Gen Z,Male
14594,21,Gen Z,Male
14595,34,Millennial,Male
14596,26,Gen Z,Male
14597,28,Millennial,Female
14598,39,Millennial,Female
14599,22,Gen Z,Female
14600,29,Millennial,Male
14601,25,Gen Z,Male
14602,35,Millennial,Female
14603,31,Millennial,Male
14604,22,Gen Z,Male
14605,21,Gen Z,Male
14606,52,Gen X,Male
14607,25,Gen Z,Male
14608,62,Boomer,Male
14609,34,Millennial,Male
14610,48,Gen X,Male
14611,24,Gen Z,Female
14612,34,Millennial,Male
14613,29,Millennial,Male
14614,40,Millennial,Male
14615,35,Millennial,Female
14616,57,Gen X,Male
14617,36,Millennial,Female
14618,21,Gen Z,Male
14619,52,Gen X,Female
14620,29,Millennial,Female
14621,29,Millennial,Male
14622,40,Millennial,Male
14623,36,Millennial,Male
14624,67,Boomer,Female
14625,36,Millennial,Male
14626,67,Boomer,Male
14627,24,Gen Z,Male
14628,23,Gen Z,Male
14629,47,Gen X,Male
14630,42,Millennial,Male
14631,29,Millennial,Female
14632,45,Gen X,Female
14633,38,Millennial,Male
14634,30,Millennial,Female
14635,36,Millennial,Male
14636,26,Gen Z,Male
14637,31,Millennial,Female
14638,22,Gen Z,Male
14639,32,Millennial,Male
14640,24,Gen Z,Male
14641,36,Millennial,Male
14642,32,Millennial,Female
14643,28,Millennial,Male
14644,43,Gen X,Male
14645,28,Millennial,Male
14646,42,Millennial,Male
14647,54,Gen X,Female
14648,29,Millennial,Female
14649,22,Gen Z,Male
14650,36,Millennial,Male
14651,52,Gen X,Male
14652,31,Millennial,Male
14653,22,Gen Z,Female
14654,26,Gen Z,Male
14655,29,Millennial,Male
14656,41,Millennial,Male
14657,33,Millennial,Male
14658,40,Millennial,Male
14659,51,Gen X,Female
14660,50,Gen X,Female
14661,35,Millennial,Male
14662,36,Millennial,Male
14663,32,Millennial,Male
14664,41,Millennial,Male
14665,22,Gen Z,Female
14666,25,Gen Z,Male
14667,32,Millennial,Male
14668,22,Gen Z,Male
14669,42,Millennial,Male
14670,29,Millennial,Male
14671,58,Gen X,Male
14672,24,Gen Z,Male
14673,39,Millennial,Male
14674,28,Millennial,Male
14675,27,Millennial,Male
14676,27,Millennial,Male
14677,49,Gen X,Male
14678,33,Millennial,Male
14679,31,Millennial,Male
14680,42,Millennial,Female
14681,29,Millennial,Female
14682,73,Boomer,Male
14683,21,Gen Z,Male
14684,40,Millennial,Male
14685,22,Gen Z,Male
14686,40,Millennial,Female
14687,32,Millennial,Male
14688,33,Millennial,Male
14689,22,Gen Z,Male
14690,21,Gen Z,Male
14691,32,Millennial,Male
14692,27,Millennial,Male
14693,38,Millennial,Female
14694,34,Millennial,Male
14695,30,Millennial,Male
14696,25,Gen Z,Male
14697,36,Millennial,Male
14698,27,Millennial,Female
14699,37,Millennial,Male
14700,74,Boomer,Male
14701,23,Gen Z,Male
14702,38,Millennial,Female
14703,39,Millennial,Male
14704,38,Millennial,Male
14705,30,Millennial,Male
14706,39,Millennial,Female
14707,29,Millennial,Female
14708,46,Gen X,Female
14709,54,Gen X,Male
14710,34,Millennial,Male
14711,34,Millennial,Male
14712,39,Millennial,Male
14713,40,Millennial,Female
14714,47,Gen X,Female
14715,34,Millennial,Female
14716,35,Millennial,Male
14717,21,Gen Z,Male
14718,39,Millennial,Male
14719,33,Millennial,Male
14720,42,Millennial,Male
14721,26,Gen Z,Male
14722,37,Millennial,Male
14723,32,Millennial,Male
14724,35,Millennial,Male
14725,28,Millennial,Male
14726,24,Gen Z,Male
14727,25,Gen Z,Male
14728,58,Gen X,Female
14729,28,Millennial,Female
14730,21,Gen Z,Female
14731,32,Millennial,Male
14732,27,Millennial,Male
14733,64,Boomer,Male
14734,39,Millennial,Male
14735,22,Gen Z,Male
14736,26,Gen Z,Male
14737,35,Millennial,Female
14738,32,Millennial,Male
14739,30,Millennial,Female
14740,31,Millennial,Male
14741,43,Gen X,Male
14742,73,Boomer,Female
14743,45,Gen X,Female
14744,28,Millennial,Female
14745,25,Gen Z,Male
14746,26,Gen Z,Male
14747,36,Millennial,Male
14748,23,Gen Z,Female
14749,27,Millennial,Male
14750,37,Millennial,Female
14751,58,Gen X,Male
14752,56,Gen X,Female
14753,33,Millennial,Male
14754,23,Gen Z,Male
14755,32,Millennial,Male
14756,28,Millennial,Male
14757,33,Millennial,Male
14758,36,Millennial,Male
14759,34,Millennial,Female
14760,29,Millennial,Male
14761,40,Millennial,Male
14762,34,Millennial,Female
14763,36,Millennial,Male
14764,60,Boomer,Male
14765,30,Millennial,Male
14766,38,Millennial,Male
14767,27,Millennial,Male
14768,36,Millennial,Male
14769,36,Millennial,Male
14770,50,Gen X,Male
14771,21,Gen Z,Male
14772,48,Gen X,Male
14773,22,Gen Z,Male
14774,42,Millennial,Male
14775,39,Millennial,Male
14776,38,Millennial,Male
14777,25,Gen Z,Female
14778,44,Gen X,Male
14779,42,Millennial,Male
14780,56,Gen X,Male
14781,40,Millennial,Male
14782,34,Millennial,Female
14783,23,Gen Z,Female
14784,31,Millennial,Male
14785,48,Gen X,Female
14786,25,Gen Z,Female
14787,29,Millennial,Female
14788,33,Millennial,Female
14789,30,Millennial,Female
14790,30,Millennial,Male
14791,28,Millennial,Male
14792,26,Gen Z,Male
14793,26,Gen Z,Male
14794,36,Millennial,Male
14795,54,Gen X,Female
14796,22,Gen Z,Female
14797,23,Gen Z,Male
14798,42,Millennial,Male
14799,32,Millennial,Female
14800,28,Millennial,Male
14801,54,Gen X,Male
14802,41,Millennial,Male
14803,62,Boomer,Male
14804,44,Gen X,Male
14805,59,Boomer,Male
14806,24,Gen Z,Male
14807,37,Millennial,Male
14808,58,Gen X,Male
14809,25,Gen Z,Female
14810,48,Gen X,Male
14811,60,Boomer,Female
14812,22,Gen Z,Female
14813,33,Millennial,Male
14814,50,Gen X,Male
14815,25,Gen Z,Male
14816,47,Gen X,Male
14817,41,Millennial,Male
14818,24,Gen Z,Male
14819,33,Millennial,Male
14820,54,Gen X,Male
14821,31,Millennial,Male
14822,26,Gen Z,Male
14823,30,Millennial,Male
14824,30,Millennial,Male
14825,23,Gen Z,Male
14826,40,Millennial,Female
14827,28,Millennial,Male
14828,46,Gen X,Male
14829,24,Gen Z,Male
14830,55,Gen X,Female
14831,31,Millennial,Male
14832,39,Millennial,Male
14833,22,Gen Z,Female
14834,37,Millennial,Male
14835,30,Millennial,Female
14836,37,Millennial,Male
14837,65,Boomer,Male
14838,36,Millennial,Male
14839,32,Millennial,Female
14840,44,Gen X,Female
14841,30,Millennial,Male
14842,34,Millennial,Female
14843,56,Gen X,Male
14844,21,Gen Z,Male
14845,38,Millennial,Male
14846,33,Millennial,Male
14847,71,Boomer,Male
14848,65,Boomer,Male
14849,53,Gen X,Female
14850,29,Millennial,Male
14851,33,Millennial,Male
14852,52,Gen X,Female
14853,39,Millennial,Female
14854,27,Millennial,Male
14855,31,Millennial,Male
14856,24,Gen Z,Female
14857,45,Gen X,Female
14858,30,Millennial,Male
14859,30,Millennial,Male
14860,43,Gen X,Female
14861,55,Gen X,Male
14862,28,Millennial,Male
14863,30,Millennial,Male
14864,71,Boomer,Female
14865,25,Gen Z,Male
14866,30,Millennial,Male
14867,51,Gen X,Male
14868,54,Gen X,Female
14869,30,Millennial,Female
14870,22,Gen Z,Male
14871,58,Gen X,Female
14872,21,Gen Z,Male
14873,29,Millennial,Male
14874,21,Gen Z,Female
14875,35,Millennial,Female
14876,38,Millennial,Male
14877,43,Gen X,Male
14878,23,Gen Z,Male
14879,25,Gen Z,Male
14880,41,Millennial,Female
14881,32,Millennial,Female
14882,31,Millennial,Male
14883,44,Gen X,Female
14884,64,Boomer,Male
14885,41,Millennial,Male
14886,72,Boomer,Male
14887,42,Millennial,Female
14888,25,Gen Z,Female
14889,31,Millennial,Male
14890,33,Millennial,Male
14891,30,Millennial,Male
14892,36,Millennial,Male
14893,65,Boomer,Male
14894,28,Millennial,Male
14895,57,Gen X,Male
14896,34,Millennial,Male
14897,52,Gen X,Male
14898,42,Millennial,Male
14899,27,Millennial,Male
14900,24,Gen Z,Female
14901,33,Millennial,Male
14902,49,Gen X,Male
14903,37,Millennial,Male
14904,35,Millennial,Female
14905,67,Boomer,Female
14906,38,Millennial,Male
14907,34,Millennial,Male
14908,39,Millennial,Male
14909,39,Millennial,Male
14910,26,Gen Z,Male
14911,49,Gen X,Male
14912,67,Boomer,Male
14913,28,Millennial,Male
14914,43,Gen X,Female
14915,22,Gen Z,Male
14916,21,Gen Z,Female
14917,25,Gen Z,Male
14918,27,Millennial,Male
14919,55,Gen X,Male
14920,26,Gen Z,Female
14921,34,Millennial,Female
14922,36,Millennial,Male
14923,21,Gen Z,Female
14924,35,Millennial,Male
14925,24,Gen Z,Female
14926,35,Millennial,Male
14927,28,Millennial,Male
14928,28,Millennial,Female
14929,41,Millennial,Male
14930,53,Gen X,Female
14931,27,Millennial,Male
14932,40,Millennial,Male
14933,38,Millennial,Female
14934,36,Millennial,Male
14935,30,Millennial,Male
14936,38,Millennial,Male
14937,32,Millennial,Male
14938,36,Millennial,Male
14939,70,Boomer,Female
14940,39,Millennial,Female
14941,23,Gen Z,Male
14942,21,Gen Z,Male
14943,22,Gen Z,Male
14944,32,Millennial,Female
14945,38,Millennial,Female
14946,27,Millennial,Male
14947,42,Millennial,Male
14948,36,Millennial,Female
14949,35,Millennial,Male
14950,21,Gen Z,Male
14951,25,Gen Z,Male
14952,40,Millennial,Female
14953,36,Millennial,Male
14954,41,Millennial,Male
14955,25,Gen Z,Male
14956,34,Millennial,Male
14957,21,Gen Z,Male
14958,40,Millennial,Female
14959,33,Millennial,Male
14960,25,Gen Z,Female
14961,55,Gen X,Female
14962,31,Millennial,Male
14963,45,Gen X,Male
14964,22,Gen Z,Female
14965,55,Gen X,Female
14966,38,Millennial,Male
14967,69,Boomer,Male
14968,39,Millennial,Male
14969,33,Millennial,Male
14970,27,Millennial,Male
14971,32,Millennial,Female
14972,39,Millennial,Male
14973,31,Millennial,Male
14974,25,Gen Z,Male
14975,35,Millennial,Female
14976,31,Millennial,Male
14977,64,Boomer,Male
14978,38,Millennial,Female
14979,33,Millennial,Male
14980,32,Millennial,Male
14981,51,Gen X,Male
14982,23,Gen Z,Female
14983,23,Gen Z,Male
14984,28,Millennial,Male
14985,45,Gen X,Female
14986,24,Gen Z,Male
14987,36,Millennial,Male
14988,22,Gen Z,Male
14989,65,Boomer,Male
14990,40,Millennial,Male
14991,58,Gen X,Male
14992,44,Gen X,Female
14993,23,Gen Z,Male
14994,52,Gen X,Male
14995,41,Millennial,Female
14996,29,Millennial,Female
14997,24,Gen Z,Male
14998,22,Gen Z,Male
14999,42,Millennial,Female
15000,26,Gen Z,Male
