customer_id,gender,generation,segment,home_store_id,total_visits,first_visit_date,last_visit_date
1,Male,Millennial,one_and_done,1,1,2025-11-21,2025-11-21
2,Male,Millennial,occasional,3,7,2025-08-30,2026-05-30
3,Male,Boomer,occasional,2,4,2025-07-03,2026-02-27
4,Female,Millennial,occasional,2,6,2025-07-02,2026-06-19
5,Male,Gen Z,one_and_done,1,1,2026-01-30,2026-01-30
6,Male,Millennial,occasional,3,7,2025-09-19,2026-05-06
7,Male,Boomer,one_and_done,1,1,2026-05-24,2026-05-24
8,Female,Gen Z,loyal,1,19,2025-07-25,2026-06-07
9,Female,Millennial,regular,2,18,2025-07-04,2026-06-20
10,Male,Gen X,regular,1,16,2025-07-23,2026-05-20
11,Male,Millennial,regular,2,21,2025-07-06,2026-06-19
12,Female,Millennial,occasional,4,6,2025-07-15,2026-06-02
13,Female,Gen Z,one_and_done,2,1,2025-09-05,2025-09-05
14,Female,Millennial,occasional,1,6,2025-08-29,2026-06-21
15,Male,Millennial,one_and_done,1,1,2026-03-05,2026-03-05
16,Male,Gen Z,occasional,1,5,2025-07-11,2026-05-26
17,Female,Millennial,occasional,1,6,2025-07-01,2026-06-07
18,Male,Millennial,occasional,2,7,2025-08-11,2026-05-18
19,Female,Millennial,regular,1,18,2025-07-02,2026-06-18
20,Male,Boomer,one_and_done,7,1,2025-11-19,2025-11-19
21,Female,Millennial,occasional,2,6,2025-11-15,2026-04-22
22,Male,Gen Z,regular,1,15,2025-06-30,2026-05-27
23,Male,Gen X,one_and_done,1,1,2025-07-11,2025-07-11
24,Male,Gen Z,occasional,5,5,2025-07-03,2026-05-23
25,Female,Gen Z,one_and_done,1,1,2026-01-07,2026-01-07
26,Male,Millennial,one_and_done,7,1,2026-05-13,2026-05-13
27,Male,Gen Z,regular,7,15,2025-07-11,2026-04-10
28,Female,Boomer,one_and_done,7,1,2025-08-12,2025-08-12
29,Male,Millennial,one_and_done,2,1,2026-05-31,2026-05-31
30,Male,Boomer,occasional,1,4,2025-11-13,2026-04-19
31,Male,Gen Z,one_and_done,1,1,2026-06-09,2026-06-09
32,Male,Gen X,regular,2,16,2025-07-09,2026-06-04
33,Male,Millennial,one_and_done,1,1,2025-10-26,2025-10-26
34,Male,Millennial,one_and_done,4,1,2026-01-27,2026-01-27
35,Male,Gen Z,one_and_done,1,1,2025-08-10,2025-08-10
36,Male,Gen Z,occasional,1,5,2025-08-11,2026-02-09
37,Female,Gen Z,one_and_done,2,1,2025-07-16,2025-07-16
38,Male,Gen X,one_and_done,3,1,2025-12-27,2025-12-27
39,Male,Gen Z,one_and_done,3,1,2026-04-03,2026-04-03
40,Male,Millennial,occasional,2,7,2025-07-12,2026-06-21
41,Female,Gen Z,occasional,1,4,2026-02-08,2026-06-10
42,Male,Boomer,one_and_done,1,1,2026-03-10,2026-03-10
43,Male,Millennial,one_and_done,3,1,2025-12-31,2025-12-31
44,Male,Gen Z,one_and_done,9,1,2025-11-14,2025-11-14
45,Male,Millennial,one_and_done,1,1,2025-10-26,2025-10-26
46,Male,Millennial,one_and_done,1,1,2026-04-17,2026-04-17
47,Male,Millennial,regular,7,21,2025-08-09,2026-06-15
48,Male,Boomer,occasional,6,4,2025-08-07,2026-04-19
49,Male,Millennial,one_and_done,1,1,2026-05-20,2026-05-20
50,Male,Millennial,regular,1,21,2025-07-05,2026-06-23
51,Male,Millennial,one_and_done,2,1,2026-03-31,2026-03-31
52,Male,Millennial,loyal,3,30,2025-07-04,2026-06-19
53,Male,Millennial,occasional,1,7,2025-07-30,2026-02-26
54,Male,Millennial,one_and_done,1,1,2026-03-02,2026-03-02
55,Female,Gen Z,regular,2,13,2025-07-10,2026-03-26
56,Female,Boomer,occasional,1,3,2025-10-30,2026-06-20
57,Male,Boomer,occasional,2,4,2026-01-22,2026-06-17
58,Female,Gen X,one_and_done,1,1,2026-02-23,2026-02-23
59,Male,Gen X,regular,1,16,2025-07-04,2026-06-14
60,Male,Millennial,one_and_done,2,1,2025-12-18,2025-12-18
61,Male,Millennial,one_and_done,1,1,2025-10-04,2025-10-04
62,Male,Millennial,loyal,2,30,2025-07-02,2026-06-14
63,Female,Millennial,occasional,1,6,2025-07-14,2026-05-15
64,Female,Gen Z,one_and_done,1,1,2026-01-24,2026-01-24
65,Female,Millennial,loyal,1,26,2025-06-30,2026-06-20
66,Female,Gen X,one_and_done,1,1,2025-11-16,2025-11-16
67,Male,Gen Z,one_and_done,4,1,2026-06-17,2026-06-17
68,Male,Gen X,one_and_done,1,1,2026-04-09,2026-04-09
69,Male,Millennial,regular,8,21,2025-08-15,2026-06-22
70,Male,Millennial,one_and_done,6,1,2025-11-19,2025-11-19
71,Female,Millennial,one_and_done,3,1,2025-07-09,2025-07-09
72,Female,Millennial,loyal,5,26,2025-07-03,2026-05-22
73,Male,Millennial,one_and_done,1,1,2025-12-06,2025-12-06
74,Male,Millennial,occasional,2,7,2025-09-03,2026-06-16
75,Male,Gen Z,regular,1,15,2025-08-01,2026-06-11
76,Male,Gen X,one_and_done,4,1,2026-01-04,2026-01-04
77,Female,Millennial,occasional,6,6,2025-11-13,2026-03-17
78,Male,Millennial,one_and_done,7,1,2026-05-26,2026-05-26
79,Male,Millennial,occasional,10,7,2025-09-24,2026-05-17
80,Male,Millennial,one_and_done,7,1,2025-07-21,2025-07-21
81,Male,Boomer,one_and_done,1,1,2026-05-29,2026-05-29
82,Male,Gen X,one_and_done,3,1,2026-03-09,2026-03-09
83,Female,Boomer,occasional,3,3,2025-07-25,2025-11-15
84,Female,Millennial,one_and_done,2,1,2026-05-31,2026-05-31
85,Male,Gen Z,one_and_done,1,1,2026-04-23,2026-04-23
86,Female,Gen X,regular,1,15,2025-07-01,2026-06-22
87,Male,Millennial,one_and_done,1,1,2025-07-31,2025-07-31
88,Female,Millennial,one_and_done,1,1,2025-07-14,2025-07-14
89,Male,Millennial,regular,6,21,2025-07-04,2026-06-22
90,Male,Boomer,one_and_done,5,1,2025-08-25,2025-08-25
91,Female,Millennial,one_and_done,1,1,2026-01-21,2026-01-21
92,Male,Gen Z,one_and_done,6,1,2026-01-16,2026-01-16
93,Male,Gen X,one_and_done,1,1,2026-03-15,2026-03-15
94,Male,Gen Z,one_and_done,1,1,2025-12-17,2025-12-17
95,Male,Millennial,occasional,2,7,2025-07-07,2026-04-29
96,Female,Millennial,one_and_done,1,1,2025-09-19,2025-09-19
97,Male,Millennial,one_and_done,1,1,2025-09-18,2025-09-18
98,Female,Millennial,occasional,5,6,2025-10-13,2026-04-24
99,Male,Millennial,one_and_done,1,1,2025-12-23,2025-12-23
100,Male,Millennial,occasional,2,7,2025-08-29,2026-03-17
101,Male,Millennial,occasional,1,7,2025-07-08,2026-05-06
102,Male,Gen X,one_and_done,1,1,2025-10-25,2025-10-25
103,Female,Millennial,one_and_done,2,1,2025-08-17,2025-08-17
104,Female,Millennial,one_and_done,1,1,2025-07-23,2025-07-23
105,Female,Gen X,loyal,1,22,2025-07-01,2026-06-18
106,Female,Gen X,occasional,3,5,2025-07-21,2026-03-23
107,Male,Gen Z,one_and_done,1,1,2026-04-07,2026-04-07
108,Male,Millennial,one_and_done,1,1,2025-08-09,2025-08-09
109,Female,Millennial,one_and_done,1,1,2025-10-06,2025-10-06
110,Male,Gen Z,occasional,3,5,2025-09-14,2026-04-19
111,Male,Gen X,one_and_done,2,1,2025-08-09,2025-08-09
112,Male,Millennial,one_and_done,1,1,2026-02-07,2026-02-07
113,Female,Gen Z,one_and_done,2,1,2025-07-24,2025-07-24
114,Male,Gen Z,loyal,6,22,2025-07-08,2026-06-09
115,Male,Millennial,regular,1,21,2025-07-22,2026-06-05
116,Male,Millennial,loyal,1,30,2025-07-03,2026-06-16
117,Male,Gen Z,regular,8,15,2025-08-27,2026-05-21
118,Female,Millennial,loyal,1,26,2025-07-29,2026-05-22
119,Female,Millennial,occasional,8,6,2025-11-28,2026-05-25
120,Female,Millennial,one_and_done,2,1,2026-01-11,2026-01-11
121,Male,Gen Z,one_and_done,10,1,2025-06-30,2025-06-30
122,Male,Gen Z,one_and_done,1,1,2026-02-23,2026-02-23
123,Male,Millennial,occasional,1,7,2025-09-15,2026-06-16
124,Female,Boomer,one_and_done,1,1,2025-10-31,2025-10-31
125,Female,Gen Z,one_and_done,1,1,2025-11-25,2025-11-25
126,Male,Gen Z,one_and_done,3,1,2026-01-27,2026-01-27
127,Female,Gen Z,one_and_done,1,1,2026-03-11,2026-03-11
128,Female,Millennial,loyal,4,26,2025-07-11,2026-06-17
129,Male,Millennial,one_and_done,1,1,2025-12-20,2025-12-20
130,Male,Gen X,regular,1,16,2025-07-05,2026-05-22
131,Male,Gen X,occasional,2,5,2025-07-11,2026-03-26
132,Male,Gen X,one_and_done,8,1,2025-11-04,2025-11-04
133,Male,Gen Z,one_and_done,1,1,2026-06-04,2026-06-04
134,Male,Gen X,regular,1,16,2025-07-31,2026-05-14
135,Female,Gen X,occasional,1,5,2025-07-13,2026-06-08
136,Male,Boomer,loyal,2,17,2025-09-17,2026-05-26
137,Female,Millennial,one_and_done,1,1,2026-02-02,2026-02-02
138,Female,Gen Z,loyal,1,19,2025-07-15,2026-03-20
139,Female,Gen Z,one_and_done,8,1,2025-08-06,2025-08-06
140,Female,Gen X,one_and_done,3,1,2025-07-02,2025-07-02
141,Male,Gen X,regular,6,16,2025-07-10,2026-06-12
142,Male,Millennial,occasional,1,7,2025-08-30,2026-04-28
143,Female,Millennial,occasional,3,6,2025-07-09,2026-06-11
144,Female,Gen X,one_and_done,3,1,2026-05-24,2026-05-24
145,Female,Gen X,regular,2,15,2025-07-04,2026-06-05
146,Male,Gen X,loyal,4,24,2025-07-12,2026-05-28
147,Male,Millennial,one_and_done,1,1,2025-09-21,2025-09-21
148,Male,Millennial,loyal,1,30,2025-06-30,2026-06-06
149,Male,Gen X,regular,1,16,2025-07-04,2026-06-02
150,Male,Millennial,one_and_done,1,1,2025-12-23,2025-12-23
151,Male,Millennial,regular,2,21,2025-08-29,2026-05-29
152,Female,Millennial,occasional,2,6,2025-07-05,2026-05-27
153,Female,Millennial,regular,1,18,2025-08-13,2026-05-28
154,Male,Gen X,regular,2,16,2025-07-07,2026-06-10
155,Female,Gen X,one_and_done,3,1,2025-08-05,2025-08-05
156,Male,Millennial,one_and_done,2,1,2025-09-01,2025-09-01
157,Male,Gen X,one_and_done,1,1,2026-01-01,2026-01-01
158,Female,Gen X,one_and_done,1,1,2025-10-27,2025-10-27
159,Male,Millennial,regular,1,21,2025-07-01,2026-06-07
160,Female,Millennial,regular,3,18,2025-07-21,2026-06-06
161,Female,Gen Z,regular,1,13,2025-08-21,2026-06-20
162,Male,Millennial,one_and_done,1,1,2026-01-14,2026-01-14
163,Female,Gen Z,regular,5,13,2025-08-07,2026-04-06
164,Male,Gen Z,one_and_done,1,1,2025-09-28,2025-09-28
165,Female,Millennial,occasional,1,6,2025-08-23,2026-06-02
166,Male,Millennial,occasional,1,7,2025-08-11,2026-06-17
167,Male,Gen Z,occasional,1,5,2025-09-21,2026-05-27
168,Female,Millennial,regular,1,18,2025-07-29,2026-06-14
169,Male,Millennial,loyal,2,30,2025-07-04,2026-06-15
170,Male,Millennial,regular,1,21,2025-07-08,2026-06-16
171,Male,Boomer,one_and_done,5,1,2025-12-31,2025-12-31
172,Female,Gen Z,regular,1,13,2025-07-27,2026-06-23
173,Female,Millennial,occasional,3,6,2025-08-30,2026-06-03
174,Male,Gen X,one_and_done,5,1,2026-03-04,2026-03-04
175,Male,Gen X,one_and_done,1,1,2026-01-04,2026-01-04
176,Male,Gen Z,occasional,2,5,2025-07-05,2026-03-13
177,Female,Millennial,regular,1,18,2025-08-02,2026-06-22
178,Male,Millennial,one_and_done,2,1,2026-01-08,2026-01-08
179,Female,Gen X,one_and_done,1,1,2025-10-08,2025-10-08
180,Male,Gen Z,one_and_done,5,1,2025-11-06,2025-11-06
181,Female,Gen X,regular,3,15,2025-08-05,2026-05-30
182,Female,Gen Z,one_and_done,3,1,2025-07-18,2025-07-18
183,Male,Gen X,regular,3,16,2025-08-10,2026-06-07
184,Female,Millennial,one_and_done,1,1,2025-12-19,2025-12-19
185,Female,Gen Z,regular,2,13,2025-08-04,2026-06-21
186,Male,Boomer,regular,1,12,2025-07-17,2026-06-19
187,Male,Gen X,one_and_done,1,1,2026-01-23,2026-01-23
188,Male,Boomer,regular,1,12,2025-07-20,2026-06-12
189,Male,Gen Z,regular,3,15,2025-10-03,2026-06-16
190,Male,Millennial,regular,2,21,2025-07-03,2026-05-21
191,Male,Millennial,occasional,1,7,2025-09-04,2026-02-12
192,Male,Boomer,one_and_done,3,1,2026-04-18,2026-04-18
193,Female,Millennial,one_and_done,1,1,2025-09-18,2025-09-18
194,Male,Millennial,loyal,3,30,2025-07-10,2026-06-18
195,Male,Gen X,one_and_done,6,1,2026-06-13,2026-06-13
196,Male,Millennial,one_and_done,1,1,2025-11-21,2025-11-21
197,Male,Millennial,regular,1,21,2025-07-17,2026-06-22
198,Male,Millennial,one_and_done,1,1,2025-08-16,2025-08-16
199,Female,Millennial,occasional,2,6,2025-09-02,2026-06-12
200,Male,Millennial,occasional,1,7,2025-07-21,2026-03-01
201,Male,Boomer,one_and_done,6,1,2026-04-25,2026-04-25
202,Female,Millennial,one_and_done,3,1,2026-04-09,2026-04-09
203,Female,Millennial,one_and_done,3,1,2025-08-14,2025-08-14
204,Male,Millennial,one_and_done,3,1,2026-02-13,2026-02-13
205,Male,Gen Z,regular,1,15,2025-07-14,2026-06-03
206,Male,Millennial,one_and_done,1,1,2026-04-04,2026-04-04
207,Male,Millennial,occasional,1,7,2025-07-12,2026-06-20
208,Male,Gen X,one_and_done,2,1,2026-02-23,2026-02-23
209,Female,Gen X,occasional,1,5,2025-08-17,2025-12-20
210,Male,Gen Z,one_and_done,5,1,2026-05-30,2026-05-30
211,Male,Millennial,one_and_done,1,1,2026-05-16,2026-05-16
212,Female,Millennial,occasional,1,6,2025-07-07,2026-05-20
213,Male,Millennial,one_and_done,1,1,2025-09-18,2025-09-18
214,Female,Gen X,regular,5,15,2025-08-24,2026-06-18
215,Female,Boomer,one_and_done,2,1,2025-07-22,2025-07-22
216,Female,Millennial,regular,1,18,2025-07-11,2026-06-15
217,Male,Gen Z,one_and_done,5,1,2026-01-23,2026-01-23
218,Female,Millennial,one_and_done,4,1,2026-02-28,2026-02-28
219,Male,Millennial,one_and_done,1,1,2025-11-01,2025-11-01
220,Male,Millennial,one_and_done,2,1,2026-03-06,2026-03-06
221,Male,Gen X,regular,1,16,2025-07-02,2026-05-14
222,Female,Millennial,occasional,1,6,2025-11-13,2026-06-13
223,Female,Gen Z,one_and_done,2,1,2025-11-12,2025-11-12
224,Male,Gen Z,one_and_done,2,1,2025-09-23,2025-09-23
225,Male,Boomer,regular,1,12,2025-08-24,2026-05-30
226,Female,Millennial,one_and_done,7,1,2026-06-05,2026-06-05
227,Male,Gen Z,occasional,2,5,2025-12-25,2026-06-14
228,Female,Gen Z,one_and_done,5,1,2026-01-30,2026-01-30
229,Female,Gen X,occasional,2,5,2025-12-20,2026-05-23
230,Male,Gen X,loyal,4,24,2025-07-30,2026-06-10
231,Male,Millennial,loyal,3,30,2025-07-09,2026-05-11
232,Female,Gen Z,one_and_done,1,1,2025-08-11,2025-08-11
233,Male,Millennial,loyal,5,30,2025-07-17,2026-06-21
234,Male,Millennial,occasional,1,7,2025-07-05,2026-03-20
235,Female,Millennial,loyal,4,26,2025-07-04,2026-06-20
236,Male,Millennial,occasional,2,7,2025-07-10,2026-05-11
237,Female,Gen Z,loyal,2,19,2025-08-30,2026-05-05
238,Male,Millennial,occasional,2,7,2025-07-22,2026-06-06
239,Male,Millennial,one_and_done,1,1,2025-08-26,2025-08-26
240,Male,Gen Z,one_and_done,1,1,2025-07-15,2025-07-15
241,Male,Gen Z,one_and_done,2,1,2026-05-04,2026-05-04
242,Male,Millennial,regular,1,21,2025-07-30,2026-06-19
243,Male,Gen Z,regular,2,15,2025-07-10,2026-06-12
244,Male,Millennial,one_and_done,5,1,2025-11-22,2025-11-22
245,Male,Gen X,regular,3,16,2025-07-26,2026-06-16
246,Male,Gen Z,one_and_done,10,1,2026-05-28,2026-05-28
247,Female,Gen X,one_and_done,4,1,2025-07-03,2025-07-03
248,Female,Gen Z,one_and_done,3,1,2026-02-28,2026-02-28
249,Male,Millennial,occasional,1,7,2025-10-10,2026-06-14
250,Male,Gen X,regular,1,16,2025-07-17,2026-05-13
251,Male,Gen Z,one_and_done,5,1,2025-09-30,2025-09-30
252,Male,Millennial,one_and_done,1,1,2026-02-19,2026-02-19
253,Male,Gen X,regular,1,16,2025-07-19,2026-05-09
254,Male,Millennial,one_and_done,8,1,2026-06-13,2026-06-13
255,Male,Millennial,regular,1,21,2025-07-26,2026-06-07
256,Female,Millennial,occasional,2,6,2025-09-19,2026-02-22
257,Male,Gen Z,one_and_done,1,1,2026-03-07,2026-03-07
258,Male,Gen X,one_and_done,1,1,2026-06-05,2026-06-05
259,Female,Millennial,occasional,2,6,2026-01-21,2026-06-01
260,Male,Gen Z,loyal,5,22,2025-07-07,2026-06-21
261,Female,Millennial,regular,1,18,2025-07-05,2026-06-05
262,Female,Boomer,occasional,1,3,2025-11-29,2026-02-13
263,Male,Millennial,one_and_done,1,1,2026-03-27,2026-03-27
264,Male,Boomer,occasional,6,4,2025-11-22,2026-05-28
265,Male,Millennial,one_and_done,3,1,2026-02-26,2026-02-26
266,Male,Millennial,one_and_done,1,1,2026-06-12,2026-06-12
267,Male,Gen Z,one_and_done,1,1,2026-02-07,2026-02-07
268,Female,Gen Z,regular,2,13,2025-07-05,2026-05-24
269,Female,Gen X,one_and_done,2,1,2026-06-21,2026-06-21
270,Male,Millennial,regular,4,21,2025-06-30,2026-06-10
271,Male,Gen X,one_and_done,1,1,2025-09-17,2025-09-17
272,Female,Gen X,one_and_done,1,1,2025-10-11,2025-10-11
273,Female,Gen Z,loyal,2,19,2025-08-01,2026-06-06
274,Female,Millennial,regular,8,18,2025-07-21,2026-06-23
275,Male,Gen Z,one_and_done,6,1,2026-02-26,2026-02-26
276,Female,Gen Z,one_and_done,1,1,2026-03-13,2026-03-13
277,Female,Gen X,one_and_done,1,1,2026-06-16,2026-06-16
278,Male,Millennial,one_and_done,1,1,2026-05-05,2026-05-05
279,Male,Millennial,regular,2,21,2025-07-02,2026-06-11
280,Male,Millennial,occasional,1,7,2025-08-10,2026-05-23
281,Male,Gen Z,one_and_done,1,1,2025-11-14,2025-11-14
282,Male,Gen Z,regular,3,15,2025-07-11,2026-05-16
283,Female,Millennial,occasional,1,6,2025-09-05,2026-05-01
284,Male,Millennial,occasional,2,7,2025-10-19,2026-05-27
285,Male,Millennial,occasional,1,7,2025-08-29,2026-04-30
286,Male,Millennial,occasional,1,7,2025-07-07,2026-02-09
287,Male,Gen Z,occasional,1,5,2025-07-22,2026-03-15
288,Male,Gen Z,occasional,1,5,2025-07-15,2025-12-18
289,Male,Gen Z,one_and_done,2,1,2026-02-18,2026-02-18
290,Male,Gen Z,occasional,3,5,2025-10-15,2026-04-09
291,Male,Millennial,occasional,1,7,2025-07-11,2026-04-18
292,Male,Gen Z,one_and_done,1,1,2025-12-02,2025-12-02
293,Male,Gen Z,one_and_done,1,1,2025-11-05,2025-11-05
294,Male,Gen X,one_and_done,1,1,2026-02-17,2026-02-17
295,Male,Gen Z,one_and_done,1,1,2026-06-13,2026-06-13
296,Male,Gen X,one_and_done,2,1,2026-04-16,2026-04-16
297,Female,Millennial,one_and_done,3,1,2025-10-17,2025-10-17
298,Male,Millennial,one_and_done,2,1,2026-01-10,2026-01-10
299,Male,Boomer,regular,3,12,2025-07-11,2026-05-25
300,Female,Boomer,one_and_done,4,1,2026-04-17,2026-04-17
301,Female,Millennial,occasional,1,6,2025-08-27,2026-05-01
302,Male,Gen X,one_and_done,1,1,2025-08-19,2025-08-19
303,Male,Gen Z,occasional,1,5,2025-07-12,2026-02-10
304,Male,Gen Z,one_and_done,1,1,2026-05-25,2026-05-25
305,Female,Gen Z,occasional,1,4,2025-07-19,2026-06-13
306,Male,Gen Z,one_and_done,1,1,2025-11-17,2025-11-17
307,Male,Gen Z,one_and_done,7,1,2025-09-21,2025-09-21
308,Male,Gen X,one_and_done,1,1,2026-02-06,2026-02-06
309,Male,Gen X,regular,1,16,2025-07-10,2026-06-19
310,Female,Millennial,loyal,2,26,2025-07-05,2026-05-29
311,Female,Gen Z,occasional,1,4,2025-07-17,2026-06-10
312,Male,Gen X,one_and_done,2,1,2026-01-08,2026-01-08
313,Female,Millennial,one_and_done,1,1,2025-08-11,2025-08-11
314,Male,Millennial,one_and_done,4,1,2025-11-20,2025-11-20
315,Female,Gen X,one_and_done,2,1,2026-06-15,2026-06-15
316,Male,Millennial,one_and_done,3,1,2025-11-25,2025-11-25
317,Male,Gen X,loyal,5,24,2025-07-02,2026-06-22
318,Male,Millennial,one_and_done,5,1,2025-07-05,2025-07-05
319,Female,Millennial,one_and_done,8,1,2025-11-28,2025-11-28
320,Female,Millennial,one_and_done,1,1,2026-03-08,2026-03-08
321,Male,Gen X,one_and_done,1,1,2026-01-03,2026-01-03
322,Male,Boomer,one_and_done,5,1,2026-01-14,2026-01-14
323,Male,Millennial,one_and_done,5,1,2025-10-01,2025-10-01
324,Male,Millennial,occasional,10,7,2025-07-08,2026-04-05
325,Male,Gen X,regular,2,16,2025-07-08,2026-05-28
326,Male,Millennial,occasional,3,7,2025-07-01,2026-04-22
327,Male,Millennial,occasional,1,7,2025-07-15,2026-05-25
328,Male,Gen X,occasional,9,5,2025-09-21,2026-05-28
329,Male,Gen Z,one_and_done,1,1,2025-08-15,2025-08-15
330,Female,Millennial,one_and_done,1,1,2025-11-09,2025-11-09
331,Male,Millennial,one_and_done,5,1,2026-05-23,2026-05-23
332,Male,Millennial,regular,1,21,2025-07-04,2026-06-23
333,Male,Gen Z,one_and_done,2,1,2025-10-06,2025-10-06
334,Female,Gen Z,regular,1,13,2025-07-06,2026-04-17
335,Male,Gen Z,regular,2,15,2025-07-02,2026-06-04
336,Female,Gen X,occasional,6,5,2026-01-02,2026-06-14
337,Female,Gen X,one_and_done,6,1,2025-11-11,2025-11-11
338,Female,Gen X,regular,3,15,2025-09-30,2026-06-20
339,Female,Millennial,regular,1,18,2025-07-18,2026-06-21
340,Male,Gen X,occasional,3,5,2025-09-30,2026-03-15
341,Male,Millennial,occasional,4,7,2025-07-12,2026-04-14
342,Male,Gen Z,regular,1,15,2025-06-30,2026-05-31
343,Male,Gen Z,one_and_done,1,1,2026-05-16,2026-05-16
344,Male,Gen Z,occasional,3,5,2025-07-10,2026-05-21
345,Female,Millennial,one_and_done,1,1,2025-07-19,2025-07-19
346,Female,Gen X,one_and_done,4,1,2026-04-01,2026-04-01
347,Male,Millennial,occasional,8,7,2025-07-13,2026-06-19
348,Male,Boomer,regular,1,12,2025-07-06,2026-06-19
349,Male,Gen Z,regular,2,15,2025-07-14,2026-06-20
350,Female,Millennial,one_and_done,5,1,2026-05-20,2026-05-20
351,Female,Millennial,regular,7,18,2025-08-04,2026-06-09
352,Male,Millennial,loyal,1,30,2025-07-09,2026-06-19
353,Male,Gen Z,regular,4,15,2025-07-12,2026-05-28
354,Male,Gen Z,regular,3,15,2025-06-30,2026-06-15
355,Male,Millennial,one_and_done,1,1,2026-05-17,2026-05-17
356,Male,Gen X,one_and_done,1,1,2025-12-13,2025-12-13
357,Male,Millennial,one_and_done,6,1,2026-02-17,2026-02-17
358,Female,Millennial,occasional,1,6,2025-09-03,2026-01-08
359,Male,Gen X,occasional,1,5,2025-10-07,2026-06-15
360,Male,Gen Z,regular,1,15,2025-07-03,2026-06-05
361,Male,Millennial,one_and_done,1,1,2026-01-03,2026-01-03
362,Male,Millennial,one_and_done,1,1,2025-11-21,2025-11-21
363,Male,Gen Z,regular,3,15,2025-07-02,2026-06-18
364,Male,Gen Z,loyal,1,22,2025-07-12,2026-06-11
365,Male,Boomer,occasional,1,4,2025-07-23,2026-01-01
366,Male,Boomer,loyal,7,17,2025-07-25,2026-05-15
367,Male,Millennial,regular,1,21,2025-07-05,2026-06-21
368,Male,Boomer,occasional,2,4,2026-01-05,2026-06-05
369,Male,Millennial,one_and_done,6,1,2025-07-24,2025-07-24
370,Female,Gen X,regular,1,15,2025-06-30,2026-05-04
371,Male,Millennial,occasional,5,7,2025-08-02,2026-05-20
372,Male,Gen Z,one_and_done,9,1,2026-03-15,2026-03-15
373,Female,Millennial,one_and_done,2,1,2025-12-05,2025-12-05
374,Female,Gen Z,one_and_done,6,1,2025-08-21,2025-08-21
375,Male,Millennial,one_and_done,1,1,2025-11-13,2025-11-13
376,Male,Millennial,occasional,1,7,2025-08-01,2026-04-10
377,Male,Millennial,occasional,5,7,2025-07-19,2026-05-26
378,Male,Millennial,occasional,1,7,2025-08-13,2026-06-18
379,Female,Millennial,regular,7,18,2025-07-17,2026-06-15
380,Male,Millennial,one_and_done,1,1,2025-08-20,2025-08-20
381,Male,Millennial,one_and_done,2,1,2025-08-27,2025-08-27
382,Female,Millennial,one_and_done,2,1,2026-01-30,2026-01-30
383,Male,Millennial,loyal,2,30,2025-07-12,2026-06-23
384,Male,Millennial,one_and_done,1,1,2025-08-16,2025-08-16
385,Male,Millennial,one_and_done,1,1,2026-06-14,2026-06-14
386,Male,Millennial,one_and_done,7,1,2026-03-14,2026-03-14
387,Female,Gen Z,one_and_done,5,1,2026-06-06,2026-06-06
388,Female,Gen Z,occasional,1,4,2025-08-14,2026-06-06
389,Male,Millennial,one_and_done,1,1,2025-10-14,2025-10-14
390,Male,Millennial,regular,1,21,2025-07-03,2026-05-23
391,Female,Gen Z,loyal,1,19,2025-07-11,2026-06-14
392,Female,Boomer,one_and_done,2,1,2025-08-01,2025-08-01
393,Male,Gen Z,one_and_done,1,1,2025-09-22,2025-09-22
394,Female,Gen Z,regular,1,13,2025-07-25,2026-06-22
395,Male,Millennial,regular,2,21,2025-06-30,2026-06-22
396,Male,Millennial,occasional,1,7,2025-07-10,2026-06-16
397,Male,Millennial,occasional,4,7,2025-07-11,2026-03-24
398,Male,Millennial,one_and_done,2,1,2025-12-02,2025-12-02
399,Male,Gen Z,regular,1,15,2025-07-09,2026-05-18
400,Male,Gen Z,one_and_done,1,1,2026-04-30,2026-04-30
401,Male,Gen X,one_and_done,2,1,2026-04-22,2026-04-22
402,Female,Gen Z,occasional,1,4,2025-07-22,2026-04-24
403,Female,Boomer,occasional,1,3,2025-12-19,2026-02-16
404,Male,Boomer,occasional,1,4,2025-09-03,2026-03-16
405,Male,Gen Z,loyal,3,22,2025-08-07,2026-06-06
406,Male,Gen Z,one_and_done,1,1,2026-01-16,2026-01-16
407,Male,Millennial,one_and_done,1,1,2026-01-04,2026-01-04
408,Female,Millennial,occasional,1,6,2025-07-07,2026-05-25
409,Male,Millennial,occasional,2,7,2025-08-14,2026-05-27
410,Male,Millennial,loyal,1,30,2025-08-07,2026-06-20
411,Male,Millennial,regular,1,21,2025-07-03,2026-06-09
412,Male,Millennial,one_and_done,1,1,2026-03-13,2026-03-13
413,Female,Millennial,occasional,6,6,2025-10-14,2026-06-03
414,Female,Gen Z,occasional,4,4,2025-07-01,2026-06-06
415,Male,Millennial,regular,1,21,2025-07-12,2026-04-25
416,Male,Gen Z,occasional,1,5,2025-07-23,2026-05-06
417,Male,Millennial,one_and_done,2,1,2025-10-13,2025-10-13
418,Female,Millennial,one_and_done,1,1,2026-06-06,2026-06-06
419,Female,Gen Z,occasional,1,4,2025-11-21,2026-03-13
420,Female,Gen X,loyal,5,22,2025-07-05,2026-05-14
421,Male,Gen X,one_and_done,1,1,2025-11-02,2025-11-02
422,Male,Millennial,one_and_done,7,1,2026-04-28,2026-04-28
423,Male,Millennial,occasional,2,7,2025-10-28,2026-03-26
424,Male,Gen Z,occasional,4,5,2025-08-11,2026-06-12
425,Male,Gen Z,one_and_done,1,1,2026-03-17,2026-03-17
426,Male,Boomer,regular,10,12,2025-07-31,2026-06-19
427,Female,Gen X,one_and_done,7,1,2026-02-10,2026-02-10
428,Male,Millennial,occasional,1,7,2025-07-06,2026-06-16
429,Male,Millennial,one_and_done,2,1,2025-10-31,2025-10-31
430,Female,Millennial,regular,1,18,2025-08-16,2026-05-26
431,Male,Millennial,one_and_done,3,1,2026-05-14,2026-05-14
432,Male,Boomer,regular,10,12,2025-07-03,2026-04-19
433,Male,Gen X,one_and_done,1,1,2025-10-10,2025-10-10
434,Female,Gen X,regular,1,15,2025-07-01,2026-05-09
435,Female,Boomer,loyal,2,15,2025-07-04,2026-05-30
436,Female,Millennial,one_and_done,5,1,2025-10-08,2025-10-08
437,Female,Millennial,one_and_done,1,1,2026-06-02,2026-06-02
438,Male,Boomer,one_and_done,1,1,2026-01-24,2026-01-24
439,Male,Gen X,regular,1,16,2025-07-07,2026-06-13
440,Male,Millennial,one_and_done,1,1,2025-10-19,2025-10-19
441,Male,Gen X,one_and_done,4,1,2026-04-10,2026-04-10
442,Female,Gen X,one_and_done,4,1,2025-08-15,2025-08-15
443,Male,Gen X,regular,4,16,2025-07-02,2026-06-09
444,Male,Millennial,occasional,2,7,2025-08-19,2026-05-30
445,Male,Gen Z,one_and_done,3,1,2025-07-14,2025-07-14
446,Female,Millennial,one_and_done,3,1,2025-07-16,2025-07-16
447,Male,Millennial,loyal,3,30,2025-07-04,2026-06-20
448,Female,Millennial,one_and_done,2,1,2026-03-04,2026-03-04
449,Male,Millennial,one_and_done,1,1,2025-09-22,2025-09-22
450,Male,Millennial,occasional,1,7,2025-07-29,2026-05-01
451,Male,Gen X,one_and_done,2,1,2025-08-07,2025-08-07
452,Female,Millennial,loyal,1,26,2025-07-01,2026-06-01
453,Male,Millennial,occasional,1,7,2025-07-25,2026-06-22
454,Female,Millennial,occasional,1,6,2025-08-07,2026-01-28
455,Female,Gen X,one_and_done,3,1,2026-02-21,2026-02-21
456,Female,Millennial,one_and_done,2,1,2026-02-04,2026-02-04
457,Male,Gen X,regular,8,16,2025-07-26,2026-06-21
458,Female,Gen X,one_and_done,1,1,2026-04-30,2026-04-30
459,Female,Millennial,regular,1,18,2025-08-16,2026-06-13
460,Male,Millennial,occasional,3,7,2025-08-20,2026-05-26
461,Male,Millennial,one_and_done,8,1,2025-07-13,2025-07-13
462,Female,Millennial,one_and_done,1,1,2025-09-10,2025-09-10
463,Male,Gen Z,one_and_done,1,1,2026-05-09,2026-05-09
464,Male,Gen Z,one_and_done,5,1,2025-12-08,2025-12-08
465,Female,Millennial,occasional,3,6,2025-07-25,2026-05-29
466,Male,Millennial,one_and_done,1,1,2026-01-12,2026-01-12
467,Male,Millennial,one_and_done,6,1,2026-04-03,2026-04-03
468,Female,Gen X,occasional,5,5,2025-07-04,2026-05-23
469,Male,Gen Z,regular,1,15,2025-08-15,2026-06-10
470,Male,Millennial,occasional,1,7,2025-07-25,2026-05-31
471,Male,Millennial,regular,1,21,2025-08-08,2026-06-01
472,Male,Millennial,one_and_done,3,1,2026-06-04,2026-06-04
473,Male,Gen X,loyal,3,24,2025-07-17,2026-06-09
474,Male,Millennial,regular,4,21,2025-10-10,2026-06-02
475,Female,Gen Z,one_and_done,4,1,2026-03-19,2026-03-19
476,Male,Millennial,one_and_done,1,1,2026-02-18,2026-02-18
477,Male,Millennial,regular,1,21,2025-08-07,2026-05-27
478,Male,Millennial,loyal,2,30,2025-07-05,2026-06-22
479,Male,Millennial,occasional,1,7,2025-12-22,2026-05-17
480,Male,Millennial,regular,1,21,2025-07-01,2026-06-05
481,Female,Gen Z,regular,2,13,2025-09-09,2026-06-23
482,Male,Boomer,one_and_done,1,1,2026-02-20,2026-02-20
483,Male,Millennial,loyal,1,30,2025-07-12,2026-06-22
484,Male,Gen Z,one_and_done,4,1,2026-03-21,2026-03-21
485,Male,Gen Z,one_and_done,4,1,2026-01-14,2026-01-14
486,Male,Millennial,one_and_done,2,1,2026-05-07,2026-05-07
487,Female,Millennial,one_and_done,1,1,2026-02-12,2026-02-12
488,Male,Millennial,one_and_done,1,1,2026-01-20,2026-01-20
489,Female,Gen Z,one_and_done,7,1,2026-03-20,2026-03-20
490,Male,Millennial,regular,1,21,2025-07-04,2026-06-22
491,Male,Millennial,loyal,1,30,2025-07-01,2026-06-13
492,Male,Boomer,one_and_done,1,1,2026-05-09,2026-05-09
493,Male,Millennial,one_and_done,1,1,2026-05-15,2026-05-15
494,Male,Gen X,regular,1,16,2025-07-18,2026-06-02
495,Male,Gen X,occasional,1,5,2025-07-02,2026-05-09
496,Male,Gen Z,occasional,1,5,2025-07-03,2026-05-20
497,Male,Millennial,occasional,4,7,2025-09-08,2026-05-29
498,Female,Gen X,one_and_done,1,1,2025-08-19,2025-08-19
499,Male,Gen Z,one_and_done,5,1,2026-05-15,2026-05-15
500,Female,Gen Z,occasional,1,4,2025-10-03,2026-06-14
501,Male,Millennial,occasional,2,7,2025-07-17,2026-03-28
502,Female,Gen X,one_and_done,1,1,2026-03-13,2026-03-13
503,Female,Millennial,one_and_done,1,1,2026-05-19,2026-05-19
504,Female,Gen Z,one_and_done,1,1,2026-04-23,2026-04-23
505,Male,Millennial,one_and_done,2,1,2026-01-30,2026-01-30
506,Female,Gen X,one_and_done,1,1,2025-09-04,2025-09-04
507,Female,Gen X,loyal,1,22,2025-07-08,2026-06-05
508,Female,Millennial,regular,5,18,2025-06-30,2026-06-06
509,Female,Gen Z,one_and_done,1,1,2026-02-27,2026-02-27
510,Female,Millennial,one_and_done,1,1,2025-09-15,2025-09-15
511,Male,Millennial,regular,1,21,2025-07-21,2026-06-20
512,Female,Gen Z,loyal,2,19,2025-07-08,2026-05-06
513,Female,Gen Z,one_and_done,4,1,2025-09-22,2025-09-22
514,Male,Boomer,occasional,3,4,2025-07-24,2026-04-03
515,Female,Gen X,one_and_done,4,1,2026-04-09,2026-04-09
516,Male,Millennial,regular,3,21,2025-07-14,2026-05-03
517,Male,Millennial,regular,1,21,2025-06-30,2026-05-25
518,Female,Millennial,loyal,1,26,2025-07-21,2026-05-08
519,Female,Gen Z,one_and_done,3,1,2026-04-30,2026-04-30
520,Male,Millennial,regular,2,21,2025-08-09,2026-06-02
521,Male,Gen X,occasional,1,5,2026-02-03,2026-04-24
522,Female,Millennial,occasional,1,6,2026-02-27,2026-06-14
523,Male,Gen Z,loyal,1,22,2025-06-30,2026-06-13
524,Male,Millennial,one_and_done,1,1,2026-03-16,2026-03-16
525,Male,Gen Z,occasional,1,5,2025-09-18,2026-02-24
526,Male,Gen Z,one_and_done,3,1,2025-09-30,2025-09-30
527,Male,Gen Z,one_and_done,3,1,2025-10-12,2025-10-12
528,Male,Gen Z,regular,1,15,2025-07-02,2026-05-31
529,Female,Gen X,one_and_done,1,1,2025-10-26,2025-10-26
530,Male,Millennial,regular,1,21,2025-07-15,2026-06-13
531,Male,Boomer,one_and_done,1,1,2026-05-29,2026-05-29
532,Male,Millennial,occasional,2,7,2025-07-31,2026-05-26
533,Female,Gen X,loyal,1,22,2025-06-30,2026-06-23
534,Female,Millennial,loyal,1,26,2025-08-03,2026-06-08
535,Female,Gen X,occasional,4,5,2025-08-01,2026-04-01
536,Male,Millennial,one_and_done,1,1,2026-03-10,2026-03-10
537,Female,Gen Z,one_and_done,1,1,2026-03-02,2026-03-02
538,Male,Gen Z,occasional,5,5,2025-07-02,2026-04-07
539,Male,Millennial,one_and_done,2,1,2026-05-29,2026-05-29
540,Male,Gen Z,occasional,5,5,2025-08-08,2026-06-13
541,Male,Millennial,one_and_done,1,1,2025-09-10,2025-09-10
542,Male,Gen Z,occasional,1,5,2025-07-16,2026-06-15
543,Male,Millennial,one_and_done,3,1,2026-04-23,2026-04-23
544,Male,Gen Z,occasional,1,5,2025-07-24,2026-06-19
545,Male,Millennial,occasional,5,7,2025-07-11,2026-05-03
546,Female,Millennial,regular,3,18,2025-07-22,2026-05-03
547,Female,Gen X,one_and_done,4,1,2026-06-19,2026-06-19
548,Male,Gen Z,regular,3,15,2025-07-18,2026-06-19
549,Male,Gen Z,one_and_done,1,1,2025-09-04,2025-09-04
550,Male,Millennial,one_and_done,1,1,2025-12-29,2025-12-29
551,Male,Millennial,one_and_done,6,1,2025-08-22,2025-08-22
552,Male,Gen X,regular,5,16,2025-07-11,2026-06-17
553,Male,Millennial,one_and_done,1,1,2025-11-10,2025-11-10
554,Female,Millennial,one_and_done,5,1,2025-08-06,2025-08-06
555,Male,Boomer,occasional,2,4,2025-06-30,2026-03-06
556,Male,Gen Z,regular,4,15,2025-07-08,2026-06-09
557,Male,Boomer,regular,5,12,2025-09-13,2026-05-25
558,Male,Gen X,one_and_done,2,1,2026-03-27,2026-03-27
559,Male,Gen Z,one_and_done,1,1,2026-05-27,2026-05-27
560,Male,Millennial,one_and_done,1,1,2026-01-10,2026-01-10
561,Male,Millennial,regular,1,21,2025-08-08,2026-05-29
562,Male,Gen X,one_and_done,2,1,2025-09-20,2025-09-20
563,Female,Gen Z,one_and_done,4,1,2025-12-07,2025-12-07
564,Male,Gen X,one_and_done,4,1,2026-03-21,2026-03-21
565,Male,Boomer,occasional,4,4,2025-07-07,2026-03-18
566,Female,Gen Z,one_and_done,2,1,2026-01-17,2026-01-17
567,Male,Gen X,occasional,1,5,2025-08-04,2026-06-05
568,Male,Gen X,one_and_done,1,1,2026-04-01,2026-04-01
569,Male,Millennial,regular,1,21,2025-08-04,2026-06-23
570,Female,Millennial,loyal,4,26,2025-07-08,2026-05-23
571,Male,Millennial,one_and_done,1,1,2025-09-22,2025-09-22
572,Female,Millennial,occasional,1,6,2025-11-04,2026-05-28
573,Male,Gen Z,regular,1,15,2025-08-28,2026-06-01
574,Male,Gen Z,occasional,7,5,2025-07-10,2026-05-01
575,Female,Gen X,regular,1,15,2025-07-06,2026-06-13
576,Male,Millennial,one_and_done,1,1,2025-07-12,2025-07-12
577,Male,Millennial,regular,1,21,2025-07-05,2026-06-05
578,Female,Gen Z,one_and_done,1,1,2026-04-15,2026-04-15
579,Male,Millennial,one_and_done,2,1,2025-09-25,2025-09-25
580,Male,Gen Z,one_and_done,1,1,2026-03-06,2026-03-06
581,Male,Millennial,regular,5,21,2025-07-12,2026-06-22
582,Female,Gen Z,regular,2,13,2025-08-19,2026-06-09
583,Male,Millennial,one_and_done,3,1,2025-10-02,2025-10-02
584,Female,Millennial,regular,1,18,2025-07-15,2026-06-22
585,Male,Gen Z,regular,1,15,2025-07-18,2026-06-05
586,Male,Gen Z,one_and_done,5,1,2026-03-13,2026-03-13
587,Male,Millennial,regular,4,21,2025-07-22,2026-06-08
588,Male,Gen Z,one_and_done,1,1,2026-04-29,2026-04-29
589,Male,Gen Z,one_and_done,1,1,2025-10-09,2025-10-09
590,Male,Gen Z,one_and_done,2,1,2025-09-24,2025-09-24
591,Male,Millennial,one_and_done,2,1,2026-06-06,2026-06-06
592,Female,Gen Z,regular,1,13,2025-07-07,2026-06-23
593,Female,Gen Z,one_and_done,4,1,2026-04-07,2026-04-07
594,Male,Boomer,one_and_done,1,1,2025-07-14,2025-07-14
595,Female,Millennial,loyal,3,26,2025-07-11,2026-05-29
596,Female,Gen Z,occasional,2,4,2025-10-22,2026-03-28
597,Female,Gen Z,regular,1,13,2025-07-26,2026-05-17
598,Female,Millennial,regular,5,18,2025-07-24,2026-06-11
599,Male,Millennial,regular,1,21,2025-07-10,2026-05-21
600,Male,Gen X,occasional,2,5,2025-08-03,2026-02-08
601,Male,Boomer,one_and_done,2,1,2026-04-05,2026-04-05
602,Male,Millennial,loyal,3,30,2025-07-06,2026-06-04
603,Female,Millennial,one_and_done,1,1,2025-09-27,2025-09-27
604,Female,Gen X,loyal,1,22,2025-07-02,2026-06-22
605,Male,Gen Z,occasional,1,5,2025-08-06,2026-06-14
606,Male,Millennial,one_and_done,1,1,2026-04-09,2026-04-09
607,Female,Millennial,one_and_done,2,1,2026-05-09,2026-05-09
608,Male,Gen Z,loyal,6,22,2025-07-15,2026-06-22
609,Male,Millennial,occasional,4,7,2025-08-13,2026-06-10
610,Male,Gen Z,occasional,3,5,2025-08-02,2026-04-15
611,Male,Gen Z,occasional,2,5,2025-09-27,2026-05-14
612,Male,Gen X,loyal,1,24,2025-07-03,2026-05-27
613,Male,Gen X,occasional,7,5,2026-01-16,2026-05-13
614,Male,Boomer,one_and_done,2,1,2026-03-09,2026-03-09
615,Male,Gen X,occasional,1,5,2025-07-08,2026-02-09
616,Female,Gen Z,occasional,6,4,2025-11-01,2026-06-17
617,Male,Millennial,one_and_done,2,1,2026-03-26,2026-03-26
618,Male,Gen Z,one_and_done,1,1,2026-02-06,2026-02-06
619,Male,Millennial,occasional,1,7,2025-08-09,2026-06-15
620,Male,Millennial,one_and_done,1,1,2025-11-27,2025-11-27
621,Female,Gen X,regular,1,15,2025-07-24,2026-05-30
622,Male,Boomer,occasional,2,4,2026-01-17,2026-04-17
623,Male,Gen Z,occasional,2,5,2025-08-30,2026-03-15
624,Female,Millennial,one_and_done,1,1,2025-11-19,2025-11-19
625,Female,Millennial,one_and_done,5,1,2026-05-23,2026-05-23
626,Female,Gen Z,occasional,1,4,2025-08-15,2026-02-25
627,Male,Millennial,one_and_done,1,1,2026-06-09,2026-06-09
628,Female,Millennial,regular,4,18,2025-07-08,2026-05-09
629,Male,Gen Z,one_and_done,6,1,2025-10-17,2025-10-17
630,Male,Millennial,loyal,1,30,2025-07-10,2026-06-20
631,Male,Gen X,regular,1,16,2025-07-08,2026-06-12
632,Male,Boomer,loyal,1,17,2025-08-08,2026-06-08
633,Male,Gen X,occasional,1,5,2025-07-02,2026-04-04
634,Female,Millennial,one_and_done,3,1,2026-06-09,2026-06-09
635,Male,Gen Z,regular,7,15,2025-07-25,2026-06-21
636,Female,Gen X,regular,4,15,2025-07-01,2026-06-12
637,Male,Gen Z,one_and_done,1,1,2025-08-17,2025-08-17
638,Male,Millennial,one_and_done,1,1,2025-11-01,2025-11-01
639,Female,Millennial,occasional,1,6,2025-07-12,2026-04-30
640,Male,Gen Z,occasional,6,5,2025-08-26,2026-03-29
641,Male,Millennial,regular,1,21,2025-08-15,2026-06-19
642,Female,Millennial,loyal,1,26,2025-07-10,2026-06-14
643,Male,Gen Z,loyal,1,22,2025-07-23,2026-06-15
644,Male,Millennial,regular,1,21,2025-07-09,2026-06-03
645,Female,Boomer,loyal,1,15,2025-07-11,2026-06-07
646,Male,Gen Z,occasional,2,5,2025-07-31,2026-06-18
647,Male,Millennial,one_and_done,1,1,2025-11-17,2025-11-17
648,Male,Millennial,loyal,4,30,2025-07-23,2026-06-11
649,Female,Millennial,one_and_done,1,1,2026-06-05,2026-06-05
650,Female,Millennial,occasional,1,6,2025-06-30,2026-01-04
651,Male,Millennial,regular,1,21,2025-07-03,2026-06-22
652,Male,Gen Z,one_and_done,3,1,2025-12-08,2025-12-08
653,Female,Gen Z,one_and_done,2,1,2026-02-05,2026-02-05
654,Male,Gen Z,one_and_done,4,1,2025-10-08,2025-10-08
655,Male,Millennial,one_and_done,2,1,2025-12-27,2025-12-27
656,Female,Gen X,occasional,6,5,2025-08-03,2026-06-12
657,Female,Millennial,one_and_done,5,1,2025-09-12,2025-09-12
658,Male,Millennial,one_and_done,1,1,2026-04-17,2026-04-17
659,Female,Gen Z,one_and_done,1,1,2025-08-10,2025-08-10
660,Male,Millennial,one_and_done,1,1,2025-10-15,2025-10-15
661,Male,Millennial,one_and_done,2,1,2026-04-29,2026-04-29
662,Female,Millennial,occasional,1,6,2025-08-08,2026-05-28
663,Male,Gen X,regular,2,16,2025-07-02,2026-04-24
664,Female,Millennial,loyal,3,26,2025-07-25,2026-06-22
665,Female,Millennial,regular,1,18,2025-08-12,2026-05-25
666,Female,Gen Z,regular,1,13,2025-08-04,2026-06-23
667,Male,Gen X,one_and_done,2,1,2026-03-31,2026-03-31
668,Male,Millennial,occasional,6,7,2025-08-08,2026-06-13
669,Female,Gen Z,regular,1,13,2025-07-10,2026-06-04
670,Male,Millennial,occasional,5,7,2025-07-09,2026-04-12
671,Female,Millennial,one_and_done,1,1,2025-07-11,2025-07-11
672,Male,Gen X,regular,5,16,2025-07-13,2026-06-21
673,Male,Millennial,regular,1,21,2025-07-28,2026-06-22
674,Male,Millennial,one_and_done,1,1,2025-07-28,2025-07-28
675,Male,Gen Z,one_and_done,9,1,2026-01-18,2026-01-18
676,Male,Millennial,one_and_done,2,1,2026-01-28,2026-01-28
677,Male,Millennial,one_and_done,2,1,2025-07-01,2025-07-01
678,Male,Gen Z,one_and_done,2,1,2026-03-18,2026-03-18
679,Male,Millennial,regular,5,21,2025-07-28,2026-06-08
680,Female,Millennial,one_and_done,5,1,2026-02-09,2026-02-09
681,Male,Millennial,regular,2,21,2025-07-07,2026-06-19
682,Male,Boomer,regular,5,12,2025-08-06,2026-06-18
683,Male,Millennial,regular,1,21,2025-07-15,2026-06-19
684,Female,Gen Z,regular,3,13,2025-08-09,2026-06-22
685,Male,Millennial,one_and_done,8,1,2026-02-11,2026-02-11
686,Female,Millennial,occasional,7,6,2025-09-04,2026-06-21
687,Female,Millennial,one_and_done,2,1,2025-07-13,2025-07-13
688,Male,Millennial,one_and_done,1,1,2025-09-29,2025-09-29
689,Male,Gen X,one_and_done,2,1,2025-11-27,2025-11-27
690,Female,Millennial,one_and_done,1,1,2026-04-09,2026-04-09
691,Male,Boomer,loyal,2,17,2025-07-08,2026-06-10
692,Female,Millennial,regular,2,18,2025-08-01,2026-06-02
693,Male,Millennial,occasional,3,7,2025-10-27,2026-05-07
694,Male,Millennial,one_and_done,2,1,2025-12-27,2025-12-27
695,Male,Millennial,one_and_done,1,1,2026-06-04,2026-06-04
696,Male,Millennial,occasional,2,7,2025-07-19,2026-03-21
697,Male,Millennial,loyal,1,30,2025-07-13,2026-06-19
698,Male,Millennial,one_and_done,3,1,2025-09-13,2025-09-13
699,Male,Millennial,loyal,6,30,2025-07-03,2026-06-13
700,Male,Gen X,one_and_done,10,1,2025-09-12,2025-09-12
701,Male,Millennial,loyal,1,30,2025-07-12,2026-06-19
702,Female,Gen X,occasional,3,5,2025-07-07,2026-04-21
703,Male,Gen Z,regular,8,15,2025-07-07,2026-06-17
704,Male,Millennial,occasional,3,7,2025-07-21,2026-06-09
705,Female,Gen X,occasional,3,5,2025-07-20,2026-02-27
706,Male,Millennial,one_and_done,6,1,2026-06-15,2026-06-15
707,Male,Gen Z,occasional,2,5,2025-08-02,2026-04-24
708,Female,Gen X,regular,6,15,2025-09-13,2026-06-19
709,Male,Gen X,one_and_done,6,1,2026-03-10,2026-03-10
710,Male,Gen X,regular,1,16,2025-08-14,2026-06-09
711,Female,Millennial,one_and_done,4,1,2025-10-23,2025-10-23
712,Female,Millennial,occasional,4,6,2025-08-17,2026-05-21
713,Female,Millennial,loyal,4,26,2025-07-25,2026-06-21
714,Male,Millennial,one_and_done,2,1,2026-02-25,2026-02-25
715,Male,Boomer,regular,9,12,2025-07-03,2026-06-20
716,Male,Millennial,regular,8,21,2025-08-05,2026-05-27
717,Female,Millennial,one_and_done,3,1,2026-04-09,2026-04-09
718,Male,Millennial,regular,4,21,2025-07-25,2026-06-21
719,Male,Gen Z,one_and_done,1,1,2025-11-29,2025-11-29
720,Male,Millennial,loyal,1,30,2025-07-04,2026-06-23
721,Male,Gen X,one_and_done,9,1,2026-03-09,2026-03-09
722,Male,Millennial,occasional,1,7,2025-07-05,2026-05-01
723,Female,Millennial,one_and_done,3,1,2026-04-25,2026-04-25
724,Female,Millennial,occasional,2,6,2025-08-20,2026-06-10
725,Female,Millennial,occasional,1,6,2025-08-27,2026-05-12
726,Female,Gen Z,one_and_done,1,1,2025-12-24,2025-12-24
727,Male,Millennial,regular,1,21,2025-07-15,2026-06-01
728,Male,Gen Z,occasional,1,5,2025-07-13,2026-06-23
729,Female,Gen X,one_and_done,5,1,2026-04-02,2026-04-02
730,Male,Gen X,one_and_done,4,1,2025-10-12,2025-10-12
731,Male,Millennial,regular,3,21,2025-07-13,2026-06-17
732,Female,Millennial,one_and_done,1,1,2026-05-19,2026-05-19
733,Male,Boomer,loyal,1,17,2025-07-06,2026-05-28
734,Female,Gen X,occasional,5,5,2025-10-31,2026-02-13
735,Male,Millennial,occasional,1,7,2025-08-20,2026-06-09
736,Male,Millennial,occasional,4,7,2025-08-05,2026-06-06
737,Female,Millennial,occasional,2,6,2025-07-24,2026-06-05
738,Female,Millennial,occasional,1,6,2025-07-10,2026-04-09
739,Female,Gen X,one_and_done,1,1,2026-02-27,2026-02-27
740,Female,Millennial,one_and_done,2,1,2025-12-01,2025-12-01
741,Male,Gen Z,one_and_done,1,1,2026-03-21,2026-03-21
742,Male,Millennial,occasional,1,7,2025-12-04,2026-05-03
743,Female,Gen Z,one_and_done,1,1,2025-10-25,2025-10-25
744,Male,Gen Z,regular,1,15,2025-08-30,2026-06-23
745,Male,Millennial,one_and_done,3,1,2026-03-28,2026-03-28
746,Male,Millennial,one_and_done,1,1,2025-09-23,2025-09-23
747,Male,Millennial,regular,3,21,2025-07-24,2026-06-17
748,Male,Gen X,one_and_done,1,1,2026-01-30,2026-01-30
749,Female,Millennial,occasional,6,6,2025-11-25,2026-05-28
750,Male,Millennial,occasional,5,7,2025-06-30,2026-02-24
751,Male,Gen X,one_and_done,3,1,2025-09-27,2025-09-27
752,Male,Gen X,one_and_done,6,1,2026-06-07,2026-06-07
753,Male,Millennial,occasional,1,7,2025-07-11,2026-03-24
754,Female,Gen Z,loyal,1,19,2025-07-18,2026-05-26
755,Female,Millennial,occasional,1,6,2025-07-09,2026-02-04
756,Male,Gen X,regular,1,16,2025-07-28,2026-05-15
757,Male,Boomer,loyal,6,17,2025-07-01,2026-06-07
758,Female,Millennial,loyal,1,26,2025-07-23,2026-05-28
759,Female,Millennial,occasional,8,6,2025-08-23,2026-03-23
760,Male,Gen X,one_and_done,6,1,2026-05-14,2026-05-14
761,Male,Millennial,occasional,7,7,2025-07-05,2026-06-12
762,Male,Gen X,one_and_done,1,1,2026-04-26,2026-04-26
763,Male,Gen X,occasional,1,5,2025-08-23,2026-06-18
764,Male,Gen X,regular,2,16,2025-08-15,2026-05-30
765,Male,Gen X,one_and_done,1,1,2025-09-03,2025-09-03
766,Female,Gen X,regular,3,15,2025-08-16,2026-06-21
767,Male,Millennial,occasional,2,7,2025-09-27,2026-06-21
768,Male,Gen X,regular,1,16,2025-07-30,2026-06-13
769,Female,Gen X,occasional,1,5,2025-07-26,2026-04-22
770,Male,Gen Z,occasional,1,5,2025-08-09,2026-03-24
771,Male,Millennial,one_and_done,1,1,2026-04-19,2026-04-19
772,Male,Millennial,one_and_done,3,1,2026-06-10,2026-06-10
773,Male,Millennial,occasional,8,7,2025-07-01,2026-05-08
774,Male,Boomer,occasional,1,4,2025-07-23,2026-02-21
775,Male,Millennial,occasional,1,7,2026-02-27,2026-06-20
776,Female,Gen Z,occasional,2,4,2025-08-13,2025-10-23
777,Male,Gen X,one_and_done,2,1,2025-08-25,2025-08-25
778,Male,Millennial,occasional,4,7,2025-11-21,2026-06-22
779,Male,Gen Z,occasional,1,5,2025-07-30,2026-06-12
780,Male,Gen X,occasional,4,5,2025-07-23,2026-05-22
781,Female,Millennial,occasional,6,6,2025-10-27,2026-04-24
782,Male,Gen X,one_and_done,1,1,2025-06-30,2025-06-30
783,Female,Gen X,one_and_done,2,1,2025-08-11,2025-08-11
784,Male,Millennial,one_and_done,4,1,2026-04-14,2026-04-14
785,Male,Gen Z,regular,4,15,2025-07-03,2026-03-30
786,Male,Gen X,occasional,2,5,2025-08-13,2026-04-02
787,Male,Gen X,one_and_done,1,1,2026-05-05,2026-05-05
788,Female,Millennial,regular,1,18,2025-08-07,2026-06-17
789,Female,Boomer,occasional,1,3,2025-10-04,2026-06-20
790,Female,Gen X,one_and_done,5,1,2026-04-16,2026-04-16
791,Female,Gen Z,loyal,2,19,2025-07-20,2026-06-15
792,Male,Boomer,one_and_done,7,1,2025-08-25,2025-08-25
793,Male,Millennial,one_and_done,4,1,2025-06-30,2025-06-30
794,Male,Millennial,loyal,1,30,2025-06-30,2026-06-18
795,Female,Millennial,one_and_done,1,1,2026-02-27,2026-02-27
796,Male,Gen Z,one_and_done,4,1,2026-04-10,2026-04-10
797,Female,Millennial,loyal,1,26,2025-07-05,2026-06-13
798,Male,Millennial,one_and_done,6,1,2026-04-16,2026-04-16
799,Female,Gen Z,one_and_done,1,1,2025-10-29,2025-10-29
800,Female,Gen Z,loyal,2,19,2025-08-01,2026-06-22
801,Female,Millennial,one_and_done,1,1,2026-02-17,2026-02-17
802,Female,Millennial,one_and_done,6,1,2025-07-26,2025-07-26
803,Male,Millennial,occasional,1,7,2025-08-31,2026-06-13
804,Female,Millennial,regular,1,18,2025-07-25,2026-06-16
805,Male,Millennial,one_and_done,1,1,2025-10-04,2025-10-04
806,Male,Millennial,occasional,5,7,2025-07-09,2026-04-14
807,Male,Gen Z,occasional,2,5,2025-09-06,2026-03-30
808,Male,Millennial,one_and_done,1,1,2025-07-21,2025-07-21
809,Male,Gen Z,one_and_done,1,1,2025-10-30,2025-10-30
810,Female,Millennial,one_and_done,1,1,2025-09-11,2025-09-11
811,Male,Millennial,one_and_done,6,1,2026-05-06,2026-05-06
812,Male,Millennial,occasional,5,7,2025-07-17,2026-06-16
813,Male,Millennial,occasional,1,7,2025-07-01,2026-04-14
814,Male,Boomer,one_and_done,3,1,2025-11-02,2025-11-02
815,Female,Boomer,occasional,1,3,2025-08-17,2026-02-23
816,Male,Millennial,regular,1,21,2025-07-09,2026-06-19
817,Female,Millennial,one_and_done,1,1,2026-02-10,2026-02-10
818,Male,Millennial,occasional,1,7,2025-07-12,2026-05-27
819,Male,Gen X,one_and_done,1,1,2026-06-11,2026-06-11
820,Female,Gen Z,one_and_done,1,1,2025-09-13,2025-09-13
821,Female,Boomer,regular,1,10,2025-07-29,2026-06-14
822,Male,Boomer,one_and_done,1,1,2025-07-03,2025-07-03
823,Male,Millennial,regular,2,21,2025-09-23,2026-06-13
824,Male,Gen Z,occasional,6,5,2025-08-09,2026-05-29
825,Female,Millennial,one_and_done,5,1,2026-01-03,2026-01-03
826,Male,Millennial,one_and_done,4,1,2025-07-02,2025-07-02
827,Female,Millennial,one_and_done,2,1,2026-04-13,2026-04-13
828,Male,Millennial,occasional,7,7,2025-08-14,2026-06-13
829,Male,Gen Z,one_and_done,5,1,2026-02-10,2026-02-10
830,Male,Millennial,occasional,3,7,2025-07-04,2026-05-24
831,Male,Millennial,one_and_done,1,1,2025-09-23,2025-09-23
832,Female,Millennial,one_and_done,1,1,2026-04-27,2026-04-27
833,Male,Gen X,occasional,1,5,2025-08-13,2026-04-26
834,Male,Boomer,regular,2,12,2025-07-15,2026-04-29
835,Male,Gen Z,occasional,4,5,2025-08-15,2026-06-12
836,Male,Millennial,loyal,1,30,2025-07-18,2026-06-19
837,Male,Gen X,one_and_done,4,1,2026-05-02,2026-05-02
838,Female,Gen X,one_and_done,2,1,2026-04-09,2026-04-09
839,Female,Millennial,occasional,2,6,2025-07-02,2026-04-10
840,Male,Gen X,one_and_done,7,1,2025-12-10,2025-12-10
841,Male,Gen X,loyal,1,24,2025-07-01,2026-04-24
842,Male,Millennial,occasional,2,7,2025-07-24,2026-05-05
843,Male,Millennial,regular,3,21,2025-08-08,2026-06-13
844,Female,Gen Z,regular,1,13,2025-07-28,2026-05-17
845,Female,Gen Z,loyal,1,19,2025-07-04,2026-06-21
846,Female,Boomer,one_and_done,4,1,2025-08-11,2025-08-11
847,Female,Gen X,one_and_done,6,1,2025-09-02,2025-09-02
848,Female,Millennial,one_and_done,1,1,2026-05-27,2026-05-27
849,Female,Millennial,regular,2,18,2025-07-07,2026-06-12
850,Male,Millennial,regular,3,21,2025-07-09,2026-06-19
851,Male,Millennial,occasional,1,7,2025-08-25,2026-04-15
852,Male,Millennial,occasional,3,7,2025-08-14,2026-03-20
853,Male,Millennial,loyal,2,30,2025-07-04,2026-06-11
854,Female,Gen Z,one_and_done,2,1,2025-07-15,2025-07-15
855,Male,Gen X,loyal,1,24,2025-07-17,2026-06-18
856,Female,Millennial,one_and_done,1,1,2025-07-04,2025-07-04
857,Female,Gen Z,occasional,1,4,2025-07-02,2026-05-02
858,Female,Millennial,one_and_done,4,1,2025-12-24,2025-12-24
859,Female,Gen Z,one_and_done,3,1,2025-07-17,2025-07-17
860,Female,Millennial,regular,2,18,2025-07-10,2026-04-06
861,Female,Gen Z,occasional,2,4,2025-10-30,2026-03-03
862,Male,Gen X,regular,1,16,2025-07-18,2026-04-23
863,Male,Millennial,occasional,1,7,2025-10-07,2026-06-04
864,Male,Gen Z,one_and_done,1,1,2026-04-03,2026-04-03
865,Female,Millennial,one_and_done,1,1,2025-12-24,2025-12-24
866,Male,Boomer,regular,8,12,2025-08-23,2026-06-03
867,Male,Millennial,one_and_done,1,1,2025-09-13,2025-09-13
868,Male,Gen Z,regular,8,15,2025-08-01,2026-06-11
869,Male,Gen Z,one_and_done,3,1,2026-05-15,2026-05-15
870,Male,Millennial,one_and_done,3,1,2025-12-06,2025-12-06
871,Female,Millennial,occasional,2,6,2025-08-16,2026-06-06
872,Male,Millennial,one_and_done,6,1,2025-12-11,2025-12-11
873,Female,Millennial,regular,3,18,2025-07-19,2026-06-22
874,Male,Gen X,regular,1,16,2025-07-11,2026-06-04
875,Male,Millennial,regular,1,21,2025-07-24,2026-05-16
876,Male,Millennial,regular,2,21,2025-08-17,2026-06-08
877,Male,Gen Z,occasional,1,5,2025-07-25,2026-06-13
878,Male,Gen X,one_and_done,1,1,2026-02-16,2026-02-16
879,Male,Gen X,occasional,1,5,2025-07-06,2026-05-31
880,Male,Millennial,one_and_done,2,1,2025-10-12,2025-10-12
881,Male,Millennial,regular,2,21,2025-07-04,2026-06-20
882,Female,Gen Z,regular,2,13,2025-08-10,2026-06-15
883,Male,Millennial,one_and_done,5,1,2025-11-03,2025-11-03
884,Male,Millennial,one_and_done,9,1,2025-12-22,2025-12-22
885,Female,Millennial,one_and_done,1,1,2026-03-27,2026-03-27
886,Male,Millennial,one_and_done,4,1,2026-03-12,2026-03-12
887,Male,Millennial,loyal,1,30,2025-07-08,2026-06-22
888,Female,Millennial,one_and_done,1,1,2025-06-30,2025-06-30
889,Female,Gen Z,one_and_done,1,1,2025-11-12,2025-11-12
890,Male,Gen X,regular,1,16,2025-07-15,2026-06-05
891,Male,Millennial,one_and_done,10,1,2026-02-06,2026-02-06
892,Male,Millennial,regular,3,21,2025-07-03,2026-06-14
893,Female,Millennial,one_and_done,2,1,2025-10-25,2025-10-25
894,Female,Millennial,loyal,3,26,2025-07-30,2026-06-13
895,Male,Gen Z,loyal,1,22,2025-08-06,2026-06-23
896,Male,Millennial,regular,3,21,2025-07-21,2026-06-17
897,Male,Gen Z,one_and_done,5,1,2025-07-18,2025-07-18
898,Male,Boomer,one_and_done,1,1,2026-01-25,2026-01-25
899,Male,Gen X,occasional,4,5,2025-09-08,2026-06-14
900,Male,Boomer,loyal,1,17,2025-07-19,2026-06-22
901,Male,Gen Z,regular,1,15,2025-07-28,2026-06-01
902,Male,Millennial,occasional,8,7,2025-08-18,2026-06-07
903,Male,Millennial,occasional,1,7,2025-07-13,2026-05-03
904,Male,Millennial,one_and_done,1,1,2025-09-01,2025-09-01
905,Male,Millennial,occasional,1,7,2025-07-05,2026-05-09
906,Male,Gen Z,occasional,1,5,2025-08-30,2026-06-19
907,Male,Gen Z,one_and_done,2,1,2025-09-06,2025-09-06
908,Male,Millennial,regular,5,21,2025-07-05,2026-06-16
909,Male,Millennial,regular,2,21,2025-07-09,2026-06-19
910,Female,Gen Z,occasional,2,4,2025-07-15,2026-04-17
911,Male,Boomer,occasional,1,4,2025-11-12,2026-05-28
912,Female,Boomer,one_and_done,1,1,2026-05-01,2026-05-01
913,Male,Gen Z,regular,1,15,2025-07-05,2026-06-02
914,Female,Gen X,occasional,6,5,2025-09-25,2026-06-15
915,Male,Gen Z,occasional,1,5,2025-09-21,2026-05-11
916,Male,Gen Z,occasional,1,5,2025-08-30,2026-05-01
917,Female,Millennial,one_and_done,1,1,2025-12-05,2025-12-05
918,Female,Gen Z,regular,1,13,2025-07-03,2026-06-12
919,Male,Gen X,regular,1,16,2025-08-14,2026-06-10
920,Male,Gen X,one_and_done,2,1,2025-08-27,2025-08-27
921,Male,Millennial,one_and_done,4,1,2026-04-23,2026-04-23
922,Female,Millennial,one_and_done,1,1,2025-12-13,2025-12-13
923,Male,Millennial,one_and_done,2,1,2025-10-07,2025-10-07
924,Male,Gen Z,one_and_done,1,1,2025-12-18,2025-12-18
925,Female,Millennial,one_and_done,2,1,2026-05-15,2026-05-15
926,Female,Millennial,one_and_done,6,1,2026-02-27,2026-02-27
927,Female,Gen X,regular,1,15,2025-07-14,2026-06-05
928,Male,Millennial,occasional,4,7,2025-07-25,2026-05-09
929,Male,Millennial,one_and_done,5,1,2026-01-17,2026-01-17
930,Male,Millennial,one_and_done,4,1,2026-03-01,2026-03-01
931,Female,Millennial,occasional,2,6,2025-08-28,2026-05-30
932,Female,Millennial,loyal,1,26,2025-07-02,2026-06-21
933,Male,Gen Z,one_and_done,1,1,2025-11-12,2025-11-12
934,Male,Millennial,one_and_done,1,1,2026-03-01,2026-03-01
935,Male,Millennial,regular,2,21,2025-08-06,2026-06-21
936,Female,Gen Z,one_and_done,1,1,2025-07-22,2025-07-22
937,Female,Millennial,regular,1,18,2025-07-20,2026-06-13
938,Male,Millennial,one_and_done,4,1,2025-10-17,2025-10-17
939,Female,Millennial,loyal,1,26,2025-07-14,2026-06-11
940,Male,Gen X,loyal,1,24,2025-07-03,2026-06-21
941,Male,Gen X,occasional,2,5,2025-07-11,2026-04-25
942,Male,Millennial,one_and_done,4,1,2026-01-06,2026-01-06
943,Male,Gen Z,one_and_done,4,1,2026-05-22,2026-05-22
944,Male,Gen X,one_and_done,2,1,2026-02-16,2026-02-16
945,Female,Gen X,one_and_done,3,1,2025-07-30,2025-07-30
946,Male,Millennial,one_and_done,2,1,2026-04-14,2026-04-14
947,Male,Millennial,occasional,3,7,2025-07-12,2026-04-17
948,Female,Gen Z,occasional,2,4,2025-10-04,2026-05-16
949,Female,Gen Z,occasional,1,4,2025-10-13,2026-04-20
950,Male,Millennial,one_and_done,2,1,2026-01-16,2026-01-16
951,Male,Gen X,one_and_done,1,1,2026-04-10,2026-04-10
952,Female,Gen X,one_and_done,5,1,2025-10-14,2025-10-14
953,Male,Boomer,one_and_done,5,1,2026-03-17,2026-03-17
954,Male,Gen Z,occasional,3,5,2025-08-23,2026-05-16
955,Male,Gen Z,one_and_done,3,1,2026-04-18,2026-04-18
956,Male,Gen Z,one_and_done,3,1,2026-02-28,2026-02-28
957,Male,Gen Z,one_and_done,2,1,2026-04-13,2026-04-13
958,Female,Gen X,one_and_done,1,1,2025-08-06,2025-08-06
959,Male,Gen X,regular,7,16,2025-07-01,2026-06-13
960,Female,Gen X,occasional,2,5,2026-01-14,2026-06-08
961,Male,Gen Z,one_and_done,3,1,2025-09-26,2025-09-26
962,Male,Millennial,loyal,1,30,2025-07-11,2026-06-03
963,Female,Gen X,one_and_done,3,1,2025-07-23,2025-07-23
964,Female,Gen Z,loyal,5,19,2025-07-11,2026-05-16
965,Male,Boomer,regular,6,12,2025-07-25,2026-04-30
966,Male,Gen Z,one_and_done,2,1,2025-09-25,2025-09-25
967,Male,Millennial,occasional,5,7,2025-08-19,2026-05-27
968,Male,Millennial,regular,2,21,2025-07-11,2026-06-20
969,Male,Millennial,one_and_done,1,1,2025-07-27,2025-07-27
970,Male,Millennial,one_and_done,2,1,2026-02-01,2026-02-01
971,Female,Gen X,one_and_done,1,1,2025-08-22,2025-08-22
972,Male,Millennial,regular,2,21,2025-07-15,2026-05-08
973,Male,Millennial,occasional,3,7,2025-08-24,2026-05-04
974,Male,Gen X,one_and_done,1,1,2026-04-30,2026-04-30
975,Female,Millennial,one_and_done,1,1,2026-04-25,2026-04-25
976,Male,Millennial,one_and_done,3,1,2026-05-01,2026-05-01
977,Male,Millennial,one_and_done,4,1,2026-01-13,2026-01-13
978,Male,Gen Z,one_and_done,2,1,2025-10-17,2025-10-17
979,Male,Gen X,loyal,6,24,2025-08-01,2026-05-26
980,Female,Millennial,occasional,1,6,2025-07-23,2026-05-31
981,Female,Millennial,loyal,1,26,2025-07-28,2026-06-16
982,Female,Millennial,one_and_done,1,1,2025-10-21,2025-10-21
983,Male,Boomer,one_and_done,1,1,2026-03-28,2026-03-28
984,Male,Millennial,regular,1,21,2025-07-02,2026-06-22
985,Female,Gen X,one_and_done,4,1,2025-08-17,2025-08-17
986,Male,Gen Z,regular,1,15,2025-07-05,2026-06-01
987,Male,Boomer,one_and_done,1,1,2026-04-28,2026-04-28
988,Female,Millennial,occasional,1,6,2025-07-12,2026-06-22
989,Male,Gen X,occasional,1,5,2025-08-17,2026-06-13
990,Female,Gen Z,one_and_done,2,1,2026-05-22,2026-05-22
991,Male,Gen Z,regular,1,15,2025-07-08,2026-05-31
992,Male,Gen X,regular,2,16,2025-07-24,2026-06-07
993,Male,Millennial,regular,1,21,2025-06-30,2026-06-09
994,Male,Millennial,one_and_done,1,1,2026-06-18,2026-06-18
995,Male,Millennial,occasional,3,7,2025-07-09,2026-05-15
996,Male,Millennial,loyal,6,30,2025-07-08,2026-06-13
997,Female,Gen Z,one_and_done,4,1,2025-10-10,2025-10-10
998,Male,Boomer,loyal,1,17,2025-07-09,2026-04-04
999,Female,Millennial,loyal,1,26,2025-07-02,2026-06-11
1000,Female,Gen Z,occasional,2,4,2025-09-01,2026-04-02
1001,Male,Millennial,one_and_done,6,1,2025-11-07,2025-11-07
1002,Female,Gen Z,one_and_done,1,1,2025-10-03,2025-10-03
1003,Female,Gen Z,regular,1,13,2025-07-04,2026-05-28
1004,Male,Gen Z,one_and_done,1,1,2025-10-19,2025-10-19
1005,Male,Gen X,regular,1,16,2025-07-02,2026-06-06
1006,Female,Millennial,one_and_done,1,1,2025-10-28,2025-10-28
1007,Female,Millennial,occasional,2,6,2025-09-11,2026-04-04
1008,Male,Boomer,regular,2,12,2025-07-12,2026-06-20
1009,Male,Boomer,one_and_done,1,1,2026-03-28,2026-03-28
1010,Female,Gen X,one_and_done,1,1,2026-05-10,2026-05-10
1011,Male,Millennial,occasional,2,7,2025-08-03,2026-02-25
1012,Female,Millennial,one_and_done,1,1,2025-07-18,2025-07-18
1013,Female,Boomer,one_and_done,1,1,2026-05-21,2026-05-21
1014,Male,Gen Z,one_and_done,1,1,2025-11-07,2025-11-07
1015,Female,Gen X,occasional,1,5,2025-09-15,2026-04-30
1016,Female,Millennial,one_and_done,2,1,2026-03-13,2026-03-13
1017,Male,Boomer,occasional,7,4,2025-07-04,2026-03-27
1018,Male,Boomer,occasional,1,4,2025-08-27,2026-01-07
1019,Male,Gen X,one_and_done,1,1,2025-08-30,2025-08-30
1020,Male,Gen X,one_and_done,1,1,2025-08-30,2025-08-30
1021,Female,Gen Z,one_and_done,2,1,2026-05-16,2026-05-16
1022,Male,Gen Z,one_and_done,5,1,2026-02-09,2026-02-09
1023,Male,Gen X,occasional,1,5,2025-08-01,2026-02-20
1024,Male,Gen Z,occasional,1,5,2025-08-23,2026-06-21
1025,Female,Millennial,occasional,1,6,2025-07-17,2026-05-16
1026,Male,Gen Z,regular,5,15,2025-07-05,2026-06-19
1027,Male,Gen X,occasional,6,5,2025-10-03,2025-12-27
1028,Male,Millennial,regular,1,21,2025-07-03,2026-04-23
1029,Male,Gen Z,occasional,7,5,2025-10-04,2026-03-29
1030,Female,Gen X,one_and_done,1,1,2026-01-11,2026-01-11
1031,Female,Gen X,one_and_done,2,1,2026-01-23,2026-01-23
1032,Male,Gen X,occasional,9,5,2025-09-09,2026-04-02
1033,Male,Gen X,one_and_done,1,1,2025-08-07,2025-08-07
1034,Male,Gen Z,one_and_done,1,1,2025-12-14,2025-12-14
1035,Male,Gen Z,one_and_done,1,1,2025-10-03,2025-10-03
1036,Male,Boomer,regular,3,12,2025-07-05,2026-04-25
1037,Male,Boomer,occasional,8,4,2025-08-14,2026-05-31
1038,Male,Millennial,occasional,6,7,2025-07-12,2026-05-28
1039,Male,Millennial,one_and_done,4,1,2025-12-06,2025-12-06
1040,Male,Millennial,occasional,2,7,2025-09-03,2026-05-28
1041,Male,Gen X,occasional,10,5,2025-07-10,2026-02-14
1042,Male,Millennial,occasional,4,7,2025-08-16,2026-06-12
1043,Male,Millennial,one_and_done,1,1,2026-04-04,2026-04-04
1044,Male,Gen X,loyal,2,24,2025-07-15,2026-05-20
1045,Female,Gen X,one_and_done,6,1,2026-05-03,2026-05-03
1046,Female,Millennial,loyal,1,26,2025-06-30,2026-06-20
1047,Male,Gen Z,occasional,1,5,2025-07-10,2026-04-15
1048,Male,Millennial,one_and_done,1,1,2026-06-04,2026-06-04
1049,Male,Millennial,regular,2,21,2025-07-17,2026-06-20
1050,Female,Millennial,regular,1,18,2025-07-23,2026-06-02
1051,Male,Millennial,one_and_done,1,1,2025-10-16,2025-10-16
1052,Female,Millennial,occasional,4,6,2025-08-18,2026-04-15
1053,Female,Millennial,occasional,1,6,2025-07-14,2026-03-02
1054,Male,Gen Z,regular,1,15,2025-07-15,2026-06-10
1055,Female,Millennial,regular,7,18,2025-09-13,2026-05-23
1056,Female,Millennial,one_and_done,6,1,2026-04-03,2026-04-03
1057,Male,Millennial,one_and_done,7,1,2025-09-07,2025-09-07
1058,Male,Millennial,loyal,1,30,2025-07-02,2026-06-04
1059,Male,Millennial,one_and_done,5,1,2025-09-12,2025-09-12
1060,Male,Millennial,one_and_done,4,1,2025-07-16,2025-07-16
1061,Female,Millennial,loyal,6,26,2025-07-07,2026-06-22
1062,Male,Millennial,one_and_done,5,1,2025-11-21,2025-11-21
1063,Male,Gen Z,one_and_done,1,1,2026-02-19,2026-02-19
1064,Female,Millennial,loyal,1,26,2025-07-18,2026-06-20
1065,Female,Millennial,regular,1,18,2025-07-01,2026-06-17
1066,Female,Gen X,occasional,2,5,2025-11-28,2026-06-23
1067,Male,Boomer,one_and_done,3,1,2026-02-04,2026-02-04
1068,Male,Millennial,one_and_done,1,1,2026-03-20,2026-03-20
1069,Male,Millennial,loyal,1,30,2025-07-05,2026-06-19
1070,Male,Gen Z,one_and_done,5,1,2025-11-11,2025-11-11
1071,Female,Gen Z,one_and_done,1,1,2026-01-24,2026-01-24
1072,Male,Millennial,regular,1,21,2025-07-11,2026-06-22
1073,Male,Gen Z,loyal,4,22,2025-07-14,2026-05-18
1074,Male,Gen X,one_and_done,2,1,2025-07-14,2025-07-14
1075,Female,Boomer,one_and_done,2,1,2025-12-09,2025-12-09
1076,Male,Millennial,occasional,1,7,2025-07-24,2026-05-01
1077,Male,Millennial,occasional,1,7,2025-07-08,2026-05-18
1078,Female,Gen Z,one_and_done,2,1,2026-04-23,2026-04-23
1079,Male,Millennial,one_and_done,7,1,2025-07-25,2025-07-25
1080,Male,Boomer,regular,1,12,2025-07-07,2026-06-05
1081,Male,Millennial,one_and_done,1,1,2025-07-04,2025-07-04
1082,Male,Millennial,occasional,5,7,2025-09-09,2026-06-12
1083,Male,Gen X,one_and_done,3,1,2026-05-18,2026-05-18
1084,Female,Millennial,one_and_done,1,1,2026-04-26,2026-04-26
1085,Male,Gen Z,loyal,3,22,2025-08-01,2026-05-16
1086,Male,Gen Z,regular,1,15,2025-07-15,2026-06-08
1087,Male,Millennial,one_and_done,1,1,2026-05-25,2026-05-25
1088,Male,Gen X,occasional,1,5,2025-07-18,2026-04-24
1089,Male,Millennial,one_and_done,1,1,2025-10-17,2025-10-17
1090,Male,Millennial,regular,1,21,2025-08-13,2026-06-15
1091,Male,Gen Z,regular,2,15,2025-07-11,2026-05-24
1092,Male,Millennial,regular,2,21,2025-07-01,2026-06-08
1093,Male,Gen X,one_and_done,1,1,2026-05-29,2026-05-29
1094,Male,Millennial,one_and_done,3,1,2026-06-06,2026-06-06
1095,Female,Boomer,one_and_done,4,1,2026-03-21,2026-03-21
1096,Male,Gen Z,one_and_done,3,1,2025-11-08,2025-11-08
1097,Female,Millennial,regular,3,18,2025-07-23,2026-06-05
1098,Male,Millennial,one_and_done,6,1,2026-05-22,2026-05-22
1099,Male,Millennial,one_and_done,1,1,2026-02-16,2026-02-16
1100,Male,Boomer,one_and_done,6,1,2026-03-28,2026-03-28
1101,Female,Gen X,regular,1,15,2025-07-21,2026-06-01
1102,Male,Millennial,loyal,1,30,2025-07-09,2026-05-17
1103,Male,Millennial,one_and_done,1,1,2026-05-10,2026-05-10
1104,Male,Gen Z,one_and_done,4,1,2026-01-23,2026-01-23
1105,Female,Gen Z,occasional,1,4,2025-08-28,2026-03-05
1106,Female,Gen X,occasional,10,5,2025-09-08,2026-06-10
1107,Female,Gen Z,one_and_done,1,1,2025-08-08,2025-08-08
1108,Female,Gen X,occasional,6,5,2025-08-30,2026-06-06
1109,Female,Gen Z,regular,8,13,2025-07-04,2026-05-25
1110,Male,Gen Z,one_and_done,2,1,2025-11-11,2025-11-11
1111,Male,Gen Z,one_and_done,1,1,2026-02-17,2026-02-17
1112,Male,Millennial,regular,1,21,2025-07-31,2026-05-19
1113,Male,Gen Z,one_and_done,1,1,2025-08-03,2025-08-03
1114,Female,Gen X,regular,5,15,2025-07-16,2026-05-20
1115,Female,Millennial,one_and_done,1,1,2026-02-11,2026-02-11
1116,Male,Millennial,regular,1,21,2025-07-01,2026-05-23
1117,Male,Boomer,one_and_done,2,1,2025-07-31,2025-07-31
1118,Male,Millennial,one_and_done,5,1,2026-03-31,2026-03-31
1119,Male,Gen X,occasional,1,5,2025-08-17,2026-06-13
1120,Female,Millennial,occasional,1,6,2025-08-09,2026-04-28
1121,Female,Gen Z,occasional,1,4,2025-12-29,2026-05-14
1122,Male,Boomer,one_and_done,1,1,2025-12-16,2025-12-16
1123,Male,Millennial,one_and_done,3,1,2026-03-02,2026-03-02
1124,Male,Gen Z,one_and_done,1,1,2025-11-16,2025-11-16
1125,Male,Millennial,occasional,3,7,2025-08-20,2026-06-04
1126,Male,Millennial,regular,2,21,2025-07-28,2026-06-20
1127,Female,Millennial,one_and_done,1,1,2026-02-26,2026-02-26
1128,Male,Gen Z,regular,3,15,2025-07-02,2026-06-20
1129,Male,Millennial,one_and_done,1,1,2026-03-23,2026-03-23
1130,Male,Gen X,occasional,2,5,2025-09-13,2026-04-08
1131,Male,Gen Z,one_and_done,3,1,2026-05-15,2026-05-15
1132,Male,Gen Z,loyal,1,22,2025-07-04,2026-06-22
1133,Male,Gen Z,one_and_done,1,1,2025-09-11,2025-09-11
1134,Female,Millennial,occasional,4,6,2026-01-28,2026-06-01
1135,Male,Gen Z,occasional,1,5,2025-10-01,2026-06-06
1136,Male,Millennial,regular,1,21,2025-07-03,2026-05-26
1137,Male,Millennial,one_and_done,8,1,2025-07-16,2025-07-16
1138,Male,Gen X,regular,2,16,2025-07-15,2026-06-11
1139,Male,Millennial,one_and_done,1,1,2025-07-18,2025-07-18
1140,Male,Boomer,regular,10,12,2025-08-03,2026-04-19
1141,Male,Gen Z,occasional,1,5,2025-08-05,2026-02-21
1142,Female,Millennial,loyal,2,26,2025-07-07,2026-06-21
1143,Female,Gen Z,one_and_done,1,1,2025-10-02,2025-10-02
1144,Male,Millennial,regular,6,21,2025-07-07,2026-06-18
1145,Male,Gen Z,one_and_done,2,1,2026-02-25,2026-02-25
1146,Male,Millennial,one_and_done,6,1,2026-01-03,2026-01-03
1147,Male,Millennial,one_and_done,2,1,2026-04-07,2026-04-07
1148,Male,Millennial,loyal,2,30,2025-07-08,2026-06-02
1149,Male,Gen Z,one_and_done,1,1,2025-09-21,2025-09-21
1150,Female,Gen Z,one_and_done,2,1,2025-08-12,2025-08-12
1151,Male,Gen X,occasional,2,5,2025-08-21,2026-04-17
1152,Male,Millennial,loyal,1,30,2025-07-08,2026-06-15
1153,Male,Gen X,occasional,1,5,2025-10-02,2026-05-06
1154,Female,Boomer,regular,1,10,2025-08-07,2026-05-11
1155,Male,Gen Z,occasional,3,5,2025-09-13,2026-06-13
1156,Male,Millennial,loyal,1,30,2025-07-02,2026-06-21
1157,Male,Millennial,one_and_done,1,1,2025-09-11,2025-09-11
1158,Male,Gen Z,regular,1,15,2025-07-26,2026-05-28
1159,Male,Gen X,one_and_done,1,1,2025-07-26,2025-07-26
1160,Male,Gen Z,one_and_done,4,1,2025-10-29,2025-10-29
1161,Female,Millennial,regular,4,18,2025-07-02,2026-06-16
1162,Female,Boomer,occasional,1,3,2026-01-12,2026-05-23
1163,Male,Millennial,one_and_done,2,1,2026-03-18,2026-03-18
1164,Male,Gen Z,one_and_done,2,1,2026-05-16,2026-05-16
1165,Male,Gen Z,regular,2,15,2025-07-09,2026-06-15
1166,Male,Millennial,occasional,1,7,2025-07-18,2026-06-11
1167,Female,Gen X,regular,2,15,2025-08-31,2026-06-03
1168,Male,Millennial,occasional,3,7,2025-11-02,2026-06-15
1169,Female,Gen Z,one_and_done,1,1,2026-03-30,2026-03-30
1170,Male,Millennial,occasional,6,7,2025-11-12,2026-05-06
1171,Female,Gen X,regular,2,15,2025-07-10,2026-06-19
1172,Female,Millennial,one_and_done,4,1,2025-12-21,2025-12-21
1173,Male,Gen Z,loyal,1,22,2025-07-01,2026-06-21
1174,Male,Boomer,regular,2,12,2025-07-30,2026-05-13
1175,Male,Gen Z,loyal,1,22,2025-07-02,2026-06-19
1176,Male,Gen X,occasional,3,5,2025-07-31,2026-01-27
1177,Male,Gen X,occasional,1,5,2025-08-04,2026-06-01
1178,Female,Boomer,loyal,5,15,2025-06-30,2026-06-06
1179,Male,Gen X,one_and_done,1,1,2026-02-09,2026-02-09
1180,Male,Millennial,one_and_done,2,1,2025-07-20,2025-07-20
1181,Male,Gen X,one_and_done,3,1,2026-02-23,2026-02-23
1182,Male,Millennial,one_and_done,2,1,2025-11-18,2025-11-18
1183,Female,Gen X,one_and_done,1,1,2025-07-04,2025-07-04
1184,Male,Millennial,one_and_done,7,1,2026-05-04,2026-05-04
1185,Male,Millennial,occasional,1,7,2025-07-26,2026-05-22
1186,Male,Gen Z,occasional,1,5,2025-08-09,2026-03-20
1187,Male,Gen Z,regular,1,15,2025-07-11,2026-06-22
1188,Male,Gen Z,loyal,4,22,2025-07-01,2026-04-21
1189,Male,Millennial,occasional,6,7,2025-11-25,2026-05-06
1190,Male,Millennial,regular,1,21,2025-07-10,2026-04-17
1191,Male,Millennial,one_and_done,5,1,2025-10-03,2025-10-03
1192,Male,Millennial,one_and_done,2,1,2025-10-03,2025-10-03
1193,Female,Boomer,one_and_done,4,1,2025-09-29,2025-09-29
1194,Female,Gen X,loyal,1,22,2025-07-18,2026-06-20
1195,Male,Millennial,regular,3,21,2025-07-02,2026-04-29
1196,Female,Gen X,one_and_done,1,1,2026-03-28,2026-03-28
1197,Female,Gen Z,one_and_done,2,1,2026-05-19,2026-05-19
1198,Female,Gen X,loyal,1,22,2025-07-15,2026-06-22
1199,Male,Gen X,regular,1,16,2025-07-02,2026-06-20
1200,Male,Gen Z,occasional,7,5,2025-08-29,2026-06-02
1201,Female,Millennial,one_and_done,2,1,2025-10-31,2025-10-31
1202,Male,Millennial,occasional,4,7,2025-07-04,2026-06-21
1203,Female,Millennial,one_and_done,2,1,2026-05-02,2026-05-02
1204,Female,Millennial,one_and_done,1,1,2026-03-20,2026-03-20
1205,Male,Millennial,regular,3,21,2025-07-02,2026-05-14
1206,Male,Millennial,one_and_done,1,1,2026-04-28,2026-04-28
1207,Female,Millennial,occasional,1,6,2025-07-16,2026-02-20
1208,Female,Gen Z,regular,6,13,2025-07-18,2026-06-21
1209,Male,Millennial,occasional,3,7,2025-07-15,2026-04-12
1210,Male,Gen Z,regular,1,15,2025-07-16,2026-06-19
1211,Male,Millennial,regular,2,21,2025-07-15,2026-05-21
1212,Male,Boomer,occasional,1,4,2025-08-25,2026-02-06
1213,Male,Millennial,occasional,1,7,2025-07-04,2026-03-03
1214,Male,Gen Z,occasional,1,5,2025-07-04,2026-05-28
1215,Female,Millennial,one_and_done,1,1,2026-02-07,2026-02-07
1216,Female,Millennial,regular,2,18,2025-09-25,2026-06-22
1217,Male,Millennial,one_and_done,1,1,2026-03-04,2026-03-04
1218,Male,Gen Z,regular,1,15,2025-08-14,2026-04-27
1219,Male,Millennial,one_and_done,6,1,2026-02-26,2026-02-26
1220,Female,Gen X,one_and_done,1,1,2026-03-22,2026-03-22
1221,Male,Gen X,one_and_done,1,1,2026-05-03,2026-05-03
1222,Female,Gen X,regular,1,15,2025-07-03,2026-06-18
1223,Male,Millennial,one_and_done,3,1,2026-03-14,2026-03-14
1224,Male,Millennial,one_and_done,1,1,2025-09-15,2025-09-15
1225,Female,Gen X,one_and_done,4,1,2025-07-19,2025-07-19
1226,Male,Millennial,regular,5,21,2025-07-04,2026-05-21
1227,Male,Boomer,occasional,2,4,2025-10-01,2026-03-13
1228,Male,Millennial,one_and_done,1,1,2026-02-10,2026-02-10
1229,Female,Gen X,one_and_done,5,1,2026-02-16,2026-02-16
1230,Male,Gen X,occasional,4,5,2025-07-17,2026-01-20
1231,Male,Boomer,one_and_done,1,1,2025-10-05,2025-10-05
1232,Male,Millennial,occasional,5,7,2025-09-04,2026-06-19
1233,Male,Millennial,one_and_done,3,1,2025-12-12,2025-12-12
1234,Female,Millennial,one_and_done,1,1,2026-01-03,2026-01-03
1235,Female,Gen Z,one_and_done,1,1,2025-10-27,2025-10-27
1236,Female,Millennial,one_and_done,1,1,2026-05-12,2026-05-12
1237,Female,Millennial,regular,1,18,2025-08-03,2026-05-31
1238,Male,Gen X,one_and_done,1,1,2026-03-28,2026-03-28
1239,Male,Gen X,occasional,5,5,2025-11-26,2026-06-12
1240,Female,Gen Z,one_and_done,4,1,2026-05-07,2026-05-07
1241,Male,Millennial,occasional,1,7,2025-07-14,2026-02-04
1242,Female,Gen Z,one_and_done,1,1,2026-01-17,2026-01-17
1243,Female,Millennial,occasional,4,6,2025-07-10,2026-04-22
1244,Male,Millennial,regular,3,21,2025-07-03,2026-06-22
1245,Female,Millennial,regular,2,18,2025-07-19,2026-06-19
1246,Male,Millennial,regular,1,21,2025-07-10,2026-06-01
1247,Male,Gen Z,one_and_done,1,1,2025-07-31,2025-07-31
1248,Male,Millennial,occasional,2,7,2025-07-01,2026-06-08
1249,Male,Millennial,occasional,1,7,2025-11-20,2026-04-20
1250,Male,Millennial,one_and_done,1,1,2026-05-02,2026-05-02
1251,Female,Gen Z,occasional,1,4,2025-07-05,2026-05-01
1252,Male,Millennial,one_and_done,1,1,2025-08-12,2025-08-12
1253,Male,Boomer,one_and_done,1,1,2025-10-18,2025-10-18
1254,Male,Boomer,one_and_done,1,1,2025-09-05,2025-09-05
1255,Male,Gen Z,one_and_done,2,1,2025-07-28,2025-07-28
1256,Male,Gen X,loyal,2,24,2025-07-09,2026-06-10
1257,Male,Gen Z,one_and_done,3,1,2025-07-11,2025-07-11
1258,Male,Millennial,one_and_done,1,1,2026-04-01,2026-04-01
1259,Male,Gen Z,regular,9,15,2025-08-13,2026-06-15
1260,Female,Boomer,one_and_done,1,1,2025-09-12,2025-09-12
1261,Male,Millennial,one_and_done,1,1,2025-12-31,2025-12-31
1262,Female,Millennial,one_and_done,3,1,2025-10-15,2025-10-15
1263,Female,Millennial,occasional,1,6,2025-07-03,2026-05-29
1264,Male,Gen X,one_and_done,6,1,2026-03-31,2026-03-31
1265,Male,Gen Z,one_and_done,2,1,2026-04-01,2026-04-01
1266,Female,Millennial,one_and_done,6,1,2025-11-21,2025-11-21
1267,Male,Gen Z,occasional,1,5,2025-09-05,2026-06-15
1268,Male,Millennial,occasional,2,7,2025-07-22,2026-06-12
1269,Female,Gen X,occasional,7,5,2025-08-22,2026-06-11
1270,Male,Millennial,regular,1,21,2025-06-30,2026-06-04
1271,Male,Gen Z,one_and_done,1,1,2025-10-15,2025-10-15
1272,Male,Gen X,regular,3,16,2025-07-18,2026-05-15
1273,Male,Gen X,loyal,1,24,2025-08-08,2026-05-02
1274,Male,Gen X,occasional,1,5,2025-09-25,2026-06-12
1275,Female,Millennial,regular,1,18,2025-07-25,2026-06-17
1276,Male,Millennial,one_and_done,1,1,2025-07-05,2025-07-05
1277,Male,Gen X,one_and_done,1,1,2025-12-02,2025-12-02
1278,Female,Gen Z,occasional,4,4,2025-11-21,2026-04-24
1279,Female,Millennial,one_and_done,1,1,2025-08-01,2025-08-01
1280,Male,Gen Z,one_and_done,1,1,2025-09-19,2025-09-19
1281,Female,Gen Z,regular,2,13,2025-06-30,2026-05-18
1282,Female,Millennial,one_and_done,4,1,2025-10-11,2025-10-11
1283,Male,Millennial,regular,7,21,2025-07-18,2026-06-19
1284,Male,Gen Z,one_and_done,1,1,2025-12-13,2025-12-13
1285,Male,Gen Z,one_and_done,3,1,2025-12-18,2025-12-18
1286,Male,Millennial,one_and_done,1,1,2026-01-14,2026-01-14
1287,Female,Boomer,regular,3,10,2025-12-02,2026-06-13
1288,Male,Millennial,regular,2,21,2025-07-03,2026-05-28
1289,Male,Millennial,one_and_done,1,1,2025-09-12,2025-09-12
1290,Male,Gen Z,one_and_done,3,1,2025-11-04,2025-11-04
1291,Male,Gen X,occasional,9,5,2025-08-27,2026-05-24
1292,Male,Gen Z,occasional,1,5,2025-09-12,2026-06-05
1293,Female,Gen Z,one_and_done,5,1,2025-11-19,2025-11-19
1294,Female,Millennial,regular,3,18,2025-08-10,2026-05-19
1295,Female,Gen Z,one_and_done,1,1,2025-11-21,2025-11-21
1296,Female,Boomer,one_and_done,1,1,2026-01-10,2026-01-10
1297,Male,Millennial,loyal,3,30,2025-07-04,2026-06-02
1298,Male,Millennial,regular,2,21,2025-07-13,2026-06-11
1299,Female,Millennial,one_and_done,1,1,2025-07-10,2025-07-10
1300,Male,Gen X,one_and_done,1,1,2025-08-22,2025-08-22
1301,Male,Gen X,one_and_done,1,1,2026-06-19,2026-06-19
1302,Male,Gen X,one_and_done,4,1,2025-10-31,2025-10-31
1303,Male,Gen Z,loyal,1,22,2025-07-10,2026-05-24
1304,Female,Gen Z,one_and_done,5,1,2025-10-07,2025-10-07
1305,Male,Gen X,loyal,1,24,2025-07-22,2026-06-09
1306,Male,Gen Z,loyal,3,22,2025-07-16,2026-06-18
1307,Male,Gen Z,regular,2,15,2025-08-30,2026-06-22
1308,Male,Gen Z,regular,5,15,2025-08-08,2026-06-04
1309,Male,Gen Z,one_and_done,1,1,2025-10-31,2025-10-31
1310,Male,Millennial,one_and_done,6,1,2025-08-21,2025-08-21
1311,Male,Gen X,occasional,1,5,2025-07-24,2026-04-27
1312,Male,Millennial,one_and_done,1,1,2025-08-15,2025-08-15
1313,Female,Gen Z,regular,3,13,2025-07-08,2026-05-16
1314,Female,Millennial,occasional,1,6,2025-07-26,2026-05-11
1315,Male,Gen Z,occasional,2,5,2025-08-09,2026-04-10
1316,Female,Millennial,occasional,1,6,2025-08-16,2026-06-15
1317,Female,Millennial,one_and_done,1,1,2025-09-27,2025-09-27
1318,Male,Millennial,one_and_done,1,1,2025-09-27,2025-09-27
1319,Male,Gen X,one_and_done,1,1,2026-05-25,2026-05-25
1320,Male,Gen X,one_and_done,1,1,2026-04-12,2026-04-12
1321,Female,Gen X,one_and_done,1,1,2026-04-30,2026-04-30
1322,Male,Millennial,one_and_done,5,1,2025-11-28,2025-11-28
1323,Male,Boomer,loyal,1,17,2025-07-11,2026-04-28
1324,Female,Gen X,one_and_done,2,1,2026-03-11,2026-03-11
1325,Female,Millennial,one_and_done,2,1,2026-01-30,2026-01-30
1326,Male,Gen Z,occasional,10,5,2025-09-07,2026-06-01
1327,Female,Millennial,regular,1,18,2025-07-25,2026-06-06
1328,Male,Gen Z,loyal,1,22,2025-07-14,2026-06-03
1329,Female,Millennial,occasional,1,6,2025-11-02,2026-06-15
1330,Male,Millennial,regular,6,21,2025-07-09,2026-05-26
1331,Male,Gen Z,occasional,2,5,2025-12-03,2026-06-11
1332,Female,Millennial,loyal,1,26,2025-07-18,2026-06-01
1333,Female,Millennial,one_and_done,4,1,2026-04-05,2026-04-05
1334,Male,Millennial,one_and_done,1,1,2025-12-28,2025-12-28
1335,Male,Gen Z,occasional,1,5,2025-09-27,2026-03-07
1336,Male,Gen Z,occasional,4,5,2025-08-02,2026-01-28
1337,Male,Millennial,one_and_done,8,1,2026-05-23,2026-05-23
1338,Male,Millennial,regular,4,21,2025-07-13,2026-06-22
1339,Female,Millennial,occasional,2,6,2025-09-20,2026-06-10
1340,Male,Gen X,occasional,6,5,2025-12-31,2026-06-11
1341,Female,Boomer,loyal,4,15,2025-08-03,2026-06-15
1342,Female,Gen X,one_and_done,4,1,2025-12-12,2025-12-12
1343,Female,Gen X,occasional,5,5,2025-11-06,2026-06-08
1344,Male,Gen X,occasional,1,5,2025-10-18,2026-05-04
1345,Female,Gen Z,regular,2,13,2025-08-06,2026-04-18
1346,Male,Millennial,one_and_done,5,1,2026-02-24,2026-02-24
1347,Male,Gen X,one_and_done,1,1,2025-09-04,2025-09-04
1348,Male,Millennial,one_and_done,4,1,2025-12-22,2025-12-22
1349,Female,Gen X,one_and_done,1,1,2025-08-25,2025-08-25
1350,Male,Millennial,loyal,6,30,2025-07-12,2026-06-12
1351,Male,Gen Z,one_and_done,8,1,2025-10-02,2025-10-02
1352,Male,Boomer,one_and_done,2,1,2025-07-18,2025-07-18
1353,Female,Millennial,one_and_done,1,1,2026-03-06,2026-03-06
1354,Male,Gen Z,regular,1,15,2025-07-23,2026-06-06
1355,Male,Millennial,occasional,7,7,2025-07-12,2026-05-31
1356,Female,Gen Z,regular,4,13,2025-08-08,2026-06-17
1357,Female,Millennial,occasional,3,6,2025-10-26,2026-03-28
1358,Male,Gen Z,one_and_done,1,1,2025-09-05,2025-09-05
1359,Male,Millennial,regular,1,21,2025-08-13,2026-06-21
1360,Male,Gen Z,one_and_done,5,1,2025-08-22,2025-08-22
1361,Female,Gen X,regular,5,15,2025-07-06,2026-04-19
1362,Male,Gen X,loyal,1,24,2025-07-30,2026-06-05
1363,Female,Gen X,one_and_done,7,1,2026-02-03,2026-02-03
1364,Male,Millennial,one_and_done,1,1,2025-09-01,2025-09-01
1365,Female,Millennial,regular,1,18,2025-06-30,2026-06-21
1366,Male,Gen Z,loyal,2,22,2025-07-14,2026-06-22
1367,Male,Millennial,occasional,1,7,2025-07-12,2026-05-22
1368,Male,Millennial,one_and_done,5,1,2025-11-08,2025-11-08
1369,Male,Millennial,one_and_done,1,1,2025-12-23,2025-12-23
1370,Male,Millennial,loyal,2,30,2025-07-19,2026-05-31
1371,Male,Millennial,occasional,5,7,2025-09-26,2026-03-17
1372,Male,Millennial,regular,1,21,2025-07-18,2026-06-23
1373,Female,Millennial,occasional,4,6,2025-10-11,2026-05-21
1374,Female,Millennial,occasional,5,6,2025-08-11,2026-05-30
1375,Male,Gen Z,one_and_done,7,1,2025-09-24,2025-09-24
1376,Female,Millennial,one_and_done,7,1,2026-06-11,2026-06-11
1377,Female,Gen X,one_and_done,5,1,2025-12-18,2025-12-18
1378,Male,Millennial,one_and_done,1,1,2026-04-08,2026-04-08
1379,Male,Millennial,one_and_done,1,1,2025-12-20,2025-12-20
1380,Female,Gen Z,regular,5,13,2025-07-05,2026-06-06
1381,Female,Gen Z,occasional,1,4,2025-10-31,2026-06-14
1382,Female,Gen X,one_and_done,4,1,2026-03-26,2026-03-26
1383,Female,Millennial,occasional,1,6,2025-10-03,2026-05-21
1384,Male,Millennial,regular,4,21,2025-06-30,2026-06-22
1385,Male,Millennial,one_and_done,1,1,2026-02-01,2026-02-01
1386,Male,Gen Z,one_and_done,1,1,2026-02-09,2026-02-09
1387,Male,Millennial,one_and_done,4,1,2026-04-17,2026-04-17
1388,Male,Millennial,one_and_done,4,1,2026-02-10,2026-02-10
1389,Male,Gen X,regular,1,16,2025-07-28,2026-06-06
1390,Male,Millennial,loyal,1,30,2025-07-31,2026-06-12
1391,Male,Millennial,one_and_done,1,1,2025-09-07,2025-09-07
1392,Female,Millennial,regular,4,18,2025-07-09,2026-04-28
1393,Female,Gen X,regular,6,15,2025-07-19,2026-06-14
1394,Male,Millennial,regular,4,21,2025-07-31,2026-04-29
1395,Male,Millennial,one_and_done,1,1,2026-02-13,2026-02-13
1396,Female,Millennial,occasional,1,6,2025-07-27,2026-04-06
1397,Male,Millennial,one_and_done,2,1,2025-07-06,2025-07-06
1398,Male,Gen Z,one_and_done,1,1,2025-08-29,2025-08-29
1399,Male,Gen Z,occasional,1,5,2025-08-31,2026-06-20
1400,Male,Millennial,one_and_done,7,1,2026-06-05,2026-06-05
1401,Female,Gen X,one_and_done,1,1,2026-06-12,2026-06-12
1402,Male,Millennial,occasional,2,7,2025-07-13,2026-05-21
1403,Female,Millennial,regular,1,18,2025-07-25,2026-06-13
1404,Male,Gen Z,loyal,1,22,2025-07-10,2026-04-20
1405,Male,Millennial,one_and_done,2,1,2025-11-01,2025-11-01
1406,Male,Gen Z,one_and_done,1,1,2025-07-31,2025-07-31
1407,Male,Gen Z,one_and_done,1,1,2026-05-28,2026-05-28
1408,Female,Gen X,regular,1,15,2025-07-10,2026-05-16
1409,Female,Gen Z,one_and_done,1,1,2025-09-16,2025-09-16
1410,Male,Millennial,one_and_done,7,1,2026-05-16,2026-05-16
1411,Male,Gen Z,regular,1,15,2025-07-05,2026-06-20
1412,Male,Boomer,regular,1,12,2025-08-25,2026-05-18
1413,Male,Millennial,occasional,1,7,2025-07-08,2026-04-03
1414,Male,Millennial,one_and_done,4,1,2025-08-21,2025-08-21
1415,Male,Millennial,regular,2,21,2025-07-24,2026-06-01
1416,Female,Millennial,loyal,1,26,2025-07-03,2026-06-12
1417,Male,Gen X,one_and_done,5,1,2025-12-07,2025-12-07
1418,Male,Gen Z,occasional,6,5,2025-08-30,2026-04-28
1419,Male,Gen Z,one_and_done,5,1,2026-05-25,2026-05-25
1420,Male,Millennial,loyal,1,30,2025-07-21,2026-05-25
1421,Male,Millennial,one_and_done,1,1,2026-05-22,2026-05-22
1422,Male,Gen Z,one_and_done,5,1,2026-06-15,2026-06-15
1423,Male,Millennial,loyal,1,30,2025-07-07,2026-06-19
1424,Female,Gen X,occasional,6,5,2025-11-07,2026-03-29
1425,Male,Gen Z,one_and_done,1,1,2025-08-23,2025-08-23
1426,Male,Gen X,regular,5,16,2025-07-10,2026-06-05
1427,Male,Millennial,one_and_done,2,1,2026-03-12,2026-03-12
1428,Male,Millennial,loyal,1,30,2025-07-24,2026-06-23
1429,Male,Boomer,loyal,3,17,2025-07-18,2026-05-31
1430,Male,Millennial,occasional,2,7,2025-09-09,2026-02-13
1431,Male,Millennial,regular,2,21,2025-08-13,2026-06-12
1432,Male,Boomer,occasional,1,4,2025-09-20,2026-04-29
1433,Female,Millennial,loyal,3,26,2025-07-07,2026-06-07
1434,Male,Millennial,one_and_done,4,1,2025-07-05,2025-07-05
1435,Male,Gen Z,occasional,6,5,2025-10-11,2026-06-01
1436,Female,Boomer,one_and_done,5,1,2026-03-30,2026-03-30
1437,Male,Millennial,one_and_done,5,1,2026-02-23,2026-02-23
1438,Female,Millennial,regular,5,18,2025-07-19,2026-06-06
1439,Male,Gen Z,occasional,2,5,2025-09-08,2025-12-24
1440,Female,Gen Z,one_and_done,1,1,2026-06-12,2026-06-12
1441,Male,Millennial,occasional,1,7,2025-09-21,2026-04-22
1442,Male,Gen X,one_and_done,4,1,2025-12-15,2025-12-15
1443,Male,Millennial,occasional,2,7,2025-07-18,2026-02-18
1444,Male,Millennial,one_and_done,1,1,2025-09-28,2025-09-28
1445,Male,Millennial,occasional,8,7,2025-09-20,2026-06-19
1446,Female,Millennial,regular,1,18,2025-07-17,2026-06-05
1447,Male,Millennial,occasional,1,7,2025-08-05,2026-04-13
1448,Male,Millennial,loyal,5,30,2025-07-08,2026-06-03
1449,Male,Millennial,one_and_done,1,1,2025-10-31,2025-10-31
1450,Female,Gen X,occasional,1,5,2025-08-09,2026-05-05
1451,Female,Millennial,one_and_done,1,1,2026-02-09,2026-02-09
1452,Male,Millennial,one_and_done,3,1,2026-06-06,2026-06-06
1453,Male,Gen Z,regular,2,15,2025-07-17,2026-06-13
1454,Male,Millennial,loyal,5,30,2025-07-05,2026-06-16
1455,Male,Millennial,one_and_done,4,1,2026-02-06,2026-02-06
1456,Male,Boomer,occasional,1,4,2025-08-02,2026-06-19
1457,Male,Millennial,one_and_done,1,1,2026-04-22,2026-04-22
1458,Female,Gen Z,occasional,2,4,2025-07-16,2026-06-15
1459,Male,Millennial,regular,2,21,2025-07-21,2026-06-01
1460,Female,Gen Z,one_and_done,5,1,2026-01-02,2026-01-02
1461,Male,Millennial,regular,1,21,2025-07-18,2026-06-06
1462,Female,Gen Z,one_and_done,4,1,2026-03-28,2026-03-28
1463,Male,Millennial,occasional,1,7,2025-07-15,2026-06-19
1464,Male,Gen Z,regular,1,15,2025-07-17,2026-04-27
1465,Male,Boomer,one_and_done,8,1,2025-11-18,2025-11-18
1466,Male,Millennial,occasional,2,7,2025-07-25,2026-06-11
1467,Male,Gen Z,occasional,1,5,2025-09-02,2026-06-12
1468,Male,Gen Z,regular,1,15,2025-07-21,2026-06-18
1469,Male,Millennial,regular,1,21,2025-07-20,2026-06-16
1470,Female,Gen Z,regular,2,13,2025-07-15,2026-05-23
1471,Male,Boomer,one_and_done,1,1,2025-08-09,2025-08-09
1472,Female,Millennial,occasional,2,6,2025-07-17,2026-05-30
1473,Male,Millennial,one_and_done,1,1,2026-01-16,2026-01-16
1474,Male,Millennial,one_and_done,6,1,2026-03-09,2026-03-09
1475,Male,Millennial,one_and_done,1,1,2025-10-17,2025-10-17
1476,Male,Millennial,one_and_done,1,1,2025-08-25,2025-08-25
1477,Female,Millennial,occasional,1,6,2025-08-06,2026-04-25
1478,Female,Millennial,regular,1,18,2025-07-09,2026-05-29
1479,Male,Gen Z,one_and_done,1,1,2026-05-15,2026-05-15
1480,Female,Millennial,one_and_done,3,1,2026-04-06,2026-04-06
1481,Male,Gen Z,one_and_done,7,1,2025-10-29,2025-10-29
1482,Male,Gen Z,one_and_done,1,1,2026-03-31,2026-03-31
1483,Female,Gen X,occasional,5,5,2025-10-26,2026-04-16
1484,Female,Millennial,occasional,1,6,2025-07-16,2026-01-30
1485,Female,Millennial,regular,1,18,2025-07-04,2026-06-17
1486,Male,Gen X,one_and_done,1,1,2025-11-19,2025-11-19
1487,Male,Boomer,loyal,1,17,2025-07-06,2026-06-15
1488,Female,Gen Z,occasional,1,4,2025-07-31,2026-06-10
1489,Female,Gen X,one_and_done,3,1,2026-03-15,2026-03-15
1490,Male,Boomer,occasional,5,4,2025-07-08,2026-04-09
1491,Male,Gen Z,regular,3,15,2025-07-27,2026-04-13
1492,Male,Millennial,one_and_done,1,1,2026-06-01,2026-06-01
1493,Female,Gen X,regular,5,15,2025-07-30,2026-06-07
1494,Female,Millennial,occasional,1,6,2025-08-30,2026-04-24
1495,Female,Millennial,occasional,1,6,2025-10-31,2026-05-23
1496,Female,Gen Z,regular,2,13,2025-07-08,2026-05-04
1497,Male,Boomer,one_and_done,1,1,2026-03-14,2026-03-14
1498,Male,Gen X,one_and_done,1,1,2026-05-24,2026-05-24
1499,Male,Millennial,occasional,9,7,2025-07-11,2026-05-11
1500,Male,Millennial,loyal,3,30,2025-07-07,2026-05-27
1501,Male,Millennial,occasional,1,7,2025-08-01,2025-12-17
1502,Male,Millennial,occasional,3,7,2025-07-10,2026-06-19
1503,Male,Millennial,one_and_done,1,1,2025-12-26,2025-12-26
1504,Female,Gen X,loyal,1,22,2025-07-23,2026-06-22
1505,Male,Gen Z,occasional,1,5,2025-07-16,2026-05-29
1506,Male,Gen Z,regular,7,15,2025-07-10,2026-06-04
1507,Male,Boomer,one_and_done,2,1,2025-12-08,2025-12-08
1508,Male,Gen Z,occasional,4,5,2025-08-02,2026-06-20
1509,Male,Gen Z,one_and_done,2,1,2025-10-13,2025-10-13
1510,Male,Gen X,regular,1,16,2025-07-06,2026-04-27
1511,Female,Gen Z,regular,1,13,2025-07-18,2026-05-18
1512,Female,Gen Z,regular,4,13,2025-07-31,2026-06-19
1513,Female,Millennial,one_and_done,1,1,2025-08-18,2025-08-18
1514,Female,Millennial,loyal,1,26,2025-07-08,2026-06-05
1515,Male,Millennial,occasional,2,7,2025-07-25,2026-04-18
1516,Male,Gen Z,occasional,2,5,2025-08-23,2026-04-13
1517,Female,Gen X,one_and_done,4,1,2026-04-04,2026-04-04
1518,Male,Millennial,occasional,1,7,2025-07-11,2026-06-23
1519,Female,Gen Z,regular,3,13,2025-09-05,2026-06-21
1520,Male,Gen Z,occasional,6,5,2025-10-19,2026-04-06
1521,Male,Millennial,one_and_done,2,1,2025-08-18,2025-08-18
1522,Female,Millennial,one_and_done,1,1,2026-04-11,2026-04-11
1523,Male,Gen X,one_and_done,1,1,2025-07-29,2025-07-29
1524,Male,Boomer,occasional,6,4,2025-07-16,2026-06-17
1525,Female,Gen X,one_and_done,8,1,2026-05-22,2026-05-22
1526,Male,Gen X,loyal,1,24,2025-07-03,2026-06-12
1527,Male,Millennial,occasional,1,7,2025-07-11,2026-02-18
1528,Female,Millennial,occasional,1,6,2025-08-21,2025-12-05
1529,Female,Millennial,one_and_done,6,1,2026-03-25,2026-03-25
1530,Male,Millennial,one_and_done,5,1,2025-07-27,2025-07-27
1531,Female,Millennial,regular,2,18,2025-07-11,2026-06-08
1532,Male,Gen Z,occasional,1,5,2025-07-26,2026-03-10
1533,Female,Millennial,one_and_done,2,1,2026-04-24,2026-04-24
1534,Female,Gen Z,loyal,1,19,2025-07-18,2026-06-07
1535,Male,Millennial,one_and_done,1,1,2025-09-20,2025-09-20
1536,Female,Millennial,occasional,1,6,2025-11-29,2026-05-05
1537,Male,Gen Z,one_and_done,2,1,2026-01-25,2026-01-25
1538,Male,Gen X,occasional,1,5,2025-07-02,2025-12-23
1539,Female,Millennial,regular,2,18,2025-07-05,2026-06-15
1540,Female,Gen Z,loyal,4,19,2025-07-15,2026-06-22
1541,Male,Millennial,regular,1,21,2025-08-09,2026-06-17
1542,Female,Gen X,one_and_done,1,1,2026-01-03,2026-01-03
1543,Female,Gen Z,occasional,2,4,2025-07-01,2026-04-03
1544,Male,Millennial,one_and_done,1,1,2025-07-23,2025-07-23
1545,Female,Boomer,occasional,6,3,2025-12-03,2026-04-27
1546,Female,Gen X,occasional,1,5,2025-10-09,2026-05-23
1547,Female,Millennial,one_and_done,6,1,2025-09-13,2025-09-13
1548,Female,Millennial,one_and_done,1,1,2026-02-20,2026-02-20
1549,Male,Millennial,regular,2,21,2025-07-07,2026-05-19
1550,Female,Millennial,loyal,7,26,2025-07-22,2026-06-17
1551,Male,Millennial,occasional,5,7,2025-10-11,2026-04-25
1552,Male,Gen X,occasional,6,5,2025-07-17,2026-03-13
1553,Male,Gen Z,occasional,2,5,2026-01-08,2026-04-26
1554,Male,Boomer,one_and_done,1,1,2026-06-02,2026-06-02
1555,Male,Millennial,occasional,2,7,2025-09-06,2026-03-23
1556,Female,Millennial,one_and_done,6,1,2026-05-11,2026-05-11
1557,Female,Millennial,regular,1,18,2025-07-10,2026-06-18
1558,Male,Gen X,occasional,1,5,2025-09-20,2026-05-09
1559,Male,Boomer,one_and_done,1,1,2025-10-01,2025-10-01
1560,Female,Gen X,regular,1,15,2025-07-03,2026-05-22
1561,Male,Millennial,one_and_done,2,1,2025-11-21,2025-11-21
1562,Male,Boomer,one_and_done,5,1,2025-07-08,2025-07-08
1563,Male,Millennial,loyal,1,30,2025-06-30,2026-05-20
1564,Male,Gen X,regular,1,16,2025-07-26,2026-06-12
1565,Female,Millennial,occasional,4,6,2025-12-04,2026-05-30
1566,Male,Gen X,loyal,1,24,2025-07-16,2026-06-21
1567,Male,Gen Z,occasional,4,5,2025-12-22,2026-04-08
1568,Male,Gen X,one_and_done,6,1,2026-06-02,2026-06-02
1569,Male,Millennial,regular,4,21,2025-08-24,2026-06-21
1570,Female,Gen X,one_and_done,1,1,2025-11-27,2025-11-27
1571,Female,Gen Z,regular,6,13,2025-08-23,2026-05-17
1572,Male,Gen Z,occasional,1,5,2025-08-17,2026-06-23
1573,Male,Millennial,loyal,1,30,2025-06-30,2026-06-08
1574,Female,Millennial,one_and_done,4,1,2025-10-04,2025-10-04
1575,Female,Millennial,loyal,1,26,2025-07-24,2026-05-29
1576,Male,Millennial,regular,3,21,2025-07-29,2026-06-18
1577,Male,Gen X,occasional,1,5,2025-07-25,2026-03-05
1578,Female,Millennial,one_and_done,1,1,2026-04-10,2026-04-10
1579,Female,Millennial,one_and_done,1,1,2026-05-06,2026-05-06
1580,Female,Millennial,one_and_done,1,1,2025-10-19,2025-10-19
1581,Male,Gen Z,one_and_done,6,1,2026-03-22,2026-03-22
1582,Male,Gen Z,one_and_done,1,1,2025-10-04,2025-10-04
1583,Male,Boomer,one_and_done,1,1,2025-12-12,2025-12-12
1584,Male,Gen X,one_and_done,4,1,2026-02-18,2026-02-18
1585,Male,Millennial,occasional,1,7,2025-07-10,2026-06-02
1586,Female,Gen X,one_and_done,8,1,2025-09-24,2025-09-24
1587,Male,Millennial,one_and_done,1,1,2025-09-01,2025-09-01
1588,Female,Millennial,regular,7,18,2025-07-05,2026-05-24
1589,Female,Gen Z,occasional,1,4,2025-08-03,2026-05-29
1590,Male,Millennial,one_and_done,1,1,2025-07-05,2025-07-05
1591,Male,Millennial,regular,1,21,2025-07-18,2026-05-13
1592,Male,Millennial,one_and_done,1,1,2026-06-05,2026-06-05
1593,Male,Gen X,loyal,3,24,2025-07-19,2026-05-31
1594,Male,Millennial,loyal,3,30,2025-07-02,2026-06-18
1595,Female,Gen X,loyal,2,22,2025-08-08,2026-06-02
1596,Male,Millennial,regular,1,21,2025-07-30,2026-06-02
1597,Male,Gen X,regular,1,16,2025-06-30,2026-06-12
1598,Male,Millennial,one_and_done,2,1,2025-08-07,2025-08-07
1599,Male,Millennial,regular,1,21,2025-07-08,2026-06-15
1600,Male,Millennial,occasional,6,7,2025-07-15,2026-05-16
1601,Female,Gen X,one_and_done,5,1,2026-03-15,2026-03-15
1602,Female,Gen X,loyal,6,22,2025-07-25,2026-06-23
1603,Male,Millennial,one_and_done,2,1,2025-09-04,2025-09-04
1604,Male,Gen Z,one_and_done,1,1,2026-02-09,2026-02-09
1605,Female,Millennial,one_and_done,5,1,2026-04-28,2026-04-28
1606,Male,Gen X,one_and_done,2,1,2025-07-25,2025-07-25
1607,Male,Millennial,one_and_done,2,1,2026-01-28,2026-01-28
1608,Male,Gen X,occasional,2,5,2025-08-12,2026-04-10
1609,Female,Gen Z,occasional,4,4,2025-06-30,2026-06-21
1610,Male,Gen Z,occasional,3,5,2026-02-09,2026-06-03
1611,Female,Gen Z,one_and_done,5,1,2025-12-26,2025-12-26
1612,Male,Gen X,occasional,1,5,2025-09-25,2026-05-05
1613,Female,Millennial,one_and_done,2,1,2025-11-01,2025-11-01
1614,Male,Gen X,regular,1,16,2025-07-19,2026-06-14
1615,Male,Gen Z,one_and_done,1,1,2026-05-09,2026-05-09
1616,Male,Gen Z,occasional,1,5,2025-07-02,2026-04-23
1617,Male,Millennial,occasional,2,7,2025-07-19,2026-04-20
1618,Female,Gen Z,regular,7,13,2025-07-19,2026-04-12
1619,Female,Boomer,regular,1,10,2025-07-06,2026-04-13
1620,Female,Gen Z,loyal,2,19,2025-07-05,2026-04-24
1621,Female,Gen X,occasional,3,5,2025-07-10,2026-05-22
1622,Male,Millennial,regular,1,21,2025-07-11,2026-05-29
1623,Female,Gen Z,regular,1,13,2025-07-15,2026-04-17
1624,Female,Gen Z,occasional,4,4,2025-08-29,2026-04-14
1625,Female,Millennial,one_and_done,1,1,2025-12-08,2025-12-08
1626,Female,Millennial,one_and_done,4,1,2026-05-04,2026-05-04
1627,Male,Millennial,occasional,7,7,2025-08-01,2026-06-06
1628,Male,Millennial,regular,4,21,2025-07-16,2026-06-08
1629,Male,Gen X,occasional,1,5,2025-09-25,2026-04-06
1630,Male,Millennial,one_and_done,10,1,2025-10-12,2025-10-12
1631,Male,Boomer,occasional,9,4,2025-11-23,2026-06-13
1632,Female,Gen Z,one_and_done,2,1,2026-06-08,2026-06-08
1633,Male,Millennial,occasional,4,7,2025-11-06,2026-06-20
1634,Male,Millennial,one_and_done,1,1,2025-09-05,2025-09-05
1635,Female,Gen Z,regular,4,13,2025-08-08,2026-03-28
1636,Female,Millennial,regular,1,18,2025-07-27,2026-06-05
1637,Female,Millennial,regular,1,18,2025-07-05,2026-05-29
1638,Male,Millennial,loyal,9,30,2025-06-30,2026-06-17
1639,Female,Millennial,one_and_done,1,1,2025-07-10,2025-07-10
1640,Male,Boomer,regular,5,12,2025-08-03,2026-06-03
1641,Female,Millennial,occasional,4,6,2025-07-22,2026-06-15
1642,Female,Gen Z,occasional,1,4,2026-02-12,2026-04-18
1643,Male,Gen Z,regular,1,15,2025-07-02,2026-05-01
1644,Female,Millennial,occasional,1,6,2025-08-23,2026-05-09
1645,Male,Millennial,regular,2,21,2025-07-19,2026-06-11
1646,Male,Boomer,occasional,1,4,2025-08-25,2026-04-26
1647,Male,Gen Z,one_and_done,2,1,2025-09-26,2025-09-26
1648,Male,Millennial,loyal,1,30,2025-06-30,2026-06-19
1649,Female,Millennial,regular,1,18,2025-07-14,2026-06-21
1650,Female,Millennial,one_and_done,1,1,2025-08-02,2025-08-02
1651,Female,Millennial,regular,10,18,2025-07-17,2026-06-19
1652,Male,Millennial,loyal,1,30,2025-07-11,2026-06-18
1653,Male,Millennial,one_and_done,1,1,2026-01-23,2026-01-23
1654,Male,Gen Z,loyal,6,22,2025-06-30,2026-06-18
1655,Female,Gen X,loyal,3,22,2025-07-03,2026-06-18
1656,Male,Gen Z,one_and_done,1,1,2026-02-24,2026-02-24
1657,Male,Gen X,loyal,3,24,2025-06-30,2026-06-15
1658,Male,Millennial,occasional,2,7,2025-07-14,2025-12-30
1659,Male,Boomer,loyal,2,17,2025-06-30,2026-06-02
1660,Female,Gen Z,one_and_done,1,1,2025-08-07,2025-08-07
1661,Male,Gen Z,occasional,4,5,2025-08-28,2026-03-29
1662,Female,Gen Z,one_and_done,2,1,2025-08-29,2025-08-29
1663,Female,Millennial,one_and_done,2,1,2026-02-04,2026-02-04
1664,Male,Gen X,regular,4,16,2025-07-06,2026-05-09
1665,Male,Millennial,one_and_done,3,1,2026-06-06,2026-06-06
1666,Male,Millennial,one_and_done,1,1,2025-10-07,2025-10-07
1667,Female,Millennial,occasional,5,6,2025-10-22,2026-02-23
1668,Female,Boomer,one_and_done,1,1,2026-01-03,2026-01-03
1669,Male,Millennial,one_and_done,1,1,2026-01-14,2026-01-14
1670,Male,Gen Z,one_and_done,6,1,2026-01-01,2026-01-01
1671,Male,Gen X,one_and_done,2,1,2025-07-12,2025-07-12
1672,Male,Millennial,occasional,1,7,2025-07-30,2026-05-18
1673,Male,Millennial,occasional,3,7,2025-07-14,2026-03-21
1674,Female,Gen Z,regular,1,13,2025-07-07,2026-06-20
1675,Female,Millennial,one_and_done,3,1,2025-09-13,2025-09-13
1676,Male,Millennial,loyal,1,30,2025-07-10,2026-06-13
1677,Male,Gen X,one_and_done,1,1,2025-09-20,2025-09-20
1678,Male,Millennial,regular,2,21,2025-07-02,2026-06-08
1679,Male,Gen Z,one_and_done,4,1,2025-08-11,2025-08-11
1680,Female,Gen X,occasional,2,5,2025-11-24,2026-06-08
1681,Male,Millennial,one_and_done,3,1,2026-06-10,2026-06-10
1682,Male,Millennial,regular,1,21,2025-07-18,2026-06-11
1683,Female,Millennial,occasional,1,6,2025-07-04,2026-05-08
1684,Male,Gen X,occasional,6,5,2025-07-30,2025-12-26
1685,Male,Gen X,regular,6,16,2025-08-15,2026-06-13
1686,Male,Gen Z,regular,1,15,2025-07-01,2026-06-12
1687,Male,Gen X,one_and_done,5,1,2025-07-16,2025-07-16
1688,Male,Millennial,one_and_done,1,1,2025-10-16,2025-10-16
1689,Male,Millennial,regular,3,21,2025-07-03,2026-06-20
1690,Male,Gen Z,occasional,1,5,2025-08-27,2026-04-11
1691,Male,Millennial,loyal,6,30,2025-07-02,2026-05-29
1692,Female,Millennial,one_and_done,5,1,2025-07-04,2025-07-04
1693,Male,Millennial,regular,3,21,2025-07-02,2026-06-20
1694,Female,Millennial,regular,1,18,2025-07-03,2026-06-16
1695,Male,Gen Z,one_and_done,1,1,2025-11-18,2025-11-18
1696,Male,Millennial,regular,1,21,2025-07-05,2026-06-06
1697,Male,Millennial,loyal,3,30,2025-06-30,2026-06-10
1698,Male,Millennial,loyal,3,30,2025-07-03,2026-05-29
1699,Male,Gen X,one_and_done,1,1,2025-10-10,2025-10-10
1700,Male,Millennial,regular,1,21,2025-07-07,2026-05-27
1701,Male,Millennial,one_and_done,4,1,2026-04-19,2026-04-19
1702,Female,Millennial,one_and_done,2,1,2026-05-19,2026-05-19
1703,Male,Millennial,loyal,2,30,2025-07-03,2026-06-13
1704,Female,Millennial,regular,1,18,2025-07-17,2026-06-09
1705,Male,Millennial,regular,1,21,2025-07-26,2026-06-16
1706,Female,Gen X,one_and_done,2,1,2025-08-25,2025-08-25
1707,Female,Gen Z,one_and_done,1,1,2026-06-04,2026-06-04
1708,Male,Millennial,regular,1,21,2025-07-12,2026-06-06
1709,Male,Gen X,one_and_done,6,1,2025-07-19,2025-07-19
1710,Male,Millennial,one_and_done,1,1,2025-09-17,2025-09-17
1711,Female,Millennial,one_and_done,4,1,2025-07-12,2025-07-12
1712,Male,Gen Z,occasional,7,5,2025-09-20,2026-06-22
1713,Male,Boomer,regular,1,12,2025-09-19,2026-05-22
1714,Male,Gen X,occasional,1,5,2025-08-21,2026-02-25
1715,Female,Millennial,one_and_done,2,1,2026-05-16,2026-05-16
1716,Male,Gen Z,regular,1,15,2025-08-04,2026-06-06
1717,Male,Gen Z,regular,1,15,2025-07-10,2026-06-23
1718,Male,Boomer,occasional,3,4,2025-07-05,2026-05-09
1719,Male,Gen Z,loyal,1,22,2025-07-04,2026-05-16
1720,Male,Gen Z,regular,4,15,2025-06-30,2026-06-11
1721,Male,Gen X,one_and_done,1,1,2025-09-26,2025-09-26
1722,Male,Gen Z,occasional,1,5,2025-07-20,2026-05-10
1723,Male,Gen Z,one_and_done,1,1,2026-05-25,2026-05-25
1724,Male,Gen Z,one_and_done,1,1,2026-02-05,2026-02-05
1725,Female,Millennial,one_and_done,1,1,2025-08-14,2025-08-14
1726,Male,Millennial,loyal,5,30,2025-07-08,2026-06-16
1727,Male,Gen X,loyal,1,24,2025-07-02,2026-06-21
1728,Male,Millennial,occasional,2,7,2025-07-19,2026-04-22
1729,Male,Millennial,one_and_done,1,1,2025-11-29,2025-11-29
1730,Male,Boomer,one_and_done,2,1,2026-04-24,2026-04-24
1731,Female,Millennial,one_and_done,4,1,2026-06-17,2026-06-17
1732,Male,Millennial,loyal,2,30,2025-08-01,2026-06-05
1733,Male,Millennial,regular,1,21,2025-07-23,2026-06-22
1734,Female,Boomer,occasional,1,3,2026-03-27,2026-04-01
1735,Male,Millennial,one_and_done,2,1,2026-01-06,2026-01-06
1736,Female,Boomer,occasional,1,3,2025-08-15,2026-06-10
1737,Male,Millennial,one_and_done,2,1,2025-07-07,2025-07-07
1738,Male,Millennial,one_and_done,4,1,2025-08-13,2025-08-13
1739,Male,Millennial,one_and_done,1,1,2026-01-17,2026-01-17
1740,Female,Gen X,one_and_done,1,1,2026-04-13,2026-04-13
1741,Male,Gen Z,one_and_done,1,1,2025-09-27,2025-09-27
1742,Male,Gen Z,occasional,5,5,2025-07-10,2026-03-06
1743,Male,Gen Z,occasional,1,5,2025-10-13,2026-06-10
1744,Female,Millennial,regular,4,18,2025-08-15,2026-06-23
1745,Female,Millennial,one_and_done,1,1,2025-12-21,2025-12-21
1746,Male,Gen Z,one_and_done,3,1,2025-10-14,2025-10-14
1747,Male,Millennial,one_and_done,1,1,2026-01-22,2026-01-22
1748,Female,Millennial,occasional,5,6,2025-09-26,2026-06-14
1749,Female,Millennial,regular,1,18,2025-07-13,2026-05-13
1750,Male,Millennial,one_and_done,1,1,2025-07-16,2025-07-16
1751,Female,Gen X,loyal,3,22,2025-06-30,2026-06-02
1752,Male,Millennial,loyal,1,30,2025-07-03,2026-06-19
1753,Female,Millennial,occasional,5,6,2025-07-20,2026-03-20
1754,Male,Gen Z,one_and_done,1,1,2026-04-04,2026-04-04
1755,Male,Millennial,one_and_done,10,1,2026-04-13,2026-04-13
1756,Male,Millennial,one_and_done,1,1,2026-05-02,2026-05-02
1757,Male,Millennial,one_and_done,1,1,2026-03-28,2026-03-28
1758,Male,Millennial,one_and_done,1,1,2026-04-28,2026-04-28
1759,Female,Gen Z,occasional,3,4,2025-08-01,2026-01-17
1760,Male,Gen Z,regular,2,15,2025-07-02,2026-04-27
1761,Female,Gen X,one_and_done,2,1,2025-10-02,2025-10-02
1762,Male,Millennial,occasional,2,7,2025-07-05,2025-12-24
1763,Male,Millennial,occasional,1,7,2025-07-26,2026-05-14
1764,Female,Millennial,occasional,1,6,2025-10-26,2026-02-06
1765,Male,Gen Z,one_and_done,1,1,2025-07-14,2025-07-14
1766,Male,Millennial,one_and_done,5,1,2026-01-10,2026-01-10
1767,Male,Millennial,regular,8,21,2025-07-25,2026-06-16
1768,Male,Millennial,one_and_done,6,1,2025-11-09,2025-11-09
1769,Female,Gen X,one_and_done,1,1,2025-11-18,2025-11-18
1770,Female,Millennial,occasional,1,6,2025-08-07,2026-04-11
1771,Female,Gen Z,one_and_done,1,1,2025-12-11,2025-12-11
1772,Male,Millennial,one_and_done,1,1,2026-05-02,2026-05-02
1773,Female,Gen Z,occasional,4,4,2025-08-19,2026-04-09
1774,Male,Boomer,one_and_done,1,1,2025-12-04,2025-12-04
1775,Female,Gen X,one_and_done,1,1,2026-03-22,2026-03-22
1776,Female,Gen Z,occasional,3,4,2025-08-24,2026-06-01
1777,Male,Millennial,occasional,1,7,2025-07-21,2026-03-09
1778,Male,Millennial,one_and_done,1,1,2026-05-07,2026-05-07
1779,Male,Millennial,one_and_done,1,1,2026-04-28,2026-04-28
1780,Male,Boomer,occasional,1,4,2025-08-19,2026-06-11
1781,Male,Boomer,occasional,2,4,2025-08-19,2026-04-09
1782,Male,Millennial,one_and_done,1,1,2026-06-13,2026-06-13
1783,Female,Millennial,one_and_done,1,1,2026-03-18,2026-03-18
1784,Male,Gen X,one_and_done,1,1,2025-09-03,2025-09-03
1785,Female,Millennial,one_and_done,1,1,2025-08-15,2025-08-15
1786,Male,Millennial,one_and_done,4,1,2025-07-10,2025-07-10
1787,Male,Gen Z,occasional,6,5,2025-09-16,2026-05-15
1788,Male,Millennial,regular,4,21,2025-07-23,2026-05-13
1789,Male,Gen X,regular,2,16,2025-07-13,2026-05-14
1790,Male,Millennial,regular,1,21,2025-07-04,2026-06-06
1791,Male,Gen X,regular,2,16,2025-07-03,2026-06-03
1792,Female,Gen X,one_and_done,1,1,2025-12-24,2025-12-24
1793,Male,Millennial,one_and_done,5,1,2026-05-11,2026-05-11
1794,Male,Millennial,regular,1,21,2025-07-30,2026-05-21
1795,Male,Gen Z,one_and_done,1,1,2025-08-04,2025-08-04
1796,Male,Millennial,one_and_done,2,1,2025-08-21,2025-08-21
1797,Female,Millennial,regular,1,18,2025-06-30,2026-06-15
1798,Male,Millennial,occasional,3,7,2025-07-10,2026-04-23
1799,Male,Boomer,loyal,1,17,2025-07-11,2026-06-15
1800,Female,Gen Z,one_and_done,5,1,2025-10-15,2025-10-15
1801,Male,Gen Z,one_and_done,1,1,2026-05-27,2026-05-27
1802,Female,Millennial,one_and_done,5,1,2026-02-24,2026-02-24
1803,Male,Gen Z,one_and_done,1,1,2025-10-25,2025-10-25
1804,Female,Gen X,occasional,1,5,2025-07-07,2026-04-24
1805,Male,Millennial,occasional,1,7,2025-08-07,2026-04-19
1806,Male,Millennial,occasional,7,7,2025-07-05,2026-06-11
1807,Male,Millennial,one_and_done,1,1,2026-04-01,2026-04-01
1808,Female,Millennial,occasional,1,6,2025-07-17,2026-05-16
1809,Male,Millennial,one_and_done,6,1,2026-01-27,2026-01-27
1810,Female,Millennial,loyal,8,26,2025-07-18,2026-06-06
1811,Male,Millennial,one_and_done,1,1,2026-01-24,2026-01-24
1812,Male,Gen Z,occasional,4,5,2025-07-27,2026-04-21
1813,Female,Millennial,one_and_done,1,1,2025-08-09,2025-08-09
1814,Male,Millennial,one_and_done,1,1,2026-05-21,2026-05-21
1815,Male,Boomer,one_and_done,1,1,2025-11-06,2025-11-06
1816,Female,Millennial,one_and_done,1,1,2026-02-08,2026-02-08
1817,Male,Millennial,one_and_done,5,1,2026-04-09,2026-04-09
1818,Female,Boomer,loyal,3,15,2025-07-27,2026-05-26
1819,Male,Millennial,one_and_done,4,1,2025-09-19,2025-09-19
1820,Male,Gen X,loyal,2,24,2025-07-05,2026-06-20
1821,Male,Gen X,one_and_done,1,1,2026-03-23,2026-03-23
1822,Male,Millennial,regular,1,21,2025-07-11,2026-06-04
1823,Male,Millennial,regular,3,21,2025-07-25,2026-06-12
1824,Female,Millennial,one_and_done,1,1,2025-08-06,2025-08-06
1825,Male,Gen Z,occasional,6,5,2025-08-14,2026-05-08
1826,Female,Gen X,one_and_done,1,1,2025-08-09,2025-08-09
1827,Male,Millennial,loyal,1,30,2025-07-12,2026-06-07
1828,Male,Gen X,occasional,2,5,2025-08-02,2026-03-22
1829,Male,Gen Z,one_and_done,4,1,2025-07-09,2025-07-09
1830,Male,Millennial,one_and_done,1,1,2026-02-03,2026-02-03
1831,Male,Gen X,one_and_done,3,1,2026-02-09,2026-02-09
1832,Male,Gen Z,one_and_done,5,1,2025-09-16,2025-09-16
1833,Male,Gen Z,occasional,3,5,2025-10-11,2026-05-23
1834,Male,Millennial,one_and_done,1,1,2026-01-20,2026-01-20
1835,Female,Gen X,regular,3,15,2025-07-18,2026-06-06
1836,Male,Gen X,occasional,3,5,2025-11-16,2026-04-03
1837,Male,Millennial,one_and_done,7,1,2025-11-06,2025-11-06
1838,Male,Gen X,one_and_done,5,1,2026-05-26,2026-05-26
1839,Female,Millennial,regular,5,18,2025-07-10,2026-05-19
1840,Male,Millennial,occasional,1,7,2025-08-11,2026-06-21
1841,Male,Millennial,one_and_done,1,1,2026-04-05,2026-04-05
1842,Female,Gen Z,occasional,1,4,2025-08-10,2026-06-12
1843,Female,Millennial,one_and_done,5,1,2025-09-26,2025-09-26
1844,Male,Gen X,occasional,2,5,2025-07-10,2026-06-20
1845,Female,Gen Z,one_and_done,7,1,2026-06-03,2026-06-03
1846,Male,Millennial,regular,1,21,2025-07-11,2026-06-02
1847,Female,Gen Z,regular,2,13,2025-07-08,2026-05-11
1848,Male,Gen Z,one_and_done,1,1,2026-05-05,2026-05-05
1849,Male,Gen Z,one_and_done,2,1,2026-05-27,2026-05-27
1850,Male,Gen X,one_and_done,5,1,2026-03-10,2026-03-10
1851,Female,Millennial,one_and_done,1,1,2025-10-10,2025-10-10
1852,Male,Gen X,one_and_done,5,1,2025-08-30,2025-08-30
1853,Male,Gen Z,one_and_done,1,1,2025-12-29,2025-12-29
1854,Male,Millennial,one_and_done,1,1,2025-12-22,2025-12-22
1855,Male,Gen Z,one_and_done,1,1,2026-01-30,2026-01-30
1856,Male,Millennial,occasional,3,7,2025-09-07,2026-06-11
1857,Male,Millennial,occasional,1,7,2025-07-19,2026-05-10
1858,Male,Gen Z,one_and_done,2,1,2026-01-28,2026-01-28
1859,Male,Millennial,one_and_done,4,1,2025-07-08,2025-07-08
1860,Male,Millennial,one_and_done,1,1,2026-06-01,2026-06-01
1861,Female,Gen X,regular,5,15,2025-07-14,2026-05-22
1862,Male,Gen Z,regular,1,15,2025-07-18,2026-06-14
1863,Female,Gen X,occasional,1,5,2025-07-17,2026-03-25
1864,Male,Gen Z,loyal,1,22,2025-07-15,2026-05-14
1865,Female,Boomer,occasional,1,3,2025-09-12,2025-12-04
1866,Female,Millennial,one_and_done,4,1,2025-10-06,2025-10-06
1867,Male,Millennial,regular,6,21,2025-07-12,2026-06-21
1868,Male,Millennial,one_and_done,3,1,2026-03-31,2026-03-31
1869,Male,Gen X,loyal,6,24,2025-07-16,2026-06-11
1870,Female,Millennial,regular,2,18,2025-07-17,2026-06-06
1871,Female,Gen X,occasional,2,5,2025-09-15,2026-05-20
1872,Female,Millennial,occasional,1,6,2025-08-01,2026-06-15
1873,Female,Gen Z,one_and_done,1,1,2026-02-23,2026-02-23
1874,Male,Millennial,one_and_done,1,1,2025-10-15,2025-10-15
1875,Male,Boomer,one_and_done,2,1,2026-03-24,2026-03-24
1876,Female,Gen X,one_and_done,1,1,2026-01-30,2026-01-30
1877,Female,Millennial,occasional,1,6,2025-08-24,2026-06-04
1878,Male,Gen Z,one_and_done,6,1,2026-04-03,2026-04-03
1879,Male,Millennial,regular,1,21,2025-08-03,2026-06-23
1880,Male,Gen Z,occasional,1,5,2025-09-13,2026-06-05
1881,Female,Millennial,one_and_done,1,1,2025-11-12,2025-11-12
1882,Male,Millennial,regular,10,21,2025-07-02,2026-06-10
1883,Male,Boomer,occasional,2,4,2025-07-18,2026-03-28
1884,Male,Gen X,one_and_done,1,1,2026-04-21,2026-04-21
1885,Female,Millennial,loyal,4,26,2025-07-11,2026-06-21
1886,Male,Gen Z,one_and_done,1,1,2026-02-16,2026-02-16
1887,Male,Gen X,loyal,3,24,2025-07-11,2026-06-04
1888,Female,Boomer,regular,1,10,2025-09-08,2026-05-30
1889,Female,Millennial,regular,1,18,2025-07-10,2026-06-12
1890,Female,Gen Z,regular,3,13,2025-07-15,2026-04-15
1891,Male,Millennial,regular,1,21,2025-07-06,2026-06-22
1892,Male,Gen X,regular,1,16,2025-07-13,2026-06-19
1893,Male,Millennial,regular,1,21,2025-07-21,2026-05-29
1894,Male,Gen Z,one_and_done,3,1,2025-12-15,2025-12-15
1895,Male,Gen Z,one_and_done,1,1,2025-07-06,2025-07-06
1896,Female,Gen X,regular,1,15,2025-07-14,2026-06-20
1897,Male,Gen Z,loyal,3,22,2025-08-14,2026-05-22
1898,Male,Gen X,occasional,2,5,2025-10-07,2026-05-19
1899,Female,Gen Z,one_and_done,4,1,2026-01-23,2026-01-23
1900,Female,Millennial,one_and_done,1,1,2026-01-20,2026-01-20
1901,Male,Gen Z,one_and_done,1,1,2025-12-30,2025-12-30
1902,Female,Millennial,occasional,1,6,2025-09-22,2026-04-29
1903,Male,Gen Z,one_and_done,1,1,2026-04-01,2026-04-01
1904,Male,Gen Z,one_and_done,1,1,2025-07-21,2025-07-21
1905,Female,Gen X,one_and_done,1,1,2025-07-28,2025-07-28
1906,Male,Gen Z,one_and_done,2,1,2025-10-18,2025-10-18
1907,Female,Millennial,one_and_done,1,1,2025-12-04,2025-12-04
1908,Male,Millennial,one_and_done,6,1,2025-09-13,2025-09-13
1909,Female,Millennial,one_and_done,1,1,2025-07-23,2025-07-23
1910,Male,Gen Z,regular,1,15,2025-08-21,2026-06-16
1911,Female,Gen Z,regular,1,13,2025-07-16,2026-05-19
1912,Female,Gen X,loyal,4,22,2025-07-18,2026-06-21
1913,Female,Millennial,occasional,4,6,2025-09-12,2026-05-20
1914,Female,Millennial,occasional,3,6,2025-10-10,2026-05-27
1915,Male,Millennial,regular,2,21,2025-07-04,2026-06-12
1916,Male,Gen Z,occasional,1,5,2025-07-03,2026-04-06
1917,Female,Gen Z,regular,1,13,2025-07-25,2026-06-05
1918,Male,Gen Z,regular,3,15,2025-07-01,2026-06-07
1919,Male,Millennial,one_and_done,3,1,2026-02-03,2026-02-03
1920,Male,Millennial,regular,10,21,2025-08-02,2026-06-07
1921,Female,Gen Z,regular,4,13,2025-07-23,2026-05-23
1922,Male,Millennial,loyal,1,30,2025-07-07,2026-06-21
1923,Female,Millennial,occasional,1,6,2025-10-01,2026-06-18
1924,Male,Millennial,loyal,4,30,2025-07-01,2026-06-09
1925,Male,Boomer,occasional,6,4,2025-08-10,2025-11-27
1926,Male,Gen X,one_and_done,3,1,2026-01-24,2026-01-24
1927,Male,Gen Z,one_and_done,2,1,2026-01-22,2026-01-22
1928,Female,Millennial,occasional,1,6,2025-07-03,2025-12-13
1929,Male,Millennial,one_and_done,1,1,2025-07-22,2025-07-22
1930,Male,Gen X,one_and_done,3,1,2026-06-22,2026-06-22
1931,Male,Millennial,loyal,2,30,2025-07-30,2026-06-20
1932,Male,Gen X,loyal,1,24,2025-08-12,2026-06-13
1933,Male,Gen Z,regular,2,15,2025-07-09,2026-06-17
1934,Male,Gen Z,loyal,3,22,2025-07-01,2026-06-08
1935,Female,Millennial,one_and_done,2,1,2026-06-03,2026-06-03
1936,Female,Millennial,regular,2,18,2025-07-31,2026-04-24
1937,Male,Gen X,one_and_done,1,1,2025-08-25,2025-08-25
1938,Male,Millennial,occasional,3,7,2025-08-02,2026-05-03
1939,Female,Millennial,one_and_done,1,1,2025-11-19,2025-11-19
1940,Male,Millennial,loyal,1,30,2025-07-17,2026-06-05
1941,Male,Gen Z,occasional,2,5,2025-10-12,2026-03-30
1942,Female,Boomer,regular,1,10,2025-07-18,2026-05-06
1943,Male,Millennial,occasional,4,7,2025-07-10,2026-04-27
1944,Male,Gen Z,occasional,2,5,2025-08-22,2026-05-26
1945,Male,Gen Z,regular,1,15,2025-09-30,2026-05-31
1946,Female,Gen Z,one_and_done,3,1,2025-07-05,2025-07-05
1947,Female,Gen Z,one_and_done,2,1,2025-12-14,2025-12-14
1948,Male,Millennial,occasional,2,7,2025-07-14,2026-05-31
1949,Male,Gen Z,occasional,1,5,2025-08-06,2026-06-09
1950,Male,Gen Z,one_and_done,2,1,2026-01-14,2026-01-14
1951,Male,Millennial,one_and_done,1,1,2026-05-07,2026-05-07
1952,Male,Millennial,occasional,4,7,2025-07-13,2026-05-20
1953,Male,Gen X,regular,5,16,2025-07-06,2026-06-15
1954,Male,Gen X,regular,2,16,2025-07-01,2026-06-04
1955,Female,Millennial,loyal,4,26,2025-07-12,2026-06-11
1956,Male,Gen Z,occasional,1,5,2025-07-04,2026-03-15
1957,Male,Gen X,regular,1,16,2025-07-21,2026-06-11
1958,Male,Millennial,one_and_done,1,1,2026-01-21,2026-01-21
1959,Male,Gen Z,one_and_done,1,1,2026-06-22,2026-06-22
1960,Male,Millennial,regular,7,21,2025-08-02,2026-06-22
1961,Male,Gen X,occasional,3,5,2025-07-02,2026-05-24
1962,Male,Gen X,one_and_done,1,1,2025-10-17,2025-10-17
1963,Female,Gen X,one_and_done,4,1,2025-09-25,2025-09-25
1964,Female,Millennial,regular,1,18,2025-07-10,2026-06-22
1965,Female,Gen Z,one_and_done,2,1,2026-04-25,2026-04-25
1966,Male,Millennial,occasional,1,7,2025-08-28,2026-06-18
1967,Female,Gen Z,one_and_done,6,1,2026-05-11,2026-05-11
1968,Female,Boomer,one_and_done,6,1,2026-02-04,2026-02-04
1969,Male,Gen Z,one_and_done,2,1,2025-07-28,2025-07-28
1970,Male,Gen X,one_and_done,3,1,2026-04-12,2026-04-12
1971,Male,Millennial,one_and_done,1,1,2025-06-30,2025-06-30
1972,Female,Millennial,occasional,4,6,2025-11-24,2026-05-07
1973,Female,Gen Z,one_and_done,1,1,2026-06-12,2026-06-12
1974,Female,Millennial,occasional,8,6,2025-10-24,2026-06-23
1975,Male,Millennial,one_and_done,1,1,2025-09-11,2025-09-11
1976,Male,Gen Z,regular,2,15,2025-08-03,2026-05-09
1977,Male,Boomer,occasional,1,4,2025-08-30,2026-05-17
1978,Female,Gen Z,one_and_done,2,1,2026-01-20,2026-01-20
1979,Male,Millennial,one_and_done,6,1,2025-11-28,2025-11-28
1980,Male,Millennial,loyal,7,30,2025-07-20,2026-05-29
1981,Female,Gen Z,one_and_done,4,1,2025-10-05,2025-10-05
1982,Male,Millennial,one_and_done,1,1,2026-01-30,2026-01-30
1983,Male,Boomer,one_and_done,4,1,2026-01-20,2026-01-20
1984,Male,Millennial,one_and_done,1,1,2026-03-20,2026-03-20
1985,Male,Millennial,loyal,3,30,2025-07-07,2026-06-04
1986,Male,Gen X,occasional,1,5,2025-07-31,2026-06-01
1987,Male,Boomer,occasional,1,4,2025-11-22,2026-04-03
1988,Female,Millennial,loyal,1,26,2025-07-17,2026-06-22
1989,Male,Millennial,regular,2,21,2025-07-09,2026-05-23
1990,Male,Millennial,regular,2,21,2025-07-21,2026-06-15
1991,Male,Gen Z,one_and_done,3,1,2025-10-06,2025-10-06
1992,Female,Boomer,regular,1,10,2025-07-14,2026-05-26
1993,Male,Millennial,loyal,3,30,2025-07-04,2026-06-15
1994,Male,Gen X,one_and_done,4,1,2025-12-16,2025-12-16
1995,Male,Boomer,regular,1,12,2025-08-01,2026-06-12
1996,Female,Gen Z,regular,1,13,2025-07-17,2026-06-15
1997,Male,Gen Z,one_and_done,2,1,2026-02-21,2026-02-21
1998,Female,Gen Z,one_and_done,1,1,2026-03-06,2026-03-06
1999,Male,Millennial,regular,1,21,2025-07-13,2026-06-08
2000,Female,Millennial,one_and_done,6,1,2025-10-22,2025-10-22
2001,Male,Millennial,occasional,6,7,2025-08-14,2026-06-20
2002,Female,Millennial,loyal,3,26,2025-07-01,2026-06-22
2003,Male,Millennial,one_and_done,1,1,2026-02-06,2026-02-06
2004,Male,Gen Z,one_and_done,1,1,2025-09-17,2025-09-17
2005,Male,Millennial,one_and_done,2,1,2025-07-12,2025-07-12
2006,Female,Millennial,one_and_done,10,1,2025-11-08,2025-11-08
2007,Female,Gen X,one_and_done,1,1,2025-12-25,2025-12-25
2008,Male,Millennial,one_and_done,2,1,2025-11-11,2025-11-11
2009,Female,Millennial,one_and_done,5,1,2026-05-16,2026-05-16
2010,Female,Millennial,one_and_done,1,1,2026-02-26,2026-02-26
2011,Male,Millennial,regular,3,21,2025-07-04,2026-06-21
2012,Female,Millennial,one_and_done,2,1,2026-04-11,2026-04-11
2013,Male,Millennial,occasional,9,7,2025-07-15,2026-05-29
2014,Female,Millennial,one_and_done,4,1,2025-10-30,2025-10-30
2015,Male,Millennial,occasional,1,7,2025-07-30,2026-04-07
2016,Female,Millennial,occasional,6,6,2025-07-05,2026-06-19
2017,Male,Gen X,regular,1,16,2025-07-11,2026-06-20
2018,Male,Millennial,one_and_done,1,1,2026-02-20,2026-02-20
2019,Male,Millennial,one_and_done,3,1,2026-01-18,2026-01-18
2020,Male,Millennial,regular,1,21,2025-07-28,2026-06-19
2021,Male,Millennial,loyal,1,30,2025-07-06,2026-06-21
2022,Male,Gen X,loyal,1,24,2025-07-12,2026-06-14
2023,Female,Millennial,one_and_done,1,1,2026-05-14,2026-05-14
2024,Male,Gen X,occasional,1,5,2025-07-08,2025-11-21
2025,Male,Millennial,one_and_done,1,1,2026-05-26,2026-05-26
2026,Male,Millennial,loyal,2,30,2025-07-08,2026-06-04
2027,Female,Millennial,one_and_done,4,1,2026-02-23,2026-02-23
2028,Female,Gen X,occasional,3,5,2025-09-21,2026-06-16
2029,Male,Millennial,one_and_done,2,1,2025-12-08,2025-12-08
2030,Male,Millennial,occasional,1,7,2025-07-22,2026-06-17
2031,Male,Gen X,one_and_done,1,1,2026-01-21,2026-01-21
2032,Male,Gen Z,one_and_done,2,1,2026-06-15,2026-06-15
2033,Female,Gen X,occasional,6,5,2025-08-17,2026-05-26
2034,Female,Millennial,one_and_done,1,1,2025-11-22,2025-11-22
2035,Male,Gen Z,one_and_done,4,1,2025-07-17,2025-07-17
2036,Male,Gen Z,occasional,1,5,2025-08-06,2026-04-23
2037,Male,Millennial,one_and_done,2,1,2025-08-03,2025-08-03
2038,Female,Millennial,occasional,1,6,2025-09-06,2026-05-13
2039,Male,Millennial,regular,2,21,2025-07-18,2026-06-14
2040,Female,Gen X,one_and_done,1,1,2026-04-28,2026-04-28
2041,Female,Gen Z,one_and_done,1,1,2025-10-12,2025-10-12
2042,Female,Gen X,one_and_done,2,1,2026-05-30,2026-05-30
2043,Male,Gen X,regular,1,16,2025-07-05,2026-05-31
2044,Male,Millennial,regular,1,21,2025-07-16,2026-05-24
2045,Male,Gen X,one_and_done,4,1,2025-07-07,2025-07-07
2046,Male,Millennial,occasional,1,7,2025-07-27,2026-05-30
2047,Female,Millennial,one_and_done,5,1,2025-12-29,2025-12-29
2048,Male,Gen X,occasional,1,5,2025-07-10,2026-03-17
2049,Male,Gen X,regular,4,16,2025-07-02,2026-06-01
2050,Male,Millennial,one_and_done,1,1,2025-09-26,2025-09-26
2051,Male,Millennial,occasional,3,7,2025-06-30,2026-06-16
2052,Female,Gen Z,loyal,1,19,2025-08-15,2026-06-02
2053,Male,Millennial,regular,1,21,2025-07-31,2026-06-04
2054,Female,Gen Z,loyal,1,19,2025-08-06,2026-06-10
2055,Male,Millennial,one_and_done,2,1,2026-01-14,2026-01-14
2056,Male,Millennial,one_and_done,2,1,2026-03-05,2026-03-05
2057,Male,Gen Z,regular,1,15,2025-07-02,2026-05-28
2058,Male,Millennial,occasional,1,7,2025-07-18,2026-05-21
2059,Male,Gen X,regular,4,16,2025-07-19,2026-05-27
2060,Male,Gen X,occasional,1,5,2026-01-21,2026-05-30
2061,Male,Boomer,one_and_done,2,1,2026-02-14,2026-02-14
2062,Female,Millennial,loyal,4,26,2025-07-07,2026-06-19
2063,Male,Millennial,one_and_done,1,1,2025-07-30,2025-07-30
2064,Male,Gen Z,loyal,3,22,2025-07-04,2026-06-20
2065,Male,Millennial,occasional,3,7,2025-08-13,2026-06-04
2066,Male,Gen Z,one_and_done,1,1,2026-04-01,2026-04-01
2067,Male,Gen Z,one_and_done,6,1,2026-01-19,2026-01-19
2068,Male,Millennial,one_and_done,2,1,2025-10-20,2025-10-20
2069,Male,Gen Z,regular,1,15,2025-07-02,2026-05-30
2070,Male,Millennial,one_and_done,1,1,2026-02-15,2026-02-15
2071,Male,Millennial,one_and_done,3,1,2026-05-18,2026-05-18
2072,Male,Boomer,one_and_done,1,1,2026-03-16,2026-03-16
2073,Male,Millennial,occasional,1,7,2025-07-29,2026-03-27
2074,Male,Gen Z,one_and_done,3,1,2025-07-25,2025-07-25
2075,Male,Gen X,one_and_done,2,1,2026-06-16,2026-06-16
2076,Male,Millennial,regular,1,21,2025-07-22,2026-05-29
2077,Male,Millennial,loyal,1,30,2025-07-18,2026-06-17
2078,Male,Millennial,one_and_done,1,1,2025-08-04,2025-08-04
2079,Male,Gen X,one_and_done,7,1,2025-09-12,2025-09-12
2080,Male,Millennial,one_and_done,1,1,2026-04-11,2026-04-11
2081,Male,Gen X,one_and_done,5,1,2025-09-25,2025-09-25
2082,Male,Millennial,one_and_done,3,1,2026-02-14,2026-02-14
2083,Female,Boomer,one_and_done,1,1,2025-10-15,2025-10-15
2084,Male,Gen Z,one_and_done,7,1,2026-03-21,2026-03-21
2085,Male,Millennial,occasional,1,7,2025-07-12,2026-05-16
2086,Male,Millennial,occasional,1,7,2025-07-09,2026-02-14
2087,Female,Gen Z,one_and_done,1,1,2026-04-26,2026-04-26
2088,Male,Millennial,occasional,2,7,2025-10-29,2026-04-17
2089,Male,Millennial,occasional,2,7,2025-07-12,2026-04-29
2090,Male,Gen X,occasional,1,5,2026-01-16,2026-06-14
2091,Male,Millennial,one_and_done,3,1,2026-04-27,2026-04-27
2092,Male,Millennial,one_and_done,6,1,2025-07-25,2025-07-25
2093,Male,Gen Z,occasional,3,5,2025-07-02,2026-04-30
2094,Female,Millennial,occasional,1,6,2025-07-13,2026-05-14
2095,Male,Millennial,one_and_done,2,1,2025-10-02,2025-10-02
2096,Female,Gen X,loyal,2,22,2025-07-04,2026-05-25
2097,Male,Millennial,one_and_done,4,1,2026-04-24,2026-04-24
2098,Male,Millennial,one_and_done,1,1,2025-08-12,2025-08-12
2099,Male,Gen Z,one_and_done,1,1,2025-08-19,2025-08-19
2100,Male,Millennial,one_and_done,1,1,2026-05-21,2026-05-21
2101,Female,Boomer,one_and_done,4,1,2025-11-29,2025-11-29
2102,Male,Millennial,occasional,1,7,2025-08-11,2026-05-13
2103,Male,Gen Z,one_and_done,1,1,2026-06-23,2026-06-23
2104,Male,Gen Z,regular,1,15,2025-07-15,2026-05-29
2105,Male,Millennial,regular,1,21,2025-06-30,2026-06-20
2106,Female,Boomer,occasional,1,3,2025-07-24,2026-04-19
2107,Male,Gen X,one_and_done,10,1,2025-12-18,2025-12-18
2108,Male,Millennial,one_and_done,5,1,2025-07-07,2025-07-07
2109,Male,Millennial,loyal,1,30,2025-07-04,2026-06-08
2110,Male,Gen Z,occasional,2,5,2025-08-19,2026-05-27
2111,Female,Gen Z,one_and_done,4,1,2025-07-25,2025-07-25
2112,Male,Gen X,occasional,1,5,2025-12-14,2026-06-21
2113,Male,Gen Z,one_and_done,4,1,2025-08-23,2025-08-23
2114,Male,Gen X,one_and_done,7,1,2025-09-16,2025-09-16
2115,Male,Gen X,regular,1,16,2025-07-04,2026-06-09
2116,Male,Millennial,one_and_done,3,1,2026-01-21,2026-01-21
2117,Female,Millennial,occasional,6,6,2025-10-14,2026-06-19
2118,Female,Gen X,one_and_done,1,1,2026-04-15,2026-04-15
2119,Male,Gen Z,one_and_done,2,1,2025-09-30,2025-09-30
2120,Male,Gen Z,regular,2,15,2025-07-10,2026-05-30
2121,Male,Millennial,loyal,1,30,2025-07-08,2026-06-19
2122,Female,Boomer,loyal,1,15,2025-07-05,2026-06-23
2123,Female,Boomer,occasional,1,3,2025-11-07,2026-03-16
2124,Female,Millennial,loyal,1,26,2025-08-07,2026-06-17
2125,Male,Boomer,one_and_done,1,1,2026-03-13,2026-03-13
2126,Male,Millennial,one_and_done,2,1,2025-10-13,2025-10-13
2127,Male,Millennial,one_and_done,1,1,2026-01-23,2026-01-23
2128,Female,Gen Z,occasional,2,4,2025-07-07,2025-09-14
2129,Male,Millennial,loyal,7,30,2025-07-02,2026-06-06
2130,Female,Millennial,occasional,1,6,2025-07-11,2026-06-13
2131,Male,Millennial,one_and_done,2,1,2026-03-21,2026-03-21
2132,Male,Millennial,regular,2,21,2025-07-19,2026-06-21
2133,Male,Millennial,occasional,3,7,2025-07-15,2026-06-11
2134,Male,Gen Z,one_and_done,2,1,2026-04-04,2026-04-04
2135,Male,Gen Z,regular,5,15,2025-07-02,2026-06-17
2136,Female,Gen Z,one_and_done,1,1,2026-03-12,2026-03-12
2137,Male,Gen Z,one_and_done,5,1,2025-11-28,2025-11-28
2138,Male,Gen X,one_and_done,1,1,2026-03-21,2026-03-21
2139,Male,Boomer,one_and_done,8,1,2025-11-12,2025-11-12
2140,Male,Millennial,occasional,1,7,2025-08-05,2026-05-29
2141,Male,Millennial,one_and_done,1,1,2026-06-18,2026-06-18
2142,Female,Gen Z,one_and_done,3,1,2025-08-26,2025-08-26
2143,Male,Millennial,occasional,1,7,2025-09-01,2026-03-08
2144,Male,Gen X,regular,1,16,2025-07-06,2026-06-23
2145,Female,Gen Z,regular,3,13,2025-09-05,2026-05-16
2146,Female,Millennial,one_and_done,1,1,2026-02-05,2026-02-05
2147,Female,Gen X,regular,1,15,2025-07-14,2026-05-16
2148,Male,Millennial,regular,1,21,2025-07-06,2026-06-07
2149,Male,Millennial,occasional,1,7,2025-08-14,2026-06-01
2150,Female,Gen X,one_and_done,2,1,2025-11-08,2025-11-08
2151,Female,Millennial,one_and_done,1,1,2025-10-19,2025-10-19
2152,Male,Gen X,one_and_done,5,1,2025-10-11,2025-10-11
2153,Male,Gen X,one_and_done,1,1,2025-07-21,2025-07-21
2154,Male,Gen Z,one_and_done,10,1,2026-04-22,2026-04-22
2155,Male,Millennial,regular,1,21,2025-07-08,2026-06-20
2156,Male,Boomer,regular,1,12,2025-07-12,2026-04-14
2157,Male,Millennial,occasional,4,7,2025-07-12,2026-02-13
2158,Female,Gen X,one_and_done,4,1,2025-09-06,2025-09-06
2159,Female,Millennial,one_and_done,1,1,2025-09-07,2025-09-07
2160,Female,Millennial,one_and_done,2,1,2026-02-23,2026-02-23
2161,Male,Gen Z,regular,1,15,2025-08-09,2026-05-28
2162,Female,Millennial,one_and_done,1,1,2026-06-19,2026-06-19
2163,Male,Gen Z,one_and_done,1,1,2025-11-10,2025-11-10
2164,Female,Gen Z,one_and_done,1,1,2026-03-12,2026-03-12
2165,Female,Millennial,one_and_done,1,1,2025-12-29,2025-12-29
2166,Female,Millennial,loyal,1,26,2025-07-03,2026-06-18
2167,Male,Gen X,occasional,1,5,2025-11-19,2026-05-06
2168,Male,Millennial,one_and_done,2,1,2025-08-21,2025-08-21
2169,Male,Gen X,one_and_done,1,1,2025-12-09,2025-12-09
2170,Male,Gen Z,regular,1,15,2025-08-02,2026-06-19
2171,Female,Gen Z,one_and_done,4,1,2025-12-09,2025-12-09
2172,Female,Millennial,one_and_done,1,1,2025-09-20,2025-09-20
2173,Male,Gen X,one_and_done,1,1,2025-10-03,2025-10-03
2174,Female,Gen Z,occasional,1,4,2025-08-13,2026-05-26
2175,Male,Millennial,one_and_done,1,1,2026-04-20,2026-04-20
2176,Male,Gen X,one_and_done,3,1,2025-07-13,2025-07-13
2177,Female,Millennial,loyal,3,26,2025-07-04,2026-06-10
2178,Female,Millennial,regular,2,18,2025-07-11,2026-05-31
2179,Male,Gen Z,regular,2,15,2025-07-13,2026-04-23
2180,Male,Gen X,regular,3,16,2025-07-21,2026-05-23
2181,Female,Gen Z,one_and_done,1,1,2026-05-31,2026-05-31
2182,Male,Gen Z,one_and_done,1,1,2025-12-01,2025-12-01
2183,Male,Millennial,occasional,4,7,2025-07-26,2026-05-08
2184,Male,Boomer,loyal,1,17,2025-07-04,2026-06-08
2185,Male,Gen Z,one_and_done,7,1,2026-03-21,2026-03-21
2186,Male,Millennial,occasional,1,7,2025-07-24,2026-02-19
2187,Female,Millennial,one_and_done,1,1,2026-01-20,2026-01-20
2188,Male,Gen Z,one_and_done,1,1,2026-04-21,2026-04-21
2189,Male,Gen X,occasional,2,5,2025-07-08,2026-06-12
2190,Male,Millennial,occasional,1,7,2025-11-22,2026-05-05
2191,Female,Millennial,regular,1,18,2025-07-01,2026-06-19
2192,Male,Boomer,one_and_done,2,1,2026-05-26,2026-05-26
2193,Female,Gen Z,one_and_done,8,1,2025-09-25,2025-09-25
2194,Male,Gen X,one_and_done,1,1,2025-09-05,2025-09-05
2195,Male,Millennial,occasional,1,7,2025-07-05,2026-04-29
2196,Male,Gen X,one_and_done,1,1,2026-03-07,2026-03-07
2197,Female,Millennial,one_and_done,1,1,2026-03-08,2026-03-08
2198,Female,Millennial,one_and_done,5,1,2026-05-22,2026-05-22
2199,Female,Millennial,occasional,1,6,2025-10-03,2026-05-22
2200,Male,Gen Z,one_and_done,1,1,2026-05-28,2026-05-28
2201,Male,Gen Z,occasional,1,5,2025-09-08,2026-05-23
2202,Male,Millennial,occasional,2,7,2025-09-30,2026-05-15
2203,Male,Millennial,occasional,1,7,2025-07-03,2026-06-18
2204,Female,Boomer,one_and_done,1,1,2026-05-01,2026-05-01
2205,Female,Gen X,regular,3,15,2025-07-04,2026-06-20
2206,Male,Gen X,one_and_done,6,1,2026-06-23,2026-06-23
2207,Female,Gen Z,one_and_done,6,1,2026-05-03,2026-05-03
2208,Male,Millennial,regular,1,21,2025-07-28,2026-06-15
2209,Male,Gen X,occasional,1,5,2025-07-30,2026-05-31
2210,Male,Millennial,occasional,1,7,2025-08-04,2026-06-23
2211,Female,Gen Z,one_and_done,1,1,2026-04-16,2026-04-16
2212,Male,Gen Z,loyal,3,22,2025-07-10,2026-06-15
2213,Female,Millennial,one_and_done,2,1,2025-07-31,2025-07-31
2214,Male,Millennial,occasional,2,7,2025-08-22,2026-05-16
2215,Male,Millennial,occasional,3,7,2025-08-06,2026-04-07
2216,Female,Gen X,one_and_done,1,1,2026-06-10,2026-06-10
2217,Female,Millennial,loyal,2,26,2025-07-14,2026-06-20
2218,Male,Millennial,one_and_done,1,1,2025-08-06,2025-08-06
2219,Female,Gen X,one_and_done,1,1,2025-08-01,2025-08-01
2220,Female,Gen Z,regular,1,13,2025-07-21,2026-04-14
2221,Male,Millennial,occasional,1,7,2025-07-05,2026-06-19
2222,Male,Millennial,one_and_done,2,1,2025-08-04,2025-08-04
2223,Female,Millennial,one_and_done,7,1,2025-12-28,2025-12-28
2224,Male,Gen X,one_and_done,9,1,2026-01-27,2026-01-27
2225,Male,Millennial,occasional,1,7,2025-08-06,2026-06-04
2226,Female,Boomer,one_and_done,2,1,2026-02-13,2026-02-13
2227,Male,Millennial,regular,6,21,2025-07-10,2026-06-19
2228,Male,Millennial,one_and_done,5,1,2025-10-08,2025-10-08
2229,Male,Gen X,regular,1,16,2025-07-04,2026-05-15
2230,Female,Millennial,one_and_done,2,1,2025-07-19,2025-07-19
2231,Male,Millennial,one_and_done,1,1,2026-03-02,2026-03-02
2232,Male,Gen Z,loyal,2,22,2025-07-01,2026-05-26
2233,Male,Boomer,one_and_done,3,1,2026-03-30,2026-03-30
2234,Female,Gen Z,one_and_done,4,1,2025-11-07,2025-11-07
2235,Male,Gen Z,one_and_done,6,1,2026-04-06,2026-04-06
2236,Male,Gen Z,occasional,3,5,2025-07-02,2026-06-12
2237,Male,Gen X,loyal,1,24,2025-07-10,2026-06-18
2238,Female,Gen Z,one_and_done,1,1,2025-08-22,2025-08-22
2239,Male,Gen Z,one_and_done,1,1,2026-04-05,2026-04-05
2240,Female,Millennial,one_and_done,1,1,2025-08-13,2025-08-13
2241,Male,Millennial,one_and_done,1,1,2025-07-12,2025-07-12
2242,Male,Boomer,one_and_done,2,1,2026-06-18,2026-06-18
2243,Male,Gen X,occasional,3,5,2025-09-13,2026-04-03
2244,Male,Gen Z,occasional,1,5,2025-07-12,2026-04-08
2245,Female,Millennial,loyal,4,26,2025-07-11,2026-06-21
2246,Female,Millennial,regular,1,18,2025-07-15,2026-06-18
2247,Male,Gen X,loyal,5,24,2025-07-09,2026-06-17
2248,Female,Millennial,occasional,2,6,2025-07-01,2026-06-14
2249,Male,Gen Z,occasional,1,5,2025-07-02,2026-04-14
2250,Female,Millennial,regular,3,18,2025-07-03,2026-06-16
2251,Male,Millennial,one_and_done,1,1,2026-05-14,2026-05-14
2252,Male,Millennial,occasional,4,7,2025-08-01,2026-04-23
2253,Male,Boomer,one_and_done,1,1,2025-09-04,2025-09-04
2254,Female,Gen Z,occasional,6,4,2025-09-26,2026-04-25
2255,Male,Millennial,occasional,1,7,2025-07-26,2026-06-05
2256,Male,Millennial,occasional,1,7,2025-07-17,2026-04-27
2257,Male,Gen Z,regular,5,15,2025-07-15,2026-06-16
2258,Male,Millennial,regular,1,21,2025-07-02,2026-06-09
2259,Female,Gen Z,occasional,1,4,2025-08-04,2026-03-17
2260,Female,Millennial,loyal,8,26,2025-07-05,2026-06-11
2261,Male,Millennial,occasional,2,7,2025-07-11,2026-05-29
2262,Male,Gen X,one_and_done,4,1,2025-08-30,2025-08-30
2263,Female,Gen Z,regular,1,13,2025-07-29,2026-05-13
2264,Male,Gen Z,one_and_done,4,1,2026-03-03,2026-03-03
2265,Female,Millennial,loyal,1,26,2025-07-20,2026-06-19
2266,Male,Gen Z,one_and_done,1,1,2025-11-04,2025-11-04
2267,Male,Millennial,one_and_done,2,1,2025-10-14,2025-10-14
2268,Male,Gen Z,one_and_done,1,1,2026-02-13,2026-02-13
2269,Male,Gen Z,loyal,3,22,2025-07-30,2026-06-18
2270,Male,Millennial,occasional,2,7,2025-08-09,2026-06-22
2271,Male,Millennial,occasional,4,7,2025-12-19,2026-05-26
2272,Female,Millennial,one_and_done,1,1,2026-05-25,2026-05-25
2273,Female,Millennial,one_and_done,3,1,2025-12-10,2025-12-10
2274,Male,Gen X,one_and_done,4,1,2025-12-25,2025-12-25
2275,Male,Gen X,occasional,1,5,2025-09-19,2026-06-04
2276,Female,Gen X,occasional,4,5,2025-09-10,2026-06-15
2277,Male,Millennial,regular,2,21,2025-07-10,2026-06-19
2278,Male,Gen Z,regular,2,15,2025-07-16,2026-06-13
2279,Male,Gen Z,occasional,1,5,2025-09-06,2026-04-25
2280,Male,Gen Z,one_and_done,3,1,2025-09-30,2025-09-30
2281,Male,Boomer,one_and_done,1,1,2026-02-13,2026-02-13
2282,Female,Gen X,one_and_done,1,1,2025-12-18,2025-12-18
2283,Female,Gen Z,regular,1,13,2025-07-11,2026-06-07
2284,Male,Gen X,one_and_done,3,1,2026-03-19,2026-03-19
2285,Male,Gen Z,occasional,2,5,2025-07-05,2026-06-07
2286,Female,Gen X,one_and_done,1,1,2026-06-08,2026-06-08
2287,Male,Gen X,one_and_done,6,1,2025-07-16,2025-07-16
2288,Female,Gen Z,one_and_done,1,1,2026-05-27,2026-05-27
2289,Female,Millennial,regular,3,18,2025-09-22,2026-06-09
2290,Male,Gen Z,one_and_done,6,1,2026-06-15,2026-06-15
2291,Female,Gen Z,occasional,1,4,2025-08-01,2026-03-14
2292,Male,Millennial,occasional,7,7,2025-07-20,2026-06-18
2293,Male,Millennial,regular,1,21,2025-07-19,2026-06-21
2294,Male,Boomer,regular,1,12,2025-08-20,2026-05-21
2295,Male,Millennial,regular,1,21,2025-08-16,2026-05-16
2296,Female,Gen Z,one_and_done,5,1,2026-06-16,2026-06-16
2297,Male,Gen X,regular,1,16,2025-07-01,2026-06-19
2298,Male,Gen Z,loyal,1,22,2025-07-14,2026-06-11
2299,Male,Millennial,one_and_done,3,1,2026-03-27,2026-03-27
2300,Female,Millennial,one_and_done,1,1,2026-06-12,2026-06-12
2301,Male,Gen Z,loyal,3,22,2025-07-11,2026-06-15
2302,Male,Gen Z,one_and_done,1,1,2025-09-08,2025-09-08
2303,Male,Millennial,one_and_done,6,1,2025-09-28,2025-09-28
2304,Male,Gen X,loyal,3,24,2025-08-13,2026-06-21
2305,Male,Gen Z,one_and_done,1,1,2026-02-02,2026-02-02
2306,Male,Millennial,one_and_done,1,1,2026-01-27,2026-01-27
2307,Male,Millennial,regular,1,21,2025-07-18,2026-06-12
2308,Female,Millennial,loyal,9,26,2025-07-08,2026-06-19
2309,Female,Gen Z,one_and_done,1,1,2025-09-30,2025-09-30
2310,Male,Gen Z,one_and_done,1,1,2025-08-02,2025-08-02
2311,Male,Gen X,loyal,1,24,2025-07-05,2026-06-12
2312,Female,Gen X,regular,1,15,2025-07-02,2026-05-05
2313,Female,Millennial,one_and_done,6,1,2026-01-16,2026-01-16
2314,Female,Millennial,regular,1,18,2025-07-14,2026-06-05
2315,Male,Gen Z,one_and_done,6,1,2026-04-11,2026-04-11
2316,Male,Gen Z,one_and_done,1,1,2026-02-27,2026-02-27
2317,Male,Gen Z,occasional,1,5,2025-08-21,2026-05-19
2318,Female,Gen X,loyal,6,22,2025-07-09,2026-06-13
2319,Male,Boomer,one_and_done,1,1,2026-06-13,2026-06-13
2320,Male,Gen X,occasional,1,5,2025-08-27,2026-06-19
2321,Female,Millennial,regular,8,18,2025-08-09,2026-05-29
2322,Male,Millennial,regular,1,21,2025-07-11,2026-06-09
2323,Male,Millennial,regular,1,21,2025-07-14,2026-06-09
2324,Male,Boomer,one_and_done,4,1,2025-08-02,2025-08-02
2325,Male,Millennial,one_and_done,7,1,2025-11-10,2025-11-10
2326,Male,Gen X,one_and_done,2,1,2025-08-21,2025-08-21
2327,Male,Gen Z,loyal,1,22,2025-07-01,2026-06-06
2328,Male,Gen Z,one_and_done,4,1,2026-05-31,2026-05-31
2329,Male,Gen Z,one_and_done,1,1,2026-04-03,2026-04-03
2330,Female,Gen X,regular,3,15,2025-07-06,2026-05-17
2331,Female,Millennial,occasional,1,6,2025-10-09,2026-06-02
2332,Male,Millennial,occasional,1,7,2026-02-18,2026-06-14
2333,Male,Millennial,occasional,7,7,2025-08-28,2026-06-16
2334,Male,Millennial,one_and_done,6,1,2025-09-17,2025-09-17
2335,Male,Gen X,occasional,1,5,2025-08-09,2026-05-17
2336,Male,Millennial,one_and_done,2,1,2026-05-18,2026-05-18
2337,Male,Millennial,one_and_done,1,1,2025-08-28,2025-08-28
2338,Female,Boomer,one_and_done,9,1,2026-05-07,2026-05-07
2339,Male,Gen Z,one_and_done,9,1,2026-06-04,2026-06-04
2340,Female,Millennial,regular,1,18,2025-07-06,2026-06-07
2341,Female,Millennial,one_and_done,1,1,2025-07-25,2025-07-25
2342,Female,Gen Z,occasional,1,4,2025-11-11,2026-05-29
2343,Male,Gen Z,loyal,1,22,2025-07-01,2026-06-20
2344,Male,Gen X,regular,1,16,2025-07-29,2026-06-18
2345,Male,Gen Z,loyal,2,22,2025-07-26,2026-04-10
2346,Male,Gen Z,one_and_done,2,1,2026-01-30,2026-01-30
2347,Female,Millennial,one_and_done,1,1,2026-06-13,2026-06-13
2348,Male,Millennial,one_and_done,1,1,2026-03-16,2026-03-16
2349,Female,Boomer,occasional,4,3,2025-09-28,2026-04-30
2350,Male,Millennial,occasional,1,7,2025-09-03,2026-06-11
2351,Male,Gen X,regular,1,16,2025-08-21,2026-05-22
2352,Female,Millennial,one_and_done,1,1,2026-05-28,2026-05-28
2353,Male,Millennial,one_and_done,6,1,2026-03-02,2026-03-02
2354,Male,Gen X,regular,1,16,2025-07-06,2026-06-21
2355,Male,Millennial,loyal,1,30,2025-07-05,2026-06-10
2356,Male,Gen X,one_and_done,1,1,2026-02-20,2026-02-20
2357,Male,Millennial,regular,1,21,2025-08-05,2026-05-13
2358,Male,Gen Z,occasional,1,5,2025-07-31,2026-05-15
2359,Male,Gen Z,one_and_done,1,1,2026-05-14,2026-05-14
2360,Female,Gen Z,regular,1,13,2025-08-04,2026-06-12
2361,Male,Gen Z,occasional,5,5,2025-09-28,2026-04-11
2362,Male,Millennial,regular,1,21,2025-07-11,2026-05-11
2363,Male,Millennial,one_and_done,4,1,2026-01-10,2026-01-10
2364,Male,Millennial,one_and_done,3,1,2025-12-02,2025-12-02
2365,Female,Millennial,one_and_done,1,1,2025-07-31,2025-07-31
2366,Female,Millennial,one_and_done,4,1,2026-01-23,2026-01-23
2367,Female,Boomer,occasional,3,3,2025-07-01,2025-12-27
2368,Female,Millennial,regular,2,18,2025-07-04,2026-06-02
2369,Male,Millennial,one_and_done,1,1,2026-04-10,2026-04-10
2370,Male,Gen X,regular,1,16,2025-08-02,2026-06-05
2371,Male,Gen Z,regular,1,15,2025-07-07,2026-05-09
2372,Male,Gen X,regular,5,16,2025-07-04,2026-06-07
2373,Male,Gen X,one_and_done,2,1,2025-12-18,2025-12-18
2374,Female,Millennial,one_and_done,1,1,2025-08-26,2025-08-26
2375,Female,Gen X,one_and_done,1,1,2026-04-03,2026-04-03
2376,Male,Millennial,occasional,3,7,2025-08-29,2026-06-06
2377,Female,Millennial,one_and_done,1,1,2025-11-10,2025-11-10
2378,Male,Millennial,one_and_done,1,1,2026-04-10,2026-04-10
2379,Female,Millennial,regular,1,18,2025-07-27,2026-06-20
2380,Female,Gen X,occasional,1,5,2025-07-11,2026-05-13
2381,Male,Millennial,regular,1,21,2025-07-18,2026-05-05
2382,Female,Gen X,occasional,1,5,2025-09-04,2026-06-15
2383,Female,Millennial,regular,4,18,2025-07-28,2026-06-12
2384,Male,Boomer,occasional,3,4,2025-07-25,2026-05-06
2385,Male,Gen Z,occasional,1,5,2025-09-29,2026-04-28
2386,Male,Millennial,one_and_done,1,1,2026-06-19,2026-06-19
2387,Male,Millennial,one_and_done,1,1,2026-05-15,2026-05-15
2388,Male,Millennial,one_and_done,1,1,2025-08-14,2025-08-14
2389,Female,Millennial,one_and_done,1,1,2025-08-01,2025-08-01
2390,Male,Millennial,one_and_done,1,1,2026-03-01,2026-03-01
2391,Female,Gen Z,one_and_done,8,1,2026-06-16,2026-06-16
2392,Male,Millennial,one_and_done,3,1,2025-12-14,2025-12-14
2393,Male,Gen Z,one_and_done,2,1,2025-10-30,2025-10-30
2394,Male,Millennial,regular,3,21,2025-07-11,2026-06-22
2395,Male,Gen X,regular,7,16,2025-07-17,2026-05-22
2396,Male,Gen Z,regular,1,15,2025-08-21,2026-06-02
2397,Male,Millennial,one_and_done,1,1,2025-11-28,2025-11-28
2398,Female,Gen X,loyal,1,22,2025-07-09,2026-06-02
2399,Female,Gen Z,occasional,2,4,2025-10-17,2026-06-21
2400,Male,Gen X,regular,4,16,2025-08-14,2026-06-13
2401,Male,Gen Z,one_and_done,1,1,2025-08-23,2025-08-23
2402,Male,Gen X,occasional,8,5,2025-07-17,2026-04-15
2403,Male,Millennial,one_and_done,1,1,2025-08-30,2025-08-30
2404,Female,Gen Z,regular,1,13,2025-07-11,2026-06-17
2405,Female,Gen X,one_and_done,3,1,2026-02-26,2026-02-26
2406,Female,Millennial,regular,1,18,2025-08-02,2026-05-31
2407,Male,Gen X,one_and_done,1,1,2025-08-10,2025-08-10
2408,Male,Millennial,regular,7,21,2025-07-03,2026-06-03
2409,Male,Gen Z,one_and_done,1,1,2026-06-06,2026-06-06
2410,Female,Gen X,occasional,1,5,2025-08-03,2026-01-31
2411,Female,Millennial,loyal,1,26,2025-07-01,2026-06-23
2412,Male,Millennial,regular,1,21,2025-07-05,2026-06-12
2413,Female,Millennial,occasional,1,6,2025-08-11,2026-04-03
2414,Male,Millennial,occasional,1,7,2025-08-16,2026-02-09
2415,Male,Millennial,one_and_done,2,1,2025-11-11,2025-11-11
2416,Female,Millennial,one_and_done,2,1,2026-05-19,2026-05-19
2417,Male,Boomer,regular,1,12,2025-07-19,2026-05-29
2418,Male,Millennial,regular,2,21,2025-07-08,2026-06-13
2419,Male,Millennial,one_and_done,2,1,2026-06-02,2026-06-02
2420,Male,Millennial,one_and_done,2,1,2026-04-01,2026-04-01
2421,Male,Millennial,regular,6,21,2025-07-21,2026-06-22
2422,Female,Millennial,regular,1,18,2025-07-13,2026-05-29
2423,Male,Millennial,occasional,4,7,2025-08-07,2026-04-12
2424,Female,Millennial,one_and_done,1,1,2026-04-21,2026-04-21
2425,Male,Gen Z,one_and_done,2,1,2026-03-20,2026-03-20
2426,Male,Millennial,occasional,2,7,2025-10-17,2026-06-09
2427,Female,Millennial,regular,5,18,2025-07-20,2026-06-18
2428,Female,Millennial,one_and_done,1,1,2026-05-06,2026-05-06
2429,Female,Millennial,one_and_done,1,1,2025-08-08,2025-08-08
2430,Female,Millennial,one_and_done,1,1,2025-08-01,2025-08-01
2431,Male,Gen Z,one_and_done,1,1,2025-10-08,2025-10-08
2432,Male,Gen Z,occasional,2,5,2025-07-18,2026-06-08
2433,Male,Gen Z,one_and_done,1,1,2026-04-04,2026-04-04
2434,Male,Gen Z,loyal,10,22,2025-07-20,2026-06-08
2435,Female,Millennial,occasional,1,6,2025-09-29,2026-02-19
2436,Male,Gen X,regular,1,16,2025-08-12,2026-06-05
2437,Male,Boomer,occasional,1,4,2025-07-06,2026-06-09
2438,Female,Gen X,one_and_done,1,1,2026-05-27,2026-05-27
2439,Male,Millennial,one_and_done,1,1,2026-05-29,2026-05-29
2440,Male,Millennial,one_and_done,1,1,2025-07-16,2025-07-16
2441,Male,Gen Z,regular,1,15,2025-08-18,2026-03-11
2442,Female,Gen Z,one_and_done,9,1,2026-06-02,2026-06-02
2443,Male,Gen X,occasional,4,5,2025-11-01,2026-05-25
2444,Male,Millennial,occasional,10,7,2025-11-30,2026-06-09
2445,Male,Gen Z,one_and_done,4,1,2025-08-12,2025-08-12
2446,Male,Millennial,occasional,5,7,2025-09-08,2026-03-20
2447,Male,Gen Z,occasional,1,5,2025-08-08,2026-02-13
2448,Male,Gen X,loyal,2,24,2025-07-07,2026-06-19
2449,Male,Millennial,occasional,6,7,2025-08-07,2026-05-25
2450,Male,Millennial,one_and_done,1,1,2025-12-28,2025-12-28
2451,Female,Millennial,loyal,1,26,2025-07-02,2026-06-11
2452,Male,Gen Z,one_and_done,1,1,2026-04-17,2026-04-17
2453,Male,Millennial,one_and_done,7,1,2025-12-04,2025-12-04
2454,Male,Millennial,loyal,1,30,2025-07-02,2026-05-23
2455,Male,Millennial,occasional,1,7,2025-08-26,2026-05-26
2456,Male,Millennial,one_and_done,1,1,2025-09-15,2025-09-15
2457,Female,Millennial,occasional,1,6,2025-08-08,2026-06-01
2458,Male,Millennial,regular,7,21,2025-07-24,2026-05-29
2459,Male,Millennial,regular,1,21,2025-06-30,2026-06-09
2460,Female,Millennial,one_and_done,3,1,2026-04-27,2026-04-27
2461,Male,Gen X,occasional,6,5,2025-09-12,2026-03-28
2462,Male,Gen Z,one_and_done,5,1,2025-09-21,2025-09-21
2463,Female,Millennial,occasional,5,6,2025-07-12,2026-03-13
2464,Male,Millennial,occasional,7,7,2025-10-07,2026-06-08
2465,Male,Millennial,one_and_done,8,1,2025-11-26,2025-11-26
2466,Female,Gen X,one_and_done,6,1,2025-11-25,2025-11-25
2467,Female,Gen X,loyal,2,22,2025-07-25,2026-05-09
2468,Male,Gen Z,one_and_done,1,1,2025-12-09,2025-12-09
2469,Male,Gen Z,regular,1,15,2025-07-23,2026-06-01
2470,Male,Millennial,one_and_done,1,1,2025-07-19,2025-07-19
2471,Female,Millennial,regular,1,18,2025-07-07,2026-05-12
2472,Male,Millennial,occasional,1,7,2025-09-11,2026-05-29
2473,Male,Millennial,loyal,3,30,2025-07-24,2026-05-27
2474,Female,Millennial,one_and_done,5,1,2025-08-20,2025-08-20
2475,Male,Gen X,occasional,2,5,2025-07-27,2026-04-27
2476,Female,Boomer,regular,7,10,2025-07-05,2026-06-17
2477,Male,Millennial,loyal,2,30,2025-07-07,2026-06-12
2478,Male,Boomer,one_and_done,1,1,2025-07-06,2025-07-06
2479,Male,Gen Z,one_and_done,2,1,2026-03-01,2026-03-01
2480,Male,Millennial,regular,9,21,2025-09-12,2026-05-31
2481,Female,Gen X,one_and_done,1,1,2025-09-11,2025-09-11
2482,Male,Millennial,regular,1,21,2025-07-05,2026-06-11
2483,Male,Millennial,occasional,1,7,2025-10-29,2026-05-22
2484,Male,Millennial,regular,3,21,2025-08-03,2026-06-23
2485,Male,Millennial,one_and_done,4,1,2026-06-15,2026-06-15
2486,Male,Gen Z,one_and_done,2,1,2025-09-28,2025-09-28
2487,Female,Gen X,one_and_done,6,1,2025-08-01,2025-08-01
2488,Male,Millennial,one_and_done,2,1,2026-01-03,2026-01-03
2489,Male,Gen Z,occasional,3,5,2025-08-04,2026-05-04
2490,Male,Millennial,one_and_done,2,1,2026-01-09,2026-01-09
2491,Male,Gen Z,one_and_done,1,1,2026-01-02,2026-01-02
2492,Male,Boomer,one_and_done,5,1,2025-08-06,2025-08-06
2493,Male,Gen Z,loyal,1,22,2025-06-30,2026-06-22
2494,Male,Gen X,one_and_done,1,1,2025-12-18,2025-12-18
2495,Male,Gen Z,one_and_done,1,1,2026-06-19,2026-06-19
2496,Male,Millennial,one_and_done,4,1,2025-07-31,2025-07-31
2497,Male,Millennial,occasional,1,7,2025-08-02,2026-05-29
2498,Female,Millennial,occasional,3,6,2025-08-24,2026-06-18
2499,Male,Boomer,occasional,1,4,2025-11-18,2026-04-22
2500,Male,Boomer,regular,3,12,2025-07-01,2026-05-22
2501,Male,Millennial,one_and_done,2,1,2026-04-10,2026-04-10
2502,Male,Millennial,one_and_done,4,1,2026-06-12,2026-06-12
2503,Male,Gen X,one_and_done,4,1,2025-10-05,2025-10-05
2504,Male,Millennial,loyal,3,30,2025-07-07,2026-06-17
2505,Female,Millennial,loyal,7,26,2025-07-08,2026-06-18
2506,Male,Millennial,one_and_done,1,1,2025-12-27,2025-12-27
2507,Female,Millennial,regular,6,18,2025-07-26,2026-05-28
2508,Female,Millennial,occasional,3,6,2025-07-07,2026-05-06
2509,Female,Millennial,one_and_done,6,1,2025-07-30,2025-07-30
2510,Male,Gen Z,regular,2,15,2025-07-12,2026-06-22
2511,Male,Millennial,one_and_done,1,1,2025-12-11,2025-12-11
2512,Male,Millennial,one_and_done,1,1,2025-11-07,2025-11-07
2513,Male,Millennial,one_and_done,6,1,2025-11-14,2025-11-14
2514,Male,Millennial,one_and_done,1,1,2025-10-29,2025-10-29
2515,Male,Gen Z,occasional,1,5,2025-07-02,2026-02-21
2516,Male,Gen Z,one_and_done,10,1,2025-09-22,2025-09-22
2517,Male,Gen X,regular,1,16,2025-07-16,2026-05-28
2518,Male,Millennial,occasional,2,7,2025-08-12,2026-03-26
2519,Male,Gen X,one_and_done,1,1,2026-05-08,2026-05-08
2520,Male,Gen X,one_and_done,6,1,2026-03-10,2026-03-10
2521,Female,Boomer,one_and_done,4,1,2025-07-20,2025-07-20
2522,Male,Millennial,regular,1,21,2025-08-01,2026-06-18
2523,Male,Millennial,regular,3,21,2025-07-04,2026-06-03
2524,Female,Millennial,one_and_done,5,1,2026-04-25,2026-04-25
2525,Male,Gen X,loyal,1,24,2025-08-04,2026-06-01
2526,Male,Millennial,occasional,1,7,2025-07-03,2026-05-11
2527,Male,Millennial,regular,1,21,2025-07-10,2026-06-18
2528,Female,Millennial,one_and_done,1,1,2025-12-25,2025-12-25
2529,Female,Gen X,one_and_done,1,1,2026-02-04,2026-02-04
2530,Male,Gen Z,one_and_done,1,1,2025-11-13,2025-11-13
2531,Male,Millennial,one_and_done,8,1,2025-12-25,2025-12-25
2532,Male,Millennial,regular,2,21,2025-07-10,2026-06-14
2533,Male,Gen X,loyal,1,24,2025-07-16,2026-06-05
2534,Male,Millennial,regular,5,21,2025-07-11,2026-06-23
2535,Male,Millennial,occasional,2,7,2025-07-09,2026-05-27
2536,Male,Millennial,regular,1,21,2025-07-12,2026-06-13
2537,Male,Gen Z,occasional,5,5,2025-07-19,2026-05-15
2538,Female,Gen X,one_and_done,3,1,2026-02-05,2026-02-05
2539,Female,Millennial,regular,1,18,2025-07-21,2026-06-16
2540,Male,Millennial,occasional,3,7,2025-08-07,2026-05-28
2541,Male,Millennial,one_and_done,1,1,2026-03-11,2026-03-11
2542,Female,Millennial,one_and_done,2,1,2026-03-20,2026-03-20
2543,Male,Gen X,occasional,3,5,2025-08-09,2026-04-29
2544,Male,Millennial,occasional,2,7,2025-08-07,2026-06-10
2545,Male,Gen X,one_and_done,4,1,2026-05-01,2026-05-01
2546,Female,Millennial,occasional,6,6,2025-07-28,2026-06-01
2547,Female,Gen Z,one_and_done,3,1,2026-03-24,2026-03-24
2548,Female,Gen X,regular,1,15,2025-07-11,2026-05-18
2549,Female,Gen Z,one_and_done,2,1,2026-05-11,2026-05-11
2550,Male,Gen Z,regular,1,15,2025-11-06,2026-06-13
2551,Male,Gen X,loyal,1,24,2025-07-08,2026-06-16
2552,Female,Millennial,one_and_done,2,1,2026-06-10,2026-06-10
2553,Male,Millennial,one_and_done,9,1,2026-05-01,2026-05-01
2554,Male,Gen X,regular,1,16,2025-08-02,2026-06-13
2555,Male,Gen X,loyal,1,24,2025-07-10,2026-06-14
2556,Male,Millennial,one_and_done,1,1,2025-08-23,2025-08-23
2557,Female,Millennial,loyal,1,26,2025-07-10,2026-06-15
2558,Male,Gen Z,one_and_done,1,1,2025-12-13,2025-12-13
2559,Female,Millennial,occasional,2,6,2025-09-26,2026-03-12
2560,Male,Millennial,regular,1,21,2025-07-11,2026-06-10
2561,Female,Boomer,occasional,5,3,2025-11-22,2026-05-15
2562,Male,Gen Z,one_and_done,6,1,2025-09-26,2025-09-26
2563,Male,Gen X,occasional,3,5,2025-08-29,2026-04-25
2564,Female,Gen Z,occasional,1,4,2025-09-01,2026-04-08
2565,Male,Millennial,occasional,6,7,2025-10-17,2026-05-30
2566,Male,Gen X,one_and_done,2,1,2025-10-10,2025-10-10
2567,Male,Millennial,one_and_done,1,1,2025-12-04,2025-12-04
2568,Male,Millennial,regular,1,21,2025-08-13,2026-06-19
2569,Male,Gen X,one_and_done,1,1,2026-01-03,2026-01-03
2570,Male,Millennial,regular,8,21,2025-07-20,2026-05-01
2571,Male,Gen Z,one_and_done,9,1,2025-09-06,2025-09-06
2572,Male,Gen X,one_and_done,3,1,2025-12-01,2025-12-01
2573,Male,Gen Z,occasional,1,5,2025-07-12,2026-02-06
2574,Male,Millennial,one_and_done,2,1,2026-04-23,2026-04-23
2575,Male,Millennial,regular,1,21,2025-07-08,2026-06-03
2576,Male,Millennial,one_and_done,1,1,2025-10-22,2025-10-22
2577,Male,Gen Z,one_and_done,1,1,2026-02-13,2026-02-13
2578,Male,Millennial,one_and_done,6,1,2026-03-21,2026-03-21
2579,Male,Millennial,regular,1,21,2025-07-07,2026-06-22
2580,Male,Gen Z,occasional,1,5,2025-09-04,2026-05-02
2581,Male,Gen Z,one_and_done,1,1,2025-07-13,2025-07-13
2582,Female,Millennial,one_and_done,2,1,2025-07-23,2025-07-23
2583,Female,Millennial,occasional,6,6,2025-08-29,2026-06-19
2584,Male,Millennial,one_and_done,1,1,2026-02-10,2026-02-10
2585,Male,Millennial,regular,8,21,2025-07-03,2026-06-01
2586,Male,Millennial,one_and_done,1,1,2025-08-29,2025-08-29
2587,Female,Millennial,occasional,3,6,2025-12-17,2026-05-15
2588,Female,Gen Z,regular,5,13,2025-07-26,2026-05-30
2589,Female,Millennial,occasional,2,6,2025-08-06,2026-05-15
2590,Male,Millennial,occasional,8,7,2025-07-06,2026-04-19
2591,Male,Gen X,regular,3,16,2025-08-19,2026-06-21
2592,Male,Millennial,one_and_done,1,1,2025-08-01,2025-08-01
2593,Female,Gen X,occasional,4,5,2025-11-06,2026-03-25
2594,Male,Millennial,one_and_done,3,1,2025-08-26,2025-08-26
2595,Female,Millennial,one_and_done,5,1,2026-05-02,2026-05-02
2596,Male,Gen X,regular,1,16,2025-08-31,2026-06-01
2597,Male,Gen X,one_and_done,1,1,2026-03-06,2026-03-06
2598,Female,Gen X,one_and_done,8,1,2025-12-01,2025-12-01
2599,Male,Gen Z,loyal,1,22,2025-07-07,2026-06-19
2600,Male,Millennial,occasional,1,7,2025-07-05,2026-05-14
2601,Male,Boomer,one_and_done,5,1,2026-03-04,2026-03-04
2602,Male,Millennial,one_and_done,1,1,2026-03-19,2026-03-19
2603,Male,Gen X,one_and_done,1,1,2026-05-02,2026-05-02
2604,Male,Millennial,one_and_done,2,1,2026-02-05,2026-02-05
2605,Male,Millennial,occasional,1,7,2025-08-23,2026-06-06
2606,Male,Gen Z,one_and_done,1,1,2025-07-11,2025-07-11
2607,Male,Millennial,occasional,2,7,2025-07-03,2026-02-22
2608,Female,Gen Z,one_and_done,5,1,2026-04-02,2026-04-02
2609,Male,Gen X,one_and_done,8,1,2026-02-05,2026-02-05
2610,Male,Millennial,one_and_done,3,1,2026-01-23,2026-01-23
2611,Male,Gen X,one_and_done,2,1,2025-09-22,2025-09-22
2612,Male,Gen Z,one_and_done,4,1,2026-06-23,2026-06-23
2613,Male,Gen X,regular,1,16,2025-06-30,2026-06-13
2614,Male,Gen Z,one_and_done,1,1,2025-09-26,2025-09-26
2615,Male,Millennial,occasional,1,7,2025-09-03,2026-04-11
2616,Female,Gen Z,occasional,1,4,2025-07-24,2026-06-19
2617,Female,Boomer,one_and_done,3,1,2025-07-13,2025-07-13
2618,Female,Millennial,regular,5,18,2025-06-30,2026-06-19
2619,Female,Gen Z,regular,6,13,2025-08-22,2026-05-06
2620,Male,Boomer,one_and_done,2,1,2025-12-07,2025-12-07
2621,Male,Millennial,one_and_done,1,1,2026-05-05,2026-05-05
2622,Male,Gen X,regular,1,16,2025-07-18,2026-05-30
2623,Female,Millennial,loyal,8,26,2025-07-08,2026-06-14
2624,Male,Gen Z,one_and_done,1,1,2026-04-30,2026-04-30
2625,Male,Gen Z,occasional,2,5,2025-08-05,2026-06-15
2626,Male,Millennial,occasional,2,7,2025-08-01,2026-03-15
2627,Female,Gen X,one_and_done,2,1,2025-12-09,2025-12-09
2628,Male,Gen Z,occasional,3,5,2025-07-19,2026-03-31
2629,Male,Boomer,occasional,4,4,2025-08-08,2026-06-20
2630,Female,Gen X,loyal,1,22,2025-07-09,2026-06-16
2631,Male,Gen Z,one_and_done,1,1,2026-04-06,2026-04-06
2632,Female,Gen X,occasional,1,5,2025-11-22,2026-05-30
2633,Female,Gen X,one_and_done,2,1,2025-09-21,2025-09-21
2634,Female,Gen Z,regular,1,13,2025-07-07,2026-06-23
2635,Female,Gen Z,regular,1,13,2025-07-22,2026-06-02
2636,Male,Gen Z,one_and_done,4,1,2026-04-09,2026-04-09
2637,Male,Gen Z,occasional,1,5,2025-07-03,2026-03-06
2638,Male,Millennial,one_and_done,7,1,2026-03-24,2026-03-24
2639,Male,Millennial,one_and_done,1,1,2025-12-25,2025-12-25
2640,Male,Millennial,occasional,1,7,2025-07-18,2026-03-21
2641,Male,Millennial,occasional,4,7,2025-07-02,2026-03-21
2642,Male,Gen Z,loyal,1,22,2025-07-06,2026-06-01
2643,Male,Millennial,occasional,4,7,2025-08-15,2026-02-19
2644,Male,Millennial,loyal,1,30,2025-06-30,2026-06-20
2645,Male,Gen X,regular,1,16,2025-07-12,2026-06-19
2646,Male,Millennial,regular,3,21,2025-07-11,2026-05-21
2647,Male,Millennial,occasional,7,7,2025-09-21,2026-05-26
2648,Male,Gen X,loyal,2,24,2025-07-04,2026-06-23
2649,Male,Gen X,loyal,3,24,2025-06-30,2026-06-04
2650,Male,Gen Z,one_and_done,1,1,2026-01-01,2026-01-01
2651,Female,Millennial,one_and_done,1,1,2026-05-16,2026-05-16
2652,Male,Gen Z,one_and_done,1,1,2025-10-24,2025-10-24
2653,Male,Gen Z,occasional,4,5,2025-08-15,2026-01-11
2654,Male,Millennial,occasional,5,7,2025-07-18,2026-05-31
2655,Female,Millennial,one_and_done,1,1,2025-10-03,2025-10-03
2656,Male,Millennial,occasional,1,7,2025-08-05,2026-04-24
2657,Male,Millennial,loyal,2,30,2025-07-11,2026-06-23
2658,Female,Gen Z,occasional,5,4,2025-09-13,2026-05-08
2659,Male,Gen Z,one_and_done,2,1,2025-10-11,2025-10-11
2660,Male,Millennial,regular,1,21,2025-07-11,2026-06-15
2661,Female,Millennial,one_and_done,2,1,2025-09-02,2025-09-02
2662,Female,Gen X,loyal,1,22,2025-07-05,2026-06-16
2663,Female,Gen X,one_and_done,2,1,2025-11-22,2025-11-22
2664,Male,Gen Z,loyal,6,22,2025-07-04,2026-06-19
2665,Male,Gen Z,occasional,2,5,2025-07-31,2026-05-20
2666,Male,Millennial,loyal,7,30,2025-06-30,2026-05-29
2667,Male,Millennial,one_and_done,2,1,2025-12-02,2025-12-02
2668,Male,Millennial,occasional,1,7,2025-10-22,2026-04-27
2669,Male,Millennial,occasional,1,7,2025-07-23,2026-04-28
2670,Female,Millennial,regular,4,18,2025-07-16,2026-06-19
2671,Male,Gen Z,one_and_done,5,1,2025-07-01,2025-07-01
2672,Male,Gen Z,regular,1,15,2025-08-09,2026-06-03
2673,Male,Boomer,regular,3,12,2025-07-22,2026-05-29
2674,Male,Gen X,occasional,2,5,2025-09-27,2026-04-27
2675,Male,Millennial,regular,1,21,2025-07-12,2026-06-20
2676,Male,Gen X,occasional,1,5,2025-08-27,2026-03-19
2677,Female,Gen Z,one_and_done,1,1,2025-08-02,2025-08-02
2678,Male,Millennial,occasional,3,7,2025-11-07,2026-06-07
2679,Male,Boomer,regular,4,12,2025-07-05,2026-05-29
2680,Male,Millennial,regular,4,21,2025-08-16,2026-06-20
2681,Male,Millennial,loyal,1,30,2025-07-26,2026-05-04
2682,Male,Boomer,one_and_done,4,1,2025-07-29,2025-07-29
2683,Female,Millennial,occasional,3,6,2025-08-02,2026-04-08
2684,Female,Millennial,occasional,1,6,2025-07-15,2026-04-06
2685,Female,Gen Z,occasional,4,4,2025-10-03,2026-04-21
2686,Male,Gen X,loyal,1,24,2025-07-07,2026-06-05
2687,Male,Boomer,occasional,3,4,2025-10-10,2026-05-31
2688,Female,Gen Z,one_and_done,1,1,2025-08-05,2025-08-05
2689,Female,Gen Z,one_and_done,8,1,2025-09-21,2025-09-21
2690,Female,Millennial,one_and_done,3,1,2026-02-28,2026-02-28
2691,Female,Gen Z,regular,3,13,2025-07-29,2026-06-22
2692,Male,Gen Z,one_and_done,4,1,2026-06-22,2026-06-22
2693,Female,Millennial,occasional,1,6,2025-08-22,2026-05-20
2694,Male,Gen X,regular,1,16,2025-07-07,2026-06-04
2695,Male,Millennial,one_and_done,4,1,2025-10-30,2025-10-30
2696,Female,Millennial,one_and_done,5,1,2025-09-24,2025-09-24
2697,Male,Millennial,occasional,1,7,2025-07-05,2026-06-20
2698,Male,Millennial,occasional,5,7,2025-08-01,2026-04-13
2699,Male,Gen Z,regular,4,15,2025-07-11,2026-06-19
2700,Male,Gen X,occasional,1,5,2025-09-06,2026-04-08
2701,Male,Gen Z,occasional,2,5,2025-10-14,2026-06-04
2702,Male,Millennial,regular,2,21,2025-07-02,2026-04-16
2703,Female,Millennial,one_and_done,1,1,2026-04-22,2026-04-22
2704,Male,Millennial,one_and_done,1,1,2026-01-28,2026-01-28
2705,Male,Millennial,one_and_done,3,1,2025-07-09,2025-07-09
2706,Male,Gen Z,loyal,1,22,2025-07-12,2026-05-10
2707,Male,Boomer,regular,1,12,2025-07-11,2026-05-23
2708,Male,Boomer,one_and_done,1,1,2026-05-28,2026-05-28
2709,Male,Gen Z,occasional,1,5,2025-12-12,2026-05-30
2710,Male,Millennial,regular,2,21,2025-07-01,2026-05-15
2711,Male,Millennial,occasional,6,7,2025-08-13,2026-04-17
2712,Male,Gen Z,one_and_done,1,1,2026-03-28,2026-03-28
2713,Male,Millennial,regular,4,21,2025-07-01,2026-06-09
2714,Male,Millennial,one_and_done,1,1,2026-05-20,2026-05-20
2715,Male,Millennial,one_and_done,3,1,2026-01-03,2026-01-03
2716,Female,Gen Z,one_and_done,1,1,2025-08-28,2025-08-28
2717,Male,Gen Z,occasional,1,5,2025-11-10,2026-05-14
2718,Male,Millennial,occasional,3,7,2025-09-03,2026-06-07
2719,Male,Gen Z,one_and_done,6,1,2026-05-22,2026-05-22
2720,Male,Millennial,occasional,2,7,2025-09-09,2026-06-22
2721,Female,Gen X,one_and_done,4,1,2025-12-13,2025-12-13
2722,Male,Gen Z,loyal,1,22,2025-07-11,2026-05-26
2723,Female,Millennial,regular,10,18,2025-07-22,2026-06-21
2724,Female,Gen X,one_and_done,1,1,2026-01-13,2026-01-13
2725,Female,Millennial,loyal,1,26,2025-07-25,2026-06-20
2726,Female,Gen Z,loyal,6,19,2025-07-24,2026-06-05
2727,Male,Millennial,regular,2,21,2025-08-21,2026-06-20
2728,Male,Millennial,occasional,2,7,2025-07-14,2026-01-19
2729,Male,Gen Z,occasional,4,5,2025-08-07,2025-12-25
2730,Male,Boomer,one_and_done,1,1,2026-02-11,2026-02-11
2731,Female,Gen X,one_and_done,1,1,2025-12-22,2025-12-22
2732,Male,Millennial,occasional,3,7,2025-07-28,2026-06-05
2733,Male,Millennial,regular,2,21,2025-07-24,2026-05-18
2734,Female,Millennial,regular,3,18,2025-08-13,2026-05-17
2735,Male,Gen X,occasional,1,5,2026-01-03,2026-06-18
2736,Male,Millennial,regular,5,21,2025-07-02,2026-06-06
2737,Male,Millennial,loyal,2,30,2025-07-02,2026-06-20
2738,Male,Millennial,one_and_done,1,1,2025-12-11,2025-12-11
2739,Male,Millennial,one_and_done,1,1,2026-04-18,2026-04-18
2740,Male,Gen X,one_and_done,2,1,2025-12-16,2025-12-16
2741,Male,Gen X,occasional,4,5,2025-09-05,2026-02-16
2742,Male,Gen Z,occasional,4,5,2025-08-18,2026-04-17
2743,Female,Millennial,one_and_done,1,1,2026-05-21,2026-05-21
2744,Female,Gen Z,one_and_done,5,1,2025-09-09,2025-09-09
2745,Female,Gen Z,occasional,1,4,2025-08-15,2026-05-23
2746,Female,Millennial,regular,1,18,2025-08-08,2026-06-23
2747,Female,Gen X,one_and_done,1,1,2026-04-03,2026-04-03
2748,Female,Gen Z,occasional,1,4,2026-02-15,2026-05-24
2749,Male,Gen Z,regular,5,15,2025-08-22,2026-06-08
2750,Female,Gen Z,regular,6,13,2025-07-17,2026-05-18
2751,Female,Millennial,regular,2,18,2025-07-02,2026-05-06
2752,Male,Gen Z,occasional,10,5,2025-09-15,2026-06-22
2753,Male,Gen Z,one_and_done,4,1,2026-03-11,2026-03-11
2754,Male,Gen Z,one_and_done,3,1,2026-06-10,2026-06-10
2755,Male,Millennial,occasional,1,7,2025-11-24,2026-06-21
2756,Male,Millennial,one_and_done,5,1,2025-07-06,2025-07-06
2757,Female,Millennial,regular,2,18,2025-07-05,2026-06-22
2758,Male,Millennial,occasional,5,7,2025-07-08,2026-04-22
2759,Female,Millennial,one_and_done,5,1,2026-06-15,2026-06-15
2760,Female,Millennial,one_and_done,3,1,2025-10-18,2025-10-18
2761,Male,Gen Z,one_and_done,1,1,2026-03-13,2026-03-13
2762,Female,Gen Z,loyal,2,19,2025-07-04,2026-06-11
2763,Male,Gen Z,one_and_done,6,1,2026-02-21,2026-02-21
2764,Male,Millennial,regular,1,21,2025-06-30,2026-05-08
2765,Female,Millennial,one_and_done,1,1,2025-09-11,2025-09-11
2766,Male,Millennial,one_and_done,6,1,2026-06-17,2026-06-17
2767,Female,Gen X,occasional,1,5,2025-12-26,2026-05-01
2768,Male,Gen X,occasional,2,5,2025-07-24,2026-03-28
2769,Male,Millennial,occasional,1,7,2025-08-02,2026-06-16
2770,Female,Gen Z,one_and_done,2,1,2025-11-14,2025-11-14
2771,Female,Gen X,one_and_done,1,1,2025-09-29,2025-09-29
2772,Male,Millennial,loyal,1,30,2025-07-04,2026-06-22
2773,Female,Boomer,occasional,1,3,2025-08-22,2026-03-11
2774,Male,Boomer,one_and_done,3,1,2026-06-18,2026-06-18
2775,Male,Gen Z,loyal,3,22,2025-07-01,2026-06-17
2776,Male,Gen X,one_and_done,5,1,2025-10-16,2025-10-16
2777,Female,Gen Z,regular,3,13,2025-07-15,2026-06-17
2778,Male,Gen X,one_and_done,1,1,2026-05-18,2026-05-18
2779,Female,Millennial,occasional,2,6,2025-07-03,2026-04-26
2780,Male,Millennial,one_and_done,1,1,2025-11-28,2025-11-28
2781,Female,Millennial,regular,3,18,2025-07-05,2026-06-11
2782,Male,Millennial,occasional,3,7,2025-09-27,2026-05-16
2783,Male,Boomer,occasional,2,4,2025-11-05,2026-05-02
2784,Female,Millennial,loyal,1,26,2025-07-19,2026-06-07
2785,Male,Gen X,occasional,3,5,2025-09-26,2026-06-01
2786,Female,Millennial,regular,1,18,2025-07-03,2026-06-10
2787,Female,Millennial,one_and_done,1,1,2025-11-02,2025-11-02
2788,Male,Millennial,loyal,3,30,2025-07-04,2026-06-13
2789,Male,Gen X,one_and_done,2,1,2026-02-20,2026-02-20
2790,Female,Gen X,loyal,1,22,2025-07-05,2026-06-18
2791,Male,Millennial,occasional,4,7,2025-08-17,2026-06-16
2792,Male,Gen Z,occasional,5,5,2025-07-27,2025-12-31
2793,Male,Boomer,occasional,1,4,2025-07-26,2026-05-21
2794,Female,Gen Z,one_and_done,2,1,2026-06-10,2026-06-10
2795,Male,Millennial,one_and_done,2,1,2026-05-24,2026-05-24
2796,Male,Gen X,occasional,4,5,2026-01-05,2026-05-14
2797,Female,Millennial,one_and_done,1,1,2026-06-17,2026-06-17
2798,Female,Millennial,one_and_done,3,1,2026-05-04,2026-05-04
2799,Male,Millennial,one_and_done,1,1,2025-07-09,2025-07-09
2800,Male,Millennial,one_and_done,2,1,2025-10-02,2025-10-02
2801,Male,Gen X,one_and_done,1,1,2026-06-19,2026-06-19
2802,Male,Gen Z,one_and_done,5,1,2026-03-17,2026-03-17
2803,Female,Millennial,one_and_done,3,1,2025-10-08,2025-10-08
2804,Male,Millennial,one_and_done,1,1,2026-04-15,2026-04-15
2805,Male,Boomer,regular,2,12,2025-08-08,2026-06-11
2806,Male,Millennial,one_and_done,1,1,2025-12-31,2025-12-31
2807,Male,Millennial,occasional,6,7,2025-08-24,2026-06-03
2808,Male,Millennial,occasional,4,7,2025-10-19,2026-05-15
2809,Male,Gen X,occasional,1,5,2025-08-29,2026-04-13
2810,Male,Millennial,regular,1,21,2025-07-16,2026-06-18
2811,Male,Millennial,regular,6,21,2025-07-09,2026-06-01
2812,Male,Gen Z,one_and_done,1,1,2025-07-21,2025-07-21
2813,Male,Gen X,one_and_done,9,1,2025-11-29,2025-11-29
2814,Female,Gen X,occasional,1,5,2025-08-16,2026-01-01
2815,Male,Gen Z,one_and_done,3,1,2026-01-20,2026-01-20
2816,Male,Millennial,occasional,1,7,2025-07-07,2026-06-04
2817,Male,Millennial,one_and_done,1,1,2026-01-02,2026-01-02
2818,Male,Gen Z,occasional,4,5,2025-07-06,2026-05-08
2819,Male,Millennial,one_and_done,2,1,2026-04-19,2026-04-19
2820,Male,Gen Z,one_and_done,5,1,2025-12-29,2025-12-29
2821,Female,Gen X,regular,1,15,2025-09-20,2026-05-31
2822,Female,Millennial,one_and_done,7,1,2025-12-22,2025-12-22
2823,Male,Millennial,regular,2,21,2025-08-01,2026-06-03
2824,Male,Millennial,one_and_done,1,1,2026-04-13,2026-04-13
2825,Male,Millennial,one_and_done,6,1,2026-03-20,2026-03-20
2826,Female,Millennial,loyal,4,26,2025-07-13,2026-06-23
2827,Female,Gen X,occasional,8,5,2025-09-08,2026-06-02
2828,Male,Millennial,one_and_done,4,1,2025-12-14,2025-12-14
2829,Female,Millennial,occasional,1,6,2025-08-25,2026-06-18
2830,Male,Millennial,occasional,7,7,2025-09-21,2026-03-31
2831,Female,Millennial,loyal,2,26,2025-07-12,2026-06-07
2832,Female,Millennial,one_and_done,3,1,2025-09-03,2025-09-03
2833,Male,Millennial,loyal,1,30,2025-08-08,2026-06-08
2834,Female,Millennial,one_and_done,9,1,2025-11-26,2025-11-26
2835,Male,Gen X,regular,1,16,2025-07-26,2026-06-11
2836,Female,Millennial,loyal,1,26,2025-07-03,2026-06-16
2837,Male,Boomer,one_and_done,1,1,2026-03-04,2026-03-04
2838,Male,Gen Z,one_and_done,1,1,2025-07-04,2025-07-04
2839,Male,Gen Z,one_and_done,1,1,2025-08-01,2025-08-01
2840,Male,Boomer,occasional,3,4,2025-07-28,2026-05-13
2841,Male,Gen X,regular,1,16,2025-07-05,2026-06-19
2842,Male,Millennial,one_and_done,1,1,2025-10-03,2025-10-03
2843,Male,Gen X,regular,2,16,2025-08-12,2026-05-16
2844,Male,Gen X,one_and_done,7,1,2025-10-20,2025-10-20
2845,Male,Boomer,occasional,1,4,2025-07-22,2026-06-01
2846,Male,Millennial,regular,1,21,2025-07-05,2026-06-02
2847,Female,Boomer,occasional,8,3,2025-08-24,2026-01-12
2848,Male,Gen X,one_and_done,2,1,2025-07-14,2025-07-14
2849,Female,Millennial,regular,1,18,2025-08-30,2026-06-05
2850,Female,Millennial,occasional,4,6,2025-09-27,2026-05-13
2851,Male,Boomer,occasional,8,4,2025-09-20,2026-06-08
2852,Male,Millennial,one_and_done,4,1,2026-06-13,2026-06-13
2853,Male,Millennial,occasional,1,7,2025-07-23,2026-02-05
2854,Male,Millennial,regular,1,21,2025-07-16,2026-06-13
2855,Male,Millennial,one_and_done,7,1,2025-09-08,2025-09-08
2856,Male,Gen Z,regular,1,15,2025-08-29,2026-06-08
2857,Male,Gen Z,loyal,4,22,2025-07-17,2026-06-08
2858,Male,Gen X,regular,1,16,2025-07-06,2026-06-11
2859,Female,Gen X,regular,3,15,2025-07-12,2026-06-23
2860,Male,Millennial,loyal,2,30,2025-07-04,2026-06-20
2861,Male,Millennial,one_and_done,10,1,2025-08-24,2025-08-24
2862,Male,Millennial,one_and_done,1,1,2025-11-28,2025-11-28
2863,Male,Gen X,loyal,1,24,2025-07-14,2026-06-02
2864,Female,Gen X,one_and_done,6,1,2025-11-22,2025-11-22
2865,Male,Millennial,regular,2,21,2025-07-03,2026-05-08
2866,Male,Millennial,regular,1,21,2025-07-02,2026-06-20
2867,Female,Gen Z,regular,2,13,2025-09-26,2026-06-15
2868,Male,Gen Z,one_and_done,2,1,2026-02-28,2026-02-28
2869,Male,Millennial,occasional,1,7,2025-07-19,2026-03-29
2870,Female,Gen Z,one_and_done,3,1,2025-08-03,2025-08-03
2871,Female,Gen X,regular,6,15,2025-08-06,2026-06-12
2872,Male,Gen Z,one_and_done,1,1,2026-02-19,2026-02-19
2873,Female,Millennial,loyal,4,26,2025-08-20,2026-06-20
2874,Female,Millennial,regular,2,18,2025-07-16,2026-05-30
2875,Male,Millennial,regular,1,21,2025-07-07,2026-06-04
2876,Male,Millennial,one_and_done,7,1,2025-07-26,2025-07-26
2877,Female,Millennial,occasional,1,6,2025-07-01,2026-03-03
2878,Male,Millennial,regular,3,21,2025-07-16,2026-06-15
2879,Male,Boomer,regular,7,12,2025-07-02,2026-06-04
2880,Male,Millennial,loyal,6,30,2025-07-07,2026-06-16
2881,Male,Millennial,one_and_done,1,1,2025-08-18,2025-08-18
2882,Female,Gen X,one_and_done,1,1,2025-12-26,2025-12-26
2883,Female,Gen Z,one_and_done,3,1,2026-05-27,2026-05-27
2884,Male,Gen Z,occasional,8,5,2025-10-22,2026-06-04
2885,Male,Boomer,one_and_done,2,1,2026-01-03,2026-01-03
2886,Male,Gen Z,regular,5,15,2025-07-01,2026-06-20
2887,Female,Millennial,one_and_done,1,1,2026-03-17,2026-03-17
2888,Female,Gen X,loyal,1,22,2025-07-07,2026-05-20
2889,Male,Millennial,one_and_done,1,1,2025-09-19,2025-09-19
2890,Male,Millennial,occasional,2,7,2025-08-06,2026-06-04
2891,Male,Gen Z,one_and_done,1,1,2025-10-11,2025-10-11
2892,Male,Millennial,one_and_done,2,1,2026-05-29,2026-05-29
2893,Female,Boomer,one_and_done,1,1,2025-08-14,2025-08-14
2894,Male,Millennial,occasional,2,7,2025-08-25,2026-05-06
2895,Male,Millennial,occasional,5,7,2025-07-27,2026-02-19
2896,Male,Gen Z,loyal,3,22,2025-07-03,2026-05-29
2897,Male,Millennial,regular,4,21,2025-07-11,2026-06-05
2898,Male,Boomer,loyal,6,17,2025-07-17,2026-06-07
2899,Male,Millennial,occasional,4,7,2025-07-05,2026-06-03
2900,Male,Gen Z,one_and_done,1,1,2026-04-02,2026-04-02
2901,Male,Millennial,occasional,1,7,2025-07-09,2026-04-17
2902,Male,Boomer,regular,3,12,2025-08-21,2026-06-18
2903,Female,Gen X,occasional,5,5,2025-07-26,2026-05-08
2904,Male,Gen Z,occasional,2,5,2025-07-26,2026-04-24
2905,Male,Millennial,occasional,10,7,2025-07-26,2026-06-16
2906,Female,Gen X,regular,5,15,2025-07-21,2026-05-24
2907,Female,Boomer,one_and_done,5,1,2025-09-16,2025-09-16
2908,Male,Boomer,one_and_done,1,1,2026-04-25,2026-04-25
2909,Male,Millennial,occasional,2,7,2025-07-17,2026-04-07
2910,Male,Millennial,one_and_done,6,1,2025-07-24,2025-07-24
2911,Female,Millennial,loyal,7,26,2025-07-29,2026-06-05
2912,Male,Gen Z,one_and_done,2,1,2026-01-16,2026-01-16
2913,Male,Millennial,one_and_done,1,1,2025-08-22,2025-08-22
2914,Female,Millennial,one_and_done,6,1,2025-11-16,2025-11-16
2915,Male,Gen Z,occasional,1,5,2025-09-14,2026-05-04
2916,Male,Millennial,loyal,2,30,2025-07-23,2026-05-31
2917,Male,Gen X,occasional,5,5,2025-10-24,2026-06-09
2918,Male,Gen X,loyal,5,24,2025-07-27,2026-05-24
2919,Male,Gen Z,occasional,1,5,2025-10-21,2026-06-20
2920,Female,Millennial,one_and_done,1,1,2026-04-10,2026-04-10
2921,Male,Gen Z,loyal,1,22,2025-07-03,2026-06-08
2922,Female,Millennial,occasional,1,6,2025-08-05,2026-03-23
2923,Female,Gen X,one_and_done,1,1,2026-03-07,2026-03-07
2924,Male,Gen X,one_and_done,1,1,2026-02-16,2026-02-16
2925,Male,Gen X,regular,1,16,2025-07-07,2026-06-20
2926,Male,Gen X,occasional,1,5,2025-07-14,2025-11-23
2927,Male,Gen X,occasional,2,5,2025-09-08,2025-11-29
2928,Female,Gen Z,one_and_done,1,1,2025-10-08,2025-10-08
2929,Male,Millennial,one_and_done,1,1,2026-05-25,2026-05-25
2930,Male,Boomer,one_and_done,2,1,2025-11-14,2025-11-14
2931,Male,Millennial,regular,4,21,2025-07-05,2026-06-23
2932,Female,Boomer,regular,1,10,2025-07-27,2026-05-13
2933,Female,Millennial,occasional,1,6,2025-09-04,2026-05-06
2934,Male,Millennial,regular,2,21,2025-07-13,2026-06-21
2935,Male,Millennial,one_and_done,3,1,2025-09-16,2025-09-16
2936,Female,Millennial,regular,1,18,2025-07-01,2026-05-21
2937,Female,Gen Z,regular,7,13,2025-06-30,2026-05-28
2938,Male,Gen Z,regular,1,15,2025-08-15,2026-05-27
2939,Female,Gen Z,one_and_done,5,1,2025-10-20,2025-10-20
2940,Male,Boomer,regular,2,12,2025-07-20,2026-06-12
2941,Male,Gen Z,occasional,1,5,2025-07-18,2026-06-05
2942,Male,Millennial,loyal,7,30,2025-07-10,2026-06-17
2943,Male,Gen Z,one_and_done,2,1,2025-12-15,2025-12-15
2944,Male,Gen X,occasional,4,5,2025-11-07,2026-03-15
2945,Male,Gen Z,occasional,10,5,2025-09-24,2026-06-23
2946,Female,Boomer,regular,4,10,2025-07-27,2026-06-17
2947,Female,Millennial,regular,2,18,2025-07-06,2026-06-18
2948,Male,Gen X,one_and_done,4,1,2025-09-19,2025-09-19
2949,Female,Gen X,loyal,3,22,2025-07-02,2026-06-17
2950,Male,Gen Z,one_and_done,1,1,2025-08-09,2025-08-09
2951,Male,Gen Z,regular,1,15,2025-07-21,2026-06-11
2952,Male,Millennial,one_and_done,1,1,2025-08-09,2025-08-09
2953,Female,Millennial,occasional,1,6,2025-10-07,2026-05-24
2954,Male,Millennial,one_and_done,3,1,2026-03-22,2026-03-22
2955,Male,Millennial,occasional,5,7,2025-07-20,2026-05-09
2956,Female,Millennial,one_and_done,1,1,2025-09-21,2025-09-21
2957,Male,Millennial,occasional,1,7,2025-07-02,2026-06-19
2958,Male,Gen Z,one_and_done,6,1,2025-10-15,2025-10-15
2959,Female,Millennial,one_and_done,2,1,2025-08-20,2025-08-20
2960,Male,Gen Z,regular,1,15,2025-06-30,2026-05-10
2961,Male,Gen Z,one_and_done,4,1,2025-08-13,2025-08-13
2962,Male,Millennial,regular,3,21,2025-07-05,2026-06-07
2963,Male,Millennial,occasional,1,7,2025-10-18,2026-05-30
2964,Male,Boomer,one_and_done,3,1,2026-01-14,2026-01-14
2965,Male,Gen X,regular,4,16,2025-08-07,2026-06-03
2966,Male,Gen Z,occasional,3,5,2025-08-21,2026-02-25
2967,Male,Millennial,one_and_done,2,1,2025-11-20,2025-11-20
2968,Male,Gen X,one_and_done,1,1,2026-02-07,2026-02-07
2969,Female,Boomer,regular,1,10,2025-07-01,2026-06-10
2970,Female,Gen Z,one_and_done,1,1,2025-10-07,2025-10-07
2971,Female,Millennial,one_and_done,1,1,2025-09-18,2025-09-18
2972,Male,Millennial,one_and_done,4,1,2025-07-20,2025-07-20
2973,Female,Millennial,occasional,1,6,2025-09-01,2026-04-10
2974,Male,Boomer,one_and_done,2,1,2025-11-20,2025-11-20
2975,Male,Gen Z,regular,1,15,2025-07-03,2026-06-20
2976,Female,Millennial,one_and_done,1,1,2025-11-27,2025-11-27
2977,Female,Millennial,one_and_done,1,1,2025-07-29,2025-07-29
2978,Male,Millennial,loyal,10,30,2025-06-30,2026-06-23
2979,Male,Boomer,loyal,1,17,2025-07-06,2026-06-18
2980,Male,Gen X,occasional,1,5,2025-09-06,2026-05-01
2981,Male,Millennial,regular,4,21,2025-08-21,2026-06-05
2982,Male,Gen Z,one_and_done,1,1,2025-10-28,2025-10-28
2983,Male,Millennial,one_and_done,6,1,2026-06-03,2026-06-03
2984,Female,Gen X,occasional,6,5,2025-07-18,2026-04-02
2985,Female,Millennial,regular,3,18,2025-07-21,2026-06-11
2986,Male,Boomer,occasional,1,4,2025-07-03,2026-04-30
2987,Male,Millennial,one_and_done,4,1,2025-09-19,2025-09-19
2988,Male,Millennial,occasional,1,7,2025-07-05,2026-03-29
2989,Male,Millennial,one_and_done,5,1,2026-01-22,2026-01-22
2990,Male,Millennial,occasional,5,7,2025-07-27,2026-05-26
2991,Male,Millennial,regular,3,21,2025-07-19,2026-06-11
2992,Male,Boomer,occasional,4,4,2025-10-17,2026-04-23
2993,Male,Gen Z,regular,2,15,2025-07-13,2026-06-05
2994,Male,Millennial,occasional,8,7,2025-07-25,2026-05-20
2995,Male,Millennial,one_and_done,3,1,2026-03-25,2026-03-25
2996,Male,Boomer,one_and_done,1,1,2026-05-11,2026-05-11
2997,Male,Gen X,regular,1,16,2025-07-20,2026-06-17
2998,Male,Millennial,one_and_done,1,1,2026-05-15,2026-05-15
2999,Male,Millennial,occasional,1,7,2025-07-18,2026-04-12
3000,Male,Gen X,one_and_done,2,1,2025-09-24,2025-09-24
3001,Female,Millennial,regular,5,18,2025-07-26,2026-06-06
3002,Male,Gen X,regular,1,16,2025-09-22,2026-06-02
3003,Male,Gen X,one_and_done,6,1,2026-04-19,2026-04-19
3004,Male,Millennial,one_and_done,1,1,2025-10-15,2025-10-15
3005,Female,Millennial,one_and_done,1,1,2026-01-22,2026-01-22
3006,Male,Gen X,occasional,2,5,2026-01-06,2026-05-26
3007,Male,Millennial,one_and_done,1,1,2025-11-09,2025-11-09
3008,Male,Gen Z,one_and_done,1,1,2026-06-23,2026-06-23
3009,Female,Gen Z,loyal,1,19,2025-06-30,2026-06-20
3010,Male,Gen Z,regular,1,15,2025-07-02,2026-06-11
3011,Male,Millennial,regular,1,21,2025-06-30,2026-06-09
3012,Female,Gen X,regular,2,15,2025-07-23,2026-05-06
3013,Male,Millennial,regular,3,21,2025-07-15,2026-05-30
3014,Male,Gen Z,one_and_done,1,1,2025-10-28,2025-10-28
3015,Female,Gen Z,one_and_done,5,1,2026-01-12,2026-01-12
3016,Male,Millennial,one_and_done,5,1,2025-11-05,2025-11-05
3017,Female,Gen Z,occasional,1,4,2025-09-16,2026-06-04
3018,Female,Millennial,one_and_done,1,1,2026-01-05,2026-01-05
3019,Male,Millennial,one_and_done,1,1,2025-11-08,2025-11-08
3020,Male,Boomer,occasional,1,4,2025-07-08,2026-05-27
3021,Male,Millennial,one_and_done,1,1,2026-02-08,2026-02-08
3022,Male,Gen X,regular,2,16,2025-08-12,2026-05-01
3023,Female,Gen Z,one_and_done,1,1,2025-10-26,2025-10-26
3024,Female,Gen Z,regular,2,13,2025-08-09,2026-06-14
3025,Male,Gen Z,one_and_done,1,1,2026-01-20,2026-01-20
3026,Male,Millennial,one_and_done,4,1,2026-02-05,2026-02-05
3027,Male,Gen X,one_and_done,1,1,2025-09-26,2025-09-26
3028,Male,Millennial,regular,1,21,2025-08-30,2026-06-19
3029,Male,Gen Z,one_and_done,1,1,2026-05-26,2026-05-26
3030,Male,Gen X,regular,1,16,2025-07-31,2026-06-01
3031,Male,Millennial,occasional,3,7,2025-10-05,2026-06-23
3032,Male,Millennial,occasional,2,7,2025-09-12,2026-04-18
3033,Male,Millennial,occasional,1,7,2025-07-12,2026-01-04
3034,Male,Millennial,occasional,6,7,2025-09-27,2026-05-28
3035,Male,Gen X,one_and_done,3,1,2026-05-13,2026-05-13
3036,Male,Gen X,loyal,1,24,2025-06-30,2026-06-06
3037,Male,Gen Z,one_and_done,8,1,2026-01-26,2026-01-26
3038,Male,Millennial,one_and_done,1,1,2026-01-17,2026-01-17
3039,Female,Gen Z,regular,1,13,2025-07-02,2026-05-23
3040,Female,Millennial,regular,1,18,2025-07-04,2026-06-17
3041,Male,Millennial,regular,6,21,2025-08-03,2026-05-22
3042,Male,Gen X,one_and_done,1,1,2026-05-29,2026-05-29
3043,Female,Millennial,one_and_done,1,1,2025-07-18,2025-07-18
3044,Male,Gen Z,loyal,1,22,2025-07-25,2026-05-13
3045,Female,Millennial,one_and_done,7,1,2025-12-22,2025-12-22
3046,Male,Gen Z,one_and_done,1,1,2026-02-19,2026-02-19
3047,Female,Gen X,occasional,1,5,2025-07-27,2026-06-06
3048,Female,Gen Z,occasional,5,4,2025-07-28,2026-04-10
3049,Female,Millennial,loyal,3,26,2025-07-06,2026-06-17
3050,Male,Millennial,one_and_done,1,1,2026-04-03,2026-04-03
3051,Male,Gen Z,occasional,1,5,2025-07-27,2026-04-28
3052,Female,Gen Z,one_and_done,2,1,2025-10-28,2025-10-28
3053,Female,Millennial,occasional,6,6,2025-07-14,2026-03-10
3054,Female,Millennial,one_and_done,2,1,2026-03-13,2026-03-13
3055,Male,Millennial,regular,2,21,2025-07-11,2026-06-02
3056,Female,Millennial,loyal,6,26,2025-07-18,2026-06-18
3057,Male,Boomer,one_and_done,1,1,2025-08-29,2025-08-29
3058,Female,Boomer,one_and_done,1,1,2026-04-18,2026-04-18
3059,Male,Gen X,occasional,2,5,2025-12-26,2026-05-29
3060,Female,Gen Z,regular,2,13,2025-07-11,2026-04-28
3061,Male,Gen X,one_and_done,1,1,2025-09-07,2025-09-07
3062,Male,Millennial,one_and_done,1,1,2025-12-25,2025-12-25
3063,Female,Gen Z,one_and_done,1,1,2026-03-13,2026-03-13
3064,Female,Millennial,one_and_done,1,1,2026-03-01,2026-03-01
3065,Male,Millennial,regular,1,21,2025-07-15,2026-05-22
3066,Male,Boomer,occasional,1,4,2025-08-07,2026-01-03
3067,Male,Millennial,occasional,2,7,2025-07-16,2026-04-30
3068,Female,Gen Z,loyal,3,19,2025-07-16,2026-05-27
3069,Female,Gen Z,occasional,1,4,2025-07-25,2026-06-13
3070,Male,Gen Z,one_and_done,1,1,2026-03-08,2026-03-08
3071,Male,Millennial,regular,1,21,2025-08-04,2026-06-09
3072,Male,Gen X,occasional,1,5,2025-07-28,2026-05-24
3073,Female,Millennial,regular,2,18,2025-07-12,2026-05-26
3074,Female,Boomer,one_and_done,2,1,2026-05-25,2026-05-25
3075,Female,Gen Z,one_and_done,1,1,2025-12-19,2025-12-19
3076,Male,Millennial,one_and_done,1,1,2026-01-24,2026-01-24
3077,Female,Millennial,one_and_done,1,1,2025-11-03,2025-11-03
3078,Male,Millennial,occasional,1,7,2025-07-04,2026-01-27
3079,Male,Gen Z,regular,1,15,2025-07-01,2026-06-20
3080,Male,Boomer,occasional,2,4,2025-10-27,2026-06-06
3081,Male,Gen X,occasional,1,5,2025-07-25,2026-01-23
3082,Male,Gen Z,regular,4,15,2025-07-20,2026-05-30
3083,Female,Millennial,one_and_done,1,1,2025-11-21,2025-11-21
3084,Male,Millennial,occasional,2,7,2025-09-02,2026-06-13
3085,Male,Millennial,one_and_done,2,1,2025-10-02,2025-10-02
3086,Male,Millennial,occasional,1,7,2025-07-08,2026-02-18
3087,Female,Millennial,loyal,3,26,2025-07-04,2026-05-16
3088,Male,Millennial,occasional,5,7,2025-10-07,2026-05-07
3089,Male,Gen Z,loyal,7,22,2025-07-14,2026-06-15
3090,Female,Millennial,regular,2,18,2025-08-16,2026-06-23
3091,Female,Gen Z,one_and_done,3,1,2026-04-24,2026-04-24
3092,Male,Millennial,occasional,2,7,2025-07-05,2026-06-19
3093,Male,Gen X,occasional,2,5,2025-09-12,2026-03-15
3094,Female,Gen Z,loyal,6,19,2025-09-13,2026-06-18
3095,Male,Gen X,occasional,1,5,2025-08-15,2025-12-23
3096,Male,Gen X,one_and_done,4,1,2026-05-18,2026-05-18
3097,Male,Millennial,one_and_done,1,1,2025-11-09,2025-11-09
3098,Female,Boomer,loyal,6,15,2025-07-14,2026-06-21
3099,Female,Gen Z,occasional,1,4,2025-08-20,2026-03-08
3100,Female,Gen Z,loyal,3,19,2025-07-03,2026-05-30
3101,Male,Millennial,one_and_done,1,1,2025-10-20,2025-10-20
3102,Female,Millennial,regular,1,18,2025-07-20,2026-06-14
3103,Female,Gen Z,one_and_done,2,1,2025-08-21,2025-08-21
3104,Male,Millennial,occasional,5,7,2025-07-31,2026-04-12
3105,Female,Boomer,one_and_done,1,1,2025-12-10,2025-12-10
3106,Male,Gen X,one_and_done,1,1,2025-10-16,2025-10-16
3107,Female,Millennial,regular,1,18,2025-09-25,2026-06-15
3108,Male,Millennial,occasional,2,7,2025-07-18,2026-06-20
3109,Female,Millennial,occasional,6,6,2025-08-27,2026-06-07
3110,Female,Gen X,one_and_done,1,1,2026-06-17,2026-06-17
3111,Male,Millennial,one_and_done,1,1,2025-07-18,2025-07-18
3112,Male,Gen X,one_and_done,1,1,2026-04-24,2026-04-24
3113,Male,Gen Z,one_and_done,3,1,2026-06-05,2026-06-05
3114,Male,Gen Z,regular,4,15,2025-07-14,2026-05-27
3115,Male,Gen X,one_and_done,1,1,2025-09-14,2025-09-14
3116,Male,Millennial,one_and_done,1,1,2026-02-20,2026-02-20
3117,Male,Gen Z,one_and_done,1,1,2026-06-03,2026-06-03
3118,Male,Millennial,one_and_done,1,1,2026-01-22,2026-01-22
3119,Male,Millennial,one_and_done,1,1,2025-09-26,2025-09-26
3120,Male,Millennial,loyal,3,30,2025-07-08,2026-06-19
3121,Male,Millennial,one_and_done,2,1,2025-12-12,2025-12-12
3122,Male,Gen Z,one_and_done,5,1,2025-12-31,2025-12-31
3123,Male,Gen Z,regular,2,15,2025-07-30,2026-06-13
3124,Male,Gen X,one_and_done,1,1,2026-04-14,2026-04-14
3125,Male,Gen Z,occasional,1,5,2025-08-23,2026-05-27
3126,Male,Millennial,one_and_done,2,1,2026-06-04,2026-06-04
3127,Female,Gen Z,occasional,7,4,2025-10-30,2026-05-29
3128,Male,Millennial,one_and_done,3,1,2026-01-27,2026-01-27
3129,Male,Gen Z,occasional,1,5,2025-07-12,2026-06-08
3130,Male,Gen X,occasional,5,5,2025-07-03,2026-04-02
3131,Male,Millennial,loyal,3,30,2025-06-30,2026-06-21
3132,Male,Millennial,regular,5,21,2025-07-18,2026-06-11
3133,Female,Gen X,occasional,2,5,2025-12-20,2026-06-11
3134,Male,Gen X,regular,1,16,2025-07-31,2026-06-05
3135,Male,Millennial,regular,1,21,2025-08-07,2026-06-10
3136,Female,Millennial,one_and_done,1,1,2026-01-14,2026-01-14
3137,Male,Gen Z,one_and_done,1,1,2026-02-14,2026-02-14
3138,Male,Millennial,one_and_done,7,1,2026-05-15,2026-05-15
3139,Male,Gen Z,regular,1,15,2025-06-30,2026-05-14
3140,Male,Gen Z,regular,6,15,2025-09-27,2026-06-17
3141,Male,Gen Z,regular,1,15,2025-07-06,2026-04-15
3142,Male,Millennial,one_and_done,8,1,2025-08-12,2025-08-12
3143,Male,Millennial,one_and_done,2,1,2025-10-15,2025-10-15
3144,Male,Gen X,regular,1,16,2025-08-02,2026-04-21
3145,Male,Gen X,one_and_done,1,1,2026-06-05,2026-06-05
3146,Female,Millennial,occasional,2,6,2025-07-01,2026-05-23
3147,Female,Millennial,regular,4,18,2025-08-02,2026-06-23
3148,Female,Gen X,one_and_done,1,1,2026-01-18,2026-01-18
3149,Male,Gen X,occasional,2,5,2025-10-07,2026-02-08
3150,Male,Gen Z,one_and_done,1,1,2026-06-03,2026-06-03
3151,Female,Gen X,occasional,4,5,2025-12-10,2026-06-04
3152,Male,Gen X,one_and_done,3,1,2026-03-15,2026-03-15
3153,Male,Gen Z,occasional,1,5,2025-08-31,2026-06-06
3154,Female,Gen X,occasional,1,5,2025-07-09,2026-02-18
3155,Male,Gen Z,one_and_done,1,1,2026-01-01,2026-01-01
3156,Male,Gen Z,regular,4,15,2025-07-03,2026-06-19
3157,Female,Millennial,occasional,1,6,2025-08-29,2026-04-03
3158,Male,Millennial,loyal,1,30,2025-07-02,2026-06-12
3159,Male,Millennial,one_and_done,1,1,2025-08-09,2025-08-09
3160,Female,Boomer,occasional,1,3,2025-11-11,2026-06-01
3161,Male,Millennial,occasional,4,7,2025-08-17,2026-05-30
3162,Male,Millennial,loyal,8,30,2025-06-30,2026-06-10
3163,Female,Gen X,occasional,4,5,2025-10-16,2026-04-17
3164,Male,Gen Z,one_and_done,1,1,2025-08-20,2025-08-20
3165,Male,Millennial,regular,5,21,2025-06-30,2026-05-30
3166,Female,Gen Z,occasional,6,4,2025-07-10,2026-04-09
3167,Male,Millennial,one_and_done,3,1,2025-08-23,2025-08-23
3168,Male,Millennial,one_and_done,2,1,2025-12-20,2025-12-20
3169,Female,Gen Z,loyal,6,19,2025-07-04,2026-05-21
3170,Male,Millennial,one_and_done,5,1,2026-06-19,2026-06-19
3171,Male,Millennial,one_and_done,4,1,2026-03-18,2026-03-18
3172,Male,Millennial,regular,2,21,2025-07-05,2026-05-26
3173,Male,Millennial,occasional,6,7,2025-07-11,2026-06-11
3174,Male,Gen X,occasional,4,5,2025-08-02,2025-12-12
3175,Male,Millennial,loyal,1,30,2025-07-04,2026-06-22
3176,Male,Millennial,occasional,1,7,2025-08-10,2026-06-15
3177,Female,Gen Z,one_and_done,1,1,2026-06-03,2026-06-03
3178,Female,Boomer,one_and_done,2,1,2026-01-14,2026-01-14
3179,Male,Gen Z,one_and_done,3,1,2025-12-30,2025-12-30
3180,Female,Gen Z,one_and_done,1,1,2026-02-16,2026-02-16
3181,Male,Millennial,one_and_done,5,1,2025-07-30,2025-07-30
3182,Female,Millennial,one_and_done,1,1,2025-12-20,2025-12-20
3183,Male,Millennial,occasional,1,7,2025-07-04,2026-05-24
3184,Male,Millennial,one_and_done,1,1,2026-01-10,2026-01-10
3185,Male,Millennial,one_and_done,1,1,2026-06-15,2026-06-15
3186,Female,Gen Z,one_and_done,2,1,2025-10-07,2025-10-07
3187,Male,Gen Z,one_and_done,6,1,2025-08-30,2025-08-30
3188,Male,Millennial,regular,3,21,2025-06-30,2026-06-14
3189,Male,Millennial,occasional,1,7,2025-07-16,2026-05-29
3190,Male,Millennial,loyal,2,30,2025-07-04,2026-06-13
3191,Male,Gen Z,loyal,1,22,2025-07-26,2026-06-13
3192,Male,Gen X,occasional,4,5,2025-10-04,2026-04-01
3193,Female,Gen Z,occasional,7,4,2025-07-26,2026-05-04
3194,Male,Millennial,regular,2,21,2025-07-02,2026-06-08
3195,Male,Millennial,one_and_done,8,1,2026-01-01,2026-01-01
3196,Male,Millennial,one_and_done,1,1,2025-10-21,2025-10-21
3197,Male,Gen Z,one_and_done,1,1,2026-03-08,2026-03-08
3198,Male,Gen Z,occasional,1,5,2025-07-31,2025-12-25
3199,Male,Millennial,regular,2,21,2025-07-02,2026-06-22
3200,Female,Millennial,one_and_done,1,1,2026-05-20,2026-05-20
3201,Male,Gen Z,regular,1,15,2025-07-11,2026-06-05
3202,Male,Boomer,loyal,1,17,2025-07-13,2026-05-28
3203,Female,Boomer,occasional,1,3,2026-01-17,2026-05-23
3204,Male,Gen X,regular,1,16,2025-07-01,2026-06-23
3205,Male,Gen Z,one_and_done,1,1,2026-05-06,2026-05-06
3206,Male,Millennial,one_and_done,1,1,2025-10-08,2025-10-08
3207,Female,Millennial,occasional,1,6,2025-11-15,2026-04-26
3208,Male,Millennial,regular,2,21,2025-07-25,2026-06-01
3209,Male,Millennial,one_and_done,2,1,2025-12-26,2025-12-26
3210,Male,Gen X,regular,1,16,2025-07-12,2026-06-06
3211,Male,Millennial,occasional,1,7,2025-07-24,2026-06-08
3212,Male,Gen X,one_and_done,5,1,2025-09-26,2025-09-26
3213,Female,Millennial,occasional,1,6,2025-11-19,2026-06-09
3214,Male,Boomer,one_and_done,1,1,2025-11-02,2025-11-02
3215,Female,Gen Z,one_and_done,4,1,2026-01-02,2026-01-02
3216,Male,Millennial,one_and_done,8,1,2026-01-13,2026-01-13
3217,Female,Millennial,occasional,6,6,2025-07-08,2026-06-05
3218,Male,Gen X,one_and_done,4,1,2026-06-04,2026-06-04
3219,Male,Millennial,occasional,1,7,2025-07-11,2026-05-09
3220,Male,Gen Z,occasional,1,5,2025-10-11,2026-06-22
3221,Female,Millennial,one_and_done,1,1,2026-03-05,2026-03-05
3222,Female,Millennial,occasional,1,6,2025-07-07,2026-06-15
3223,Male,Gen X,one_and_done,1,1,2025-09-04,2025-09-04
3224,Male,Millennial,one_and_done,1,1,2026-02-13,2026-02-13
3225,Male,Millennial,occasional,1,7,2025-07-17,2026-02-23
3226,Male,Millennial,regular,1,21,2025-08-13,2026-06-16
3227,Male,Millennial,occasional,1,7,2025-08-17,2026-03-13
3228,Male,Millennial,one_and_done,1,1,2025-10-02,2025-10-02
3229,Male,Gen Z,one_and_done,2,1,2026-02-23,2026-02-23
3230,Male,Gen Z,occasional,1,5,2025-07-23,2026-04-07
3231,Male,Gen X,occasional,2,5,2025-08-19,2026-05-09
3232,Male,Millennial,one_and_done,1,1,2026-05-03,2026-05-03
3233,Male,Millennial,one_and_done,1,1,2025-12-18,2025-12-18
3234,Male,Millennial,one_and_done,1,1,2026-04-22,2026-04-22
3235,Female,Millennial,one_and_done,3,1,2025-09-11,2025-09-11
3236,Female,Gen X,one_and_done,1,1,2025-08-19,2025-08-19
3237,Female,Gen X,loyal,1,22,2025-07-19,2026-05-03
3238,Male,Gen Z,one_and_done,1,1,2026-02-07,2026-02-07
3239,Male,Millennial,regular,6,21,2025-07-05,2026-05-24
3240,Male,Gen Z,occasional,1,5,2025-07-12,2026-05-01
3241,Female,Gen Z,one_and_done,5,1,2026-06-10,2026-06-10
3242,Female,Gen Z,regular,3,13,2025-07-19,2026-04-14
3243,Male,Millennial,regular,8,21,2025-07-30,2026-05-24
3244,Female,Gen X,one_and_done,1,1,2025-11-26,2025-11-26
3245,Male,Millennial,one_and_done,1,1,2026-04-22,2026-04-22
3246,Male,Boomer,one_and_done,1,1,2025-08-19,2025-08-19
3247,Female,Gen X,occasional,1,5,2025-07-03,2026-05-12
3248,Male,Millennial,one_and_done,1,1,2025-09-15,2025-09-15
3249,Male,Gen Z,regular,2,15,2025-06-30,2026-05-26
3250,Male,Gen Z,occasional,4,5,2026-01-13,2026-04-25
3251,Male,Millennial,one_and_done,5,1,2025-09-28,2025-09-28
3252,Male,Millennial,regular,6,21,2025-07-19,2026-06-18
3253,Male,Millennial,one_and_done,1,1,2026-03-04,2026-03-04
3254,Female,Gen X,one_and_done,5,1,2026-01-24,2026-01-24
3255,Male,Millennial,occasional,1,7,2025-07-25,2026-03-31
3256,Male,Millennial,occasional,7,7,2025-10-02,2026-06-21
3257,Male,Millennial,one_and_done,6,1,2026-06-19,2026-06-19
3258,Male,Millennial,one_and_done,1,1,2026-03-23,2026-03-23
3259,Male,Millennial,regular,1,21,2025-07-03,2026-05-29
3260,Male,Millennial,one_and_done,1,1,2026-02-22,2026-02-22
3261,Female,Millennial,one_and_done,1,1,2025-09-07,2025-09-07
3262,Female,Boomer,occasional,1,3,2025-12-03,2026-06-12
3263,Male,Gen X,regular,2,16,2025-07-03,2026-05-16
3264,Male,Millennial,one_and_done,1,1,2025-09-05,2025-09-05
3265,Male,Millennial,loyal,1,30,2025-06-30,2026-06-19
3266,Male,Gen Z,occasional,2,5,2025-08-17,2026-04-17
3267,Male,Millennial,regular,5,21,2025-07-14,2026-05-23
3268,Male,Boomer,occasional,4,4,2025-11-13,2026-04-30
3269,Male,Millennial,occasional,3,7,2025-08-19,2026-05-29
3270,Female,Millennial,one_and_done,10,1,2026-04-02,2026-04-02
3271,Female,Millennial,occasional,7,6,2025-07-10,2026-06-23
3272,Male,Gen Z,one_and_done,6,1,2025-11-30,2025-11-30
3273,Male,Gen Z,regular,7,15,2025-07-02,2026-05-06
3274,Male,Gen Z,regular,1,15,2025-07-08,2026-03-14
3275,Female,Millennial,one_and_done,1,1,2025-09-26,2025-09-26
3276,Male,Millennial,occasional,3,7,2025-10-19,2026-03-17
3277,Male,Millennial,regular,9,21,2025-07-08,2026-06-06
3278,Female,Millennial,one_and_done,4,1,2026-03-15,2026-03-15
3279,Female,Boomer,one_and_done,6,1,2025-07-03,2025-07-03
3280,Female,Gen Z,one_and_done,1,1,2026-02-10,2026-02-10
3281,Male,Gen Z,occasional,3,5,2025-07-25,2026-05-15
3282,Female,Millennial,one_and_done,7,1,2026-04-11,2026-04-11
3283,Female,Gen X,one_and_done,1,1,2026-01-11,2026-01-11
3284,Male,Millennial,one_and_done,1,1,2026-05-12,2026-05-12
3285,Female,Gen Z,one_and_done,1,1,2025-09-01,2025-09-01
3286,Male,Millennial,one_and_done,4,1,2026-01-17,2026-01-17
3287,Male,Millennial,regular,2,21,2025-07-22,2026-06-02
3288,Male,Gen Z,occasional,1,5,2025-11-01,2026-02-25
3289,Male,Gen X,one_and_done,1,1,2026-04-16,2026-04-16
3290,Male,Millennial,occasional,4,7,2025-10-18,2026-03-23
3291,Male,Millennial,occasional,1,7,2025-08-19,2026-06-21
3292,Male,Gen X,one_and_done,1,1,2025-09-25,2025-09-25
3293,Male,Millennial,occasional,1,7,2025-07-17,2026-03-21
3294,Female,Gen Z,occasional,1,4,2025-07-17,2026-04-07
3295,Male,Boomer,one_and_done,1,1,2026-04-10,2026-04-10
3296,Male,Gen Z,one_and_done,1,1,2025-06-30,2025-06-30
3297,Female,Gen X,occasional,1,5,2025-07-19,2026-06-11
3298,Female,Millennial,regular,4,18,2025-07-13,2026-06-23
3299,Female,Millennial,loyal,2,26,2025-08-14,2026-06-12
3300,Male,Millennial,occasional,1,7,2026-01-06,2026-06-21
3301,Male,Boomer,one_and_done,1,1,2026-02-03,2026-02-03
3302,Male,Boomer,occasional,1,4,2025-10-20,2026-05-28
3303,Male,Millennial,occasional,1,7,2025-07-30,2026-06-13
3304,Female,Gen X,regular,1,15,2025-07-05,2026-06-17
3305,Male,Millennial,one_and_done,6,1,2025-11-20,2025-11-20
3306,Female,Gen Z,loyal,3,19,2025-07-12,2026-06-13
3307,Male,Millennial,one_and_done,4,1,2025-09-03,2025-09-03
3308,Male,Millennial,one_and_done,1,1,2026-04-24,2026-04-24
3309,Male,Gen Z,regular,1,15,2025-07-09,2026-05-22
3310,Male,Boomer,loyal,1,17,2025-07-31,2026-05-22
3311,Female,Gen X,regular,3,15,2025-07-03,2026-05-10
3312,Male,Gen Z,one_and_done,1,1,2026-03-29,2026-03-29
3313,Male,Millennial,one_and_done,2,1,2026-03-26,2026-03-26
3314,Male,Gen Z,one_and_done,9,1,2025-11-30,2025-11-30
3315,Female,Millennial,occasional,3,6,2025-07-10,2026-06-13
3316,Male,Millennial,one_and_done,1,1,2025-07-18,2025-07-18
3317,Female,Gen Z,regular,1,13,2025-07-02,2026-05-15
3318,Male,Millennial,loyal,1,30,2025-07-27,2026-06-22
3319,Male,Millennial,regular,10,21,2025-07-07,2026-06-02
3320,Female,Millennial,one_and_done,1,1,2025-08-27,2025-08-27
3321,Female,Boomer,occasional,4,3,2025-08-18,2026-05-13
3322,Male,Millennial,one_and_done,1,1,2025-11-01,2025-11-01
3323,Male,Millennial,one_and_done,1,1,2025-12-10,2025-12-10
3324,Male,Millennial,occasional,1,7,2025-07-10,2026-02-11
3325,Female,Gen X,regular,1,15,2025-07-04,2026-06-23
3326,Male,Gen X,one_and_done,1,1,2025-09-25,2025-09-25
3327,Male,Millennial,one_and_done,2,1,2026-04-25,2026-04-25
3328,Male,Gen Z,loyal,7,22,2025-07-02,2026-06-08
3329,Female,Gen Z,regular,3,13,2025-07-04,2026-06-22
3330,Female,Millennial,one_and_done,4,1,2025-08-23,2025-08-23
3331,Female,Gen X,one_and_done,1,1,2026-02-07,2026-02-07
3332,Male,Gen Z,one_and_done,1,1,2025-08-22,2025-08-22
3333,Male,Gen X,occasional,9,5,2025-07-26,2026-01-18
3334,Male,Millennial,loyal,2,30,2025-07-18,2026-05-22
3335,Female,Millennial,one_and_done,8,1,2026-03-26,2026-03-26
3336,Male,Millennial,occasional,2,7,2025-07-07,2026-01-26
3337,Female,Gen X,one_and_done,1,1,2025-07-28,2025-07-28
3338,Female,Boomer,one_and_done,5,1,2025-10-17,2025-10-17
3339,Male,Gen X,loyal,2,24,2025-07-08,2026-06-23
3340,Female,Gen Z,one_and_done,1,1,2025-12-19,2025-12-19
3341,Male,Boomer,occasional,1,4,2025-08-08,2026-05-13
3342,Female,Boomer,occasional,1,3,2025-10-24,2026-05-14
3343,Male,Millennial,occasional,2,7,2025-07-07,2026-06-02
3344,Male,Millennial,occasional,1,7,2025-07-21,2026-02-03
3345,Male,Gen X,loyal,2,24,2025-07-25,2026-06-21
3346,Female,Millennial,one_and_done,1,1,2025-07-12,2025-07-12
3347,Female,Gen Z,one_and_done,1,1,2025-08-06,2025-08-06
3348,Male,Millennial,one_and_done,3,1,2025-09-03,2025-09-03
3349,Female,Boomer,one_and_done,6,1,2026-04-30,2026-04-30
3350,Female,Millennial,loyal,8,26,2025-07-03,2026-06-22
3351,Male,Gen Z,one_and_done,1,1,2026-02-06,2026-02-06
3352,Male,Millennial,one_and_done,1,1,2025-12-26,2025-12-26
3353,Male,Gen X,regular,3,16,2025-07-15,2026-06-03
3354,Female,Gen Z,occasional,1,4,2025-08-08,2026-06-18
3355,Male,Millennial,regular,1,21,2025-07-12,2026-05-19
3356,Male,Gen X,one_and_done,1,1,2025-12-10,2025-12-10
3357,Male,Gen Z,one_and_done,4,1,2025-10-11,2025-10-11
3358,Female,Millennial,loyal,1,26,2025-07-01,2026-06-19
3359,Female,Gen Z,one_and_done,1,1,2025-12-13,2025-12-13
3360,Male,Boomer,one_and_done,1,1,2026-06-01,2026-06-01
3361,Male,Millennial,one_and_done,1,1,2025-09-18,2025-09-18
3362,Male,Gen X,one_and_done,3,1,2026-03-07,2026-03-07
3363,Female,Millennial,occasional,4,6,2025-09-11,2026-01-21
3364,Male,Gen X,one_and_done,5,1,2025-12-09,2025-12-09
3365,Male,Millennial,occasional,3,7,2025-07-23,2026-04-18
3366,Male,Boomer,loyal,5,17,2025-08-01,2026-05-19
3367,Male,Gen X,regular,2,16,2025-07-13,2026-06-04
3368,Male,Gen X,occasional,1,5,2025-09-26,2026-04-19
3369,Male,Gen Z,occasional,1,5,2025-07-25,2026-03-20
3370,Male,Gen Z,one_and_done,1,1,2025-07-20,2025-07-20
3371,Male,Millennial,regular,1,21,2025-07-07,2026-05-26
3372,Male,Millennial,regular,1,21,2025-08-14,2026-06-02
3373,Female,Millennial,one_and_done,1,1,2025-11-27,2025-11-27
3374,Female,Millennial,occasional,2,6,2025-07-21,2026-04-13
3375,Female,Millennial,regular,4,18,2025-08-04,2026-06-19
3376,Male,Gen X,occasional,1,5,2025-07-07,2026-03-21
3377,Male,Gen Z,occasional,1,5,2025-08-01,2026-04-15
3378,Male,Millennial,regular,1,21,2025-07-01,2026-06-08
3379,Male,Gen Z,one_and_done,1,1,2025-12-26,2025-12-26
3380,Male,Gen Z,one_and_done,1,1,2025-09-29,2025-09-29
3381,Male,Millennial,one_and_done,1,1,2026-05-31,2026-05-31
3382,Male,Gen Z,occasional,3,5,2025-08-17,2026-02-20
3383,Female,Gen Z,occasional,1,4,2025-10-01,2026-03-21
3384,Male,Gen X,regular,1,16,2025-07-07,2026-06-13
3385,Female,Millennial,occasional,6,6,2025-09-28,2026-06-23
3386,Male,Millennial,occasional,2,7,2025-07-18,2026-04-24
3387,Male,Gen Z,one_and_done,6,1,2025-08-17,2025-08-17
3388,Male,Millennial,one_and_done,9,1,2026-02-23,2026-02-23
3389,Male,Millennial,loyal,1,30,2025-07-09,2026-06-23
3390,Female,Gen Z,regular,7,13,2025-08-17,2026-06-17
3391,Female,Millennial,one_and_done,7,1,2026-05-19,2026-05-19
3392,Male,Gen Z,occasional,1,5,2026-03-11,2026-06-15
3393,Male,Gen X,one_and_done,1,1,2025-07-23,2025-07-23
3394,Male,Millennial,regular,2,21,2025-07-03,2026-06-12
3395,Male,Millennial,one_and_done,1,1,2026-02-11,2026-02-11
3396,Male,Gen Z,loyal,1,22,2025-07-22,2026-05-31
3397,Male,Gen Z,regular,9,15,2025-07-10,2026-06-20
3398,Female,Gen Z,occasional,4,4,2025-10-18,2026-04-08
3399,Male,Gen Z,one_and_done,1,1,2026-03-28,2026-03-28
3400,Female,Millennial,one_and_done,1,1,2025-07-10,2025-07-10
3401,Male,Millennial,occasional,2,7,2025-07-21,2026-04-16
3402,Male,Millennial,regular,4,21,2025-06-30,2026-06-17
3403,Male,Millennial,regular,1,21,2025-07-19,2026-06-21
3404,Female,Gen Z,one_and_done,6,1,2026-03-17,2026-03-17
3405,Male,Millennial,one_and_done,2,1,2025-09-03,2025-09-03
3406,Male,Millennial,one_and_done,1,1,2025-07-05,2025-07-05
3407,Female,Millennial,one_and_done,3,1,2025-07-14,2025-07-14
3408,Male,Gen Z,one_and_done,5,1,2025-07-03,2025-07-03
3409,Male,Boomer,loyal,7,17,2025-07-04,2026-04-18
3410,Male,Gen Z,loyal,1,22,2025-07-13,2026-06-14
3411,Male,Millennial,occasional,2,7,2025-07-02,2026-05-23
3412,Female,Millennial,one_and_done,1,1,2025-11-01,2025-11-01
3413,Male,Gen Z,occasional,1,5,2025-08-26,2026-06-01
3414,Female,Millennial,one_and_done,2,1,2026-01-20,2026-01-20
3415,Female,Millennial,one_and_done,2,1,2025-07-25,2025-07-25
3416,Male,Boomer,one_and_done,4,1,2026-02-20,2026-02-20
3417,Female,Gen Z,one_and_done,3,1,2025-12-10,2025-12-10
3418,Male,Gen X,one_and_done,4,1,2026-05-23,2026-05-23
3419,Male,Boomer,occasional,1,4,2025-09-26,2026-05-09
3420,Male,Gen Z,one_and_done,1,1,2026-05-12,2026-05-12
3421,Male,Millennial,occasional,1,7,2025-08-15,2026-06-19
3422,Male,Millennial,one_and_done,1,1,2025-11-05,2025-11-05
3423,Female,Millennial,occasional,2,6,2025-07-19,2026-04-24
3424,Male,Gen Z,one_and_done,2,1,2026-02-02,2026-02-02
3425,Female,Millennial,one_and_done,2,1,2026-06-04,2026-06-04
3426,Female,Gen X,loyal,1,22,2025-07-02,2026-06-19
3427,Male,Millennial,loyal,4,30,2025-07-14,2026-06-21
3428,Male,Gen Z,one_and_done,3,1,2026-02-01,2026-02-01
3429,Female,Millennial,one_and_done,1,1,2026-06-07,2026-06-07
3430,Male,Gen Z,regular,2,15,2025-07-13,2026-06-12
3431,Male,Millennial,one_and_done,5,1,2026-03-27,2026-03-27
3432,Male,Millennial,occasional,1,7,2025-07-24,2025-12-19
3433,Male,Gen X,regular,1,16,2025-07-25,2026-06-21
3434,Male,Boomer,one_and_done,1,1,2025-12-09,2025-12-09
3435,Female,Millennial,occasional,1,6,2025-07-02,2026-05-18
3436,Female,Gen Z,one_and_done,1,1,2026-02-10,2026-02-10
3437,Female,Gen X,one_and_done,2,1,2025-10-16,2025-10-16
3438,Male,Millennial,occasional,1,7,2025-07-11,2026-04-12
3439,Male,Gen Z,occasional,2,5,2025-07-12,2026-06-18
3440,Female,Millennial,loyal,1,26,2025-07-24,2026-06-17
3441,Female,Boomer,one_and_done,1,1,2026-01-25,2026-01-25
3442,Female,Millennial,loyal,1,26,2025-07-10,2026-06-12
3443,Female,Millennial,occasional,2,6,2025-07-05,2026-03-18
3444,Male,Boomer,occasional,3,4,2025-07-26,2026-01-06
3445,Male,Gen Z,loyal,6,22,2025-07-04,2026-06-23
3446,Male,Millennial,occasional,5,7,2025-07-14,2026-06-15
3447,Male,Millennial,one_and_done,1,1,2025-08-02,2025-08-02
3448,Male,Millennial,one_and_done,10,1,2025-10-08,2025-10-08
3449,Female,Gen Z,occasional,3,4,2025-11-19,2026-06-01
3450,Male,Millennial,regular,1,21,2025-07-18,2026-06-08
3451,Male,Gen X,occasional,1,5,2025-07-01,2026-06-05
3452,Male,Boomer,regular,1,12,2025-07-07,2026-06-05
3453,Female,Millennial,regular,8,18,2025-07-03,2026-06-06
3454,Male,Millennial,loyal,1,30,2025-07-29,2026-06-10
3455,Male,Millennial,one_and_done,1,1,2025-10-31,2025-10-31
3456,Female,Millennial,regular,1,18,2025-07-04,2026-05-28
3457,Male,Gen Z,one_and_done,1,1,2026-02-28,2026-02-28
3458,Male,Gen Z,occasional,3,5,2025-08-26,2026-03-07
3459,Male,Boomer,regular,1,12,2025-07-06,2026-06-06
3460,Male,Gen X,one_and_done,3,1,2026-05-21,2026-05-21
3461,Male,Millennial,occasional,2,7,2025-08-10,2026-05-15
3462,Male,Gen X,regular,5,16,2025-07-05,2026-06-11
3463,Male,Gen X,one_and_done,1,1,2025-11-16,2025-11-16
3464,Male,Millennial,one_and_done,4,1,2025-07-14,2025-07-14
3465,Male,Millennial,regular,4,21,2025-08-22,2026-06-11
3466,Male,Millennial,one_and_done,3,1,2026-03-09,2026-03-09
3467,Male,Gen Z,occasional,2,5,2025-07-30,2026-03-31
3468,Female,Gen Z,occasional,1,4,2025-09-04,2026-02-16
3469,Male,Millennial,one_and_done,4,1,2025-10-26,2025-10-26
3470,Female,Gen X,one_and_done,1,1,2025-10-19,2025-10-19
3471,Female,Gen Z,occasional,1,4,2025-07-11,2026-05-09
3472,Male,Millennial,occasional,7,7,2025-09-05,2026-04-23
3473,Male,Gen Z,one_and_done,5,1,2026-06-13,2026-06-13
3474,Male,Millennial,one_and_done,7,1,2026-05-23,2026-05-23
3475,Male,Gen Z,one_and_done,1,1,2026-01-29,2026-01-29
3476,Male,Millennial,one_and_done,1,1,2025-10-06,2025-10-06
3477,Female,Millennial,occasional,3,6,2025-07-26,2026-05-14
3478,Female,Millennial,loyal,2,26,2025-07-02,2026-06-21
3479,Male,Millennial,occasional,3,7,2025-07-20,2026-05-30
3480,Male,Millennial,one_and_done,8,1,2026-05-18,2026-05-18
3481,Male,Millennial,one_and_done,1,1,2026-01-12,2026-01-12
3482,Male,Gen Z,regular,5,15,2025-07-07,2026-06-04
3483,Male,Gen X,occasional,1,5,2025-11-07,2026-03-12
3484,Male,Gen Z,regular,1,15,2025-08-02,2026-06-20
3485,Male,Millennial,one_and_done,5,1,2026-04-27,2026-04-27
3486,Female,Millennial,one_and_done,2,1,2026-05-04,2026-05-04
3487,Male,Millennial,occasional,3,7,2025-07-27,2026-06-12
3488,Male,Gen Z,occasional,1,5,2025-07-08,2026-06-03
3489,Female,Gen Z,one_and_done,7,1,2026-05-27,2026-05-27
3490,Male,Millennial,occasional,1,7,2025-09-14,2026-05-27
3491,Female,Gen Z,occasional,1,4,2025-10-03,2026-04-08
3492,Male,Millennial,one_and_done,1,1,2025-07-25,2025-07-25
3493,Male,Millennial,one_and_done,1,1,2025-08-01,2025-08-01
3494,Male,Gen X,loyal,5,24,2025-07-10,2026-06-07
3495,Female,Millennial,loyal,7,26,2025-07-08,2026-06-22
3496,Male,Gen Z,occasional,2,5,2025-09-17,2026-04-22
3497,Male,Millennial,loyal,1,30,2025-07-03,2026-06-13
3498,Male,Millennial,loyal,2,30,2025-07-06,2026-05-27
3499,Male,Gen X,regular,1,16,2025-07-10,2026-05-19
3500,Male,Millennial,one_and_done,1,1,2025-09-04,2025-09-04
3501,Male,Millennial,regular,2,21,2025-07-22,2026-06-14
3502,Female,Gen Z,regular,3,13,2025-07-30,2026-06-21
3503,Male,Boomer,one_and_done,1,1,2025-08-02,2025-08-02
3504,Female,Millennial,regular,1,18,2025-07-10,2026-05-15
3505,Male,Millennial,loyal,2,30,2025-06-30,2026-06-21
3506,Male,Millennial,occasional,2,7,2025-07-26,2026-06-20
3507,Male,Millennial,loyal,1,30,2025-07-25,2026-06-18
3508,Male,Millennial,one_and_done,2,1,2026-05-15,2026-05-15
3509,Male,Millennial,one_and_done,1,1,2025-12-25,2025-12-25
3510,Female,Gen Z,regular,7,13,2025-10-10,2026-05-03
3511,Female,Gen X,regular,2,15,2025-07-27,2026-05-18
3512,Male,Gen X,occasional,6,5,2025-07-02,2026-04-21
3513,Male,Millennial,occasional,1,7,2025-08-17,2026-04-13
3514,Female,Boomer,one_and_done,6,1,2026-02-21,2026-02-21
3515,Male,Gen X,one_and_done,5,1,2025-12-06,2025-12-06
3516,Female,Gen Z,one_and_done,1,1,2025-10-03,2025-10-03
3517,Female,Gen Z,regular,2,13,2025-07-20,2026-05-10
3518,Male,Gen X,loyal,6,24,2025-07-18,2026-06-13
3519,Male,Millennial,one_and_done,9,1,2025-07-29,2025-07-29
3520,Male,Boomer,one_and_done,3,1,2025-11-14,2025-11-14
3521,Male,Gen X,one_and_done,1,1,2025-09-02,2025-09-02
3522,Female,Gen Z,one_and_done,3,1,2025-10-01,2025-10-01
3523,Male,Millennial,occasional,1,7,2025-09-06,2026-06-05
3524,Female,Gen X,loyal,9,22,2025-07-29,2026-06-14
3525,Male,Millennial,one_and_done,1,1,2025-10-29,2025-10-29
3526,Female,Gen Z,regular,1,13,2025-07-07,2026-06-19
3527,Male,Millennial,regular,2,21,2025-07-18,2026-05-27
3528,Female,Millennial,one_and_done,1,1,2025-08-06,2025-08-06
3529,Female,Gen X,one_and_done,1,1,2026-06-07,2026-06-07
3530,Male,Gen Z,regular,1,15,2025-07-22,2026-06-09
3531,Male,Gen Z,one_and_done,2,1,2025-10-08,2025-10-08
3532,Male,Millennial,one_and_done,1,1,2025-08-31,2025-08-31
3533,Male,Millennial,one_and_done,4,1,2026-05-12,2026-05-12
3534,Male,Gen Z,one_and_done,1,1,2026-04-14,2026-04-14
3535,Male,Gen X,occasional,4,5,2025-08-05,2026-04-27
3536,Male,Millennial,occasional,2,7,2025-07-12,2026-05-13
3537,Male,Gen X,occasional,1,5,2025-07-10,2026-06-10
3538,Male,Millennial,regular,2,21,2025-08-12,2026-06-19
3539,Male,Boomer,one_and_done,3,1,2026-02-10,2026-02-10
3540,Female,Gen Z,loyal,2,19,2025-08-10,2026-05-15
3541,Male,Millennial,regular,6,21,2025-07-22,2026-05-28
3542,Male,Millennial,one_and_done,1,1,2026-02-12,2026-02-12
3543,Female,Gen Z,one_and_done,1,1,2025-12-20,2025-12-20
3544,Female,Gen X,one_and_done,1,1,2026-05-08,2026-05-08
3545,Female,Millennial,occasional,1,6,2025-08-13,2026-05-02
3546,Female,Gen X,loyal,2,22,2025-07-19,2026-06-20
3547,Male,Gen X,one_and_done,1,1,2026-05-04,2026-05-04
3548,Male,Millennial,loyal,3,30,2025-07-05,2026-06-19
3549,Female,Gen Z,one_and_done,1,1,2026-04-01,2026-04-01
3550,Male,Gen Z,regular,1,15,2025-07-10,2026-05-16
3551,Male,Millennial,one_and_done,3,1,2025-08-08,2025-08-08
3552,Male,Millennial,one_and_done,2,1,2025-10-18,2025-10-18
3553,Male,Gen Z,regular,1,15,2025-07-03,2026-06-03
3554,Male,Gen X,loyal,1,24,2025-07-03,2026-04-04
3555,Female,Millennial,one_and_done,10,1,2025-07-05,2025-07-05
3556,Female,Millennial,one_and_done,3,1,2026-03-30,2026-03-30
3557,Female,Millennial,loyal,4,26,2025-07-18,2026-06-10
3558,Male,Gen Z,one_and_done,1,1,2026-01-11,2026-01-11
3559,Male,Gen X,occasional,4,5,2025-07-29,2026-05-17
3560,Male,Gen Z,one_and_done,1,1,2026-06-10,2026-06-10
3561,Male,Millennial,occasional,1,7,2025-07-10,2026-06-04
3562,Male,Millennial,regular,2,21,2025-07-25,2026-06-19
3563,Male,Gen X,regular,6,16,2025-07-22,2026-06-19
3564,Male,Gen X,loyal,1,24,2025-07-11,2026-05-21
3565,Female,Millennial,one_and_done,3,1,2026-01-03,2026-01-03
3566,Male,Gen X,one_and_done,5,1,2026-05-02,2026-05-02
3567,Female,Millennial,regular,1,18,2025-07-15,2026-06-04
3568,Male,Millennial,occasional,4,7,2025-08-06,2026-06-20
3569,Male,Millennial,one_and_done,1,1,2026-04-17,2026-04-17
3570,Female,Gen X,one_and_done,1,1,2025-11-19,2025-11-19
3571,Female,Gen X,one_and_done,3,1,2026-03-18,2026-03-18
3572,Male,Boomer,loyal,3,17,2025-07-12,2026-06-06
3573,Male,Millennial,occasional,3,7,2025-09-23,2026-04-22
3574,Female,Millennial,occasional,1,6,2025-07-07,2026-04-07
3575,Male,Boomer,loyal,1,17,2025-07-21,2026-06-06
3576,Female,Millennial,occasional,2,6,2025-08-25,2026-04-11
3577,Female,Gen Z,regular,5,13,2025-09-05,2026-06-09
3578,Male,Gen X,occasional,1,5,2025-08-18,2026-03-18
3579,Female,Millennial,occasional,4,6,2025-09-10,2026-05-29
3580,Male,Millennial,regular,1,21,2025-07-19,2026-05-01
3581,Male,Millennial,loyal,1,30,2025-07-04,2026-06-13
3582,Female,Gen Z,one_and_done,1,1,2025-07-17,2025-07-17
3583,Female,Gen Z,occasional,1,4,2025-10-23,2026-04-06
3584,Male,Gen Z,occasional,2,5,2025-08-12,2026-06-07
3585,Male,Gen Z,occasional,5,5,2025-10-19,2026-05-21
3586,Male,Millennial,regular,1,21,2025-07-20,2026-06-18
3587,Male,Millennial,regular,1,21,2025-07-06,2026-05-22
3588,Female,Gen Z,one_and_done,1,1,2025-12-24,2025-12-24
3589,Female,Boomer,occasional,3,3,2025-07-16,2026-04-18
3590,Male,Gen Z,one_and_done,1,1,2025-07-29,2025-07-29
3591,Female,Millennial,one_and_done,9,1,2025-12-06,2025-12-06
3592,Male,Boomer,one_and_done,1,1,2025-09-28,2025-09-28
3593,Male,Gen Z,one_and_done,1,1,2026-01-22,2026-01-22
3594,Male,Gen X,regular,1,16,2025-07-26,2026-06-13
3595,Male,Millennial,one_and_done,1,1,2025-09-03,2025-09-03
3596,Female,Millennial,one_and_done,2,1,2025-09-03,2025-09-03
3597,Male,Millennial,occasional,4,7,2025-07-01,2026-06-22
3598,Male,Gen X,regular,2,16,2025-07-25,2026-06-13
3599,Female,Gen Z,one_and_done,1,1,2025-08-15,2025-08-15
3600,Female,Boomer,one_and_done,2,1,2026-05-15,2026-05-15
3601,Male,Millennial,one_and_done,6,1,2026-06-14,2026-06-14
3602,Female,Millennial,one_and_done,1,1,2026-06-06,2026-06-06
3603,Male,Millennial,regular,1,21,2025-08-22,2026-05-13
3604,Female,Gen X,one_and_done,2,1,2025-11-18,2025-11-18
3605,Female,Millennial,regular,1,18,2025-07-04,2026-06-11
3606,Female,Gen X,occasional,1,5,2025-09-13,2026-05-13
3607,Male,Millennial,one_and_done,3,1,2025-07-02,2025-07-02
3608,Male,Millennial,one_and_done,1,1,2025-08-22,2025-08-22
3609,Female,Millennial,one_and_done,2,1,2026-04-29,2026-04-29
3610,Male,Millennial,one_and_done,7,1,2025-11-13,2025-11-13
3611,Male,Millennial,loyal,1,30,2025-07-01,2026-06-02
3612,Male,Millennial,regular,3,21,2025-08-01,2026-06-18
3613,Female,Gen X,one_and_done,3,1,2026-02-12,2026-02-12
3614,Male,Millennial,occasional,1,7,2025-07-25,2026-05-19
3615,Male,Millennial,regular,1,21,2025-07-13,2026-06-12
3616,Female,Millennial,one_and_done,6,1,2025-10-17,2025-10-17
3617,Male,Gen Z,regular,1,15,2025-07-25,2026-04-21
3618,Male,Gen X,occasional,2,5,2025-09-18,2026-04-06
3619,Female,Gen Z,regular,8,13,2025-08-02,2026-04-17
3620,Male,Gen Z,one_and_done,1,1,2026-05-15,2026-05-15
3621,Male,Millennial,one_and_done,1,1,2026-03-31,2026-03-31
3622,Male,Millennial,one_and_done,1,1,2025-11-12,2025-11-12
3623,Female,Millennial,occasional,2,6,2025-07-18,2026-04-09
3624,Male,Millennial,regular,5,21,2025-07-13,2026-06-23
3625,Male,Boomer,one_and_done,2,1,2026-03-20,2026-03-20
3626,Male,Millennial,occasional,1,7,2025-07-08,2026-05-19
3627,Male,Millennial,occasional,1,7,2025-07-04,2026-02-28
3628,Male,Millennial,one_and_done,4,1,2026-02-24,2026-02-24
3629,Male,Boomer,one_and_done,1,1,2025-08-16,2025-08-16
3630,Male,Millennial,loyal,3,30,2025-07-18,2026-06-17
3631,Male,Gen X,occasional,3,5,2025-10-16,2026-06-19
3632,Female,Millennial,regular,1,18,2025-07-04,2026-05-30
3633,Female,Gen X,one_and_done,5,1,2026-01-31,2026-01-31
3634,Female,Gen X,loyal,1,22,2025-07-02,2026-05-21
3635,Male,Millennial,one_and_done,4,1,2025-12-02,2025-12-02
3636,Male,Millennial,one_and_done,2,1,2025-09-12,2025-09-12
3637,Male,Millennial,regular,1,21,2025-07-05,2026-05-12
3638,Male,Millennial,regular,5,21,2025-07-04,2026-05-22
3639,Female,Millennial,regular,1,18,2025-07-23,2026-05-11
3640,Male,Boomer,occasional,4,4,2025-12-20,2026-03-31
3641,Male,Gen X,one_and_done,2,1,2025-08-22,2025-08-22
3642,Female,Gen Z,occasional,5,4,2025-08-15,2026-06-12
3643,Female,Gen X,regular,1,15,2025-09-17,2026-06-09
3644,Male,Millennial,regular,5,21,2025-07-08,2026-06-23
3645,Male,Gen Z,one_and_done,3,1,2025-10-15,2025-10-15
3646,Female,Millennial,loyal,1,26,2025-07-03,2026-06-16
3647,Female,Gen X,regular,1,15,2025-07-04,2026-05-16
3648,Female,Millennial,regular,2,18,2025-08-01,2026-04-25
3649,Male,Millennial,one_and_done,5,1,2025-10-11,2025-10-11
3650,Female,Millennial,one_and_done,1,1,2025-12-08,2025-12-08
3651,Female,Millennial,regular,1,18,2025-08-06,2026-06-06
3652,Male,Gen Z,occasional,1,5,2025-07-21,2026-06-07
3653,Male,Gen Z,loyal,1,22,2025-07-25,2026-06-01
3654,Male,Gen Z,regular,1,15,2025-07-07,2026-06-18
3655,Male,Gen Z,regular,1,15,2025-07-17,2026-05-30
3656,Male,Millennial,loyal,4,30,2025-07-19,2026-06-12
3657,Male,Millennial,regular,1,21,2025-07-07,2026-06-20
3658,Female,Gen X,occasional,1,5,2025-07-03,2026-05-03
3659,Male,Millennial,occasional,2,7,2025-07-20,2026-06-06
3660,Male,Millennial,one_and_done,4,1,2026-04-14,2026-04-14
3661,Male,Gen Z,one_and_done,3,1,2025-12-22,2025-12-22
3662,Female,Millennial,one_and_done,1,1,2025-11-07,2025-11-07
3663,Female,Gen Z,loyal,10,19,2025-07-11,2026-06-17
3664,Male,Millennial,one_and_done,3,1,2026-01-08,2026-01-08
3665,Male,Millennial,regular,2,21,2025-09-08,2026-06-13
3666,Male,Gen Z,one_and_done,6,1,2025-09-21,2025-09-21
3667,Male,Millennial,occasional,8,7,2025-09-13,2026-06-05
3668,Male,Millennial,one_and_done,3,1,2025-11-14,2025-11-14
3669,Male,Gen X,one_and_done,1,1,2026-01-03,2026-01-03
3670,Male,Boomer,one_and_done,5,1,2026-04-13,2026-04-13
3671,Female,Millennial,occasional,6,6,2025-09-22,2026-06-02
3672,Male,Millennial,regular,2,21,2025-07-25,2026-06-02
3673,Male,Millennial,loyal,8,30,2025-07-02,2026-05-23
3674,Male,Millennial,loyal,1,30,2025-07-04,2026-06-23
3675,Female,Millennial,one_and_done,6,1,2025-10-11,2025-10-11
3676,Male,Gen Z,regular,6,15,2025-07-10,2026-05-08
3677,Female,Millennial,one_and_done,1,1,2025-09-14,2025-09-14
3678,Male,Millennial,regular,8,21,2025-08-07,2026-05-27
3679,Male,Millennial,one_and_done,1,1,2026-04-29,2026-04-29
3680,Female,Millennial,regular,1,18,2025-08-22,2026-05-25
3681,Female,Gen X,loyal,5,22,2025-07-04,2026-04-09
3682,Female,Gen X,one_and_done,1,1,2025-08-18,2025-08-18
3683,Female,Millennial,one_and_done,1,1,2026-02-12,2026-02-12
3684,Male,Boomer,one_and_done,1,1,2025-09-28,2025-09-28
3685,Male,Millennial,occasional,4,7,2025-08-09,2026-03-07
3686,Male,Millennial,one_and_done,1,1,2026-02-19,2026-02-19
3687,Male,Millennial,loyal,1,30,2025-07-08,2026-05-24
3688,Female,Millennial,one_and_done,1,1,2026-06-13,2026-06-13
3689,Female,Millennial,one_and_done,1,1,2025-08-31,2025-08-31
3690,Female,Millennial,regular,1,18,2025-07-02,2026-05-29
3691,Female,Millennial,regular,1,18,2025-07-31,2026-06-22
3692,Male,Gen X,occasional,1,5,2025-08-29,2026-06-18
3693,Male,Gen Z,one_and_done,1,1,2026-03-31,2026-03-31
3694,Male,Millennial,occasional,3,7,2025-09-05,2026-05-15
3695,Female,Gen Z,regular,1,13,2025-07-04,2026-06-12
3696,Male,Millennial,one_and_done,4,1,2025-08-31,2025-08-31
3697,Male,Boomer,one_and_done,3,1,2025-10-23,2025-10-23
3698,Female,Gen Z,one_and_done,3,1,2025-08-31,2025-08-31
3699,Male,Gen Z,one_and_done,3,1,2025-12-08,2025-12-08
3700,Male,Millennial,one_and_done,1,1,2026-06-11,2026-06-11
3701,Male,Millennial,one_and_done,8,1,2026-05-02,2026-05-02
3702,Female,Millennial,one_and_done,1,1,2025-12-21,2025-12-21
3703,Male,Gen X,occasional,5,5,2025-10-15,2026-04-19
3704,Female,Millennial,one_and_done,1,1,2026-05-02,2026-05-02
3705,Male,Millennial,one_and_done,7,1,2026-03-27,2026-03-27
3706,Male,Gen Z,one_and_done,1,1,2025-08-15,2025-08-15
3707,Male,Millennial,one_and_done,2,1,2025-08-25,2025-08-25
3708,Male,Gen X,regular,3,16,2025-08-07,2026-06-22
3709,Male,Millennial,one_and_done,1,1,2026-01-11,2026-01-11
3710,Male,Gen Z,one_and_done,1,1,2026-06-05,2026-06-05
3711,Male,Gen Z,occasional,1,5,2025-08-27,2026-06-02
3712,Male,Millennial,one_and_done,1,1,2026-01-31,2026-01-31
3713,Male,Boomer,one_and_done,1,1,2025-11-27,2025-11-27
3714,Male,Millennial,loyal,6,30,2025-07-02,2026-06-18
3715,Male,Millennial,one_and_done,10,1,2026-04-21,2026-04-21
3716,Male,Gen X,occasional,3,5,2025-08-15,2025-12-13
3717,Female,Gen Z,regular,4,13,2025-08-17,2026-06-04
3718,Male,Gen Z,loyal,3,22,2025-07-15,2026-05-21
3719,Male,Gen Z,regular,1,15,2025-07-03,2026-06-09
3720,Male,Millennial,loyal,3,30,2025-06-30,2026-05-30
3721,Female,Boomer,one_and_done,1,1,2025-08-14,2025-08-14
3722,Male,Gen X,loyal,5,24,2025-07-05,2026-05-24
3723,Male,Millennial,occasional,3,7,2025-08-09,2026-05-15
3724,Female,Millennial,occasional,4,6,2025-07-02,2026-03-27
3725,Male,Millennial,occasional,1,7,2025-08-01,2026-06-13
3726,Female,Millennial,regular,3,18,2025-07-19,2026-05-25
3727,Male,Millennial,one_and_done,10,1,2025-10-03,2025-10-03
3728,Male,Gen Z,loyal,2,22,2025-07-18,2026-06-20
3729,Male,Gen X,loyal,6,24,2025-07-11,2026-06-09
3730,Male,Boomer,regular,1,12,2025-07-27,2026-05-26
3731,Male,Gen Z,occasional,2,5,2025-07-23,2026-06-02
3732,Male,Gen X,loyal,3,24,2025-08-11,2026-06-14
3733,Male,Gen Z,regular,2,15,2025-08-28,2026-06-23
3734,Male,Gen X,one_and_done,6,1,2026-03-16,2026-03-16
3735,Male,Millennial,regular,1,21,2025-07-21,2026-06-21
3736,Female,Millennial,one_and_done,1,1,2026-02-24,2026-02-24
3737,Female,Gen Z,one_and_done,1,1,2025-07-04,2025-07-04
3738,Female,Millennial,regular,1,18,2025-08-03,2026-06-13
3739,Male,Gen X,one_and_done,4,1,2025-10-19,2025-10-19
3740,Male,Gen Z,occasional,1,5,2025-10-18,2026-03-31
3741,Male,Gen Z,one_and_done,1,1,2026-05-28,2026-05-28
3742,Male,Millennial,regular,1,21,2025-07-13,2026-06-18
3743,Female,Gen X,regular,2,15,2025-07-09,2026-06-22
3744,Male,Gen X,occasional,8,5,2025-08-23,2026-06-20
3745,Male,Gen Z,occasional,3,5,2025-11-21,2026-06-14
3746,Male,Millennial,one_and_done,5,1,2026-04-08,2026-04-08
3747,Male,Gen Z,regular,1,15,2025-07-01,2026-06-09
3748,Male,Boomer,one_and_done,1,1,2025-12-12,2025-12-12
3749,Male,Millennial,one_and_done,5,1,2026-01-17,2026-01-17
3750,Male,Gen Z,one_and_done,1,1,2026-02-19,2026-02-19
3751,Male,Gen Z,regular,1,15,2025-07-07,2026-06-19
3752,Male,Millennial,regular,4,21,2025-07-12,2026-05-22
3753,Female,Gen Z,occasional,1,4,2025-09-30,2026-04-21
3754,Male,Boomer,one_and_done,1,1,2025-12-24,2025-12-24
3755,Female,Gen Z,one_and_done,1,1,2026-06-13,2026-06-13
3756,Female,Gen Z,one_and_done,2,1,2026-06-12,2026-06-12
3757,Male,Millennial,loyal,1,30,2025-08-08,2026-06-17
3758,Male,Gen X,loyal,1,24,2025-07-09,2026-06-18
3759,Male,Millennial,one_and_done,1,1,2025-07-01,2025-07-01
3760,Male,Gen X,occasional,1,5,2025-07-16,2026-04-03
3761,Male,Gen Z,one_and_done,1,1,2025-11-08,2025-11-08
3762,Female,Millennial,regular,2,18,2025-08-04,2026-06-12
3763,Male,Millennial,one_and_done,2,1,2025-09-08,2025-09-08
3764,Female,Gen X,one_and_done,2,1,2025-09-06,2025-09-06
3765,Male,Gen Z,occasional,6,5,2025-07-23,2026-05-30
3766,Male,Millennial,one_and_done,3,1,2025-07-03,2025-07-03
3767,Female,Gen Z,regular,1,13,2025-07-10,2026-05-15
3768,Male,Millennial,one_and_done,2,1,2025-09-21,2025-09-21
3769,Female,Gen Z,one_and_done,2,1,2026-06-18,2026-06-18
3770,Male,Gen Z,regular,4,15,2025-07-09,2026-06-04
3771,Female,Millennial,one_and_done,1,1,2026-01-08,2026-01-08
3772,Male,Gen Z,regular,2,15,2025-07-06,2026-05-14
3773,Male,Gen Z,occasional,1,5,2025-07-26,2026-02-07
3774,Male,Millennial,one_and_done,2,1,2026-01-03,2026-01-03
3775,Female,Gen X,regular,1,15,2025-09-15,2026-06-13
3776,Male,Millennial,regular,1,21,2025-07-05,2026-06-14
3777,Male,Millennial,one_and_done,4,1,2025-10-20,2025-10-20
3778,Female,Gen X,regular,8,15,2025-07-02,2026-04-14
3779,Male,Boomer,one_and_done,2,1,2025-09-14,2025-09-14
3780,Male,Millennial,one_and_done,8,1,2025-07-19,2025-07-19
3781,Male,Gen X,one_and_done,4,1,2026-06-15,2026-06-15
3782,Male,Millennial,regular,2,21,2025-08-08,2026-06-02
3783,Male,Boomer,regular,1,12,2025-07-08,2026-06-08
3784,Male,Millennial,regular,2,21,2025-07-01,2026-06-18
3785,Male,Millennial,one_and_done,1,1,2026-06-01,2026-06-01
3786,Male,Gen X,regular,1,16,2025-07-27,2026-06-02
3787,Male,Gen X,regular,1,16,2025-07-06,2026-06-04
3788,Male,Gen Z,loyal,1,22,2025-07-19,2026-06-22
3789,Female,Millennial,loyal,2,26,2025-07-05,2026-06-20
3790,Male,Gen X,loyal,2,24,2025-08-02,2026-06-16
3791,Male,Gen X,regular,7,16,2025-08-16,2026-06-03
3792,Male,Millennial,loyal,1,30,2025-07-05,2026-06-21
3793,Female,Gen X,one_and_done,2,1,2025-07-02,2025-07-02
3794,Male,Millennial,one_and_done,5,1,2026-02-04,2026-02-04
3795,Male,Gen Z,loyal,2,22,2025-07-23,2026-06-01
3796,Male,Millennial,one_and_done,1,1,2026-02-06,2026-02-06
3797,Male,Gen X,occasional,1,5,2025-07-09,2026-04-04
3798,Male,Millennial,loyal,1,30,2025-07-05,2026-06-01
3799,Female,Millennial,one_and_done,1,1,2025-09-20,2025-09-20
3800,Male,Boomer,occasional,1,4,2025-10-28,2026-03-30
3801,Female,Millennial,occasional,4,6,2025-07-24,2026-03-30
3802,Male,Gen X,one_and_done,5,1,2026-05-23,2026-05-23
3803,Female,Millennial,one_and_done,1,1,2026-04-20,2026-04-20
3804,Female,Boomer,occasional,9,3,2025-08-09,2025-11-24
3805,Male,Gen X,one_and_done,2,1,2025-08-22,2025-08-22
3806,Male,Millennial,occasional,2,7,2025-08-02,2026-05-03
3807,Male,Gen Z,one_and_done,1,1,2026-05-30,2026-05-30
3808,Male,Millennial,loyal,4,30,2025-07-19,2026-06-12
3809,Male,Gen Z,occasional,1,5,2025-07-11,2026-05-07
3810,Male,Gen Z,one_and_done,1,1,2026-01-29,2026-01-29
3811,Male,Boomer,one_and_done,1,1,2025-07-10,2025-07-10
3812,Male,Millennial,regular,2,21,2025-07-08,2026-05-24
3813,Male,Millennial,occasional,5,7,2025-07-30,2026-06-12
3814,Female,Millennial,regular,1,18,2025-07-29,2026-06-16
3815,Male,Gen Z,one_and_done,4,1,2025-09-12,2025-09-12
3816,Female,Millennial,one_and_done,4,1,2025-10-04,2025-10-04
3817,Female,Millennial,one_and_done,4,1,2026-02-13,2026-02-13
3818,Male,Millennial,regular,1,21,2025-07-13,2026-06-13
3819,Female,Gen Z,one_and_done,1,1,2026-01-18,2026-01-18
3820,Male,Boomer,one_and_done,9,1,2026-03-11,2026-03-11
3821,Female,Gen Z,one_and_done,4,1,2025-09-19,2025-09-19
3822,Male,Gen Z,one_and_done,1,1,2025-10-08,2025-10-08
3823,Male,Millennial,occasional,2,7,2025-08-24,2026-04-26
3824,Male,Gen Z,one_and_done,1,1,2026-02-13,2026-02-13
3825,Male,Boomer,regular,2,12,2025-07-31,2026-06-10
3826,Male,Gen X,occasional,2,5,2025-08-31,2026-06-13
3827,Male,Millennial,one_and_done,1,1,2026-01-21,2026-01-21
3828,Male,Gen X,one_and_done,3,1,2025-12-12,2025-12-12
3829,Female,Gen X,one_and_done,2,1,2025-07-06,2025-07-06
3830,Male,Millennial,one_and_done,8,1,2025-10-02,2025-10-02
3831,Female,Gen X,occasional,2,5,2025-10-08,2026-02-22
3832,Male,Millennial,regular,2,21,2025-07-04,2026-06-20
3833,Male,Millennial,one_and_done,4,1,2025-12-25,2025-12-25
3834,Male,Millennial,regular,2,21,2025-08-15,2026-06-06
3835,Male,Gen X,occasional,6,5,2025-07-05,2026-04-22
3836,Female,Gen Z,regular,1,13,2025-07-03,2026-06-20
3837,Female,Millennial,loyal,4,26,2025-07-06,2026-06-19
3838,Male,Gen Z,occasional,2,5,2025-10-22,2026-06-05
3839,Female,Millennial,one_and_done,1,1,2026-01-11,2026-01-11
3840,Male,Gen X,loyal,5,24,2025-06-30,2026-06-12
3841,Male,Gen Z,regular,3,15,2025-07-08,2026-06-13
3842,Male,Millennial,one_and_done,1,1,2026-03-22,2026-03-22
3843,Male,Boomer,one_and_done,1,1,2026-03-20,2026-03-20
3844,Male,Gen Z,regular,2,15,2025-07-03,2026-05-11
3845,Male,Gen X,one_and_done,6,1,2025-08-23,2025-08-23
3846,Male,Gen Z,one_and_done,4,1,2025-11-03,2025-11-03
3847,Male,Millennial,occasional,3,7,2025-07-28,2026-06-01
3848,Female,Millennial,regular,5,18,2025-07-02,2026-05-23
3849,Female,Millennial,loyal,1,26,2025-07-18,2026-05-23
3850,Male,Millennial,one_and_done,1,1,2026-05-23,2026-05-23
3851,Male,Gen Z,regular,3,15,2025-08-23,2026-06-20
3852,Female,Millennial,regular,1,18,2025-08-06,2026-06-14
3853,Female,Millennial,one_and_done,1,1,2026-06-17,2026-06-17
3854,Female,Millennial,regular,1,18,2025-07-24,2026-05-11
3855,Male,Millennial,one_and_done,2,1,2026-06-13,2026-06-13
3856,Female,Millennial,occasional,1,6,2025-07-11,2026-03-13
3857,Female,Millennial,loyal,1,26,2025-07-07,2026-06-23
3858,Male,Millennial,occasional,1,7,2025-07-20,2026-05-13
3859,Male,Millennial,one_and_done,1,1,2026-01-15,2026-01-15
3860,Male,Gen Z,occasional,1,5,2025-08-21,2026-06-02
3861,Male,Millennial,one_and_done,4,1,2025-12-15,2025-12-15
3862,Male,Millennial,one_and_done,2,1,2026-02-17,2026-02-17
3863,Male,Gen Z,one_and_done,1,1,2026-01-22,2026-01-22
3864,Male,Gen X,one_and_done,3,1,2026-02-13,2026-02-13
3865,Female,Millennial,loyal,4,26,2025-06-30,2026-06-14
3866,Male,Gen X,regular,3,16,2025-07-31,2026-06-17
3867,Male,Gen X,regular,1,16,2025-07-09,2026-05-22
3868,Male,Millennial,occasional,3,7,2025-07-28,2026-06-16
3869,Female,Gen X,occasional,1,5,2025-09-20,2026-06-23
3870,Female,Gen X,occasional,2,5,2025-08-30,2026-04-30
3871,Male,Gen Z,one_and_done,1,1,2026-01-28,2026-01-28
3872,Male,Boomer,occasional,1,4,2025-08-21,2026-03-12
3873,Male,Millennial,loyal,1,30,2025-07-24,2026-06-20
3874,Male,Boomer,regular,2,12,2025-07-14,2026-06-20
3875,Male,Millennial,one_and_done,3,1,2025-08-12,2025-08-12
3876,Male,Millennial,one_and_done,1,1,2025-10-26,2025-10-26
3877,Male,Millennial,occasional,2,7,2025-08-03,2026-02-13
3878,Male,Millennial,loyal,4,30,2025-07-11,2026-06-23
3879,Female,Boomer,occasional,1,3,2025-07-25,2026-05-19
3880,Male,Millennial,one_and_done,5,1,2026-02-26,2026-02-26
3881,Male,Millennial,occasional,2,7,2025-07-27,2026-03-07
3882,Male,Gen Z,regular,6,15,2025-08-11,2026-06-18
3883,Male,Gen Z,occasional,1,5,2025-09-19,2026-05-05
3884,Male,Gen Z,occasional,1,5,2025-08-23,2026-06-20
3885,Female,Millennial,loyal,1,26,2025-08-06,2026-06-19
3886,Male,Gen Z,one_and_done,1,1,2025-10-22,2025-10-22
3887,Male,Gen X,one_and_done,5,1,2025-10-04,2025-10-04
3888,Female,Gen Z,occasional,1,4,2025-10-26,2026-05-02
3889,Male,Gen Z,one_and_done,1,1,2026-01-16,2026-01-16
3890,Female,Millennial,one_and_done,2,1,2025-09-30,2025-09-30
3891,Female,Boomer,one_and_done,3,1,2026-02-18,2026-02-18
3892,Male,Gen Z,one_and_done,5,1,2026-01-15,2026-01-15
3893,Male,Millennial,one_and_done,1,1,2026-04-30,2026-04-30
3894,Male,Gen X,one_and_done,1,1,2026-03-08,2026-03-08
3895,Male,Boomer,loyal,2,17,2025-07-04,2026-06-14
3896,Female,Millennial,occasional,1,6,2025-08-04,2026-05-08
3897,Male,Gen Z,one_and_done,1,1,2026-04-25,2026-04-25
3898,Male,Gen Z,one_and_done,1,1,2026-05-31,2026-05-31
3899,Male,Gen Z,occasional,4,5,2025-09-03,2026-06-05
3900,Male,Gen X,one_and_done,2,1,2025-11-26,2025-11-26
3901,Female,Millennial,occasional,1,6,2025-10-16,2026-05-24
3902,Male,Millennial,loyal,1,30,2025-07-09,2026-05-31
3903,Female,Millennial,regular,1,18,2025-07-09,2026-06-06
3904,Female,Gen Z,occasional,1,4,2025-12-02,2026-05-17
3905,Male,Gen Z,loyal,1,22,2025-07-15,2026-04-22
3906,Female,Boomer,occasional,7,3,2025-09-19,2026-06-20
3907,Male,Gen Z,one_and_done,3,1,2026-03-25,2026-03-25
3908,Male,Gen X,occasional,1,5,2025-07-11,2026-05-26
3909,Male,Millennial,one_and_done,1,1,2025-11-09,2025-11-09
3910,Male,Millennial,regular,1,21,2025-07-02,2026-05-09
3911,Female,Gen Z,occasional,1,4,2025-07-27,2026-02-27
3912,Female,Gen X,one_and_done,8,1,2025-12-30,2025-12-30
3913,Male,Millennial,regular,1,21,2025-07-23,2026-05-31
3914,Male,Millennial,occasional,1,7,2025-07-02,2026-04-03
3915,Male,Millennial,one_and_done,1,1,2026-06-19,2026-06-19
3916,Male,Millennial,loyal,1,30,2025-07-21,2026-06-16
3917,Male,Gen Z,one_and_done,5,1,2026-01-28,2026-01-28
3918,Female,Gen Z,occasional,1,4,2025-07-13,2026-04-13
3919,Male,Gen X,one_and_done,2,1,2026-01-16,2026-01-16
3920,Male,Gen X,one_and_done,1,1,2026-03-14,2026-03-14
3921,Female,Millennial,occasional,4,6,2025-07-18,2026-01-19
3922,Male,Gen Z,occasional,2,5,2025-08-20,2026-04-19
3923,Male,Millennial,one_and_done,3,1,2025-09-06,2025-09-06
3924,Male,Millennial,one_and_done,5,1,2026-02-08,2026-02-08
3925,Male,Gen Z,one_and_done,1,1,2026-03-03,2026-03-03
3926,Male,Gen X,occasional,1,5,2025-08-22,2025-12-25
3927,Male,Gen X,occasional,2,5,2025-07-12,2026-06-08
3928,Female,Gen Z,loyal,1,19,2025-07-01,2026-05-01
3929,Male,Millennial,loyal,1,30,2025-07-07,2026-06-13
3930,Male,Millennial,one_and_done,5,1,2025-07-12,2025-07-12
3931,Male,Gen Z,regular,2,15,2025-08-25,2026-05-31
3932,Male,Millennial,regular,1,21,2025-07-06,2026-06-21
3933,Female,Millennial,one_and_done,1,1,2025-12-26,2025-12-26
3934,Male,Gen Z,one_and_done,2,1,2026-02-25,2026-02-25
3935,Female,Gen Z,one_and_done,1,1,2025-08-12,2025-08-12
3936,Male,Gen X,one_and_done,3,1,2026-05-20,2026-05-20
3937,Male,Millennial,occasional,6,7,2025-07-20,2026-03-17
3938,Male,Gen X,occasional,1,5,2025-08-14,2026-05-28
3939,Male,Gen X,one_and_done,2,1,2025-12-01,2025-12-01
3940,Female,Millennial,occasional,1,6,2025-07-05,2026-05-21
3941,Male,Millennial,one_and_done,1,1,2026-02-20,2026-02-20
3942,Male,Millennial,occasional,1,7,2025-08-17,2026-06-06
3943,Male,Millennial,regular,10,21,2025-07-10,2026-06-23
3944,Male,Millennial,one_and_done,1,1,2026-01-13,2026-01-13
3945,Female,Millennial,occasional,2,6,2025-09-03,2026-06-19
3946,Male,Millennial,one_and_done,3,1,2025-09-27,2025-09-27
3947,Male,Millennial,occasional,1,7,2025-08-03,2026-06-19
3948,Male,Millennial,regular,8,21,2025-07-19,2026-06-19
3949,Male,Gen X,one_and_done,7,1,2026-02-19,2026-02-19
3950,Female,Millennial,one_and_done,2,1,2025-12-21,2025-12-21
3951,Male,Millennial,one_and_done,4,1,2026-01-06,2026-01-06
3952,Female,Millennial,occasional,1,6,2025-08-16,2026-05-20
3953,Male,Gen X,regular,6,16,2025-07-07,2026-06-20
3954,Male,Gen X,loyal,1,24,2025-07-08,2026-05-29
3955,Female,Millennial,loyal,2,26,2025-07-06,2026-06-18
3956,Male,Gen X,occasional,1,5,2025-07-29,2026-04-24
3957,Male,Gen X,one_and_done,1,1,2025-08-05,2025-08-05
3958,Female,Gen X,regular,1,15,2025-07-15,2026-05-22
3959,Male,Gen X,one_and_done,1,1,2026-04-07,2026-04-07
3960,Male,Millennial,occasional,6,7,2025-09-02,2026-04-30
3961,Male,Gen Z,one_and_done,1,1,2026-05-11,2026-05-11
3962,Female,Gen Z,occasional,2,4,2025-09-24,2026-05-18
3963,Male,Millennial,one_and_done,5,1,2025-09-19,2025-09-19
3964,Female,Millennial,occasional,1,6,2025-09-19,2026-05-11
3965,Male,Millennial,occasional,1,7,2025-08-23,2026-04-28
3966,Male,Millennial,occasional,2,7,2025-07-07,2026-01-24
3967,Male,Millennial,one_and_done,2,1,2026-05-16,2026-05-16
3968,Male,Millennial,loyal,5,30,2025-07-02,2026-06-10
3969,Male,Millennial,one_and_done,3,1,2025-07-31,2025-07-31
3970,Male,Gen X,one_and_done,2,1,2025-12-17,2025-12-17
3971,Male,Millennial,regular,1,21,2025-08-01,2026-06-13
3972,Female,Gen Z,regular,2,13,2025-08-17,2026-06-22
3973,Male,Millennial,loyal,7,30,2025-07-18,2026-06-19
3974,Male,Millennial,occasional,1,7,2025-08-04,2026-05-24
3975,Female,Millennial,regular,2,18,2025-07-04,2026-06-18
3976,Male,Gen Z,occasional,1,5,2025-08-23,2026-05-25
3977,Male,Millennial,occasional,5,7,2025-09-06,2026-06-10
3978,Male,Gen Z,regular,2,15,2025-07-05,2026-06-18
3979,Female,Millennial,regular,1,18,2025-07-02,2026-06-10
3980,Male,Millennial,loyal,1,30,2025-06-30,2026-06-13
3981,Female,Millennial,one_and_done,3,1,2026-01-10,2026-01-10
3982,Female,Gen Z,loyal,3,19,2025-06-30,2026-06-12
3983,Female,Gen Z,one_and_done,5,1,2025-12-03,2025-12-03
3984,Female,Millennial,occasional,2,6,2025-07-11,2026-05-29
3985,Female,Millennial,one_and_done,1,1,2026-01-03,2026-01-03
3986,Female,Millennial,loyal,1,26,2025-07-05,2026-06-05
3987,Female,Gen X,one_and_done,2,1,2026-05-01,2026-05-01
3988,Male,Gen Z,one_and_done,2,1,2025-07-07,2025-07-07
3989,Male,Gen Z,one_and_done,5,1,2025-11-07,2025-11-07
3990,Female,Millennial,loyal,1,26,2025-07-08,2026-06-03
3991,Male,Gen X,one_and_done,6,1,2025-11-10,2025-11-10
3992,Male,Millennial,one_and_done,5,1,2026-04-21,2026-04-21
3993,Female,Millennial,regular,6,18,2025-08-09,2026-06-04
3994,Male,Millennial,one_and_done,1,1,2025-12-22,2025-12-22
3995,Male,Millennial,one_and_done,1,1,2026-01-28,2026-01-28
3996,Male,Millennial,regular,1,21,2025-07-02,2026-05-22
3997,Male,Millennial,one_and_done,8,1,2026-03-19,2026-03-19
3998,Female,Millennial,occasional,1,6,2025-10-02,2026-03-21
3999,Male,Boomer,occasional,1,4,2025-07-05,2026-05-02
4000,Male,Millennial,one_and_done,1,1,2026-02-23,2026-02-23
4001,Male,Millennial,regular,1,21,2025-07-20,2026-06-13
4002,Male,Millennial,regular,2,21,2025-07-23,2026-06-06
4003,Male,Gen Z,one_and_done,1,1,2025-12-26,2025-12-26
4004,Male,Gen Z,one_and_done,1,1,2026-05-03,2026-05-03
4005,Male,Boomer,one_and_done,5,1,2026-06-14,2026-06-14
4006,Male,Millennial,occasional,3,7,2025-07-10,2026-04-02
4007,Male,Millennial,one_and_done,1,1,2026-01-01,2026-01-01
4008,Male,Millennial,loyal,4,30,2025-07-17,2026-06-16
4009,Male,Gen X,occasional,3,5,2025-07-01,2026-05-05
4010,Female,Gen Z,regular,2,13,2025-06-30,2026-05-28
4011,Male,Boomer,regular,1,12,2025-08-03,2026-06-16
4012,Male,Millennial,one_and_done,1,1,2026-01-19,2026-01-19
4013,Male,Gen Z,one_and_done,7,1,2026-05-31,2026-05-31
4014,Male,Millennial,one_and_done,1,1,2026-04-03,2026-04-03
4015,Male,Gen Z,occasional,2,5,2025-09-19,2026-05-22
4016,Male,Gen X,occasional,1,5,2025-07-19,2026-04-26
4017,Male,Gen X,regular,5,16,2025-08-04,2026-06-18
4018,Male,Millennial,one_and_done,6,1,2025-12-12,2025-12-12
4019,Male,Millennial,one_and_done,1,1,2026-04-20,2026-04-20
4020,Male,Boomer,occasional,1,4,2025-12-26,2026-06-05
4021,Male,Millennial,occasional,1,7,2025-09-03,2026-05-21
4022,Male,Boomer,one_and_done,2,1,2025-12-26,2025-12-26
4023,Male,Millennial,regular,1,21,2025-07-28,2026-06-19
4024,Male,Gen X,occasional,3,5,2025-07-19,2026-04-02
4025,Male,Millennial,regular,1,21,2025-07-03,2026-05-19
4026,Female,Gen Z,regular,2,13,2025-09-01,2026-06-09
4027,Male,Gen X,occasional,5,5,2026-01-11,2026-04-25
4028,Female,Gen X,loyal,2,22,2025-07-10,2026-06-06
4029,Male,Gen Z,regular,1,15,2025-07-31,2026-05-08
4030,Female,Millennial,one_and_done,1,1,2026-02-19,2026-02-19
4031,Female,Millennial,one_and_done,2,1,2025-07-24,2025-07-24
4032,Female,Boomer,one_and_done,4,1,2025-07-24,2025-07-24
4033,Female,Millennial,occasional,2,6,2025-08-07,2026-04-23
4034,Female,Gen Z,one_and_done,2,1,2025-08-10,2025-08-10
4035,Male,Millennial,occasional,1,7,2025-07-24,2026-06-11
4036,Female,Millennial,one_and_done,1,1,2025-08-19,2025-08-19
4037,Male,Millennial,one_and_done,4,1,2026-05-22,2026-05-22
4038,Male,Millennial,loyal,2,30,2025-07-06,2026-06-18
4039,Male,Millennial,one_and_done,1,1,2025-11-26,2025-11-26
4040,Male,Gen Z,occasional,1,5,2025-08-12,2026-04-06
4041,Male,Millennial,one_and_done,1,1,2025-11-15,2025-11-15
4042,Male,Gen X,regular,1,16,2025-08-15,2026-06-17
4043,Male,Gen Z,regular,4,15,2025-07-10,2026-05-19
4044,Female,Millennial,regular,7,18,2025-07-01,2026-06-18
4045,Female,Millennial,one_and_done,1,1,2026-04-10,2026-04-10
4046,Male,Gen X,one_and_done,1,1,2025-11-29,2025-11-29
4047,Male,Gen X,one_and_done,1,1,2026-04-24,2026-04-24
4048,Male,Millennial,regular,1,21,2025-07-16,2026-06-19
4049,Male,Gen Z,one_and_done,1,1,2025-11-07,2025-11-07
4050,Male,Millennial,one_and_done,1,1,2026-04-24,2026-04-24
4051,Male,Millennial,one_and_done,2,1,2026-02-19,2026-02-19
4052,Male,Gen Z,one_and_done,1,1,2026-06-19,2026-06-19
4053,Male,Millennial,occasional,1,7,2025-07-02,2026-01-08
4054,Male,Millennial,occasional,4,7,2025-07-12,2025-10-18
4055,Male,Millennial,loyal,2,30,2025-07-12,2026-06-23
4056,Male,Millennial,one_and_done,1,1,2025-09-29,2025-09-29
4057,Female,Gen X,regular,1,15,2025-07-05,2026-05-30
4058,Male,Gen Z,one_and_done,1,1,2026-02-08,2026-02-08
4059,Female,Millennial,loyal,1,26,2025-07-21,2026-06-06
4060,Female,Millennial,occasional,2,6,2025-09-06,2026-06-18
4061,Female,Millennial,regular,2,18,2025-07-29,2026-06-06
4062,Female,Gen X,occasional,1,5,2025-07-14,2026-02-17
4063,Female,Gen X,one_and_done,4,1,2025-10-17,2025-10-17
4064,Female,Millennial,one_and_done,1,1,2025-08-23,2025-08-23
4065,Male,Gen X,one_and_done,1,1,2026-04-19,2026-04-19
4066,Female,Millennial,one_and_done,6,1,2025-11-20,2025-11-20
4067,Male,Gen Z,one_and_done,1,1,2025-12-31,2025-12-31
4068,Male,Gen Z,one_and_done,1,1,2026-05-22,2026-05-22
4069,Male,Millennial,regular,4,21,2025-08-07,2026-04-11
4070,Male,Gen Z,occasional,1,5,2025-10-18,2026-05-04
4071,Male,Millennial,regular,1,21,2025-08-30,2026-06-03
4072,Male,Gen Z,regular,6,15,2025-08-10,2026-06-10
4073,Female,Millennial,occasional,2,6,2025-08-17,2026-06-15
4074,Male,Boomer,one_and_done,6,1,2025-10-04,2025-10-04
4075,Female,Millennial,one_and_done,6,1,2025-11-03,2025-11-03
4076,Female,Gen Z,one_and_done,1,1,2026-01-04,2026-01-04
4077,Female,Gen Z,loyal,1,19,2025-07-18,2026-06-19
4078,Male,Gen X,occasional,2,5,2025-06-30,2026-05-09
4079,Female,Millennial,one_and_done,2,1,2025-09-06,2025-09-06
4080,Female,Gen Z,loyal,1,19,2025-08-01,2026-06-12
4081,Male,Boomer,occasional,1,4,2025-08-28,2026-03-07
4082,Female,Millennial,one_and_done,5,1,2026-03-01,2026-03-01
4083,Male,Millennial,regular,1,21,2025-07-06,2026-05-15
4084,Female,Millennial,occasional,2,6,2025-11-07,2026-05-29
4085,Male,Gen X,loyal,1,24,2025-06-30,2026-06-18
4086,Male,Gen Z,one_and_done,1,1,2025-12-20,2025-12-20
4087,Male,Gen Z,one_and_done,5,1,2025-12-19,2025-12-19
4088,Male,Millennial,one_and_done,1,1,2025-08-20,2025-08-20
4089,Female,Millennial,one_and_done,2,1,2025-07-02,2025-07-02
4090,Male,Millennial,regular,5,21,2025-07-11,2026-06-11
4091,Female,Boomer,occasional,6,3,2026-02-14,2026-05-29
4092,Male,Millennial,one_and_done,1,1,2025-12-20,2025-12-20
4093,Male,Gen Z,loyal,2,22,2025-07-07,2026-05-29
4094,Female,Millennial,occasional,4,6,2025-07-21,2026-05-12
4095,Female,Millennial,one_and_done,1,1,2026-01-04,2026-01-04
4096,Male,Millennial,loyal,2,30,2025-06-30,2026-06-16
4097,Male,Gen Z,one_and_done,1,1,2025-09-01,2025-09-01
4098,Male,Gen Z,one_and_done,3,1,2025-11-24,2025-11-24
4099,Female,Millennial,loyal,2,26,2025-07-04,2026-06-18
4100,Male,Gen Z,loyal,5,22,2025-07-10,2026-06-22
4101,Female,Millennial,one_and_done,1,1,2026-01-13,2026-01-13
4102,Female,Gen Z,one_and_done,3,1,2025-12-11,2025-12-11
4103,Male,Millennial,loyal,1,30,2025-06-30,2026-05-23
4104,Male,Gen Z,one_and_done,7,1,2026-04-23,2026-04-23
4105,Male,Gen Z,one_and_done,1,1,2026-02-15,2026-02-15
4106,Female,Millennial,one_and_done,1,1,2026-04-18,2026-04-18
4107,Male,Gen Z,one_and_done,1,1,2026-01-05,2026-01-05
4108,Female,Millennial,regular,1,18,2025-07-09,2026-06-03
4109,Male,Gen X,regular,2,16,2025-08-04,2026-06-15
4110,Male,Gen Z,occasional,3,5,2025-08-08,2026-05-02
4111,Female,Millennial,occasional,5,6,2025-08-17,2026-05-16
4112,Male,Millennial,one_and_done,9,1,2026-02-15,2026-02-15
4113,Female,Gen Z,loyal,1,19,2025-07-12,2026-06-23
4114,Female,Gen X,one_and_done,8,1,2025-07-01,2025-07-01
4115,Male,Gen Z,occasional,1,5,2025-08-22,2026-04-03
4116,Male,Gen Z,occasional,4,5,2025-08-03,2026-06-13
4117,Female,Millennial,one_and_done,1,1,2025-11-14,2025-11-14
4118,Male,Millennial,one_and_done,3,1,2026-02-17,2026-02-17
4119,Male,Millennial,regular,1,21,2025-08-09,2026-06-17
4120,Male,Gen Z,occasional,1,5,2025-10-31,2026-06-10
4121,Male,Gen Z,occasional,1,5,2025-07-13,2026-05-30
4122,Male,Millennial,loyal,5,30,2025-06-30,2026-06-21
4123,Male,Boomer,occasional,1,4,2025-07-31,2026-05-30
4124,Male,Gen Z,occasional,1,5,2025-07-09,2026-04-21
4125,Male,Gen Z,regular,1,15,2025-07-15,2026-06-04
4126,Female,Gen X,one_and_done,1,1,2026-02-01,2026-02-01
4127,Female,Millennial,one_and_done,2,1,2026-06-23,2026-06-23
4128,Male,Gen Z,one_and_done,2,1,2025-10-10,2025-10-10
4129,Female,Gen Z,one_and_done,3,1,2025-09-13,2025-09-13
4130,Male,Millennial,occasional,1,7,2025-07-07,2026-06-18
4131,Male,Gen X,regular,3,16,2025-07-05,2026-06-21
4132,Male,Gen X,one_and_done,2,1,2025-12-02,2025-12-02
4133,Male,Millennial,occasional,1,7,2025-07-22,2026-06-08
4134,Male,Millennial,one_and_done,1,1,2025-08-08,2025-08-08
4135,Male,Millennial,loyal,1,30,2025-08-11,2026-06-23
4136,Male,Millennial,regular,1,21,2025-07-08,2026-04-25
4137,Male,Gen X,regular,3,16,2025-08-07,2026-06-05
4138,Female,Gen X,occasional,1,5,2025-10-04,2026-03-12
4139,Male,Gen Z,one_and_done,4,1,2025-09-29,2025-09-29
4140,Male,Gen Z,occasional,1,5,2025-06-30,2026-04-05
4141,Female,Millennial,one_and_done,1,1,2025-12-06,2025-12-06
4142,Female,Millennial,one_and_done,3,1,2026-04-10,2026-04-10
4143,Male,Millennial,loyal,1,30,2025-07-02,2026-06-13
4144,Male,Millennial,occasional,1,7,2025-07-02,2025-12-20
4145,Female,Gen X,one_and_done,2,1,2026-01-16,2026-01-16
4146,Female,Gen Z,one_and_done,1,1,2026-03-04,2026-03-04
4147,Female,Gen X,occasional,6,5,2025-07-05,2026-06-22
4148,Male,Millennial,loyal,1,30,2025-07-15,2026-06-07
4149,Female,Millennial,occasional,2,6,2025-08-08,2026-06-19
4150,Male,Gen Z,regular,4,15,2025-07-02,2026-04-01
4151,Female,Millennial,occasional,1,6,2025-07-08,2026-04-16
4152,Female,Gen Z,occasional,1,4,2025-07-30,2025-10-23
4153,Female,Millennial,regular,6,18,2025-07-14,2026-05-26
4154,Male,Gen Z,occasional,1,5,2025-08-06,2026-03-21
4155,Female,Millennial,occasional,1,6,2025-09-17,2026-03-29
4156,Female,Gen Z,one_and_done,1,1,2025-07-01,2025-07-01
4157,Female,Gen Z,loyal,1,19,2025-07-03,2026-06-01
4158,Male,Millennial,regular,1,21,2025-07-10,2026-06-20
4159,Male,Millennial,occasional,1,7,2025-07-19,2026-03-28
4160,Male,Gen Z,regular,1,15,2025-07-25,2026-06-23
4161,Female,Gen Z,one_and_done,1,1,2025-07-16,2025-07-16
4162,Female,Gen X,regular,2,15,2025-07-11,2026-06-10
4163,Male,Millennial,occasional,2,7,2025-07-04,2026-05-10
4164,Male,Gen Z,one_and_done,1,1,2026-05-09,2026-05-09
4165,Female,Gen Z,loyal,1,19,2025-08-08,2026-05-26
4166,Male,Millennial,one_and_done,1,1,2025-10-28,2025-10-28
4167,Male,Boomer,regular,8,12,2025-07-31,2026-05-22
4168,Female,Gen Z,occasional,1,4,2025-09-03,2026-05-14
4169,Female,Boomer,one_and_done,2,1,2026-03-12,2026-03-12
4170,Male,Gen X,regular,4,16,2025-07-02,2026-06-11
4171,Male,Gen Z,one_and_done,7,1,2025-12-23,2025-12-23
4172,Male,Gen Z,occasional,2,5,2025-07-24,2026-06-20
4173,Male,Millennial,one_and_done,1,1,2025-09-13,2025-09-13
4174,Male,Gen X,regular,3,16,2025-09-17,2026-06-12
4175,Male,Millennial,occasional,2,7,2025-09-02,2026-06-06
4176,Male,Millennial,occasional,6,7,2025-11-29,2026-06-20
4177,Female,Millennial,regular,1,18,2025-07-05,2026-06-14
4178,Male,Gen Z,one_and_done,2,1,2025-12-28,2025-12-28
4179,Female,Gen Z,one_and_done,2,1,2026-06-16,2026-06-16
4180,Female,Millennial,one_and_done,1,1,2025-08-01,2025-08-01
4181,Female,Millennial,one_and_done,1,1,2025-08-02,2025-08-02
4182,Male,Millennial,regular,6,21,2025-07-25,2026-06-22
4183,Male,Gen Z,regular,1,15,2025-08-31,2026-05-29
4184,Female,Gen X,one_and_done,1,1,2026-01-22,2026-01-22
4185,Male,Gen Z,one_and_done,3,1,2025-08-21,2025-08-21
4186,Male,Millennial,one_and_done,2,1,2026-03-22,2026-03-22
4187,Female,Gen Z,regular,1,13,2025-07-04,2026-04-27
4188,Male,Millennial,regular,8,21,2025-07-06,2026-06-23
4189,Female,Millennial,occasional,6,6,2025-07-16,2026-05-17
4190,Male,Boomer,one_and_done,9,1,2026-04-16,2026-04-16
4191,Male,Gen X,one_and_done,5,1,2026-05-05,2026-05-05
4192,Male,Gen Z,regular,2,15,2025-07-17,2026-05-30
4193,Female,Millennial,one_and_done,1,1,2025-08-12,2025-08-12
4194,Male,Gen Z,regular,3,15,2025-07-04,2026-06-21
4195,Male,Millennial,regular,1,21,2025-07-16,2026-06-23
4196,Female,Millennial,one_and_done,1,1,2026-01-28,2026-01-28
4197,Male,Gen X,occasional,1,5,2025-09-08,2026-05-14
4198,Male,Millennial,occasional,1,7,2025-07-08,2026-06-10
4199,Male,Gen X,one_and_done,1,1,2025-12-24,2025-12-24
4200,Male,Gen X,occasional,1,5,2025-07-02,2025-12-19
4201,Male,Millennial,occasional,1,7,2025-09-02,2026-06-22
4202,Male,Gen X,one_and_done,3,1,2026-04-25,2026-04-25
4203,Male,Gen Z,regular,1,15,2025-07-18,2026-06-16
4204,Female,Millennial,occasional,1,6,2025-12-02,2026-04-21
4205,Male,Millennial,occasional,1,7,2025-09-15,2026-06-20
4206,Male,Boomer,regular,4,12,2025-07-19,2026-06-07
4207,Male,Gen X,occasional,2,5,2025-07-19,2026-06-19
4208,Female,Millennial,regular,2,18,2025-07-26,2026-06-13
4209,Male,Gen Z,one_and_done,4,1,2026-03-11,2026-03-11
4210,Male,Gen Z,loyal,2,22,2025-07-03,2026-05-31
4211,Male,Gen X,occasional,6,5,2025-07-11,2025-12-15
4212,Female,Gen X,one_and_done,1,1,2026-04-13,2026-04-13
4213,Female,Millennial,one_and_done,1,1,2026-01-22,2026-01-22
4214,Female,Millennial,regular,5,18,2025-07-02,2026-06-20
4215,Male,Gen X,occasional,3,5,2025-08-20,2026-05-08
4216,Male,Millennial,regular,3,21,2025-07-14,2026-06-17
4217,Male,Gen X,loyal,2,24,2025-07-11,2026-06-09
4218,Male,Millennial,occasional,1,7,2025-11-02,2026-06-21
4219,Male,Gen X,regular,2,16,2025-07-05,2026-06-05
4220,Male,Millennial,one_and_done,1,1,2025-09-16,2025-09-16
4221,Male,Gen Z,regular,4,15,2025-07-31,2026-05-15
4222,Male,Gen Z,occasional,1,5,2025-08-18,2026-03-05
4223,Female,Millennial,occasional,1,6,2025-08-08,2026-04-18
4224,Female,Millennial,occasional,1,6,2025-09-28,2026-05-09
4225,Male,Gen X,one_and_done,1,1,2026-01-13,2026-01-13
4226,Male,Boomer,one_and_done,3,1,2025-11-21,2025-11-21
4227,Male,Gen Z,occasional,2,5,2025-06-30,2026-06-19
4228,Male,Millennial,one_and_done,1,1,2026-04-18,2026-04-18
4229,Male,Gen Z,occasional,1,5,2025-08-30,2025-12-02
4230,Male,Millennial,regular,6,21,2025-07-17,2026-06-18
4231,Male,Millennial,occasional,1,7,2025-09-14,2026-04-20
4232,Female,Gen Z,one_and_done,2,1,2026-02-05,2026-02-05
4233,Female,Gen X,occasional,3,5,2025-09-12,2026-05-22
4234,Male,Gen X,one_and_done,3,1,2026-05-12,2026-05-12
4235,Male,Gen Z,occasional,2,5,2025-08-14,2026-06-11
4236,Male,Gen Z,occasional,1,5,2025-10-04,2026-01-10
4237,Female,Millennial,occasional,5,6,2025-08-22,2026-05-24
4238,Male,Gen Z,one_and_done,1,1,2025-10-12,2025-10-12
4239,Male,Boomer,occasional,1,4,2025-09-06,2025-12-01
4240,Male,Millennial,regular,2,21,2025-07-22,2026-06-18
4241,Male,Millennial,occasional,1,7,2025-07-05,2026-03-31
4242,Male,Gen X,occasional,1,5,2025-12-07,2026-03-09
4243,Male,Millennial,regular,1,21,2025-07-08,2026-05-28
4244,Male,Millennial,loyal,1,30,2025-06-30,2026-06-23
4245,Male,Gen X,one_and_done,2,1,2026-04-19,2026-04-19
4246,Female,Gen Z,one_and_done,1,1,2026-03-30,2026-03-30
4247,Female,Millennial,one_and_done,1,1,2026-02-27,2026-02-27
4248,Male,Boomer,regular,1,12,2025-10-12,2026-06-12
4249,Male,Gen X,loyal,1,24,2025-08-06,2026-06-11
4250,Male,Gen Z,one_and_done,1,1,2026-02-25,2026-02-25
4251,Male,Millennial,regular,5,21,2025-08-17,2026-06-17
4252,Male,Gen Z,one_and_done,1,1,2025-09-06,2025-09-06
4253,Male,Gen Z,regular,4,15,2025-07-05,2026-06-02
4254,Female,Boomer,occasional,4,3,2025-10-24,2026-04-04
4255,Male,Gen Z,one_and_done,1,1,2025-12-18,2025-12-18
4256,Male,Gen X,regular,5,16,2025-07-02,2026-06-19
4257,Female,Millennial,one_and_done,1,1,2026-06-16,2026-06-16
4258,Female,Millennial,one_and_done,1,1,2026-02-27,2026-02-27
4259,Male,Gen X,regular,1,16,2025-07-30,2026-06-15
4260,Male,Millennial,one_and_done,1,1,2026-06-13,2026-06-13
4261,Male,Gen X,occasional,9,5,2025-07-18,2026-04-05
4262,Male,Gen Z,loyal,3,22,2025-07-31,2026-06-20
4263,Male,Millennial,regular,1,21,2025-07-03,2026-06-12
4264,Male,Gen Z,regular,1,15,2025-07-03,2026-06-14
4265,Male,Gen Z,one_and_done,1,1,2025-09-08,2025-09-08
4266,Male,Millennial,occasional,1,7,2025-07-09,2026-06-13
4267,Male,Millennial,occasional,4,7,2025-07-11,2026-06-12
4268,Female,Boomer,loyal,2,15,2025-07-21,2026-04-28
4269,Female,Millennial,one_and_done,3,1,2025-09-03,2025-09-03
4270,Female,Millennial,one_and_done,1,1,2025-09-07,2025-09-07
4271,Male,Millennial,occasional,3,7,2025-09-16,2026-06-13
4272,Male,Gen X,occasional,2,5,2025-09-18,2026-06-18
4273,Female,Gen X,regular,1,15,2025-07-11,2026-05-22
4274,Male,Gen Z,one_and_done,1,1,2025-07-02,2025-07-02
4275,Male,Millennial,regular,2,21,2025-07-03,2026-06-10
4276,Female,Millennial,loyal,2,26,2025-06-30,2026-06-16
4277,Female,Millennial,one_and_done,2,1,2025-11-28,2025-11-28
4278,Male,Boomer,one_and_done,1,1,2025-12-22,2025-12-22
4279,Female,Boomer,one_and_done,4,1,2025-08-02,2025-08-02
4280,Male,Gen Z,regular,1,15,2025-07-14,2026-05-05
4281,Male,Millennial,one_and_done,1,1,2025-12-31,2025-12-31
4282,Male,Gen X,one_and_done,1,1,2025-12-10,2025-12-10
4283,Male,Gen Z,one_and_done,5,1,2025-08-22,2025-08-22
4284,Male,Gen X,one_and_done,1,1,2025-09-01,2025-09-01
4285,Male,Gen Z,regular,1,15,2025-07-11,2026-05-06
4286,Male,Gen Z,regular,4,15,2025-08-23,2026-05-08
4287,Female,Gen X,regular,1,15,2025-07-09,2026-06-05
4288,Male,Millennial,one_and_done,1,1,2025-10-15,2025-10-15
4289,Male,Boomer,regular,2,12,2025-08-04,2026-05-21
4290,Male,Gen Z,loyal,1,22,2025-07-15,2026-06-23
4291,Male,Gen Z,occasional,1,5,2025-07-05,2026-01-30
4292,Male,Gen X,regular,1,16,2025-07-08,2026-05-12
4293,Male,Millennial,one_and_done,1,1,2025-10-03,2025-10-03
4294,Male,Millennial,occasional,4,7,2025-07-11,2026-04-18
4295,Male,Gen X,one_and_done,1,1,2026-02-20,2026-02-20
4296,Female,Millennial,occasional,4,6,2025-10-17,2026-05-12
4297,Female,Gen Z,occasional,1,4,2025-08-13,2026-04-07
4298,Male,Gen X,one_and_done,1,1,2026-04-26,2026-04-26
4299,Male,Millennial,regular,1,21,2025-07-01,2026-06-22
4300,Male,Gen Z,one_and_done,1,1,2025-07-26,2025-07-26
4301,Male,Gen Z,loyal,7,22,2025-06-30,2026-06-18
4302,Male,Gen X,one_and_done,1,1,2025-07-26,2025-07-26
4303,Male,Gen X,occasional,5,5,2025-11-20,2026-06-19
4304,Female,Millennial,regular,1,18,2025-09-10,2026-06-17
4305,Female,Gen Z,occasional,2,4,2025-07-31,2026-04-04
4306,Female,Gen X,one_and_done,1,1,2025-10-18,2025-10-18
4307,Male,Millennial,one_and_done,4,1,2025-09-04,2025-09-04
4308,Male,Gen X,occasional,3,5,2025-07-25,2026-06-02
4309,Male,Millennial,one_and_done,2,1,2026-01-12,2026-01-12
4310,Male,Millennial,occasional,1,7,2025-07-12,2026-06-05
4311,Female,Gen Z,one_and_done,1,1,2025-12-31,2025-12-31
4312,Male,Gen Z,regular,1,15,2025-06-30,2026-05-29
4313,Female,Millennial,regular,9,18,2025-07-03,2026-06-19
4314,Male,Gen Z,regular,2,15,2025-07-01,2026-05-11
4315,Male,Millennial,regular,3,21,2025-08-08,2026-06-15
4316,Female,Gen Z,one_and_done,1,1,2025-10-24,2025-10-24
4317,Male,Gen X,one_and_done,1,1,2025-11-24,2025-11-24
4318,Female,Gen Z,occasional,2,4,2025-07-26,2026-06-06
4319,Male,Millennial,one_and_done,1,1,2026-04-20,2026-04-20
4320,Female,Boomer,occasional,5,3,2025-09-20,2026-02-14
4321,Male,Boomer,regular,2,12,2025-07-07,2026-05-17
4322,Male,Millennial,one_and_done,7,1,2025-10-30,2025-10-30
4323,Female,Millennial,one_and_done,1,1,2026-02-26,2026-02-26
4324,Male,Millennial,regular,2,21,2025-07-18,2026-06-02
4325,Male,Millennial,occasional,1,7,2025-07-19,2026-05-17
4326,Male,Gen Z,one_and_done,1,1,2026-02-14,2026-02-14
4327,Male,Millennial,loyal,1,30,2025-07-09,2026-06-19
4328,Male,Millennial,loyal,2,30,2025-07-09,2026-05-24
4329,Female,Millennial,one_and_done,2,1,2026-02-10,2026-02-10
4330,Male,Gen Z,one_and_done,1,1,2025-12-26,2025-12-26
4331,Male,Boomer,one_and_done,1,1,2025-07-28,2025-07-28
4332,Male,Gen Z,occasional,4,5,2025-08-21,2026-02-26
4333,Male,Millennial,occasional,5,7,2025-07-08,2026-03-09
4334,Female,Millennial,one_and_done,2,1,2025-09-18,2025-09-18
4335,Female,Gen X,occasional,4,5,2025-08-30,2026-05-29
4336,Male,Millennial,one_and_done,1,1,2025-08-26,2025-08-26
4337,Female,Boomer,regular,2,10,2025-08-07,2026-05-15
4338,Female,Gen X,one_and_done,2,1,2025-12-17,2025-12-17
4339,Male,Gen Z,one_and_done,1,1,2025-11-17,2025-11-17
4340,Male,Gen Z,loyal,1,22,2025-07-18,2026-06-10
4341,Male,Boomer,one_and_done,1,1,2025-10-03,2025-10-03
4342,Male,Millennial,loyal,3,30,2025-07-02,2026-06-22
4343,Male,Millennial,one_and_done,1,1,2025-08-10,2025-08-10
4344,Male,Millennial,one_and_done,6,1,2025-10-24,2025-10-24
4345,Male,Boomer,one_and_done,3,1,2025-07-26,2025-07-26
4346,Female,Millennial,loyal,6,26,2025-07-15,2026-06-13
4347,Male,Millennial,one_and_done,1,1,2026-04-21,2026-04-21
4348,Male,Millennial,one_and_done,1,1,2025-07-05,2025-07-05
4349,Male,Gen X,one_and_done,3,1,2026-05-03,2026-05-03
4350,Male,Millennial,regular,1,21,2025-09-06,2026-05-29
4351,Female,Millennial,one_and_done,3,1,2026-01-12,2026-01-12
4352,Female,Boomer,loyal,2,15,2025-07-06,2026-05-19
4353,Male,Millennial,occasional,1,7,2025-09-26,2026-06-12
4354,Male,Millennial,occasional,1,7,2025-07-10,2026-05-15
4355,Female,Gen Z,one_and_done,1,1,2025-07-29,2025-07-29
4356,Male,Boomer,one_and_done,1,1,2026-03-06,2026-03-06
4357,Male,Millennial,one_and_done,3,1,2025-08-21,2025-08-21
4358,Female,Millennial,occasional,1,6,2025-11-06,2026-05-16
4359,Male,Millennial,regular,5,21,2025-07-27,2026-06-13
4360,Male,Millennial,loyal,1,30,2025-07-22,2026-06-20
4361,Male,Gen Z,regular,1,15,2025-07-12,2026-05-02
4362,Male,Millennial,occasional,1,7,2025-07-28,2026-04-16
4363,Male,Millennial,one_and_done,1,1,2025-11-17,2025-11-17
4364,Female,Millennial,occasional,1,6,2026-01-23,2026-06-13
4365,Female,Gen Z,one_and_done,1,1,2025-10-21,2025-10-21
4366,Male,Gen X,one_and_done,6,1,2026-05-05,2026-05-05
4367,Female,Millennial,occasional,2,6,2025-08-31,2026-05-26
4368,Female,Boomer,regular,3,10,2025-07-04,2026-06-05
4369,Male,Millennial,loyal,4,30,2025-07-19,2026-06-13
4370,Male,Gen X,one_and_done,4,1,2026-01-20,2026-01-20
4371,Female,Millennial,occasional,1,6,2025-06-30,2026-05-31
4372,Male,Gen X,occasional,3,5,2025-10-09,2026-04-27
4373,Male,Millennial,regular,3,21,2025-07-16,2026-06-12
4374,Male,Gen X,one_and_done,1,1,2025-12-05,2025-12-05
4375,Male,Gen Z,one_and_done,1,1,2026-03-01,2026-03-01
4376,Male,Millennial,one_and_done,2,1,2026-02-22,2026-02-22
4377,Female,Gen X,regular,1,15,2025-07-02,2026-06-23
4378,Male,Millennial,one_and_done,3,1,2026-02-18,2026-02-18
4379,Male,Gen Z,loyal,1,22,2025-07-04,2026-06-23
4380,Male,Millennial,one_and_done,2,1,2026-02-21,2026-02-21
4381,Female,Millennial,regular,2,18,2025-07-23,2026-06-22
4382,Male,Millennial,loyal,9,30,2025-07-05,2026-06-23
4383,Male,Millennial,occasional,3,7,2025-09-25,2026-05-22
4384,Male,Millennial,regular,1,21,2025-07-10,2026-06-18
4385,Male,Millennial,one_and_done,1,1,2025-10-14,2025-10-14
4386,Female,Millennial,occasional,3,6,2025-11-27,2026-06-05
4387,Female,Millennial,regular,6,18,2025-07-11,2026-06-08
4388,Female,Millennial,one_and_done,6,1,2026-03-14,2026-03-14
4389,Female,Millennial,regular,7,18,2025-07-02,2026-05-28
4390,Female,Millennial,one_and_done,1,1,2026-06-14,2026-06-14
4391,Male,Gen X,occasional,1,5,2025-07-26,2026-05-18
4392,Male,Millennial,loyal,3,30,2025-07-01,2026-06-21
4393,Female,Gen X,loyal,2,22,2025-07-01,2026-05-28
4394,Female,Millennial,occasional,4,6,2025-07-12,2026-06-15
4395,Female,Gen X,occasional,1,5,2025-07-25,2026-05-13
4396,Male,Millennial,occasional,1,7,2025-09-06,2026-02-01
4397,Male,Millennial,one_and_done,1,1,2025-10-14,2025-10-14
4398,Male,Millennial,regular,2,21,2025-08-19,2026-06-22
4399,Male,Millennial,one_and_done,3,1,2025-09-25,2025-09-25
4400,Male,Gen Z,regular,1,15,2025-07-11,2026-05-09
4401,Male,Millennial,occasional,3,7,2025-08-06,2026-02-17
4402,Female,Boomer,one_and_done,1,1,2026-06-23,2026-06-23
4403,Male,Millennial,regular,3,21,2025-08-16,2026-06-11
4404,Male,Millennial,one_and_done,3,1,2025-10-11,2025-10-11
4405,Male,Gen X,regular,1,16,2025-08-31,2026-06-22
4406,Male,Millennial,occasional,2,7,2025-09-12,2026-04-03
4407,Female,Boomer,occasional,2,3,2025-11-25,2026-02-18
4408,Male,Millennial,one_and_done,1,1,2026-02-07,2026-02-07
4409,Female,Gen Z,occasional,6,4,2025-11-07,2026-04-30
4410,Male,Millennial,one_and_done,1,1,2025-09-11,2025-09-11
4411,Female,Millennial,occasional,1,6,2025-07-29,2026-04-26
4412,Male,Gen Z,one_and_done,5,1,2026-01-28,2026-01-28
4413,Male,Millennial,regular,1,21,2025-07-09,2026-06-13
4414,Female,Millennial,occasional,2,6,2025-08-08,2026-04-15
4415,Female,Millennial,one_and_done,2,1,2025-11-13,2025-11-13
4416,Male,Gen X,one_and_done,6,1,2025-09-02,2025-09-02
4417,Male,Millennial,one_and_done,2,1,2026-05-31,2026-05-31
4418,Male,Gen Z,loyal,3,22,2025-07-08,2026-06-14
4419,Female,Boomer,occasional,5,3,2025-08-04,2026-05-29
4420,Female,Millennial,regular,4,18,2025-06-30,2026-06-15
4421,Male,Gen Z,occasional,1,5,2025-08-20,2026-04-14
4422,Male,Gen Z,loyal,1,22,2025-07-07,2026-05-27
4423,Female,Gen X,one_and_done,1,1,2026-06-19,2026-06-19
4424,Male,Boomer,one_and_done,1,1,2025-10-15,2025-10-15
4425,Female,Gen X,one_and_done,1,1,2026-06-18,2026-06-18
4426,Male,Gen X,one_and_done,7,1,2025-12-03,2025-12-03
4427,Female,Gen Z,occasional,3,4,2025-07-21,2026-06-10
4428,Female,Millennial,occasional,6,6,2025-07-31,2026-02-10
4429,Female,Boomer,loyal,1,15,2025-07-05,2026-06-18
4430,Male,Millennial,occasional,3,7,2025-08-23,2026-05-18
4431,Female,Millennial,occasional,6,6,2025-08-19,2026-05-12
4432,Female,Millennial,regular,1,18,2025-07-14,2026-06-21
4433,Female,Millennial,one_and_done,1,1,2025-09-26,2025-09-26
4434,Male,Millennial,one_and_done,1,1,2025-08-30,2025-08-30
4435,Male,Gen X,one_and_done,7,1,2025-08-07,2025-08-07
4436,Male,Millennial,one_and_done,2,1,2025-09-16,2025-09-16
4437,Female,Millennial,regular,2,18,2025-06-30,2026-06-23
4438,Male,Millennial,occasional,1,7,2025-07-13,2026-02-02
4439,Male,Gen Z,regular,1,15,2025-08-13,2026-06-19
4440,Male,Gen Z,occasional,1,5,2025-08-29,2026-05-16
4441,Male,Gen Z,loyal,4,22,2025-07-21,2026-06-05
4442,Female,Gen X,one_and_done,3,1,2025-08-13,2025-08-13
4443,Male,Boomer,one_and_done,9,1,2026-02-27,2026-02-27
4444,Male,Millennial,occasional,1,7,2025-11-07,2026-05-15
4445,Male,Millennial,occasional,1,7,2025-08-13,2026-04-02
4446,Male,Millennial,one_and_done,5,1,2025-07-31,2025-07-31
4447,Male,Gen Z,regular,1,15,2025-08-29,2026-06-19
4448,Male,Gen Z,loyal,3,22,2025-08-18,2026-06-08
4449,Female,Gen X,one_and_done,1,1,2025-08-22,2025-08-22
4450,Female,Gen Z,one_and_done,1,1,2025-08-20,2025-08-20
4451,Female,Boomer,occasional,4,3,2025-07-02,2026-01-30
4452,Male,Gen Z,one_and_done,1,1,2025-08-22,2025-08-22
4453,Female,Gen X,occasional,1,5,2025-08-26,2026-06-19
4454,Male,Millennial,one_and_done,3,1,2026-03-23,2026-03-23
4455,Female,Gen Z,loyal,1,19,2025-06-30,2026-06-09
4456,Male,Millennial,loyal,1,30,2025-07-07,2026-06-06
4457,Male,Millennial,one_and_done,3,1,2026-03-13,2026-03-13
4458,Male,Millennial,regular,1,21,2025-07-17,2026-06-04
4459,Male,Millennial,one_and_done,1,1,2026-06-11,2026-06-11
4460,Female,Gen X,loyal,4,22,2025-07-08,2026-06-17
4461,Female,Boomer,loyal,1,15,2025-07-17,2026-06-23
4462,Male,Millennial,occasional,3,7,2025-08-03,2026-03-24
4463,Male,Millennial,one_and_done,1,1,2026-06-14,2026-06-14
4464,Male,Millennial,one_and_done,2,1,2025-07-17,2025-07-17
4465,Male,Millennial,regular,2,21,2025-07-03,2026-06-22
4466,Male,Boomer,one_and_done,2,1,2025-09-08,2025-09-08
4467,Male,Boomer,one_and_done,2,1,2026-06-03,2026-06-03
4468,Female,Gen X,occasional,1,5,2025-07-03,2026-02-22
4469,Male,Millennial,occasional,1,7,2025-07-24,2026-06-09
4470,Male,Millennial,one_and_done,2,1,2025-12-19,2025-12-19
4471,Female,Millennial,one_and_done,4,1,2025-07-18,2025-07-18
4472,Male,Millennial,one_and_done,1,1,2025-11-24,2025-11-24
4473,Male,Boomer,occasional,5,4,2026-02-07,2026-05-26
4474,Female,Gen X,one_and_done,1,1,2025-11-10,2025-11-10
4475,Female,Boomer,occasional,6,3,2025-07-03,2026-05-29
4476,Female,Gen X,one_and_done,3,1,2026-03-30,2026-03-30
4477,Female,Millennial,one_and_done,6,1,2026-03-07,2026-03-07
4478,Male,Gen X,one_and_done,5,1,2026-03-17,2026-03-17
4479,Female,Millennial,loyal,3,26,2025-07-10,2026-06-09
4480,Male,Millennial,one_and_done,1,1,2026-06-13,2026-06-13
4481,Male,Millennial,one_and_done,1,1,2026-04-11,2026-04-11
4482,Male,Gen Z,one_and_done,1,1,2025-07-15,2025-07-15
4483,Female,Millennial,occasional,4,6,2025-07-24,2026-05-20
4484,Female,Millennial,occasional,1,6,2025-07-11,2026-02-09
4485,Male,Millennial,loyal,3,30,2025-07-08,2026-06-09
4486,Male,Millennial,one_and_done,1,1,2026-05-30,2026-05-30
4487,Female,Gen Z,one_and_done,1,1,2026-01-12,2026-01-12
4488,Male,Millennial,one_and_done,10,1,2025-08-02,2025-08-02
4489,Female,Millennial,regular,5,18,2025-07-03,2026-06-17
4490,Male,Millennial,occasional,2,7,2025-08-02,2026-06-15
4491,Male,Gen Z,regular,7,15,2025-08-02,2026-06-18
4492,Female,Gen X,occasional,6,5,2025-10-16,2026-03-23
4493,Male,Millennial,one_and_done,5,1,2026-06-05,2026-06-05
4494,Male,Millennial,loyal,1,30,2025-07-06,2026-06-13
4495,Male,Gen Z,occasional,2,5,2025-07-21,2026-06-08
4496,Male,Millennial,one_and_done,1,1,2025-08-22,2025-08-22
4497,Female,Millennial,one_and_done,3,1,2025-10-13,2025-10-13
4498,Female,Millennial,regular,2,18,2025-07-01,2026-06-12
4499,Male,Millennial,regular,2,21,2025-07-30,2026-05-28
4500,Female,Millennial,one_and_done,4,1,2025-12-03,2025-12-03
4501,Male,Millennial,loyal,4,30,2025-07-10,2026-06-19
4502,Male,Millennial,one_and_done,6,1,2026-01-02,2026-01-02
4503,Male,Millennial,one_and_done,1,1,2025-09-25,2025-09-25
4504,Female,Boomer,occasional,2,3,2025-07-18,2026-05-26
4505,Male,Gen X,occasional,6,5,2025-10-15,2026-03-08
4506,Female,Gen X,one_and_done,1,1,2026-06-06,2026-06-06
4507,Female,Gen X,one_and_done,6,1,2025-07-30,2025-07-30
4508,Male,Gen Z,one_and_done,1,1,2025-09-12,2025-09-12
4509,Male,Millennial,one_and_done,1,1,2025-12-03,2025-12-03
4510,Male,Millennial,occasional,3,7,2025-07-05,2026-06-05
4511,Female,Millennial,one_and_done,3,1,2025-09-15,2025-09-15
4512,Male,Millennial,one_and_done,7,1,2025-11-08,2025-11-08
4513,Male,Millennial,occasional,6,7,2025-08-25,2026-02-13
4514,Male,Millennial,occasional,1,7,2025-08-10,2026-03-09
4515,Male,Gen Z,occasional,2,5,2025-09-23,2026-05-21
4516,Female,Millennial,occasional,1,6,2025-07-12,2026-06-03
4517,Female,Gen X,one_and_done,1,1,2026-02-05,2026-02-05
4518,Male,Gen Z,regular,1,15,2025-08-13,2026-06-22
4519,Male,Millennial,regular,1,21,2025-08-11,2026-06-02
4520,Female,Gen X,one_and_done,1,1,2026-06-23,2026-06-23
4521,Male,Boomer,one_and_done,1,1,2025-07-12,2025-07-12
4522,Male,Millennial,occasional,5,7,2025-07-05,2026-03-14
4523,Male,Millennial,one_and_done,8,1,2025-11-19,2025-11-19
4524,Male,Millennial,occasional,2,7,2025-08-29,2026-05-11
4525,Male,Millennial,loyal,6,30,2025-07-23,2026-06-06
4526,Female,Gen Z,one_and_done,1,1,2025-10-25,2025-10-25
4527,Female,Millennial,regular,3,18,2025-07-01,2026-06-16
4528,Male,Millennial,one_and_done,1,1,2026-03-13,2026-03-13
4529,Female,Millennial,occasional,3,6,2025-06-30,2026-04-17
4530,Male,Gen X,regular,1,16,2025-08-01,2026-04-21
4531,Male,Millennial,one_and_done,2,1,2025-11-10,2025-11-10
4532,Male,Gen Z,regular,1,15,2025-07-12,2026-05-23
4533,Male,Gen Z,loyal,1,22,2025-08-25,2026-06-13
4534,Female,Millennial,regular,1,18,2025-07-08,2026-06-06
4535,Male,Gen X,one_and_done,1,1,2025-07-08,2025-07-08
4536,Male,Millennial,regular,3,21,2025-07-30,2026-06-13
4537,Male,Gen X,regular,1,16,2025-07-03,2026-05-24
4538,Male,Gen Z,occasional,2,5,2025-07-09,2026-05-12
4539,Female,Gen Z,one_and_done,1,1,2026-04-05,2026-04-05
4540,Female,Gen Z,regular,2,13,2025-06-30,2026-05-30
4541,Male,Millennial,one_and_done,1,1,2026-06-11,2026-06-11
4542,Male,Millennial,one_and_done,6,1,2025-07-24,2025-07-24
4543,Male,Gen Z,one_and_done,4,1,2026-01-01,2026-01-01
4544,Male,Boomer,loyal,1,17,2025-07-09,2026-06-09
4545,Female,Gen Z,one_and_done,1,1,2025-11-18,2025-11-18
4546,Female,Gen Z,one_and_done,10,1,2025-07-11,2025-07-11
4547,Male,Millennial,regular,1,21,2025-08-02,2026-06-20
4548,Male,Gen X,one_and_done,1,1,2026-05-27,2026-05-27
4549,Male,Millennial,one_and_done,3,1,2025-07-07,2025-07-07
4550,Male,Millennial,one_and_done,6,1,2025-07-22,2025-07-22
4551,Female,Millennial,one_and_done,2,1,2026-06-10,2026-06-10
4552,Male,Gen Z,occasional,4,5,2025-09-11,2026-05-19
4553,Male,Millennial,one_and_done,2,1,2026-03-21,2026-03-21
4554,Male,Gen X,one_and_done,2,1,2025-11-28,2025-11-28
4555,Male,Millennial,occasional,2,7,2025-07-23,2026-04-26
4556,Male,Millennial,one_and_done,1,1,2026-01-04,2026-01-04
4557,Male,Millennial,one_and_done,1,1,2025-07-20,2025-07-20
4558,Male,Millennial,occasional,1,7,2025-08-14,2026-03-10
4559,Female,Gen Z,regular,1,13,2025-08-15,2026-06-20
4560,Male,Boomer,occasional,5,4,2025-09-21,2026-02-19
4561,Female,Gen Z,regular,9,13,2025-07-12,2026-06-17
4562,Female,Millennial,regular,1,18,2025-06-30,2026-06-22
4563,Male,Millennial,occasional,5,7,2025-07-22,2026-06-14
4564,Female,Gen X,occasional,2,5,2025-09-29,2026-06-10
4565,Male,Millennial,regular,1,21,2025-07-09,2026-06-22
4566,Female,Gen Z,loyal,5,19,2025-07-03,2026-06-05
4567,Female,Gen Z,one_and_done,1,1,2025-09-05,2025-09-05
4568,Male,Gen Z,loyal,1,22,2025-07-27,2026-06-03
4569,Male,Gen Z,occasional,3,5,2025-07-18,2026-01-28
4570,Male,Millennial,occasional,1,7,2025-08-19,2026-05-15
4571,Male,Millennial,one_and_done,3,1,2026-06-07,2026-06-07
4572,Male,Millennial,occasional,1,7,2025-08-07,2026-05-27
4573,Male,Millennial,one_and_done,8,1,2026-01-22,2026-01-22
4574,Male,Gen X,one_and_done,4,1,2025-08-18,2025-08-18
4575,Female,Gen Z,occasional,4,4,2025-10-23,2026-05-02
4576,Male,Gen Z,one_and_done,1,1,2026-04-16,2026-04-16
4577,Male,Millennial,occasional,2,7,2025-07-03,2026-05-06
4578,Female,Gen Z,one_and_done,1,1,2026-02-18,2026-02-18
4579,Male,Millennial,regular,1,21,2025-07-03,2026-06-18
4580,Male,Gen Z,occasional,1,5,2025-08-22,2026-06-07
4581,Male,Millennial,one_and_done,3,1,2025-11-11,2025-11-11
4582,Female,Millennial,one_and_done,2,1,2025-07-15,2025-07-15
4583,Male,Gen Z,one_and_done,1,1,2025-11-28,2025-11-28
4584,Female,Millennial,one_and_done,1,1,2026-04-17,2026-04-17
4585,Male,Millennial,loyal,1,30,2025-08-08,2026-06-19
4586,Male,Millennial,one_and_done,1,1,2026-02-24,2026-02-24
4587,Male,Millennial,occasional,3,7,2025-08-27,2026-06-12
4588,Male,Millennial,occasional,10,7,2025-08-18,2026-06-12
4589,Male,Gen X,one_and_done,1,1,2025-10-01,2025-10-01
4590,Female,Gen Z,occasional,1,4,2026-01-29,2026-03-12
4591,Male,Boomer,one_and_done,2,1,2026-01-29,2026-01-29
4592,Male,Millennial,one_and_done,2,1,2025-08-15,2025-08-15
4593,Male,Millennial,occasional,10,7,2025-07-20,2026-03-21
4594,Male,Gen Z,regular,1,15,2025-07-04,2026-03-29
4595,Female,Millennial,regular,2,18,2025-07-22,2026-06-19
4596,Male,Millennial,one_and_done,6,1,2025-09-30,2025-09-30
4597,Male,Gen X,loyal,1,24,2025-07-12,2026-06-16
4598,Female,Millennial,regular,1,18,2025-07-14,2026-05-15
4599,Male,Millennial,regular,1,21,2025-09-25,2026-06-06
4600,Female,Millennial,regular,7,18,2025-07-07,2026-06-23
4601,Male,Millennial,one_and_done,1,1,2025-08-29,2025-08-29
4602,Female,Gen Z,regular,1,13,2025-08-27,2026-06-22
4603,Female,Gen Z,loyal,2,19,2025-06-30,2026-06-21
4604,Female,Millennial,regular,1,18,2025-07-18,2026-06-23
4605,Male,Millennial,one_and_done,1,1,2026-05-30,2026-05-30
4606,Male,Gen X,one_and_done,1,1,2026-06-12,2026-06-12
4607,Male,Gen Z,one_and_done,1,1,2025-10-17,2025-10-17
4608,Female,Millennial,regular,3,18,2025-07-22,2026-06-15
4609,Male,Gen X,regular,2,16,2025-08-03,2026-06-01
4610,Female,Millennial,regular,1,18,2025-07-14,2026-06-13
4611,Male,Gen X,occasional,1,5,2025-07-05,2026-05-27
4612,Male,Gen Z,occasional,4,5,2025-07-14,2026-03-14
4613,Male,Millennial,one_and_done,3,1,2026-04-01,2026-04-01
4614,Male,Millennial,one_and_done,1,1,2026-05-05,2026-05-05
4615,Male,Gen Z,one_and_done,1,1,2025-07-25,2025-07-25
4616,Female,Gen Z,one_and_done,6,1,2026-01-18,2026-01-18
4617,Male,Millennial,occasional,7,7,2025-07-01,2026-04-05
4618,Male,Gen Z,occasional,1,5,2025-07-12,2026-01-14
4619,Male,Gen Z,occasional,6,5,2025-10-09,2026-06-14
4620,Female,Gen Z,occasional,6,4,2025-08-13,2026-06-08
4621,Female,Millennial,regular,4,18,2025-08-11,2026-06-16
4622,Male,Millennial,one_and_done,2,1,2026-03-28,2026-03-28
4623,Male,Millennial,one_and_done,1,1,2026-02-20,2026-02-20
4624,Male,Millennial,regular,1,21,2025-07-28,2026-06-16
4625,Male,Gen Z,regular,1,15,2025-07-22,2026-06-23
4626,Male,Gen X,one_and_done,1,1,2026-05-05,2026-05-05
4627,Male,Gen Z,loyal,1,22,2025-07-04,2026-06-10
4628,Female,Millennial,one_and_done,5,1,2025-07-20,2025-07-20
4629,Female,Millennial,occasional,1,6,2025-09-07,2026-06-11
4630,Female,Millennial,one_and_done,2,1,2026-05-16,2026-05-16
4631,Female,Millennial,occasional,1,6,2025-09-04,2026-05-19
4632,Female,Gen Z,one_and_done,7,1,2025-07-25,2025-07-25
4633,Male,Gen X,occasional,9,5,2025-07-19,2025-12-06
4634,Male,Millennial,one_and_done,3,1,2026-01-05,2026-01-05
4635,Male,Millennial,regular,4,21,2025-07-18,2026-05-30
4636,Male,Millennial,one_and_done,1,1,2026-06-13,2026-06-13
4637,Female,Millennial,loyal,1,26,2025-07-05,2026-06-10
4638,Male,Gen Z,regular,1,15,2025-07-13,2026-06-22
4639,Male,Gen X,one_and_done,4,1,2025-10-13,2025-10-13
4640,Male,Gen X,one_and_done,1,1,2025-07-17,2025-07-17
4641,Male,Millennial,loyal,1,30,2025-07-01,2026-06-05
4642,Male,Millennial,occasional,8,7,2025-07-10,2026-05-15
4643,Male,Millennial,regular,3,21,2025-07-06,2026-06-11
4644,Female,Gen Z,loyal,1,19,2025-07-03,2026-05-18
4645,Female,Millennial,regular,1,18,2025-08-07,2026-06-21
4646,Male,Millennial,one_and_done,1,1,2026-04-20,2026-04-20
4647,Female,Millennial,one_and_done,3,1,2025-10-11,2025-10-11
4648,Female,Boomer,one_and_done,1,1,2025-11-07,2025-11-07
4649,Female,Millennial,one_and_done,1,1,2025-10-04,2025-10-04
4650,Female,Boomer,one_and_done,2,1,2025-08-07,2025-08-07
4651,Female,Boomer,one_and_done,1,1,2026-04-18,2026-04-18
4652,Male,Gen Z,occasional,1,5,2025-10-27,2026-04-22
4653,Male,Gen Z,occasional,10,5,2025-07-04,2026-05-05
4654,Female,Gen X,occasional,3,5,2025-07-01,2026-06-22
4655,Female,Gen X,occasional,2,5,2025-07-25,2025-12-27
4656,Male,Millennial,one_and_done,1,1,2025-12-15,2025-12-15
4657,Male,Millennial,occasional,1,7,2025-06-30,2026-06-18
4658,Female,Millennial,one_and_done,9,1,2025-08-13,2025-08-13
4659,Male,Gen X,one_and_done,3,1,2025-08-17,2025-08-17
4660,Female,Millennial,one_and_done,1,1,2025-09-27,2025-09-27
4661,Male,Millennial,one_and_done,1,1,2026-05-25,2026-05-25
4662,Male,Millennial,one_and_done,6,1,2026-02-19,2026-02-19
4663,Male,Gen X,loyal,1,24,2025-06-30,2026-06-05
4664,Male,Gen X,occasional,2,5,2025-07-11,2026-01-02
4665,Male,Millennial,regular,8,21,2025-08-17,2026-06-23
4666,Male,Millennial,regular,2,21,2025-07-16,2026-06-14
4667,Male,Millennial,one_and_done,6,1,2025-12-25,2025-12-25
4668,Female,Millennial,one_and_done,1,1,2025-07-03,2025-07-03
4669,Female,Millennial,regular,1,18,2025-07-31,2026-06-21
4670,Male,Gen Z,one_and_done,3,1,2025-08-01,2025-08-01
4671,Male,Millennial,one_and_done,1,1,2026-01-23,2026-01-23
4672,Male,Millennial,loyal,8,30,2025-08-28,2026-06-14
4673,Male,Gen Z,one_and_done,1,1,2025-07-16,2025-07-16
4674,Male,Millennial,one_and_done,9,1,2026-05-04,2026-05-04
4675,Female,Gen X,one_and_done,5,1,2025-12-08,2025-12-08
4676,Female,Gen X,regular,2,15,2025-07-05,2026-05-21
4677,Male,Millennial,occasional,1,7,2025-07-19,2025-12-14
4678,Female,Millennial,regular,1,18,2025-07-05,2026-06-20
4679,Male,Millennial,regular,2,21,2025-07-01,2026-05-19
4680,Male,Gen X,regular,3,16,2025-07-02,2026-05-11
4681,Female,Millennial,one_and_done,4,1,2026-05-07,2026-05-07
4682,Male,Gen X,occasional,3,5,2025-07-03,2026-02-13
4683,Male,Millennial,occasional,6,7,2025-07-28,2026-03-06
4684,Female,Millennial,one_and_done,2,1,2026-05-21,2026-05-21
4685,Female,Millennial,occasional,1,6,2025-08-12,2026-05-04
4686,Female,Boomer,regular,1,10,2025-08-12,2026-03-07
4687,Male,Millennial,regular,3,21,2025-07-01,2026-06-18
4688,Male,Millennial,one_and_done,1,1,2026-05-27,2026-05-27
4689,Male,Gen Z,one_and_done,1,1,2025-07-21,2025-07-21
4690,Male,Gen Z,one_and_done,7,1,2025-08-21,2025-08-21
4691,Male,Boomer,regular,3,12,2025-07-12,2026-06-20
4692,Male,Gen X,occasional,1,5,2025-07-26,2026-03-17
4693,Female,Gen X,one_and_done,4,1,2026-01-30,2026-01-30
4694,Male,Gen X,one_and_done,1,1,2025-08-17,2025-08-17
4695,Female,Gen X,loyal,10,22,2025-07-04,2026-06-14
4696,Female,Millennial,occasional,1,6,2025-09-21,2026-04-26
4697,Male,Millennial,loyal,4,30,2025-07-04,2026-06-07
4698,Female,Millennial,one_and_done,6,1,2026-02-27,2026-02-27
4699,Female,Boomer,occasional,2,3,2025-09-24,2026-05-06
4700,Female,Gen X,occasional,8,5,2025-07-31,2026-02-23
4701,Male,Millennial,occasional,2,7,2025-09-01,2026-05-04
4702,Male,Gen X,regular,2,16,2025-07-03,2026-06-20
4703,Female,Millennial,occasional,1,6,2025-10-31,2026-06-12
4704,Male,Millennial,regular,5,21,2025-07-30,2026-06-09
4705,Male,Millennial,one_and_done,4,1,2026-06-19,2026-06-19
4706,Male,Gen Z,one_and_done,1,1,2026-06-07,2026-06-07
4707,Female,Millennial,occasional,1,6,2025-09-03,2026-06-23
4708,Female,Gen Z,one_and_done,1,1,2026-01-01,2026-01-01
4709,Male,Millennial,regular,1,21,2025-07-25,2026-06-20
4710,Female,Millennial,occasional,1,6,2025-11-13,2026-06-08
4711,Male,Millennial,one_and_done,1,1,2025-10-24,2025-10-24
4712,Male,Millennial,one_and_done,1,1,2025-08-31,2025-08-31
4713,Female,Millennial,regular,3,18,2025-07-14,2026-06-22
4714,Male,Millennial,one_and_done,1,1,2025-12-27,2025-12-27
4715,Male,Millennial,one_and_done,3,1,2025-07-17,2025-07-17
4716,Male,Millennial,occasional,1,7,2025-07-24,2026-05-13
4717,Female,Millennial,occasional,1,6,2025-11-07,2026-05-16
4718,Male,Boomer,regular,1,12,2025-07-22,2026-06-11
4719,Male,Gen X,occasional,1,5,2025-08-05,2026-05-08
4720,Male,Millennial,one_and_done,1,1,2025-11-24,2025-11-24
4721,Male,Gen X,one_and_done,1,1,2026-04-10,2026-04-10
4722,Male,Gen Z,one_and_done,1,1,2025-10-12,2025-10-12
4723,Female,Boomer,occasional,5,3,2025-07-05,2026-06-23
4724,Male,Gen Z,one_and_done,8,1,2025-10-03,2025-10-03
4725,Male,Millennial,occasional,1,7,2025-07-03,2026-04-08
4726,Female,Gen X,one_and_done,1,1,2025-08-14,2025-08-14
4727,Male,Millennial,loyal,1,30,2025-07-26,2026-06-21
4728,Female,Gen Z,occasional,1,4,2026-05-26,2026-06-12
4729,Male,Gen Z,occasional,1,5,2025-08-10,2026-05-29
4730,Female,Boomer,loyal,8,15,2025-09-26,2026-06-21
4731,Male,Gen X,one_and_done,1,1,2025-07-11,2025-07-11
4732,Male,Millennial,regular,2,21,2025-07-13,2026-06-17
4733,Male,Gen X,one_and_done,1,1,2026-04-15,2026-04-15
4734,Male,Millennial,one_and_done,1,1,2025-08-04,2025-08-04
4735,Female,Millennial,one_and_done,7,1,2026-02-07,2026-02-07
4736,Male,Millennial,loyal,1,30,2025-08-24,2026-06-11
4737,Male,Millennial,one_and_done,1,1,2026-01-29,2026-01-29
4738,Female,Millennial,one_and_done,1,1,2025-07-31,2025-07-31
4739,Male,Gen Z,occasional,1,5,2025-07-12,2026-06-05
4740,Male,Gen X,regular,1,16,2025-07-22,2026-05-25
4741,Male,Gen Z,loyal,1,22,2025-07-21,2026-04-15
4742,Male,Millennial,occasional,1,7,2025-07-29,2026-05-28
4743,Female,Gen X,loyal,3,22,2025-07-19,2026-05-27
4744,Male,Gen X,occasional,5,5,2025-07-15,2026-03-20
4745,Male,Millennial,loyal,1,30,2025-07-04,2026-06-03
4746,Female,Millennial,occasional,1,6,2025-07-18,2026-03-31
4747,Female,Gen Z,one_and_done,2,1,2026-03-05,2026-03-05
4748,Male,Gen Z,regular,3,15,2025-08-06,2026-06-18
4749,Female,Gen X,occasional,8,5,2025-09-06,2026-04-06
4750,Female,Millennial,loyal,4,26,2025-07-21,2026-06-04
4751,Male,Gen Z,one_and_done,5,1,2026-04-11,2026-04-11
4752,Female,Gen Z,one_and_done,1,1,2026-06-04,2026-06-04
4753,Male,Gen Z,regular,6,15,2025-07-10,2026-06-08
4754,Female,Millennial,occasional,2,6,2025-08-28,2026-06-11
4755,Male,Gen Z,regular,7,15,2025-07-18,2026-06-22
4756,Female,Millennial,regular,4,18,2025-08-14,2026-06-08
4757,Male,Millennial,occasional,8,7,2025-08-22,2026-04-10
4758,Male,Millennial,occasional,2,7,2025-07-14,2026-02-08
4759,Male,Millennial,loyal,1,30,2025-07-03,2026-06-19
4760,Female,Millennial,occasional,3,6,2025-08-10,2026-04-16
4761,Male,Gen Z,one_and_done,4,1,2026-03-02,2026-03-02
4762,Male,Gen Z,loyal,2,22,2025-07-04,2026-06-20
4763,Male,Millennial,regular,1,21,2025-07-06,2026-06-23
4764,Male,Gen Z,one_and_done,2,1,2026-01-24,2026-01-24
4765,Male,Gen Z,regular,1,15,2025-07-03,2026-06-03
4766,Male,Gen Z,regular,1,15,2025-08-06,2026-06-19
4767,Male,Millennial,occasional,1,7,2025-08-05,2026-05-26
4768,Female,Gen Z,loyal,1,19,2025-07-23,2026-05-18
4769,Female,Millennial,occasional,3,6,2025-08-28,2026-06-16
4770,Female,Gen Z,one_and_done,1,1,2026-03-28,2026-03-28
4771,Female,Millennial,occasional,2,6,2025-11-15,2026-06-18
4772,Male,Boomer,one_and_done,5,1,2025-12-19,2025-12-19
4773,Male,Gen X,occasional,8,5,2025-09-11,2026-06-16
4774,Female,Gen X,one_and_done,2,1,2025-09-14,2025-09-14
4775,Female,Gen Z,regular,1,13,2025-07-10,2026-04-05
4776,Male,Millennial,occasional,1,7,2025-07-10,2026-05-23
4777,Male,Gen X,regular,7,16,2025-07-10,2026-05-16
4778,Female,Gen X,one_and_done,1,1,2026-05-06,2026-05-06
4779,Male,Millennial,occasional,3,7,2025-07-01,2026-06-13
4780,Male,Millennial,regular,1,21,2025-07-03,2026-06-11
4781,Male,Millennial,occasional,1,7,2025-07-11,2026-06-14
4782,Male,Millennial,occasional,1,7,2025-07-08,2026-05-29
4783,Male,Gen Z,one_and_done,8,1,2026-03-28,2026-03-28
4784,Male,Millennial,one_and_done,1,1,2025-08-22,2025-08-22
4785,Male,Millennial,occasional,1,7,2025-06-30,2026-05-20
4786,Male,Gen Z,one_and_done,2,1,2025-11-19,2025-11-19
4787,Male,Gen X,loyal,2,24,2025-07-02,2026-06-14
4788,Male,Millennial,one_and_done,1,1,2026-02-01,2026-02-01
4789,Male,Gen Z,one_and_done,1,1,2025-12-05,2025-12-05
4790,Male,Gen Z,occasional,1,5,2025-08-12,2026-02-07
4791,Male,Millennial,regular,2,21,2025-07-01,2026-06-05
4792,Female,Gen X,regular,5,15,2025-08-19,2026-06-18
4793,Male,Gen Z,one_and_done,2,1,2025-10-23,2025-10-23
4794,Female,Gen X,loyal,1,22,2025-08-07,2026-05-20
4795,Male,Millennial,one_and_done,2,1,2025-11-23,2025-11-23
4796,Male,Millennial,one_and_done,2,1,2026-01-23,2026-01-23
4797,Male,Boomer,regular,3,12,2025-07-02,2026-06-03
4798,Female,Boomer,one_and_done,10,1,2025-12-03,2025-12-03
4799,Male,Millennial,loyal,4,30,2025-06-30,2026-06-20
4800,Male,Gen Z,one_and_done,1,1,2025-11-24,2025-11-24
4801,Male,Gen X,one_and_done,1,1,2026-03-08,2026-03-08
4802,Male,Gen Z,one_and_done,1,1,2026-01-28,2026-01-28
4803,Male,Millennial,occasional,2,7,2025-09-07,2026-05-01
4804,Male,Gen Z,one_and_done,1,1,2025-07-24,2025-07-24
4805,Male,Gen X,one_and_done,7,1,2025-08-14,2025-08-14
4806,Male,Gen Z,occasional,3,5,2025-10-03,2026-06-15
4807,Female,Millennial,occasional,1,6,2025-07-22,2026-02-26
4808,Male,Millennial,regular,1,21,2025-08-18,2026-06-12
4809,Male,Gen Z,one_and_done,1,1,2025-11-22,2025-11-22
4810,Female,Millennial,occasional,1,6,2025-07-05,2026-06-01
4811,Male,Millennial,regular,1,21,2025-07-11,2026-06-13
4812,Male,Millennial,regular,2,21,2025-06-30,2026-05-14
4813,Male,Millennial,one_and_done,1,1,2026-01-07,2026-01-07
4814,Male,Millennial,loyal,10,30,2025-07-10,2026-06-21
4815,Female,Millennial,one_and_done,1,1,2025-07-09,2025-07-09
4816,Female,Millennial,regular,1,18,2025-07-21,2026-05-27
4817,Male,Millennial,one_and_done,1,1,2025-12-01,2025-12-01
4818,Male,Gen Z,one_and_done,1,1,2025-09-29,2025-09-29
4819,Male,Millennial,regular,1,21,2025-07-07,2026-05-28
4820,Male,Gen X,one_and_done,1,1,2025-07-16,2025-07-16
4821,Female,Millennial,one_and_done,1,1,2025-08-09,2025-08-09
4822,Male,Millennial,regular,1,21,2025-07-25,2026-05-10
4823,Female,Gen Z,regular,1,13,2025-08-22,2026-06-19
4824,Male,Gen Z,occasional,1,5,2025-07-10,2026-04-03
4825,Male,Gen X,occasional,4,5,2025-07-01,2026-01-06
4826,Male,Gen Z,occasional,2,5,2025-08-27,2026-03-28
4827,Male,Millennial,regular,8,21,2025-07-05,2026-06-05
4828,Male,Gen Z,regular,1,15,2025-07-05,2026-06-16
4829,Female,Millennial,regular,2,18,2025-07-19,2026-05-25
4830,Female,Gen Z,regular,2,13,2025-07-03,2026-06-22
4831,Male,Gen Z,one_and_done,1,1,2026-04-21,2026-04-21
4832,Male,Millennial,occasional,10,7,2025-07-23,2026-05-06
4833,Male,Gen X,one_and_done,1,1,2025-09-18,2025-09-18
4834,Male,Millennial,regular,1,21,2025-07-18,2026-06-23
4835,Female,Gen Z,loyal,6,19,2025-07-07,2026-06-06
4836,Male,Gen Z,occasional,1,5,2025-12-19,2026-02-23
4837,Male,Millennial,one_and_done,1,1,2025-12-23,2025-12-23
4838,Male,Millennial,occasional,1,7,2025-07-03,2026-01-29
4839,Male,Gen Z,one_and_done,3,1,2026-05-02,2026-05-02
4840,Male,Millennial,one_and_done,1,1,2026-02-17,2026-02-17
4841,Male,Millennial,occasional,1,7,2025-09-02,2026-06-05
4842,Female,Millennial,occasional,3,6,2025-07-23,2026-04-04
4843,Male,Boomer,one_and_done,4,1,2026-02-27,2026-02-27
4844,Male,Gen Z,one_and_done,1,1,2025-07-11,2025-07-11
4845,Male,Millennial,regular,1,21,2025-07-02,2026-06-14
4846,Male,Gen X,regular,1,16,2025-07-16,2026-06-08
4847,Male,Gen Z,loyal,1,22,2025-07-19,2026-05-23
4848,Female,Millennial,one_and_done,3,1,2026-05-30,2026-05-30
4849,Male,Boomer,occasional,4,4,2025-07-24,2026-05-24
4850,Female,Gen Z,one_and_done,1,1,2025-12-19,2025-12-19
4851,Male,Millennial,occasional,1,7,2025-09-08,2026-04-11
4852,Male,Gen Z,one_and_done,1,1,2026-06-08,2026-06-08
4853,Male,Gen Z,one_and_done,2,1,2026-03-14,2026-03-14
4854,Male,Millennial,regular,1,21,2025-07-02,2026-05-30
4855,Male,Gen Z,one_and_done,6,1,2025-07-05,2025-07-05
4856,Male,Gen Z,one_and_done,1,1,2026-01-26,2026-01-26
4857,Male,Gen Z,one_and_done,4,1,2026-03-25,2026-03-25
4858,Male,Gen Z,occasional,1,5,2025-12-20,2026-06-06
4859,Female,Gen Z,one_and_done,2,1,2025-07-11,2025-07-11
4860,Male,Gen X,one_and_done,3,1,2026-06-18,2026-06-18
4861,Male,Millennial,one_and_done,4,1,2025-12-20,2025-12-20
4862,Female,Gen Z,one_and_done,6,1,2025-11-20,2025-11-20
4863,Male,Millennial,regular,1,21,2025-07-28,2026-06-18
4864,Male,Millennial,regular,1,21,2025-06-30,2026-05-29
4865,Male,Gen X,one_and_done,3,1,2025-11-12,2025-11-12
4866,Male,Millennial,one_and_done,1,1,2025-07-26,2025-07-26
4867,Female,Millennial,one_and_done,7,1,2025-09-04,2025-09-04
4868,Female,Gen Z,one_and_done,1,1,2025-10-25,2025-10-25
4869,Female,Millennial,regular,1,18,2025-08-06,2026-06-22
4870,Male,Gen Z,regular,5,15,2025-07-18,2026-06-05
4871,Male,Gen Z,occasional,1,5,2025-07-04,2026-05-19
4872,Female,Gen Z,occasional,3,4,2025-11-04,2026-03-07
4873,Male,Millennial,occasional,5,7,2025-09-02,2026-06-18
4874,Female,Gen Z,one_and_done,1,1,2025-09-26,2025-09-26
4875,Male,Millennial,regular,1,21,2025-07-17,2026-05-11
4876,Male,Millennial,regular,1,21,2025-07-03,2026-06-22
4877,Male,Gen X,occasional,1,5,2025-07-05,2026-04-30
4878,Male,Gen Z,one_and_done,5,1,2025-08-27,2025-08-27
4879,Female,Gen Z,regular,2,13,2025-10-07,2026-06-12
4880,Male,Gen Z,one_and_done,5,1,2026-04-30,2026-04-30
4881,Female,Gen Z,regular,5,13,2025-07-25,2026-06-21
4882,Male,Gen Z,one_and_done,1,1,2025-08-27,2025-08-27
4883,Female,Boomer,one_and_done,1,1,2026-05-27,2026-05-27
4884,Male,Gen X,regular,4,16,2025-07-03,2026-05-18
4885,Male,Boomer,one_and_done,2,1,2026-06-17,2026-06-17
4886,Male,Gen Z,occasional,4,5,2025-10-10,2026-04-21
4887,Female,Gen Z,occasional,1,4,2025-07-01,2026-01-15
4888,Male,Millennial,one_and_done,1,1,2025-07-03,2025-07-03
4889,Male,Millennial,regular,3,21,2025-07-03,2026-05-29
4890,Male,Gen X,occasional,4,5,2025-08-14,2026-03-24
4891,Female,Millennial,one_and_done,2,1,2025-10-15,2025-10-15
4892,Female,Gen X,one_and_done,4,1,2026-04-27,2026-04-27
4893,Male,Gen Z,one_and_done,2,1,2025-08-25,2025-08-25
4894,Female,Millennial,loyal,1,26,2025-07-18,2026-06-11
4895,Male,Millennial,occasional,1,7,2025-07-19,2026-03-19
4896,Male,Millennial,one_and_done,9,1,2025-10-21,2025-10-21
4897,Male,Gen X,occasional,1,5,2025-08-02,2026-06-22
4898,Male,Boomer,occasional,2,4,2026-01-21,2026-03-22
4899,Male,Gen X,regular,3,16,2025-07-09,2026-05-12
4900,Female,Boomer,occasional,1,3,2025-08-02,2026-02-28
4901,Male,Millennial,occasional,1,7,2025-07-19,2026-03-29
4902,Female,Gen Z,occasional,1,4,2025-09-05,2026-06-19
4903,Male,Millennial,occasional,5,7,2025-07-03,2026-04-17
4904,Female,Millennial,regular,1,18,2025-07-04,2026-06-19
4905,Male,Gen Z,occasional,6,5,2025-09-09,2026-05-24
4906,Female,Millennial,one_and_done,1,1,2025-07-30,2025-07-30
4907,Male,Millennial,loyal,2,30,2025-06-30,2026-06-16
4908,Male,Millennial,occasional,1,7,2025-07-14,2026-05-22
4909,Male,Gen Z,loyal,1,22,2025-07-05,2026-06-16
4910,Male,Gen Z,one_and_done,1,1,2025-10-02,2025-10-02
4911,Male,Millennial,one_and_done,1,1,2026-03-17,2026-03-17
4912,Male,Millennial,loyal,1,30,2025-08-13,2026-06-23
4913,Male,Gen X,one_and_done,7,1,2026-03-26,2026-03-26
4914,Male,Gen X,loyal,1,24,2025-07-06,2026-06-19
4915,Female,Gen Z,one_and_done,4,1,2025-10-28,2025-10-28
4916,Male,Boomer,occasional,1,4,2025-08-23,2026-05-04
4917,Male,Gen Z,occasional,1,5,2025-10-02,2026-05-18
4918,Male,Gen Z,one_and_done,1,1,2026-03-15,2026-03-15
4919,Male,Millennial,regular,2,21,2025-07-24,2026-06-10
4920,Male,Gen X,one_and_done,1,1,2025-10-24,2025-10-24
4921,Female,Gen Z,one_and_done,6,1,2025-08-10,2025-08-10
4922,Female,Millennial,one_and_done,6,1,2025-09-25,2025-09-25
4923,Male,Millennial,one_and_done,5,1,2025-11-25,2025-11-25
4924,Male,Gen X,occasional,1,5,2025-08-31,2026-05-15
4925,Female,Millennial,occasional,1,6,2025-08-24,2026-05-06
4926,Male,Gen Z,loyal,1,22,2025-07-25,2026-06-19
4927,Male,Gen X,regular,1,16,2025-07-21,2026-04-13
4928,Male,Millennial,one_and_done,3,1,2026-03-19,2026-03-19
4929,Male,Millennial,loyal,1,30,2025-07-03,2026-06-21
4930,Female,Gen Z,one_and_done,2,1,2026-05-05,2026-05-05
4931,Female,Boomer,one_and_done,1,1,2026-04-22,2026-04-22
4932,Male,Millennial,one_and_done,4,1,2025-10-04,2025-10-04
4933,Male,Gen X,occasional,1,5,2025-09-05,2026-06-17
4934,Male,Gen X,occasional,2,5,2025-12-12,2026-05-30
4935,Female,Millennial,occasional,1,6,2025-07-31,2026-06-22
4936,Female,Millennial,regular,1,18,2025-07-03,2026-06-01
4937,Male,Millennial,one_and_done,3,1,2025-08-04,2025-08-04
4938,Female,Gen X,one_and_done,1,1,2026-03-19,2026-03-19
4939,Male,Millennial,one_and_done,1,1,2026-01-29,2026-01-29
4940,Male,Millennial,regular,2,21,2025-07-07,2026-06-21
4941,Male,Millennial,one_and_done,9,1,2026-04-21,2026-04-21
4942,Male,Gen X,occasional,7,5,2025-08-29,2026-06-02
4943,Female,Millennial,occasional,1,6,2025-08-17,2026-06-06
4944,Male,Millennial,regular,2,21,2025-08-02,2026-06-14
4945,Female,Gen Z,occasional,1,4,2025-10-07,2026-03-15
4946,Male,Gen X,regular,10,16,2025-07-14,2026-06-02
4947,Male,Gen Z,regular,1,15,2025-07-24,2026-06-06
4948,Female,Millennial,one_and_done,4,1,2026-02-27,2026-02-27
4949,Male,Millennial,occasional,3,7,2025-07-11,2026-05-08
4950,Male,Millennial,regular,1,21,2025-09-21,2026-06-07
4951,Male,Gen Z,one_and_done,1,1,2026-02-20,2026-02-20
4952,Female,Millennial,one_and_done,6,1,2026-05-11,2026-05-11
4953,Female,Millennial,occasional,1,6,2025-09-27,2026-06-03
4954,Female,Millennial,occasional,1,6,2025-07-16,2026-03-12
4955,Female,Millennial,loyal,1,26,2025-07-11,2026-06-06
4956,Female,Gen X,occasional,6,5,2025-08-30,2026-05-23
4957,Female,Gen Z,one_and_done,3,1,2025-11-27,2025-11-27
4958,Male,Gen Z,occasional,3,5,2025-08-03,2026-03-11
4959,Male,Millennial,one_and_done,1,1,2025-12-29,2025-12-29
4960,Male,Millennial,one_and_done,2,1,2025-11-02,2025-11-02
4961,Female,Millennial,occasional,5,6,2025-07-07,2026-05-22
4962,Male,Gen X,loyal,1,24,2025-07-04,2026-06-21
4963,Female,Millennial,occasional,1,6,2025-07-17,2025-11-14
4964,Male,Gen X,occasional,1,5,2025-07-13,2026-05-12
4965,Male,Gen X,occasional,8,5,2025-08-04,2026-04-29
4966,Female,Millennial,one_and_done,1,1,2025-07-15,2025-07-15
4967,Female,Millennial,occasional,4,6,2025-08-12,2026-05-04
4968,Male,Millennial,loyal,4,30,2025-06-30,2026-06-17
4969,Female,Gen X,loyal,4,22,2025-07-07,2026-05-14
4970,Male,Millennial,occasional,5,7,2025-08-02,2026-03-25
4971,Male,Millennial,one_and_done,1,1,2026-04-12,2026-04-12
4972,Male,Gen Z,one_and_done,1,1,2025-07-03,2025-07-03
4973,Male,Millennial,one_and_done,5,1,2026-05-26,2026-05-26
4974,Male,Boomer,one_and_done,1,1,2026-05-27,2026-05-27
4975,Male,Millennial,regular,9,21,2025-07-01,2026-05-28
4976,Male,Gen X,occasional,7,5,2025-07-08,2026-05-27
4977,Male,Millennial,regular,6,21,2025-07-16,2026-06-20
4978,Female,Millennial,regular,2,18,2025-07-06,2026-06-22
4979,Female,Millennial,regular,9,18,2025-07-04,2026-05-21
4980,Male,Gen X,occasional,1,5,2025-10-11,2026-05-10
4981,Male,Gen X,regular,6,16,2025-07-06,2026-06-16
4982,Male,Millennial,regular,2,21,2025-07-24,2026-05-29
4983,Female,Millennial,occasional,1,6,2025-08-05,2026-05-01
4984,Female,Gen Z,one_and_done,1,1,2026-03-14,2026-03-14
4985,Male,Millennial,one_and_done,1,1,2025-08-01,2025-08-01
4986,Male,Gen Z,regular,1,15,2025-07-24,2026-06-19
4987,Male,Gen X,regular,1,16,2025-08-02,2026-06-17
4988,Male,Millennial,one_and_done,2,1,2026-04-24,2026-04-24
4989,Male,Millennial,one_and_done,3,1,2026-04-09,2026-04-09
4990,Male,Gen X,regular,3,16,2025-07-02,2026-06-06
4991,Male,Gen Z,regular,6,15,2025-09-05,2026-06-11
4992,Male,Millennial,one_and_done,2,1,2026-06-10,2026-06-10
4993,Female,Millennial,regular,1,18,2025-07-30,2026-05-26
4994,Female,Gen X,loyal,1,22,2025-07-01,2026-06-06
4995,Male,Millennial,one_and_done,7,1,2026-06-12,2026-06-12
4996,Female,Millennial,occasional,1,6,2025-07-15,2026-05-15
4997,Male,Millennial,one_and_done,5,1,2025-08-22,2025-08-22
4998,Male,Millennial,one_and_done,1,1,2025-10-27,2025-10-27
4999,Male,Millennial,occasional,1,7,2025-10-04,2026-06-10
5000,Male,Gen Z,regular,2,15,2025-07-09,2026-06-20
5001,Male,Millennial,one_and_done,1,1,2026-02-06,2026-02-06
5002,Male,Boomer,occasional,3,4,2025-07-14,2025-12-05
5003,Female,Gen X,loyal,1,22,2025-07-13,2026-06-12
5004,Male,Gen Z,one_and_done,2,1,2026-05-30,2026-05-30
5005,Male,Gen Z,loyal,1,22,2025-07-20,2026-06-11
5006,Female,Millennial,one_and_done,3,1,2026-06-19,2026-06-19
5007,Male,Gen X,one_and_done,2,1,2025-12-26,2025-12-26
5008,Male,Millennial,one_and_done,1,1,2025-10-05,2025-10-05
5009,Male,Millennial,loyal,1,30,2025-07-12,2026-06-12
5010,Male,Gen Z,one_and_done,1,1,2025-10-18,2025-10-18
5011,Female,Gen Z,regular,1,13,2025-07-21,2026-05-31
5012,Male,Gen X,loyal,1,24,2025-07-18,2026-05-19
5013,Female,Millennial,one_and_done,1,1,2026-02-25,2026-02-25
5014,Male,Gen Z,one_and_done,1,1,2025-09-12,2025-09-12
5015,Male,Millennial,regular,2,21,2025-08-09,2026-06-20
5016,Female,Gen Z,occasional,3,4,2025-10-03,2026-02-11
5017,Male,Gen Z,regular,5,15,2025-09-27,2026-05-12
5018,Male,Gen Z,one_and_done,4,1,2026-04-26,2026-04-26
5019,Female,Gen Z,occasional,1,4,2025-07-22,2025-12-10
5020,Male,Gen Z,one_and_done,3,1,2025-07-01,2025-07-01
5021,Male,Millennial,regular,1,21,2025-07-11,2026-06-23
5022,Male,Millennial,one_and_done,3,1,2026-02-10,2026-02-10
5023,Female,Millennial,occasional,1,6,2025-08-30,2026-05-18
5024,Male,Gen X,loyal,5,24,2025-06-30,2026-06-04
5025,Male,Gen X,occasional,4,5,2025-08-04,2026-02-13
5026,Male,Millennial,loyal,1,30,2025-08-01,2026-06-09
5027,Female,Gen Z,one_and_done,1,1,2025-10-14,2025-10-14
5028,Male,Millennial,regular,1,21,2025-07-08,2026-05-10
5029,Male,Millennial,one_and_done,6,1,2026-01-14,2026-01-14
5030,Female,Gen X,one_and_done,1,1,2025-11-18,2025-11-18
5031,Female,Millennial,occasional,1,6,2025-08-07,2026-02-24
5032,Male,Millennial,occasional,1,7,2025-07-02,2026-04-20
5033,Female,Gen X,occasional,1,5,2025-07-18,2026-03-06
5034,Female,Millennial,regular,6,18,2025-09-12,2026-06-18
5035,Female,Gen Z,one_and_done,1,1,2025-12-16,2025-12-16
5036,Male,Millennial,one_and_done,6,1,2026-04-14,2026-04-14
5037,Female,Millennial,one_and_done,5,1,2026-02-20,2026-02-20
5038,Male,Gen X,loyal,6,24,2025-07-01,2026-05-30
5039,Female,Millennial,occasional,1,6,2025-07-18,2025-12-31
5040,Female,Millennial,occasional,2,6,2025-07-09,2026-05-22
5041,Male,Gen X,occasional,1,5,2025-07-16,2026-03-31
5042,Male,Gen Z,loyal,1,22,2025-07-09,2026-05-25
5043,Male,Gen Z,occasional,1,5,2025-07-19,2026-03-31
5044,Male,Millennial,occasional,1,7,2025-09-22,2026-05-25
5045,Male,Millennial,occasional,5,7,2025-09-14,2026-05-09
5046,Male,Millennial,regular,1,21,2025-07-02,2026-06-19
5047,Female,Gen Z,one_and_done,10,1,2025-09-07,2025-09-07
5048,Male,Millennial,one_and_done,1,1,2025-12-31,2025-12-31
5049,Male,Gen X,one_and_done,1,1,2025-09-11,2025-09-11
5050,Female,Millennial,occasional,2,6,2025-10-25,2026-02-18
5051,Male,Gen X,one_and_done,1,1,2025-09-06,2025-09-06
5052,Female,Gen Z,one_and_done,2,1,2026-04-16,2026-04-16
5053,Female,Gen X,one_and_done,7,1,2025-07-19,2025-07-19
5054,Male,Gen Z,loyal,4,22,2025-07-02,2026-06-13
5055,Female,Gen Z,one_and_done,1,1,2025-09-19,2025-09-19
5056,Male,Millennial,one_and_done,2,1,2025-11-01,2025-11-01
5057,Male,Millennial,one_and_done,1,1,2026-02-02,2026-02-02
5058,Female,Gen Z,regular,10,13,2025-09-11,2026-05-14
5059,Male,Gen Z,occasional,10,5,2025-08-11,2026-05-04
5060,Male,Millennial,occasional,6,7,2025-07-11,2026-01-23
5061,Male,Millennial,regular,1,21,2025-08-20,2026-06-21
5062,Male,Gen Z,occasional,2,5,2025-07-23,2026-03-21
5063,Male,Gen Z,regular,4,15,2025-07-17,2026-05-23
5064,Male,Millennial,one_and_done,1,1,2026-02-17,2026-02-17
5065,Male,Boomer,occasional,1,4,2025-07-17,2026-05-31
5066,Male,Millennial,one_and_done,2,1,2025-08-06,2025-08-06
5067,Male,Millennial,occasional,2,7,2025-09-19,2026-03-06
5068,Male,Gen X,one_and_done,3,1,2026-03-12,2026-03-12
5069,Female,Millennial,one_and_done,1,1,2025-12-26,2025-12-26
5070,Female,Gen X,one_and_done,5,1,2026-05-26,2026-05-26
5071,Female,Gen X,one_and_done,1,1,2026-05-31,2026-05-31
5072,Female,Gen Z,occasional,1,4,2025-07-30,2026-06-11
5073,Female,Gen Z,one_and_done,1,1,2026-04-19,2026-04-19
5074,Male,Gen X,one_and_done,1,1,2025-12-19,2025-12-19
5075,Male,Gen X,regular,1,16,2025-07-12,2026-06-20
5076,Male,Millennial,loyal,6,30,2025-07-07,2026-06-02
5077,Female,Gen X,one_and_done,7,1,2025-08-01,2025-08-01
5078,Male,Millennial,one_and_done,3,1,2025-09-27,2025-09-27
5079,Female,Millennial,one_and_done,2,1,2026-04-14,2026-04-14
5080,Male,Gen X,regular,1,16,2025-08-02,2026-06-20
5081,Male,Millennial,occasional,8,7,2025-10-21,2026-06-04
5082,Male,Millennial,one_and_done,4,1,2026-01-13,2026-01-13
5083,Male,Millennial,occasional,1,7,2025-07-07,2026-05-31
5084,Male,Gen X,regular,1,16,2025-07-25,2026-06-06
5085,Female,Gen Z,one_and_done,1,1,2025-08-23,2025-08-23
5086,Male,Gen X,occasional,1,5,2025-09-09,2026-05-20
5087,Male,Millennial,one_and_done,1,1,2025-08-31,2025-08-31
5088,Male,Gen X,one_and_done,5,1,2026-03-24,2026-03-24
5089,Male,Millennial,one_and_done,2,1,2026-03-27,2026-03-27
5090,Male,Gen Z,occasional,2,5,2025-07-23,2026-03-10
5091,Male,Millennial,regular,1,21,2025-07-01,2026-06-23
5092,Male,Gen Z,one_and_done,5,1,2026-04-27,2026-04-27
5093,Male,Millennial,regular,2,21,2025-06-30,2026-06-16
5094,Female,Millennial,one_and_done,1,1,2026-04-14,2026-04-14
5095,Male,Millennial,occasional,4,7,2025-10-02,2026-05-27
5096,Female,Gen X,occasional,1,5,2025-08-05,2026-03-20
5097,Male,Millennial,occasional,7,7,2025-08-25,2026-06-23
5098,Male,Millennial,regular,4,21,2025-07-05,2026-06-23
5099,Male,Millennial,one_and_done,4,1,2025-11-13,2025-11-13
5100,Male,Millennial,occasional,1,7,2025-09-17,2026-05-21
5101,Female,Gen X,one_and_done,1,1,2026-02-06,2026-02-06
5102,Male,Gen Z,one_and_done,10,1,2026-06-06,2026-06-06
5103,Male,Millennial,one_and_done,6,1,2026-05-12,2026-05-12
5104,Female,Millennial,regular,1,18,2025-07-13,2026-06-10
5105,Male,Millennial,one_and_done,9,1,2025-12-27,2025-12-27
5106,Male,Gen X,one_and_done,1,1,2026-05-01,2026-05-01
5107,Female,Gen Z,one_and_done,1,1,2025-10-02,2025-10-02
5108,Male,Millennial,loyal,1,30,2025-07-03,2026-06-13
5109,Male,Gen Z,regular,2,15,2025-07-06,2026-06-15
5110,Male,Millennial,one_and_done,1,1,2025-08-25,2025-08-25
5111,Male,Millennial,occasional,1,7,2025-12-09,2026-06-06
5112,Male,Millennial,one_and_done,4,1,2025-07-08,2025-07-08
5113,Male,Boomer,loyal,2,17,2025-07-23,2026-05-18
5114,Male,Millennial,occasional,7,7,2025-07-14,2026-05-27
5115,Male,Gen X,regular,1,16,2025-07-02,2026-05-03
5116,Male,Millennial,regular,3,21,2025-07-04,2026-06-05
5117,Male,Millennial,one_and_done,1,1,2026-04-17,2026-04-17
5118,Female,Gen X,one_and_done,4,1,2025-11-11,2025-11-11
5119,Female,Gen X,one_and_done,2,1,2025-09-04,2025-09-04
5120,Male,Millennial,one_and_done,6,1,2025-11-07,2025-11-07
5121,Female,Gen Z,one_and_done,1,1,2025-07-01,2025-07-01
5122,Male,Gen Z,one_and_done,2,1,2025-09-05,2025-09-05
5123,Male,Millennial,occasional,3,7,2025-08-16,2026-05-15
5124,Female,Boomer,loyal,2,15,2025-08-25,2026-05-06
5125,Male,Gen Z,occasional,7,5,2025-08-24,2026-05-09
5126,Male,Millennial,loyal,6,30,2025-07-23,2026-06-22
5127,Female,Boomer,occasional,5,3,2025-08-29,2026-05-09
5128,Female,Gen X,one_and_done,1,1,2026-03-04,2026-03-04
5129,Male,Boomer,one_and_done,5,1,2025-10-19,2025-10-19
5130,Male,Gen Z,one_and_done,6,1,2025-09-21,2025-09-21
5131,Female,Gen Z,regular,4,13,2025-07-25,2026-06-20
5132,Female,Gen Z,loyal,2,19,2025-07-05,2026-06-19
5133,Male,Millennial,occasional,5,7,2025-08-06,2026-03-13
5134,Female,Gen Z,one_and_done,8,1,2026-02-15,2026-02-15
5135,Male,Gen X,one_and_done,1,1,2026-04-14,2026-04-14
5136,Male,Millennial,loyal,7,30,2025-07-18,2026-06-17
5137,Male,Millennial,loyal,2,30,2025-07-12,2026-06-16
5138,Male,Gen X,one_and_done,3,1,2026-06-08,2026-06-08
5139,Male,Millennial,regular,2,21,2025-07-04,2026-05-18
5140,Female,Gen Z,one_and_done,2,1,2026-05-29,2026-05-29
5141,Male,Millennial,regular,1,21,2025-08-24,2026-05-31
5142,Male,Boomer,one_and_done,3,1,2025-10-01,2025-10-01
5143,Male,Gen Z,occasional,6,5,2025-07-27,2026-04-03
5144,Female,Millennial,occasional,10,6,2025-08-02,2026-04-01
5145,Male,Millennial,regular,1,21,2025-07-04,2026-06-17
5146,Male,Millennial,one_and_done,3,1,2025-08-09,2025-08-09
5147,Male,Millennial,one_and_done,6,1,2025-11-02,2025-11-02
5148,Male,Millennial,loyal,4,30,2025-07-21,2026-06-17
5149,Male,Gen Z,loyal,2,22,2025-07-27,2026-06-12
5150,Female,Millennial,one_and_done,4,1,2026-02-13,2026-02-13
5151,Female,Gen Z,one_and_done,3,1,2025-12-25,2025-12-25
5152,Male,Millennial,loyal,7,30,2025-07-24,2026-06-21
5153,Male,Gen Z,one_and_done,4,1,2026-01-07,2026-01-07
5154,Male,Millennial,one_and_done,1,1,2025-07-13,2025-07-13
5155,Male,Millennial,occasional,1,7,2025-08-16,2026-06-10
5156,Female,Gen Z,loyal,4,19,2025-07-04,2026-06-13
5157,Male,Boomer,regular,2,12,2025-07-14,2026-05-30
5158,Female,Gen Z,occasional,5,4,2025-08-09,2026-04-24
5159,Male,Millennial,occasional,6,7,2025-08-12,2026-05-27
5160,Female,Gen X,occasional,1,5,2025-08-07,2026-04-03
5161,Female,Millennial,one_and_done,1,1,2025-09-05,2025-09-05
5162,Male,Millennial,one_and_done,1,1,2025-09-23,2025-09-23
5163,Male,Gen X,occasional,3,5,2025-12-19,2026-06-10
5164,Male,Millennial,occasional,1,7,2025-07-18,2026-05-12
5165,Male,Gen X,regular,1,16,2025-07-03,2026-06-13
5166,Male,Millennial,occasional,7,7,2025-11-02,2026-04-30
5167,Male,Millennial,one_and_done,1,1,2026-01-23,2026-01-23
5168,Male,Millennial,regular,2,21,2025-07-28,2026-06-19
5169,Female,Millennial,one_and_done,8,1,2025-07-02,2025-07-02
5170,Male,Millennial,one_and_done,1,1,2025-07-22,2025-07-22
5171,Male,Millennial,one_and_done,2,1,2026-04-07,2026-04-07
5172,Male,Gen Z,regular,1,15,2025-07-04,2026-06-05
5173,Female,Gen X,regular,3,15,2025-07-09,2026-06-18
5174,Male,Millennial,one_and_done,6,1,2026-05-01,2026-05-01
5175,Male,Millennial,loyal,1,30,2025-07-13,2026-06-09
5176,Female,Millennial,one_and_done,1,1,2025-08-01,2025-08-01
5177,Male,Gen X,one_and_done,1,1,2025-11-18,2025-11-18
5178,Female,Millennial,one_and_done,2,1,2026-01-04,2026-01-04
5179,Female,Gen X,regular,6,15,2025-07-20,2026-06-15
5180,Male,Millennial,one_and_done,5,1,2026-03-14,2026-03-14
5181,Male,Millennial,one_and_done,2,1,2026-03-11,2026-03-11
5182,Male,Millennial,one_and_done,2,1,2026-01-16,2026-01-16
5183,Male,Gen Z,occasional,9,5,2025-08-21,2026-06-12
5184,Female,Millennial,one_and_done,1,1,2026-03-08,2026-03-08
5185,Male,Millennial,occasional,5,7,2025-07-05,2026-06-04
5186,Male,Gen X,one_and_done,1,1,2026-04-10,2026-04-10
5187,Male,Millennial,one_and_done,1,1,2025-06-30,2025-06-30
5188,Male,Millennial,occasional,2,7,2025-07-17,2026-06-05
5189,Male,Millennial,loyal,2,30,2025-07-02,2026-06-07
5190,Male,Gen X,one_and_done,3,1,2026-06-04,2026-06-04
5191,Male,Millennial,occasional,4,7,2025-09-08,2026-03-04
5192,Male,Millennial,occasional,1,7,2025-07-25,2026-01-29
5193,Female,Boomer,occasional,1,3,2025-12-06,2026-06-08
5194,Male,Millennial,one_and_done,1,1,2025-08-02,2025-08-02
5195,Female,Millennial,one_and_done,1,1,2026-01-18,2026-01-18
5196,Male,Gen Z,one_and_done,3,1,2025-10-18,2025-10-18
5197,Male,Millennial,regular,1,21,2025-07-01,2026-05-22
5198,Male,Millennial,one_and_done,8,1,2025-08-31,2025-08-31
5199,Male,Millennial,one_and_done,1,1,2025-09-24,2025-09-24
5200,Male,Boomer,occasional,6,4,2025-07-15,2026-04-28
5201,Male,Millennial,loyal,2,30,2025-07-01,2026-06-22
5202,Male,Boomer,regular,1,12,2025-08-25,2026-05-30
5203,Female,Boomer,loyal,8,15,2025-07-07,2026-06-13
5204,Male,Millennial,occasional,1,7,2025-10-24,2026-06-01
5205,Male,Millennial,regular,1,21,2025-07-04,2026-06-20
5206,Male,Millennial,one_and_done,1,1,2026-05-16,2026-05-16
5207,Male,Gen X,one_and_done,7,1,2025-11-30,2025-11-30
5208,Male,Gen Z,occasional,1,5,2025-08-28,2026-03-27
5209,Male,Boomer,loyal,1,17,2025-07-04,2026-05-25
5210,Female,Gen Z,regular,1,13,2025-07-10,2026-06-14
5211,Male,Millennial,loyal,1,30,2025-07-06,2026-06-09
5212,Male,Gen X,one_and_done,2,1,2025-11-12,2025-11-12
5213,Male,Millennial,loyal,3,30,2025-07-02,2026-06-16
5214,Male,Millennial,one_and_done,1,1,2025-09-10,2025-09-10
5215,Female,Millennial,one_and_done,4,1,2025-11-27,2025-11-27
5216,Male,Millennial,one_and_done,1,1,2026-02-10,2026-02-10
5217,Male,Gen X,one_and_done,6,1,2025-12-27,2025-12-27
5218,Male,Millennial,occasional,8,7,2025-08-22,2026-06-15
5219,Female,Millennial,regular,2,18,2025-07-07,2026-05-20
5220,Male,Gen Z,occasional,1,5,2025-08-06,2026-05-07
5221,Female,Millennial,occasional,1,6,2025-07-18,2026-04-29
5222,Female,Millennial,occasional,1,6,2025-09-02,2026-05-14
5223,Male,Millennial,one_and_done,1,1,2026-03-09,2026-03-09
5224,Male,Gen X,occasional,5,5,2025-07-26,2026-06-06
5225,Female,Gen Z,regular,1,13,2025-07-22,2026-05-13
5226,Female,Millennial,regular,3,18,2025-07-25,2026-04-09
5227,Female,Boomer,loyal,1,15,2025-07-18,2026-06-10
5228,Male,Millennial,one_and_done,2,1,2025-09-09,2025-09-09
5229,Female,Gen X,one_and_done,6,1,2026-04-15,2026-04-15
5230,Male,Millennial,occasional,4,7,2025-10-27,2026-03-25
5231,Female,Millennial,one_and_done,4,1,2025-09-20,2025-09-20
5232,Female,Millennial,regular,5,18,2025-07-06,2026-05-14
5233,Female,Gen Z,one_and_done,1,1,2025-07-18,2025-07-18
5234,Male,Millennial,loyal,1,30,2025-07-12,2026-06-22
5235,Male,Gen Z,regular,4,15,2025-09-04,2026-06-17
5236,Male,Millennial,regular,4,21,2025-07-15,2026-06-19
5237,Male,Gen Z,regular,2,15,2025-06-30,2026-06-13
5238,Female,Millennial,one_and_done,3,1,2025-10-31,2025-10-31
5239,Male,Millennial,occasional,3,7,2025-07-03,2026-04-06
5240,Male,Gen X,one_and_done,1,1,2025-09-07,2025-09-07
5241,Female,Gen Z,regular,1,13,2025-07-11,2026-06-12
5242,Female,Millennial,one_and_done,1,1,2025-10-29,2025-10-29
5243,Male,Millennial,regular,2,21,2025-07-07,2026-05-16
5244,Female,Gen X,loyal,1,22,2025-07-12,2026-05-23
5245,Male,Millennial,regular,9,21,2025-07-07,2026-05-29
5246,Male,Millennial,occasional,1,7,2025-07-20,2026-03-27
5247,Male,Gen X,occasional,2,5,2025-09-12,2026-02-16
5248,Female,Millennial,occasional,1,6,2025-10-04,2026-06-13
5249,Female,Millennial,one_and_done,1,1,2025-08-14,2025-08-14
5250,Male,Millennial,occasional,5,7,2025-08-08,2026-06-15
5251,Male,Millennial,one_and_done,1,1,2026-03-12,2026-03-12
5252,Male,Millennial,occasional,5,7,2025-08-14,2026-05-29
5253,Female,Millennial,one_and_done,1,1,2026-02-23,2026-02-23
5254,Male,Gen X,one_and_done,2,1,2026-05-20,2026-05-20
5255,Female,Gen Z,one_and_done,8,1,2025-12-12,2025-12-12
5256,Male,Boomer,one_and_done,1,1,2025-12-09,2025-12-09
5257,Male,Boomer,occasional,1,4,2025-08-28,2026-06-14
5258,Female,Gen Z,one_and_done,1,1,2026-03-06,2026-03-06
5259,Male,Millennial,loyal,1,30,2025-07-20,2026-06-13
5260,Female,Gen Z,one_and_done,7,1,2025-09-13,2025-09-13
5261,Male,Millennial,regular,4,21,2025-07-07,2026-05-29
5262,Female,Gen X,one_and_done,1,1,2026-05-07,2026-05-07
5263,Male,Gen X,one_and_done,1,1,2025-11-15,2025-11-15
5264,Male,Gen Z,regular,1,15,2025-07-08,2026-06-16
5265,Female,Millennial,occasional,1,6,2025-11-15,2026-06-12
5266,Male,Millennial,loyal,1,30,2025-07-09,2026-06-18
5267,Female,Boomer,occasional,4,3,2025-10-17,2026-06-22
5268,Male,Millennial,occasional,1,7,2025-07-15,2026-05-11
5269,Male,Gen X,regular,1,16,2025-08-07,2026-06-01
5270,Male,Gen Z,regular,1,15,2025-07-11,2026-06-01
5271,Male,Boomer,regular,1,12,2025-07-18,2026-06-19
5272,Female,Millennial,one_and_done,2,1,2025-12-26,2025-12-26
5273,Male,Millennial,one_and_done,2,1,2025-09-06,2025-09-06
5274,Female,Gen Z,regular,2,13,2025-07-04,2026-05-21
5275,Male,Gen Z,occasional,4,5,2025-07-18,2026-05-23
5276,Female,Gen Z,one_and_done,4,1,2026-03-27,2026-03-27
5277,Male,Millennial,one_and_done,1,1,2025-10-05,2025-10-05
5278,Male,Gen X,occasional,2,5,2025-07-05,2026-02-23
5279,Female,Millennial,one_and_done,2,1,2026-05-07,2026-05-07
5280,Female,Gen Z,occasional,8,4,2025-11-09,2026-05-25
5281,Male,Millennial,loyal,4,30,2025-07-14,2026-06-11
5282,Male,Gen X,loyal,2,24,2025-06-30,2026-06-21
5283,Male,Gen X,one_and_done,2,1,2026-05-12,2026-05-12
5284,Female,Millennial,occasional,1,6,2025-07-10,2026-05-16
5285,Female,Boomer,one_and_done,1,1,2026-04-15,2026-04-15
5286,Male,Millennial,one_and_done,1,1,2026-06-22,2026-06-22
5287,Male,Millennial,occasional,1,7,2025-08-02,2026-05-09
5288,Male,Millennial,occasional,1,7,2025-09-19,2026-05-15
5289,Male,Gen X,one_and_done,1,1,2026-03-25,2026-03-25
5290,Male,Millennial,regular,6,21,2025-07-03,2026-06-20
5291,Female,Millennial,regular,5,18,2025-09-06,2026-06-02
5292,Male,Millennial,occasional,1,7,2025-07-01,2026-03-06
5293,Male,Gen Z,regular,10,15,2025-09-12,2026-06-04
5294,Male,Millennial,one_and_done,3,1,2026-04-24,2026-04-24
5295,Female,Millennial,one_and_done,2,1,2026-06-03,2026-06-03
5296,Female,Gen Z,one_and_done,1,1,2025-07-20,2025-07-20
5297,Female,Gen X,one_and_done,1,1,2026-02-20,2026-02-20
5298,Male,Gen X,regular,7,16,2025-08-02,2026-05-02
5299,Female,Gen X,one_and_done,4,1,2025-11-15,2025-11-15
5300,Female,Millennial,occasional,1,6,2025-07-26,2026-04-13
5301,Male,Millennial,loyal,1,30,2025-07-24,2026-06-05
5302,Male,Gen Z,one_and_done,5,1,2026-02-20,2026-02-20
5303,Female,Boomer,regular,1,10,2025-07-21,2026-05-14
5304,Male,Millennial,loyal,1,30,2025-07-18,2026-06-22
5305,Male,Gen X,occasional,1,5,2025-09-01,2026-03-08
5306,Male,Gen X,one_and_done,6,1,2025-12-12,2025-12-12
5307,Female,Millennial,regular,1,18,2025-08-05,2026-05-31
5308,Female,Gen X,regular,5,15,2025-06-30,2026-05-13
5309,Male,Gen X,one_and_done,2,1,2026-05-30,2026-05-30
5310,Male,Gen Z,regular,1,15,2025-08-05,2026-06-12
5311,Male,Gen Z,occasional,1,5,2025-11-22,2026-05-29
5312,Male,Millennial,loyal,1,30,2025-07-15,2026-06-05
5313,Female,Gen X,loyal,6,22,2025-07-14,2026-06-19
5314,Male,Gen Z,loyal,1,22,2025-07-25,2026-06-23
5315,Male,Millennial,occasional,4,7,2025-08-10,2026-04-06
5316,Male,Gen X,one_and_done,4,1,2026-01-13,2026-01-13
5317,Male,Millennial,regular,1,21,2025-07-27,2026-05-29
5318,Female,Millennial,one_and_done,1,1,2025-08-01,2025-08-01
5319,Male,Gen Z,one_and_done,1,1,2026-01-18,2026-01-18
5320,Female,Gen Z,regular,6,13,2025-08-05,2026-05-21
5321,Male,Millennial,one_and_done,5,1,2025-10-20,2025-10-20
5322,Male,Millennial,one_and_done,1,1,2026-03-23,2026-03-23
5323,Male,Gen Z,one_and_done,3,1,2025-11-18,2025-11-18
5324,Female,Gen X,occasional,5,5,2026-02-21,2026-06-12
5325,Female,Gen X,occasional,1,5,2025-10-10,2026-06-17
5326,Female,Millennial,occasional,4,6,2025-07-23,2026-06-11
5327,Male,Boomer,occasional,3,4,2025-12-12,2026-06-18
5328,Male,Millennial,one_and_done,1,1,2025-11-15,2025-11-15
5329,Female,Gen Z,loyal,9,19,2025-08-22,2026-06-11
5330,Male,Boomer,regular,2,12,2025-07-22,2026-06-05
5331,Female,Millennial,one_and_done,1,1,2025-09-30,2025-09-30
5332,Male,Millennial,one_and_done,2,1,2026-01-21,2026-01-21
5333,Female,Gen X,one_and_done,1,1,2026-05-16,2026-05-16
5334,Female,Gen X,loyal,2,22,2025-07-01,2026-06-15
5335,Male,Millennial,one_and_done,3,1,2025-09-19,2025-09-19
5336,Female,Millennial,regular,3,18,2025-07-09,2026-06-20
5337,Male,Millennial,one_and_done,5,1,2025-12-16,2025-12-16
5338,Male,Millennial,one_and_done,1,1,2026-01-12,2026-01-12
5339,Male,Gen X,regular,1,16,2025-08-23,2026-06-23
5340,Male,Boomer,one_and_done,1,1,2025-07-08,2025-07-08
5341,Female,Gen Z,one_and_done,6,1,2026-04-08,2026-04-08
5342,Female,Gen Z,one_and_done,1,1,2026-04-24,2026-04-24
5343,Male,Millennial,one_and_done,6,1,2026-05-01,2026-05-01
5344,Male,Millennial,one_and_done,1,1,2025-12-03,2025-12-03
5345,Male,Millennial,loyal,1,30,2025-07-03,2026-06-10
5346,Male,Millennial,regular,8,21,2025-07-05,2026-06-16
5347,Male,Gen Z,occasional,6,5,2025-07-12,2026-06-17
5348,Male,Millennial,loyal,2,30,2025-07-11,2026-06-04
5349,Male,Millennial,regular,1,21,2025-07-02,2026-06-12
5350,Female,Millennial,regular,1,18,2025-08-10,2026-05-26
5351,Female,Millennial,one_and_done,10,1,2025-08-23,2025-08-23
5352,Female,Gen Z,loyal,1,19,2025-08-29,2026-06-12
5353,Female,Millennial,occasional,4,6,2025-12-17,2026-05-30
5354,Male,Gen X,occasional,1,5,2025-07-23,2026-02-27
5355,Male,Millennial,occasional,1,7,2025-07-23,2026-03-07
5356,Male,Millennial,occasional,4,7,2025-07-27,2026-06-02
5357,Male,Gen X,one_and_done,4,1,2025-09-30,2025-09-30
5358,Male,Gen X,regular,2,16,2025-07-24,2026-06-18
5359,Female,Boomer,regular,1,10,2025-07-21,2026-05-14
5360,Female,Millennial,loyal,1,26,2025-06-30,2026-04-07
5361,Male,Millennial,one_and_done,1,1,2025-10-24,2025-10-24
5362,Male,Millennial,one_and_done,7,1,2026-05-09,2026-05-09
5363,Female,Gen Z,one_and_done,2,1,2026-01-20,2026-01-20
5364,Male,Gen X,one_and_done,2,1,2026-01-04,2026-01-04
5365,Male,Gen X,regular,1,16,2025-07-06,2026-06-23
5366,Female,Gen X,one_and_done,1,1,2026-04-10,2026-04-10
5367,Male,Gen Z,occasional,1,5,2025-10-18,2026-06-08
5368,Female,Gen X,occasional,6,5,2025-09-21,2026-05-17
5369,Female,Millennial,occasional,3,6,2025-07-28,2026-06-22
5370,Male,Millennial,one_and_done,5,1,2025-09-14,2025-09-14
5371,Female,Gen X,one_and_done,4,1,2025-07-01,2025-07-01
5372,Male,Gen X,loyal,1,24,2025-07-05,2026-06-23
5373,Male,Millennial,one_and_done,8,1,2026-03-06,2026-03-06
5374,Female,Gen X,loyal,3,22,2025-07-03,2026-06-01
5375,Male,Millennial,occasional,4,7,2025-11-03,2026-06-16
5376,Female,Gen X,one_and_done,1,1,2026-06-23,2026-06-23
5377,Female,Gen Z,regular,3,13,2025-09-03,2026-06-22
5378,Male,Millennial,one_and_done,1,1,2025-08-06,2025-08-06
5379,Female,Gen Z,one_and_done,1,1,2025-07-28,2025-07-28
5380,Male,Millennial,one_and_done,3,1,2025-12-18,2025-12-18
5381,Female,Millennial,occasional,1,6,2025-08-08,2026-04-24
5382,Male,Gen X,one_and_done,2,1,2025-11-26,2025-11-26
5383,Male,Gen Z,one_and_done,3,1,2026-03-05,2026-03-05
5384,Female,Millennial,one_and_done,1,1,2025-08-20,2025-08-20
5385,Female,Gen Z,regular,2,13,2025-07-22,2026-06-22
5386,Female,Millennial,regular,1,18,2025-07-19,2026-05-26
5387,Male,Millennial,occasional,1,7,2025-07-12,2026-05-15
5388,Female,Gen X,one_and_done,1,1,2025-09-12,2025-09-12
5389,Male,Millennial,regular,1,21,2025-07-04,2026-06-22
5390,Male,Millennial,one_and_done,5,1,2025-10-24,2025-10-24
5391,Male,Millennial,regular,1,21,2025-09-16,2026-06-05
5392,Female,Millennial,loyal,1,26,2025-10-06,2026-06-19
5393,Male,Gen X,loyal,7,24,2025-07-16,2026-06-11
5394,Male,Millennial,regular,2,21,2025-07-18,2026-06-22
5395,Male,Gen Z,regular,1,15,2025-08-15,2026-04-28
5396,Male,Millennial,regular,1,21,2025-07-20,2026-06-20
5397,Female,Millennial,one_and_done,1,1,2026-05-27,2026-05-27
5398,Female,Millennial,one_and_done,1,1,2025-07-16,2025-07-16
5399,Male,Gen X,one_and_done,1,1,2026-05-09,2026-05-09
5400,Male,Gen X,occasional,1,5,2025-07-01,2026-02-20
5401,Female,Gen X,occasional,1,5,2025-08-16,2026-05-26
5402,Male,Millennial,one_and_done,1,1,2025-07-07,2025-07-07
5403,Male,Millennial,loyal,2,30,2025-07-07,2026-05-24
5404,Male,Millennial,regular,1,21,2025-08-08,2026-06-18
5405,Male,Millennial,one_and_done,1,1,2026-05-30,2026-05-30
5406,Male,Gen Z,one_and_done,1,1,2026-01-03,2026-01-03
5407,Female,Gen Z,regular,2,13,2025-07-17,2026-05-06
5408,Male,Millennial,occasional,1,7,2025-08-03,2026-05-06
5409,Male,Gen X,occasional,1,5,2025-08-01,2026-06-03
5410,Male,Millennial,loyal,1,30,2025-07-06,2026-06-18
5411,Female,Gen X,one_and_done,3,1,2026-05-27,2026-05-27
5412,Male,Millennial,occasional,10,7,2025-07-04,2026-06-20
5413,Male,Millennial,one_and_done,1,1,2026-05-08,2026-05-08
5414,Male,Gen Z,occasional,1,5,2025-11-04,2026-05-31
5415,Male,Millennial,one_and_done,2,1,2026-05-12,2026-05-12
5416,Female,Gen Z,one_and_done,1,1,2026-04-26,2026-04-26
5417,Male,Millennial,one_and_done,2,1,2026-03-19,2026-03-19
5418,Male,Millennial,loyal,4,30,2025-07-08,2026-06-13
5419,Male,Millennial,occasional,2,7,2025-07-20,2026-06-13
5420,Male,Gen Z,occasional,3,5,2025-07-19,2026-01-25
5421,Male,Gen Z,one_and_done,1,1,2026-02-06,2026-02-06
5422,Male,Gen X,one_and_done,1,1,2026-05-29,2026-05-29
5423,Male,Gen Z,regular,7,15,2025-07-03,2026-06-22
5424,Male,Millennial,occasional,4,7,2025-08-01,2026-06-20
5425,Male,Millennial,one_and_done,3,1,2026-05-31,2026-05-31
5426,Male,Gen Z,one_and_done,1,1,2026-04-29,2026-04-29
5427,Female,Millennial,one_and_done,1,1,2026-03-02,2026-03-02
5428,Male,Gen Z,one_and_done,1,1,2025-11-08,2025-11-08
5429,Male,Gen Z,regular,1,15,2025-07-12,2026-06-06
5430,Female,Gen X,one_and_done,1,1,2026-02-01,2026-02-01
5431,Male,Millennial,occasional,1,7,2025-09-18,2026-06-16
5432,Male,Boomer,occasional,10,4,2025-07-26,2026-05-07
5433,Female,Gen X,regular,3,15,2025-07-28,2026-02-16
5434,Male,Gen Z,one_and_done,5,1,2026-04-17,2026-04-17
5435,Female,Millennial,one_and_done,1,1,2025-09-11,2025-09-11
5436,Female,Gen X,regular,4,15,2025-07-21,2026-06-23
5437,Female,Gen X,occasional,1,5,2025-09-05,2026-05-08
5438,Male,Millennial,regular,6,21,2025-07-08,2026-06-05
5439,Male,Millennial,loyal,2,30,2025-07-04,2026-05-15
5440,Female,Gen Z,occasional,1,4,2025-10-18,2026-06-18
5441,Female,Gen Z,one_and_done,1,1,2026-03-16,2026-03-16
5442,Female,Boomer,regular,1,10,2025-11-27,2026-06-01
5443,Male,Gen Z,regular,2,15,2025-07-07,2026-04-23
5444,Female,Millennial,one_and_done,8,1,2026-02-02,2026-02-02
5445,Male,Millennial,regular,5,21,2025-07-04,2026-06-21
5446,Male,Boomer,one_and_done,1,1,2026-04-11,2026-04-11
5447,Female,Millennial,one_and_done,1,1,2025-10-13,2025-10-13
5448,Male,Millennial,regular,4,21,2025-07-12,2026-06-22
5449,Female,Millennial,one_and_done,1,1,2026-04-11,2026-04-11
5450,Female,Millennial,one_and_done,2,1,2025-11-25,2025-11-25
5451,Female,Millennial,one_and_done,1,1,2025-10-29,2025-10-29
5452,Male,Millennial,regular,1,21,2025-07-07,2026-05-03
5453,Male,Gen Z,one_and_done,1,1,2025-07-18,2025-07-18
5454,Male,Boomer,one_and_done,1,1,2025-10-29,2025-10-29
5455,Male,Millennial,loyal,1,30,2025-07-17,2026-06-21
5456,Male,Gen Z,regular,1,15,2025-07-07,2026-06-16
5457,Female,Millennial,one_and_done,1,1,2025-09-19,2025-09-19
5458,Female,Gen X,occasional,1,5,2025-07-08,2026-05-22
5459,Female,Millennial,occasional,3,6,2025-07-11,2026-01-26
5460,Female,Gen X,one_and_done,4,1,2025-09-17,2025-09-17
5461,Male,Millennial,one_and_done,4,1,2026-05-16,2026-05-16
5462,Female,Millennial,occasional,5,6,2025-07-12,2026-02-26
5463,Male,Millennial,one_and_done,1,1,2025-08-09,2025-08-09
5464,Male,Millennial,regular,2,21,2025-07-04,2026-06-20
5465,Male,Millennial,one_and_done,1,1,2026-01-24,2026-01-24
5466,Female,Millennial,one_and_done,1,1,2026-06-23,2026-06-23
5467,Male,Gen X,loyal,2,24,2025-07-04,2026-06-17
5468,Female,Boomer,one_and_done,6,1,2026-04-27,2026-04-27
5469,Male,Millennial,occasional,1,7,2025-07-08,2026-06-19
5470,Male,Millennial,one_and_done,1,1,2025-11-23,2025-11-23
5471,Male,Millennial,regular,6,21,2025-07-12,2026-06-23
5472,Male,Gen X,one_and_done,1,1,2025-07-10,2025-07-10
5473,Male,Gen Z,one_and_done,3,1,2025-12-18,2025-12-18
5474,Male,Millennial,loyal,9,30,2025-07-06,2026-05-15
5475,Male,Gen Z,occasional,3,5,2025-09-12,2026-06-03
5476,Male,Gen Z,one_and_done,8,1,2026-02-09,2026-02-09
5477,Male,Millennial,one_and_done,1,1,2026-02-15,2026-02-15
5478,Female,Millennial,one_and_done,2,1,2026-06-19,2026-06-19
5479,Male,Millennial,one_and_done,3,1,2025-08-26,2025-08-26
5480,Male,Gen X,occasional,4,5,2025-09-19,2026-05-26
5481,Male,Millennial,one_and_done,2,1,2025-10-26,2025-10-26
5482,Male,Gen X,occasional,1,5,2025-11-08,2026-03-28
5483,Male,Gen Z,one_and_done,1,1,2026-02-11,2026-02-11
5484,Male,Gen Z,one_and_done,1,1,2026-06-15,2026-06-15
5485,Male,Boomer,loyal,3,17,2025-07-08,2026-04-09
5486,Female,Gen X,regular,1,15,2025-07-11,2026-03-10
5487,Male,Millennial,one_and_done,7,1,2026-06-13,2026-06-13
5488,Male,Millennial,one_and_done,1,1,2026-03-09,2026-03-09
5489,Male,Millennial,one_and_done,2,1,2025-09-12,2025-09-12
5490,Male,Millennial,loyal,1,30,2025-07-06,2026-05-27
5491,Male,Millennial,loyal,4,30,2025-07-24,2026-06-22
5492,Female,Millennial,regular,1,18,2025-08-01,2026-06-17
5493,Male,Millennial,one_and_done,5,1,2025-10-16,2025-10-16
5494,Male,Gen Z,one_and_done,2,1,2026-04-11,2026-04-11
5495,Male,Millennial,occasional,9,7,2025-07-19,2026-04-11
5496,Male,Millennial,one_and_done,4,1,2026-05-30,2026-05-30
5497,Male,Millennial,one_and_done,2,1,2026-04-20,2026-04-20
5498,Male,Gen Z,one_and_done,4,1,2026-01-21,2026-01-21
5499,Male,Millennial,loyal,1,30,2025-07-12,2026-06-23
5500,Female,Boomer,occasional,6,3,2025-08-09,2026-01-18
5501,Female,Gen X,regular,1,15,2025-07-06,2026-05-13
5502,Female,Gen X,loyal,2,22,2025-07-30,2026-06-16
5503,Male,Gen X,one_and_done,1,1,2026-04-12,2026-04-12
5504,Male,Gen Z,one_and_done,1,1,2025-12-27,2025-12-27
5505,Female,Millennial,occasional,2,6,2025-07-26,2026-05-02
5506,Male,Gen X,one_and_done,2,1,2025-08-17,2025-08-17
5507,Male,Millennial,one_and_done,4,1,2026-06-19,2026-06-19
5508,Male,Boomer,one_and_done,3,1,2025-10-04,2025-10-04
5509,Male,Gen Z,one_and_done,2,1,2025-07-27,2025-07-27
5510,Male,Millennial,occasional,4,7,2025-08-03,2026-05-15
5511,Male,Gen X,occasional,1,5,2026-01-19,2026-06-05
5512,Male,Boomer,occasional,1,4,2025-06-30,2026-06-07
5513,Male,Gen Z,loyal,1,22,2025-08-08,2026-06-23
5514,Male,Millennial,occasional,4,7,2025-07-31,2026-04-19
5515,Male,Millennial,one_and_done,1,1,2025-06-30,2025-06-30
5516,Male,Gen Z,one_and_done,1,1,2026-05-20,2026-05-20
5517,Female,Millennial,one_and_done,1,1,2025-10-13,2025-10-13
5518,Male,Millennial,loyal,8,30,2025-07-18,2026-06-11
5519,Female,Millennial,one_and_done,5,1,2026-02-12,2026-02-12
5520,Female,Millennial,one_and_done,6,1,2025-11-01,2025-11-01
5521,Male,Millennial,one_and_done,5,1,2025-09-15,2025-09-15
5522,Male,Millennial,regular,2,21,2025-08-29,2026-06-20
5523,Male,Gen X,loyal,1,24,2025-07-07,2026-05-14
5524,Female,Gen Z,one_and_done,1,1,2026-03-21,2026-03-21
5525,Male,Gen X,regular,1,16,2025-07-30,2026-05-09
5526,Male,Millennial,occasional,1,7,2025-08-12,2026-05-13
5527,Male,Gen Z,one_and_done,1,1,2026-02-24,2026-02-24
5528,Male,Millennial,one_and_done,4,1,2025-09-27,2025-09-27
5529,Male,Gen Z,occasional,2,5,2025-11-16,2026-04-25
5530,Male,Gen Z,loyal,6,22,2025-07-18,2026-06-21
5531,Male,Millennial,occasional,1,7,2025-08-05,2026-03-01
5532,Female,Millennial,occasional,1,6,2025-07-12,2026-06-18
5533,Female,Gen Z,loyal,6,19,2025-07-03,2026-06-07
5534,Female,Gen Z,one_and_done,1,1,2025-12-08,2025-12-08
5535,Male,Millennial,occasional,4,7,2025-07-28,2026-05-23
5536,Male,Gen Z,occasional,5,5,2025-08-06,2026-06-15
5537,Male,Millennial,regular,1,21,2025-07-05,2026-06-12
5538,Male,Millennial,regular,1,21,2025-07-04,2026-06-19
5539,Male,Gen X,occasional,10,5,2025-08-05,2026-04-29
5540,Male,Millennial,one_and_done,5,1,2026-01-07,2026-01-07
5541,Female,Gen X,occasional,1,5,2025-07-03,2026-04-02
5542,Male,Millennial,loyal,2,30,2025-07-08,2026-06-06
5543,Male,Gen Z,regular,1,15,2025-07-25,2026-06-06
5544,Male,Millennial,regular,3,21,2025-07-07,2026-06-13
5545,Male,Millennial,occasional,1,7,2025-10-10,2026-05-01
5546,Female,Gen Z,loyal,9,19,2025-07-03,2026-06-09
5547,Male,Millennial,regular,2,21,2025-07-31,2026-06-05
5548,Female,Gen X,one_and_done,1,1,2025-09-08,2025-09-08
5549,Female,Millennial,loyal,4,26,2025-07-15,2026-06-20
5550,Male,Millennial,regular,1,21,2025-07-02,2026-06-06
5551,Male,Millennial,one_and_done,1,1,2026-01-23,2026-01-23
5552,Male,Millennial,occasional,1,7,2025-10-10,2026-04-04
5553,Male,Boomer,occasional,2,4,2025-08-16,2026-05-24
5554,Male,Gen Z,loyal,2,22,2025-07-06,2026-06-22
5555,Female,Gen Z,one_and_done,6,1,2026-05-04,2026-05-04
5556,Male,Gen Z,loyal,3,22,2025-07-18,2026-06-17
5557,Male,Boomer,one_and_done,1,1,2026-01-08,2026-01-08
5558,Male,Millennial,occasional,1,7,2025-07-11,2026-03-11
5559,Male,Gen Z,one_and_done,1,1,2026-05-25,2026-05-25
5560,Male,Millennial,occasional,1,7,2025-08-16,2026-06-09
5561,Male,Millennial,one_and_done,1,1,2025-07-21,2025-07-21
5562,Male,Millennial,regular,1,21,2025-07-17,2026-06-05
5563,Male,Gen Z,occasional,2,5,2025-08-13,2026-05-07
5564,Female,Millennial,one_and_done,7,1,2025-09-13,2025-09-13
5565,Male,Millennial,one_and_done,1,1,2025-09-25,2025-09-25
5566,Male,Millennial,loyal,1,30,2025-07-10,2026-06-22
5567,Male,Millennial,one_and_done,7,1,2026-06-22,2026-06-22
5568,Male,Millennial,regular,4,21,2025-07-04,2026-05-29
5569,Male,Gen Z,one_and_done,1,1,2025-09-13,2025-09-13
5570,Female,Millennial,occasional,1,6,2025-07-31,2026-05-27
5571,Male,Boomer,occasional,1,4,2025-07-28,2026-03-18
5572,Male,Millennial,one_and_done,1,1,2025-12-14,2025-12-14
5573,Male,Gen Z,one_and_done,3,1,2026-06-02,2026-06-02
5574,Female,Millennial,one_and_done,1,1,2026-03-08,2026-03-08
5575,Female,Millennial,regular,1,18,2025-07-13,2026-06-11
5576,Male,Gen X,regular,5,16,2025-07-03,2026-05-29
5577,Male,Millennial,regular,4,21,2025-07-07,2026-06-17
5578,Male,Gen Z,one_and_done,4,1,2026-04-09,2026-04-09
5579,Female,Millennial,occasional,1,6,2025-08-29,2026-06-07
5580,Male,Millennial,regular,3,21,2025-07-07,2026-06-13
5581,Male,Gen Z,occasional,1,5,2025-10-18,2026-06-18
5582,Male,Millennial,regular,4,21,2025-08-07,2026-06-12
5583,Female,Boomer,regular,1,10,2025-07-04,2026-04-28
5584,Male,Millennial,one_and_done,6,1,2026-04-11,2026-04-11
5585,Male,Gen Z,occasional,1,5,2025-10-18,2026-05-31
5586,Female,Millennial,one_and_done,2,1,2026-01-27,2026-01-27
5587,Male,Gen Z,one_and_done,1,1,2025-12-31,2025-12-31
5588,Male,Millennial,occasional,1,7,2025-09-24,2026-04-16
5589,Male,Gen X,regular,1,16,2025-07-14,2026-06-18
5590,Male,Gen Z,one_and_done,9,1,2025-11-29,2025-11-29
5591,Female,Gen Z,one_and_done,6,1,2025-10-25,2025-10-25
5592,Male,Gen X,regular,1,16,2025-07-10,2026-06-08
5593,Female,Boomer,occasional,4,3,2025-08-23,2026-04-06
5594,Male,Gen Z,one_and_done,1,1,2025-11-01,2025-11-01
5595,Female,Millennial,one_and_done,3,1,2026-03-22,2026-03-22
5596,Male,Gen Z,occasional,4,5,2025-07-01,2025-10-19
5597,Male,Boomer,regular,6,12,2025-07-01,2026-06-19
5598,Male,Gen Z,one_and_done,4,1,2025-10-06,2025-10-06
5599,Female,Gen X,occasional,3,5,2025-07-25,2026-05-09
5600,Male,Millennial,regular,4,21,2025-08-03,2026-05-27
5601,Male,Boomer,regular,6,12,2025-07-08,2026-05-22
5602,Male,Millennial,regular,1,21,2025-07-14,2026-06-17
5603,Male,Millennial,occasional,1,7,2025-08-30,2026-04-10
5604,Male,Gen Z,one_and_done,3,1,2025-07-24,2025-07-24
5605,Male,Millennial,one_and_done,1,1,2025-11-09,2025-11-09
5606,Male,Gen Z,regular,1,15,2025-07-19,2026-06-11
5607,Male,Millennial,occasional,1,7,2025-08-17,2026-05-25
5608,Female,Gen X,one_and_done,8,1,2026-03-03,2026-03-03
5609,Female,Gen X,loyal,1,22,2025-07-27,2026-06-22
5610,Male,Millennial,regular,1,21,2025-07-12,2026-06-06
5611,Male,Gen X,one_and_done,2,1,2026-06-17,2026-06-17
5612,Male,Gen X,occasional,1,5,2025-08-15,2026-04-16
5613,Female,Boomer,regular,2,10,2025-07-25,2026-06-21
5614,Male,Gen Z,one_and_done,2,1,2025-11-08,2025-11-08
5615,Male,Boomer,one_and_done,7,1,2025-07-03,2025-07-03
5616,Male,Gen Z,one_and_done,1,1,2025-08-08,2025-08-08
5617,Male,Gen Z,regular,5,15,2025-07-03,2026-06-05
5618,Male,Millennial,occasional,1,7,2025-09-26,2026-06-06
5619,Male,Gen X,occasional,2,5,2025-07-26,2026-06-12
5620,Male,Millennial,regular,5,21,2025-08-21,2026-06-21
5621,Male,Gen X,occasional,1,5,2025-07-01,2026-06-12
5622,Male,Gen X,one_and_done,2,1,2026-05-29,2026-05-29
5623,Male,Gen Z,occasional,1,5,2025-09-02,2026-04-24
5624,Female,Millennial,one_and_done,2,1,2025-08-22,2025-08-22
5625,Male,Millennial,one_and_done,3,1,2026-02-10,2026-02-10
5626,Female,Millennial,regular,3,18,2025-07-03,2026-06-05
5627,Male,Gen Z,one_and_done,3,1,2025-07-25,2025-07-25
5628,Female,Boomer,regular,1,10,2025-08-09,2026-05-19
5629,Female,Gen X,one_and_done,4,1,2025-08-26,2025-08-26
5630,Male,Gen X,occasional,1,5,2025-09-28,2026-06-10
5631,Male,Gen X,regular,1,16,2025-08-21,2026-03-07
5632,Female,Boomer,one_and_done,5,1,2025-12-06,2025-12-06
5633,Female,Millennial,one_and_done,1,1,2026-05-23,2026-05-23
5634,Male,Millennial,occasional,1,7,2025-07-24,2026-03-21
5635,Male,Millennial,one_and_done,1,1,2026-03-23,2026-03-23
5636,Female,Millennial,loyal,7,26,2025-07-10,2026-06-21
5637,Male,Millennial,one_and_done,6,1,2026-01-15,2026-01-15
5638,Female,Gen X,regular,1,15,2025-07-01,2026-06-23
5639,Female,Gen X,one_and_done,1,1,2025-11-15,2025-11-15
5640,Female,Gen Z,one_and_done,1,1,2025-10-30,2025-10-30
5641,Male,Boomer,one_and_done,1,1,2026-06-12,2026-06-12
5642,Male,Millennial,loyal,1,30,2025-07-21,2026-06-13
5643,Male,Gen X,occasional,5,5,2025-09-05,2026-06-13
5644,Male,Millennial,one_and_done,1,1,2026-01-17,2026-01-17
5645,Male,Millennial,occasional,1,7,2025-09-18,2026-03-22
5646,Female,Gen Z,loyal,1,19,2025-07-23,2026-05-31
5647,Male,Millennial,occasional,1,7,2025-07-24,2026-04-24
5648,Female,Gen X,one_and_done,2,1,2025-08-01,2025-08-01
5649,Female,Gen Z,one_and_done,1,1,2025-07-03,2025-07-03
5650,Female,Millennial,loyal,2,26,2025-07-08,2026-06-02
5651,Female,Gen Z,occasional,3,4,2025-08-26,2026-05-11
5652,Male,Gen Z,one_and_done,1,1,2025-10-17,2025-10-17
5653,Male,Millennial,one_and_done,1,1,2025-10-02,2025-10-02
5654,Male,Millennial,occasional,1,7,2025-07-01,2026-05-29
5655,Male,Gen Z,occasional,1,5,2025-08-23,2026-06-19
5656,Male,Gen X,regular,1,16,2025-07-05,2026-04-28
5657,Male,Gen Z,occasional,4,5,2025-09-20,2026-05-29
5658,Male,Millennial,one_and_done,1,1,2025-11-10,2025-11-10
5659,Male,Millennial,one_and_done,1,1,2025-09-26,2025-09-26
5660,Male,Gen X,occasional,1,5,2025-09-23,2026-04-06
5661,Male,Gen Z,one_and_done,6,1,2025-07-22,2025-07-22
5662,Male,Gen Z,one_and_done,3,1,2025-07-06,2025-07-06
5663,Male,Boomer,occasional,1,4,2025-10-11,2026-05-13
5664,Male,Millennial,regular,3,21,2025-07-02,2026-06-07
5665,Male,Millennial,one_and_done,5,1,2026-03-05,2026-03-05
5666,Male,Millennial,occasional,6,7,2025-07-29,2026-04-10
5667,Male,Millennial,occasional,4,7,2025-09-06,2026-06-06
5668,Male,Gen Z,loyal,2,22,2025-08-11,2026-06-20
5669,Male,Gen Z,loyal,1,22,2025-07-09,2026-06-17
5670,Female,Millennial,occasional,1,6,2025-08-02,2026-05-15
5671,Female,Gen X,occasional,4,5,2025-08-05,2026-03-23
5672,Male,Millennial,occasional,4,7,2025-07-29,2026-06-04
5673,Female,Gen Z,one_and_done,1,1,2025-11-15,2025-11-15
5674,Female,Millennial,one_and_done,6,1,2026-04-07,2026-04-07
5675,Female,Gen Z,regular,6,13,2025-07-25,2026-05-01
5676,Male,Millennial,occasional,1,7,2025-07-27,2026-05-09
5677,Male,Gen Z,one_and_done,2,1,2025-09-08,2025-09-08
5678,Male,Millennial,one_and_done,1,1,2026-03-27,2026-03-27
5679,Male,Gen Z,loyal,2,22,2025-07-11,2026-06-23
5680,Female,Gen X,occasional,1,5,2025-08-28,2025-12-27
5681,Male,Boomer,one_and_done,2,1,2026-03-26,2026-03-26
5682,Male,Millennial,occasional,1,7,2025-07-19,2026-02-24
5683,Male,Gen Z,regular,9,15,2025-07-09,2026-06-14
5684,Female,Gen X,occasional,1,5,2025-08-05,2026-02-21
5685,Female,Gen X,occasional,2,5,2025-10-18,2026-05-04
5686,Female,Gen X,regular,1,15,2025-07-21,2026-04-29
5687,Male,Millennial,one_and_done,4,1,2026-02-12,2026-02-12
5688,Male,Millennial,one_and_done,1,1,2026-03-27,2026-03-27
5689,Male,Gen Z,loyal,1,22,2025-07-24,2026-06-22
5690,Female,Millennial,occasional,1,6,2025-09-29,2026-05-09
5691,Male,Gen X,one_and_done,1,1,2025-12-27,2025-12-27
5692,Male,Millennial,one_and_done,1,1,2026-03-21,2026-03-21
5693,Male,Gen Z,one_and_done,3,1,2026-03-28,2026-03-28
5694,Male,Millennial,regular,1,21,2025-07-21,2026-06-12
5695,Male,Gen Z,regular,1,15,2025-07-02,2026-06-17
5696,Male,Millennial,one_and_done,8,1,2025-07-22,2025-07-22
5697,Male,Millennial,regular,6,21,2025-07-03,2026-06-10
5698,Male,Millennial,one_and_done,4,1,2025-09-05,2025-09-05
5699,Male,Gen Z,occasional,1,5,2025-08-17,2026-03-16
5700,Female,Millennial,regular,1,18,2025-09-05,2026-05-29
5701,Female,Gen Z,occasional,4,4,2025-07-20,2026-04-18
5702,Male,Gen Z,one_and_done,1,1,2026-01-09,2026-01-09
5703,Male,Millennial,one_and_done,1,1,2026-01-24,2026-01-24
5704,Male,Millennial,occasional,1,7,2025-07-10,2026-06-07
5705,Male,Gen Z,one_and_done,2,1,2026-02-05,2026-02-05
5706,Female,Millennial,regular,2,18,2025-07-18,2026-05-23
5707,Male,Millennial,occasional,4,7,2025-08-06,2026-05-19
5708,Female,Gen Z,one_and_done,1,1,2025-11-28,2025-11-28
5709,Male,Gen Z,one_and_done,2,1,2025-09-01,2025-09-01
5710,Male,Millennial,one_and_done,1,1,2025-09-19,2025-09-19
5711,Female,Gen X,one_and_done,3,1,2026-04-29,2026-04-29
5712,Male,Millennial,occasional,4,7,2025-07-04,2026-05-24
5713,Female,Gen X,one_and_done,4,1,2026-05-08,2026-05-08
5714,Male,Millennial,one_and_done,9,1,2026-06-01,2026-06-01
5715,Male,Millennial,occasional,2,7,2025-07-13,2026-06-19
5716,Male,Gen Z,loyal,6,22,2025-07-05,2026-06-17
5717,Male,Gen Z,one_and_done,5,1,2026-01-04,2026-01-04
5718,Female,Gen X,loyal,2,22,2025-07-15,2026-06-22
5719,Male,Gen Z,loyal,2,22,2025-07-07,2026-06-23
5720,Female,Millennial,occasional,1,6,2025-07-10,2026-02-23
5721,Male,Millennial,regular,4,21,2025-07-26,2026-06-11
5722,Female,Millennial,regular,6,18,2025-07-07,2026-06-21
5723,Male,Gen Z,one_and_done,3,1,2026-02-20,2026-02-20
5724,Male,Gen Z,regular,2,15,2025-08-09,2026-06-04
5725,Male,Boomer,regular,2,12,2025-08-11,2026-05-23
5726,Male,Millennial,one_and_done,2,1,2025-07-08,2025-07-08
5727,Male,Millennial,occasional,1,7,2025-08-16,2026-06-06
5728,Male,Gen X,regular,1,16,2025-07-02,2026-04-16
5729,Female,Boomer,regular,3,10,2025-07-20,2026-05-28
5730,Female,Gen Z,loyal,1,19,2025-08-03,2026-06-12
5731,Male,Millennial,occasional,1,7,2025-07-21,2026-06-22
5732,Female,Gen Z,one_and_done,2,1,2026-05-23,2026-05-23
5733,Male,Millennial,one_and_done,2,1,2025-10-09,2025-10-09
5734,Male,Millennial,one_and_done,1,1,2025-07-31,2025-07-31
5735,Female,Millennial,one_and_done,7,1,2025-09-19,2025-09-19
5736,Male,Gen Z,one_and_done,4,1,2025-09-18,2025-09-18
5737,Male,Millennial,one_and_done,1,1,2026-03-14,2026-03-14
5738,Male,Gen Z,loyal,2,22,2025-07-08,2026-06-22
5739,Male,Gen Z,regular,1,15,2025-07-09,2026-05-20
5740,Female,Gen X,one_and_done,1,1,2026-03-12,2026-03-12
5741,Female,Gen X,one_and_done,2,1,2025-11-07,2025-11-07
5742,Male,Millennial,regular,1,21,2025-07-27,2026-05-22
5743,Male,Millennial,one_and_done,2,1,2026-03-13,2026-03-13
5744,Male,Gen Z,occasional,2,5,2025-07-19,2026-06-18
5745,Male,Gen X,one_and_done,1,1,2026-02-08,2026-02-08
5746,Male,Millennial,one_and_done,2,1,2025-09-20,2025-09-20
5747,Male,Millennial,one_and_done,4,1,2025-12-04,2025-12-04
5748,Female,Gen Z,one_and_done,6,1,2025-10-10,2025-10-10
5749,Male,Millennial,regular,6,21,2025-06-30,2026-06-14
5750,Male,Gen Z,one_and_done,8,1,2026-02-18,2026-02-18
5751,Male,Millennial,one_and_done,1,1,2026-01-19,2026-01-19
5752,Male,Gen X,one_and_done,1,1,2026-02-22,2026-02-22
5753,Male,Millennial,one_and_done,4,1,2026-04-22,2026-04-22
5754,Male,Millennial,one_and_done,1,1,2025-12-18,2025-12-18
5755,Male,Millennial,one_and_done,1,1,2025-09-20,2025-09-20
5756,Female,Millennial,regular,1,18,2025-06-30,2026-04-22
5757,Female,Millennial,occasional,1,6,2025-09-28,2026-05-30
5758,Male,Millennial,occasional,1,7,2025-07-01,2026-05-16
5759,Male,Gen X,one_and_done,4,1,2025-12-26,2025-12-26
5760,Male,Millennial,occasional,2,7,2025-07-20,2026-05-31
5761,Female,Millennial,occasional,8,6,2025-10-15,2026-04-30
5762,Male,Gen Z,occasional,2,5,2025-07-25,2026-04-16
5763,Male,Millennial,occasional,2,7,2025-08-16,2026-06-13
5764,Male,Gen X,one_and_done,1,1,2025-11-13,2025-11-13
5765,Male,Millennial,one_and_done,4,1,2025-09-26,2025-09-26
5766,Female,Gen Z,one_and_done,1,1,2026-05-24,2026-05-24
5767,Female,Gen Z,loyal,1,19,2025-08-09,2026-06-20
5768,Female,Gen X,one_and_done,1,1,2025-07-11,2025-07-11
5769,Male,Millennial,occasional,7,7,2025-07-20,2026-03-20
5770,Male,Millennial,regular,1,21,2025-07-01,2026-06-12
5771,Male,Gen Z,loyal,2,22,2025-07-12,2026-06-20
5772,Male,Millennial,regular,1,21,2025-07-07,2026-06-19
5773,Male,Gen Z,regular,1,15,2025-07-26,2026-06-18
5774,Female,Gen Z,one_and_done,5,1,2025-12-07,2025-12-07
5775,Male,Millennial,occasional,1,7,2025-07-07,2026-06-07
5776,Male,Gen X,loyal,1,24,2025-07-06,2026-06-17
5777,Male,Millennial,one_and_done,1,1,2026-02-08,2026-02-08
5778,Male,Boomer,occasional,6,4,2025-09-08,2026-05-16
5779,Male,Millennial,occasional,8,7,2025-08-06,2026-06-22
5780,Male,Millennial,one_and_done,1,1,2026-01-22,2026-01-22
5781,Male,Millennial,loyal,2,30,2025-07-02,2026-06-10
5782,Male,Millennial,one_and_done,6,1,2025-08-23,2025-08-23
5783,Male,Gen X,regular,3,16,2025-09-24,2026-05-10
5784,Male,Millennial,one_and_done,3,1,2026-04-06,2026-04-06
5785,Male,Gen X,regular,8,16,2025-07-21,2026-05-28
5786,Male,Millennial,occasional,1,7,2025-09-09,2026-05-21
5787,Male,Millennial,one_and_done,4,1,2026-02-08,2026-02-08
5788,Female,Millennial,regular,1,18,2025-07-31,2026-06-01
5789,Male,Gen Z,occasional,1,5,2025-07-05,2026-06-19
5790,Female,Millennial,one_and_done,4,1,2026-02-24,2026-02-24
5791,Male,Millennial,loyal,10,30,2025-07-14,2026-06-02
5792,Female,Millennial,one_and_done,1,1,2026-02-17,2026-02-17
5793,Female,Millennial,regular,1,18,2025-07-05,2026-06-20
5794,Female,Boomer,one_and_done,1,1,2025-07-29,2025-07-29
5795,Male,Boomer,one_and_done,1,1,2026-03-19,2026-03-19
5796,Male,Millennial,occasional,1,7,2025-08-29,2026-05-29
5797,Male,Millennial,one_and_done,2,1,2026-03-14,2026-03-14
5798,Male,Gen Z,loyal,3,22,2025-07-18,2026-06-13
5799,Male,Millennial,one_and_done,10,1,2025-10-11,2025-10-11
5800,Female,Gen Z,occasional,3,4,2025-10-19,2026-04-06
5801,Female,Gen Z,regular,1,13,2025-07-03,2026-04-16
5802,Male,Boomer,occasional,1,4,2025-10-01,2026-03-07
5803,Male,Gen X,one_and_done,7,1,2025-12-15,2025-12-15
5804,Male,Millennial,regular,1,21,2025-08-08,2026-06-19
5805,Male,Millennial,one_and_done,5,1,2026-05-09,2026-05-09
5806,Female,Millennial,regular,1,18,2025-07-10,2026-06-10
5807,Male,Millennial,regular,9,21,2025-07-19,2026-06-11
5808,Male,Millennial,one_and_done,1,1,2025-10-23,2025-10-23
5809,Female,Gen X,one_and_done,1,1,2026-01-06,2026-01-06
5810,Female,Millennial,one_and_done,6,1,2026-05-23,2026-05-23
5811,Male,Gen Z,one_and_done,2,1,2025-08-09,2025-08-09
5812,Male,Gen X,one_and_done,1,1,2025-09-24,2025-09-24
5813,Male,Millennial,one_and_done,2,1,2025-12-13,2025-12-13
5814,Female,Gen Z,occasional,6,4,2025-08-30,2026-03-17
5815,Female,Millennial,one_and_done,1,1,2025-09-27,2025-09-27
5816,Male,Millennial,occasional,4,7,2025-07-16,2026-01-16
5817,Male,Gen Z,one_and_done,1,1,2025-10-14,2025-10-14
5818,Female,Gen Z,one_and_done,2,1,2025-11-26,2025-11-26
5819,Male,Millennial,one_and_done,1,1,2025-07-10,2025-07-10
5820,Female,Millennial,occasional,3,6,2025-07-12,2026-06-04
5821,Male,Millennial,occasional,1,7,2025-12-25,2026-06-18
5822,Female,Millennial,occasional,3,6,2025-07-30,2026-06-11
5823,Male,Gen X,one_and_done,1,1,2025-09-13,2025-09-13
5824,Male,Millennial,regular,3,21,2025-07-01,2026-06-08
5825,Female,Boomer,one_and_done,4,1,2026-04-18,2026-04-18
5826,Male,Gen Z,one_and_done,7,1,2025-08-19,2025-08-19
5827,Male,Millennial,loyal,1,30,2025-07-02,2026-06-23
5828,Male,Gen Z,regular,3,15,2025-07-02,2026-05-31
5829,Male,Millennial,occasional,9,7,2025-07-08,2026-05-27
5830,Male,Millennial,occasional,1,7,2025-08-25,2026-06-08
5831,Male,Millennial,occasional,4,7,2025-07-31,2026-05-28
5832,Male,Millennial,one_and_done,1,1,2025-08-24,2025-08-24
5833,Female,Gen X,one_and_done,1,1,2026-01-13,2026-01-13
5834,Female,Millennial,occasional,2,6,2025-08-27,2026-06-01
5835,Male,Millennial,regular,1,21,2025-07-10,2026-06-18
5836,Male,Millennial,one_and_done,1,1,2025-10-17,2025-10-17
5837,Male,Gen Z,regular,1,15,2025-07-18,2026-06-05
5838,Female,Gen Z,loyal,1,19,2025-07-02,2026-04-24
5839,Male,Millennial,occasional,4,7,2025-08-02,2026-04-18
5840,Male,Gen Z,regular,5,15,2025-07-03,2026-06-21
5841,Female,Millennial,regular,2,18,2025-07-07,2026-06-14
5842,Male,Millennial,one_and_done,6,1,2025-11-22,2025-11-22
5843,Female,Gen Z,one_and_done,1,1,2026-05-14,2026-05-14
5844,Male,Millennial,one_and_done,4,1,2025-10-23,2025-10-23
5845,Female,Millennial,regular,5,18,2025-07-07,2026-05-28
5846,Female,Millennial,one_and_done,7,1,2025-10-15,2025-10-15
5847,Male,Gen X,one_and_done,1,1,2026-04-17,2026-04-17
5848,Male,Millennial,one_and_done,4,1,2026-05-08,2026-05-08
5849,Male,Millennial,one_and_done,4,1,2025-10-30,2025-10-30
5850,Male,Boomer,regular,3,12,2025-09-01,2026-06-18
5851,Male,Gen Z,occasional,2,5,2025-06-30,2026-06-18
5852,Male,Millennial,occasional,1,7,2025-08-19,2026-04-27
5853,Male,Gen X,one_and_done,4,1,2026-04-15,2026-04-15
5854,Male,Millennial,occasional,4,7,2025-09-13,2026-05-08
5855,Male,Gen X,occasional,2,5,2025-09-10,2026-03-14
5856,Male,Millennial,one_and_done,1,1,2025-09-25,2025-09-25
5857,Male,Gen Z,one_and_done,1,1,2026-03-03,2026-03-03
5858,Female,Millennial,regular,7,18,2025-07-11,2026-05-16
5859,Female,Millennial,one_and_done,1,1,2026-04-11,2026-04-11
5860,Male,Gen X,regular,2,16,2025-07-09,2026-06-12
5861,Male,Millennial,regular,3,21,2025-06-30,2026-06-18
5862,Female,Millennial,regular,1,18,2025-07-07,2026-06-19
5863,Female,Millennial,regular,1,18,2025-07-22,2026-06-04
5864,Male,Millennial,one_and_done,8,1,2026-01-17,2026-01-17
5865,Male,Millennial,loyal,1,30,2025-08-11,2026-06-22
5866,Male,Gen Z,one_and_done,2,1,2026-01-13,2026-01-13
5867,Female,Millennial,loyal,3,26,2025-07-07,2026-05-24
5868,Female,Millennial,occasional,1,6,2025-11-24,2026-05-27
5869,Male,Boomer,one_and_done,1,1,2026-02-18,2026-02-18
5870,Female,Boomer,regular,5,10,2025-07-24,2026-06-15
5871,Male,Millennial,one_and_done,1,1,2026-04-20,2026-04-20
5872,Male,Millennial,loyal,5,30,2025-07-11,2026-06-19
5873,Male,Gen X,one_and_done,2,1,2026-02-27,2026-02-27
5874,Male,Millennial,one_and_done,6,1,2026-06-11,2026-06-11
5875,Female,Gen X,one_and_done,2,1,2025-10-25,2025-10-25
5876,Female,Boomer,occasional,2,3,2025-09-25,2026-03-19
5877,Female,Gen X,regular,5,15,2025-07-02,2026-04-12
5878,Female,Millennial,one_and_done,8,1,2025-11-06,2025-11-06
5879,Female,Millennial,regular,1,18,2025-07-02,2026-06-20
5880,Female,Gen Z,regular,1,13,2025-09-03,2026-06-15
5881,Male,Millennial,loyal,1,30,2025-07-12,2026-06-19
5882,Male,Gen Z,occasional,2,5,2025-10-12,2026-04-11
5883,Male,Gen Z,one_and_done,2,1,2026-03-05,2026-03-05
5884,Male,Millennial,one_and_done,1,1,2026-03-15,2026-03-15
5885,Male,Boomer,occasional,2,4,2025-07-13,2026-05-19
5886,Male,Millennial,one_and_done,1,1,2025-08-10,2025-08-10
5887,Male,Millennial,one_and_done,1,1,2026-03-26,2026-03-26
5888,Male,Millennial,one_and_done,1,1,2026-03-06,2026-03-06
5889,Male,Millennial,loyal,7,30,2025-07-04,2026-06-19
5890,Female,Millennial,one_and_done,1,1,2026-01-29,2026-01-29
5891,Male,Gen Z,regular,2,15,2025-07-22,2026-06-20
5892,Male,Millennial,regular,1,21,2025-09-19,2026-06-18
5893,Female,Gen X,occasional,1,5,2025-08-01,2026-05-12
5894,Female,Millennial,occasional,5,6,2025-08-26,2026-04-27
5895,Male,Millennial,occasional,1,7,2025-11-29,2026-05-20
5896,Male,Millennial,one_and_done,1,1,2025-12-24,2025-12-24
5897,Female,Gen Z,one_and_done,1,1,2025-12-06,2025-12-06
5898,Female,Millennial,one_and_done,1,1,2026-01-05,2026-01-05
5899,Female,Millennial,one_and_done,1,1,2026-06-12,2026-06-12
5900,Male,Boomer,occasional,1,4,2025-07-18,2026-03-14
5901,Female,Millennial,one_and_done,7,1,2025-09-14,2025-09-14
5902,Male,Boomer,occasional,1,4,2025-07-12,2026-03-05
5903,Female,Boomer,regular,5,10,2025-07-12,2026-04-01
5904,Male,Gen X,one_and_done,2,1,2026-05-19,2026-05-19
5905,Male,Millennial,regular,4,21,2025-07-05,2026-06-15
5906,Male,Millennial,occasional,1,7,2025-08-06,2026-06-05
5907,Male,Millennial,loyal,4,30,2025-07-24,2026-06-05
5908,Male,Gen Z,one_and_done,4,1,2025-11-10,2025-11-10
5909,Male,Gen Z,regular,1,15,2025-09-03,2026-05-30
5910,Female,Gen X,occasional,3,5,2025-08-26,2026-04-22
5911,Male,Millennial,one_and_done,6,1,2025-07-10,2025-07-10
5912,Female,Millennial,regular,1,18,2025-07-05,2026-06-16
5913,Female,Millennial,loyal,1,26,2025-07-02,2026-06-08
5914,Male,Gen Z,one_and_done,4,1,2026-02-06,2026-02-06
5915,Male,Millennial,one_and_done,1,1,2025-08-30,2025-08-30
5916,Male,Boomer,one_and_done,1,1,2026-05-09,2026-05-09
5917,Male,Millennial,occasional,1,7,2025-07-11,2026-06-15
5918,Male,Millennial,one_and_done,1,1,2026-01-10,2026-01-10
5919,Male,Gen Z,one_and_done,1,1,2025-10-18,2025-10-18
5920,Male,Millennial,regular,1,21,2025-07-15,2026-05-30
5921,Male,Millennial,one_and_done,1,1,2026-05-15,2026-05-15
5922,Male,Millennial,one_and_done,10,1,2026-03-28,2026-03-28
5923,Male,Boomer,one_and_done,3,1,2026-02-02,2026-02-02
5924,Male,Millennial,regular,1,21,2025-08-07,2026-06-01
5925,Male,Gen Z,one_and_done,2,1,2026-01-01,2026-01-01
5926,Female,Gen Z,one_and_done,3,1,2025-10-03,2025-10-03
5927,Female,Gen X,occasional,8,5,2025-08-23,2026-03-12
5928,Female,Millennial,regular,6,18,2025-07-19,2026-06-05
5929,Male,Millennial,one_and_done,2,1,2025-08-25,2025-08-25
5930,Male,Gen X,regular,1,16,2025-07-12,2026-05-06
5931,Male,Gen Z,one_and_done,4,1,2025-10-23,2025-10-23
5932,Male,Millennial,loyal,1,30,2025-07-19,2026-06-21
5933,Female,Gen Z,one_and_done,1,1,2025-08-28,2025-08-28
5934,Male,Millennial,loyal,1,30,2025-07-05,2026-06-16
5935,Female,Gen Z,one_and_done,7,1,2025-11-19,2025-11-19
5936,Female,Gen X,occasional,1,5,2025-07-18,2026-03-17
5937,Male,Gen Z,one_and_done,6,1,2025-10-11,2025-10-11
5938,Female,Millennial,regular,1,18,2025-07-04,2026-06-08
5939,Male,Millennial,regular,2,21,2025-07-29,2026-06-12
5940,Female,Gen Z,occasional,1,4,2025-07-18,2026-03-25
5941,Male,Gen X,loyal,1,24,2025-06-30,2026-06-17
5942,Male,Boomer,occasional,1,4,2025-07-13,2026-05-01
5943,Male,Gen X,regular,7,16,2025-07-12,2026-06-08
5944,Female,Millennial,one_and_done,1,1,2025-09-19,2025-09-19
5945,Male,Gen X,occasional,1,5,2025-07-26,2026-05-18
5946,Male,Millennial,occasional,1,7,2025-08-26,2026-05-03
5947,Male,Millennial,one_and_done,1,1,2025-12-28,2025-12-28
5948,Female,Millennial,one_and_done,2,1,2026-06-18,2026-06-18
5949,Female,Boomer,one_and_done,1,1,2026-02-15,2026-02-15
5950,Male,Boomer,one_and_done,1,1,2026-05-19,2026-05-19
5951,Male,Millennial,one_and_done,4,1,2025-11-14,2025-11-14
5952,Female,Gen X,occasional,1,5,2025-12-03,2026-06-03
5953,Male,Millennial,occasional,5,7,2025-07-20,2026-05-25
5954,Male,Gen Z,one_and_done,1,1,2026-01-01,2026-01-01
5955,Male,Gen X,regular,2,16,2025-07-08,2026-06-09
5956,Female,Millennial,one_and_done,2,1,2025-11-15,2025-11-15
5957,Male,Gen Z,occasional,5,5,2025-10-23,2026-05-30
5958,Male,Millennial,loyal,1,30,2025-07-20,2026-06-04
5959,Male,Gen X,one_and_done,1,1,2026-01-16,2026-01-16
5960,Male,Gen Z,occasional,8,5,2025-10-20,2026-05-13
5961,Female,Millennial,occasional,10,6,2025-07-27,2026-05-20
5962,Male,Millennial,one_and_done,2,1,2025-12-02,2025-12-02
5963,Male,Gen Z,occasional,1,5,2025-08-15,2026-06-05
5964,Male,Gen Z,regular,1,15,2025-08-13,2026-06-19
5965,Male,Gen Z,loyal,1,22,2025-07-29,2026-06-23
5966,Male,Millennial,regular,1,21,2025-07-10,2026-05-29
5967,Female,Gen X,occasional,8,5,2025-08-06,2025-11-22
5968,Male,Gen X,one_and_done,2,1,2026-05-27,2026-05-27
5969,Male,Gen Z,loyal,1,22,2025-07-05,2026-06-14
5970,Male,Gen Z,one_and_done,2,1,2026-04-04,2026-04-04
5971,Male,Millennial,occasional,2,7,2025-07-18,2026-04-05
5972,Male,Millennial,one_and_done,1,1,2025-11-29,2025-11-29
5973,Female,Millennial,regular,1,18,2025-08-08,2026-05-27
5974,Male,Millennial,loyal,1,30,2025-07-11,2026-06-18
5975,Female,Millennial,one_and_done,1,1,2026-01-04,2026-01-04
5976,Female,Gen Z,regular,8,13,2025-07-04,2026-04-13
5977,Female,Gen Z,one_and_done,2,1,2026-05-23,2026-05-23
5978,Male,Millennial,one_and_done,1,1,2025-09-18,2025-09-18
5979,Male,Gen X,occasional,1,5,2025-07-27,2026-05-13
5980,Male,Millennial,one_and_done,1,1,2025-10-13,2025-10-13
5981,Female,Gen X,occasional,1,5,2025-07-18,2026-02-14
5982,Female,Millennial,regular,1,18,2025-07-30,2026-05-09
5983,Male,Gen X,one_and_done,2,1,2025-09-28,2025-09-28
5984,Male,Millennial,one_and_done,1,1,2026-03-16,2026-03-16
5985,Male,Millennial,occasional,2,7,2025-07-18,2026-04-03
5986,Female,Gen X,occasional,2,5,2025-07-29,2026-03-16
5987,Male,Gen X,one_and_done,3,1,2026-03-24,2026-03-24
5988,Male,Gen Z,one_and_done,2,1,2026-03-13,2026-03-13
5989,Male,Millennial,regular,1,21,2025-07-13,2026-06-20
5990,Male,Gen X,one_and_done,4,1,2026-01-12,2026-01-12
5991,Male,Gen X,regular,4,16,2025-07-30,2026-06-21
5992,Male,Gen X,one_and_done,3,1,2025-07-27,2025-07-27
5993,Female,Gen X,regular,6,15,2025-08-29,2026-06-16
5994,Male,Boomer,occasional,1,4,2025-07-19,2026-04-27
5995,Male,Gen Z,one_and_done,3,1,2026-03-19,2026-03-19
5996,Male,Millennial,one_and_done,1,1,2025-09-09,2025-09-09
5997,Male,Millennial,loyal,1,30,2025-07-11,2026-06-06
5998,Male,Gen Z,regular,1,15,2025-08-11,2026-06-05
5999,Female,Boomer,loyal,4,15,2025-07-02,2026-06-19
6000,Male,Gen X,one_and_done,1,1,2026-05-16,2026-05-16
6001,Male,Boomer,one_and_done,4,1,2026-06-21,2026-06-21
6002,Female,Gen Z,one_and_done,1,1,2026-02-25,2026-02-25
6003,Female,Gen Z,occasional,2,4,2025-09-02,2026-03-24
6004,Female,Gen Z,one_and_done,4,1,2026-02-16,2026-02-16
6005,Female,Millennial,occasional,1,6,2025-07-03,2026-05-22
6006,Male,Millennial,one_and_done,1,1,2026-04-10,2026-04-10
6007,Female,Gen Z,occasional,1,4,2025-09-19,2026-05-11
6008,Male,Millennial,one_and_done,4,1,2026-01-01,2026-01-01
6009,Male,Gen Z,regular,1,15,2025-07-14,2026-06-19
6010,Female,Gen Z,loyal,2,19,2025-07-11,2026-06-12
6011,Male,Millennial,one_and_done,6,1,2026-03-08,2026-03-08
6012,Male,Gen X,occasional,1,5,2025-11-02,2026-04-22
6013,Male,Gen X,one_and_done,8,1,2026-05-13,2026-05-13
6014,Male,Millennial,regular,2,21,2025-07-07,2026-05-31
6015,Male,Gen X,regular,2,16,2025-07-02,2026-05-22
6016,Female,Millennial,loyal,3,26,2025-07-19,2026-05-26
6017,Female,Millennial,regular,2,18,2025-07-05,2026-06-20
6018,Female,Gen Z,one_and_done,2,1,2025-07-08,2025-07-08
6019,Female,Gen X,one_and_done,1,1,2026-03-29,2026-03-29
6020,Female,Millennial,occasional,1,6,2025-07-28,2026-04-19
6021,Female,Millennial,one_and_done,2,1,2025-10-14,2025-10-14
6022,Female,Boomer,one_and_done,4,1,2025-07-04,2025-07-04
6023,Male,Gen Z,occasional,10,5,2025-08-27,2026-06-12
6024,Male,Gen Z,one_and_done,2,1,2025-12-12,2025-12-12
6025,Male,Gen Z,one_and_done,1,1,2026-04-03,2026-04-03
6026,Male,Gen Z,occasional,1,5,2025-12-12,2026-06-23
6027,Male,Millennial,regular,1,21,2025-08-01,2026-06-06
6028,Female,Millennial,regular,8,18,2025-07-15,2026-06-04
6029,Female,Millennial,one_and_done,6,1,2025-07-26,2025-07-26
6030,Male,Gen Z,one_and_done,2,1,2025-11-21,2025-11-21
6031,Male,Millennial,one_and_done,4,1,2026-06-22,2026-06-22
6032,Male,Gen Z,regular,4,15,2025-07-29,2026-06-17
6033,Male,Millennial,occasional,3,7,2025-07-20,2026-05-22
6034,Male,Gen Z,occasional,1,5,2025-08-22,2026-05-12
6035,Female,Millennial,one_and_done,1,1,2025-09-06,2025-09-06
6036,Male,Gen Z,one_and_done,3,1,2025-11-28,2025-11-28
6037,Female,Gen X,one_and_done,1,1,2025-12-03,2025-12-03
6038,Male,Millennial,occasional,4,7,2025-07-12,2026-04-05
6039,Male,Gen Z,occasional,1,5,2025-10-09,2026-05-01
6040,Male,Gen Z,one_and_done,4,1,2025-11-03,2025-11-03
6041,Male,Gen X,one_and_done,4,1,2025-09-13,2025-09-13
6042,Male,Gen Z,regular,1,15,2025-07-14,2026-04-18
6043,Female,Millennial,one_and_done,3,1,2025-08-02,2025-08-02
6044,Female,Millennial,one_and_done,1,1,2025-09-15,2025-09-15
6045,Female,Millennial,one_and_done,2,1,2026-04-24,2026-04-24
6046,Female,Millennial,one_and_done,1,1,2025-08-05,2025-08-05
6047,Male,Gen Z,one_and_done,1,1,2025-09-16,2025-09-16
6048,Female,Gen Z,one_and_done,5,1,2025-09-13,2025-09-13
6049,Female,Boomer,occasional,1,3,2025-09-05,2026-04-08
6050,Male,Gen Z,one_and_done,1,1,2025-09-02,2025-09-02
6051,Male,Millennial,occasional,1,7,2025-08-03,2026-06-03
6052,Female,Millennial,occasional,2,6,2025-07-12,2026-05-11
6053,Male,Gen X,one_and_done,1,1,2025-09-16,2025-09-16
6054,Female,Millennial,regular,1,18,2025-07-04,2026-06-09
6055,Male,Millennial,occasional,1,7,2025-08-22,2026-06-08
6056,Male,Millennial,occasional,2,7,2025-08-12,2026-05-21
6057,Male,Millennial,one_and_done,4,1,2026-05-02,2026-05-02
6058,Male,Millennial,regular,1,21,2025-07-04,2026-06-18
6059,Male,Millennial,regular,1,21,2025-07-12,2026-06-11
6060,Female,Millennial,occasional,3,6,2025-07-01,2026-06-11
6061,Male,Gen Z,one_and_done,1,1,2025-09-13,2025-09-13
6062,Male,Millennial,loyal,8,30,2025-07-01,2026-06-18
6063,Male,Gen X,one_and_done,6,1,2026-03-18,2026-03-18
6064,Female,Boomer,regular,1,10,2025-07-11,2026-06-20
6065,Male,Gen Z,one_and_done,2,1,2025-09-28,2025-09-28
6066,Male,Millennial,occasional,1,7,2025-08-20,2026-05-02
6067,Male,Millennial,regular,1,21,2025-08-14,2026-06-15
6068,Male,Gen Z,occasional,1,5,2025-09-10,2026-03-09
6069,Male,Millennial,one_and_done,1,1,2025-12-13,2025-12-13
6070,Female,Millennial,one_and_done,2,1,2025-10-19,2025-10-19
6071,Male,Gen X,one_and_done,2,1,2025-11-07,2025-11-07
6072,Male,Millennial,one_and_done,3,1,2025-07-09,2025-07-09
6073,Female,Boomer,one_and_done,5,1,2025-09-18,2025-09-18
6074,Male,Millennial,occasional,1,7,2025-10-01,2026-06-17
6075,Male,Gen X,occasional,1,5,2025-08-15,2026-04-09
6076,Male,Millennial,one_and_done,2,1,2025-11-24,2025-11-24
6077,Male,Millennial,one_and_done,8,1,2025-10-11,2025-10-11
6078,Male,Millennial,loyal,1,30,2025-07-17,2026-06-05
6079,Male,Millennial,one_and_done,1,1,2025-10-02,2025-10-02
6080,Male,Gen Z,regular,1,15,2025-09-29,2026-05-10
6081,Male,Millennial,regular,1,21,2025-06-30,2026-06-19
6082,Male,Millennial,regular,5,21,2025-07-16,2026-05-08
6083,Male,Millennial,one_and_done,1,1,2026-02-28,2026-02-28
6084,Male,Gen Z,one_and_done,3,1,2026-04-18,2026-04-18
6085,Female,Millennial,one_and_done,1,1,2026-03-30,2026-03-30
6086,Female,Gen Z,one_and_done,1,1,2026-04-16,2026-04-16
6087,Male,Millennial,regular,1,21,2025-07-11,2026-06-11
6088,Male,Gen Z,occasional,1,5,2025-10-16,2026-05-22
6089,Male,Gen Z,one_and_done,4,1,2025-10-31,2025-10-31
6090,Female,Millennial,regular,1,18,2025-08-15,2026-06-14
6091,Female,Gen Z,one_and_done,1,1,2026-05-21,2026-05-21
6092,Male,Millennial,regular,1,21,2025-07-30,2026-06-18
6093,Male,Millennial,one_and_done,1,1,2026-06-03,2026-06-03
6094,Male,Gen X,one_and_done,1,1,2026-05-09,2026-05-09
6095,Male,Millennial,one_and_done,1,1,2026-06-04,2026-06-04
6096,Male,Gen Z,one_and_done,1,1,2025-11-27,2025-11-27
6097,Male,Millennial,occasional,1,7,2025-08-11,2026-04-05
6098,Female,Millennial,occasional,1,6,2025-07-19,2026-03-16
6099,Male,Gen Z,occasional,6,5,2026-01-27,2026-05-08
6100,Female,Gen Z,regular,7,13,2025-07-26,2026-05-13
6101,Female,Millennial,loyal,2,26,2025-07-22,2026-06-20
6102,Female,Millennial,one_and_done,3,1,2025-12-05,2025-12-05
6103,Male,Gen Z,one_and_done,1,1,2025-10-22,2025-10-22
6104,Male,Millennial,one_and_done,2,1,2026-06-13,2026-06-13
6105,Male,Millennial,regular,1,21,2025-07-27,2026-06-14
6106,Male,Gen Z,one_and_done,3,1,2025-11-16,2025-11-16
6107,Male,Millennial,regular,2,21,2025-07-10,2026-05-31
6108,Male,Boomer,occasional,2,4,2025-10-17,2026-06-19
6109,Male,Millennial,regular,1,21,2025-07-18,2026-04-26
6110,Male,Millennial,one_and_done,2,1,2026-04-19,2026-04-19
6111,Male,Millennial,occasional,1,7,2025-07-30,2026-06-16
6112,Male,Millennial,one_and_done,1,1,2025-08-09,2025-08-09
6113,Male,Boomer,regular,1,12,2025-08-16,2026-06-03
6114,Female,Millennial,loyal,1,26,2025-07-05,2026-06-21
6115,Male,Gen X,regular,5,16,2025-08-08,2026-06-15
6116,Female,Millennial,regular,5,18,2025-07-22,2026-06-19
6117,Female,Millennial,occasional,1,6,2025-08-06,2026-05-15
6118,Female,Gen Z,one_and_done,1,1,2026-05-27,2026-05-27
6119,Male,Boomer,occasional,3,4,2025-08-10,2026-03-12
6120,Male,Millennial,occasional,1,7,2025-09-16,2026-06-11
6121,Male,Millennial,one_and_done,5,1,2025-11-15,2025-11-15
6122,Female,Gen Z,one_and_done,3,1,2025-10-13,2025-10-13
6123,Male,Gen Z,one_and_done,2,1,2025-08-24,2025-08-24
6124,Male,Millennial,regular,7,21,2025-07-05,2026-06-19
6125,Male,Millennial,one_and_done,1,1,2026-06-13,2026-06-13
6126,Male,Millennial,occasional,5,7,2025-07-07,2026-06-23
6127,Female,Gen Z,occasional,4,4,2025-06-30,2026-06-12
6128,Male,Gen X,loyal,1,24,2025-07-18,2026-05-23
6129,Male,Millennial,one_and_done,2,1,2026-05-13,2026-05-13
6130,Male,Millennial,loyal,1,30,2025-07-07,2026-06-07
6131,Male,Millennial,one_and_done,8,1,2026-03-13,2026-03-13
6132,Female,Gen Z,occasional,1,4,2025-08-26,2026-03-02
6133,Male,Gen Z,occasional,2,5,2025-09-29,2026-05-15
6134,Male,Gen X,occasional,1,5,2025-08-17,2026-02-06
6135,Male,Boomer,one_and_done,1,1,2026-04-27,2026-04-27
6136,Female,Gen Z,occasional,1,4,2025-09-17,2026-04-16
6137,Male,Gen Z,loyal,1,22,2025-07-11,2026-06-06
6138,Male,Millennial,loyal,1,30,2025-07-09,2026-06-15
6139,Male,Millennial,occasional,3,7,2025-10-10,2026-03-13
6140,Male,Gen Z,regular,3,15,2025-07-12,2026-05-30
6141,Female,Gen X,one_and_done,1,1,2026-01-18,2026-01-18
6142,Male,Gen Z,occasional,7,5,2025-07-26,2026-03-06
6143,Female,Gen Z,occasional,3,4,2025-09-12,2026-06-04
6144,Female,Millennial,loyal,1,26,2025-07-03,2026-06-01
6145,Male,Millennial,occasional,3,7,2025-08-22,2026-05-19
6146,Male,Millennial,occasional,2,7,2025-07-23,2026-06-17
6147,Male,Millennial,one_and_done,4,1,2025-11-01,2025-11-01
6148,Male,Millennial,loyal,1,30,2025-07-01,2026-06-20
6149,Male,Gen Z,one_and_done,3,1,2026-03-20,2026-03-20
6150,Male,Gen X,occasional,5,5,2025-09-14,2026-03-29
6151,Female,Millennial,one_and_done,2,1,2025-10-28,2025-10-28
6152,Male,Millennial,one_and_done,1,1,2025-08-21,2025-08-21
6153,Male,Millennial,occasional,2,7,2025-08-23,2026-06-08
6154,Female,Millennial,loyal,1,26,2025-07-11,2026-06-14
6155,Female,Millennial,one_and_done,2,1,2025-11-26,2025-11-26
6156,Male,Millennial,occasional,1,7,2025-08-09,2026-05-29
6157,Male,Gen Z,loyal,1,22,2025-07-03,2026-06-15
6158,Female,Millennial,one_and_done,1,1,2025-10-27,2025-10-27
6159,Male,Gen Z,one_and_done,4,1,2025-11-28,2025-11-28
6160,Male,Millennial,regular,1,21,2025-09-16,2026-06-07
6161,Female,Millennial,occasional,1,6,2025-07-06,2026-03-28
6162,Female,Gen Z,one_and_done,3,1,2025-07-12,2025-07-12
6163,Male,Millennial,regular,1,21,2025-07-21,2026-06-11
6164,Male,Boomer,one_and_done,1,1,2026-02-23,2026-02-23
6165,Female,Gen Z,occasional,2,4,2025-07-18,2026-05-29
6166,Male,Millennial,loyal,4,30,2025-07-19,2026-06-13
6167,Female,Millennial,one_and_done,1,1,2025-09-28,2025-09-28
6168,Male,Gen Z,one_and_done,2,1,2026-05-27,2026-05-27
6169,Male,Gen Z,loyal,2,22,2025-07-04,2026-06-23
6170,Female,Millennial,one_and_done,1,1,2026-02-21,2026-02-21
6171,Female,Gen Z,one_and_done,1,1,2026-03-25,2026-03-25
6172,Male,Gen X,occasional,1,5,2025-07-26,2026-03-01
6173,Female,Gen X,one_and_done,5,1,2026-05-14,2026-05-14
6174,Female,Millennial,occasional,1,6,2025-08-18,2026-05-23
6175,Female,Boomer,regular,1,10,2025-09-01,2026-05-22
6176,Male,Millennial,one_and_done,10,1,2025-07-31,2025-07-31
6177,Male,Millennial,one_and_done,1,1,2025-09-27,2025-09-27
6178,Female,Millennial,regular,1,18,2025-07-06,2026-06-17
6179,Male,Millennial,one_and_done,4,1,2026-04-20,2026-04-20
6180,Male,Millennial,occasional,1,7,2025-11-23,2026-05-24
6181,Male,Millennial,one_and_done,4,1,2026-03-06,2026-03-06
6182,Female,Millennial,occasional,2,6,2025-08-31,2026-06-06
6183,Female,Millennial,occasional,1,6,2025-09-20,2026-06-21
6184,Male,Gen Z,one_and_done,1,1,2025-09-04,2025-09-04
6185,Male,Gen Z,occasional,1,5,2025-08-17,2026-03-16
6186,Male,Millennial,occasional,1,7,2025-07-26,2026-05-26
6187,Female,Millennial,occasional,1,6,2025-09-23,2026-06-07
6188,Female,Gen Z,occasional,1,4,2025-08-29,2026-05-04
6189,Male,Gen X,occasional,4,5,2025-08-04,2026-05-08
6190,Female,Gen Z,regular,1,13,2025-09-27,2026-05-16
6191,Male,Millennial,regular,1,21,2025-07-09,2026-05-09
6192,Female,Gen X,one_and_done,4,1,2026-02-25,2026-02-25
6193,Female,Millennial,one_and_done,4,1,2025-10-29,2025-10-29
6194,Male,Millennial,one_and_done,1,1,2026-06-02,2026-06-02
6195,Male,Millennial,one_and_done,3,1,2026-01-23,2026-01-23
6196,Female,Millennial,one_and_done,1,1,2026-05-13,2026-05-13
6197,Male,Millennial,one_and_done,3,1,2026-05-27,2026-05-27
6198,Male,Millennial,one_and_done,1,1,2025-09-25,2025-09-25
6199,Female,Gen X,occasional,2,5,2025-07-04,2026-02-08
6200,Female,Gen X,occasional,1,5,2025-07-12,2026-05-18
6201,Female,Millennial,occasional,5,6,2025-10-03,2026-05-16
6202,Female,Gen Z,one_and_done,1,1,2025-10-03,2025-10-03
6203,Male,Gen X,one_and_done,2,1,2025-12-18,2025-12-18
6204,Male,Millennial,loyal,1,30,2025-08-20,2026-06-17
6205,Male,Boomer,one_and_done,1,1,2026-05-20,2026-05-20
6206,Female,Gen Z,loyal,1,19,2025-07-14,2026-06-20
6207,Female,Gen X,one_and_done,1,1,2026-04-21,2026-04-21
6208,Female,Boomer,loyal,1,15,2025-07-02,2026-06-22
6209,Female,Millennial,regular,1,18,2025-07-04,2026-06-01
6210,Male,Millennial,occasional,1,7,2025-10-18,2026-04-18
6211,Male,Millennial,one_and_done,2,1,2026-06-19,2026-06-19
6212,Male,Millennial,occasional,10,7,2025-07-03,2026-04-03
6213,Male,Gen Z,regular,1,15,2025-09-05,2026-06-19
6214,Female,Boomer,one_and_done,3,1,2026-05-01,2026-05-01
6215,Male,Millennial,one_and_done,2,1,2026-03-04,2026-03-04
6216,Female,Gen Z,occasional,1,4,2025-07-19,2026-04-08
6217,Male,Millennial,loyal,1,30,2025-07-22,2026-06-13
6218,Male,Gen X,one_and_done,1,1,2026-01-16,2026-01-16
6219,Female,Millennial,occasional,1,6,2025-10-11,2026-05-11
6220,Male,Millennial,loyal,1,30,2025-07-15,2026-05-24
6221,Male,Millennial,one_and_done,1,1,2026-05-05,2026-05-05
6222,Male,Gen Z,regular,1,15,2025-07-26,2026-05-23
6223,Male,Millennial,occasional,1,7,2025-09-13,2026-04-29
6224,Female,Gen X,loyal,2,22,2025-07-12,2026-06-14
6225,Male,Millennial,loyal,2,30,2025-07-04,2026-06-22
6226,Male,Millennial,regular,1,21,2025-07-10,2026-06-20
6227,Male,Millennial,regular,1,21,2025-07-12,2026-06-21
6228,Female,Gen Z,one_and_done,3,1,2026-03-28,2026-03-28
6229,Male,Gen X,occasional,2,5,2025-08-14,2026-03-20
6230,Female,Millennial,one_and_done,5,1,2025-08-23,2025-08-23
6231,Male,Millennial,regular,1,21,2025-07-26,2026-06-15
6232,Male,Gen X,one_and_done,1,1,2026-05-23,2026-05-23
6233,Female,Millennial,occasional,3,6,2025-08-08,2026-06-17
6234,Male,Gen X,one_and_done,1,1,2025-09-22,2025-09-22
6235,Male,Gen X,occasional,1,5,2025-12-12,2026-06-11
6236,Male,Millennial,one_and_done,1,1,2026-06-16,2026-06-16
6237,Male,Millennial,occasional,1,7,2025-10-15,2026-04-25
6238,Male,Gen Z,occasional,1,5,2025-07-19,2026-04-25
6239,Male,Millennial,one_and_done,1,1,2026-04-30,2026-04-30
6240,Male,Millennial,regular,7,21,2025-07-10,2026-06-12
6241,Male,Gen X,loyal,1,24,2025-07-06,2026-06-22
6242,Male,Gen Z,one_and_done,8,1,2025-12-21,2025-12-21
6243,Male,Millennial,one_and_done,7,1,2025-08-30,2025-08-30
6244,Female,Millennial,occasional,5,6,2025-10-14,2026-05-15
6245,Female,Boomer,loyal,1,15,2025-07-19,2026-06-21
6246,Male,Millennial,one_and_done,1,1,2026-03-28,2026-03-28
6247,Male,Gen Z,regular,5,15,2025-07-04,2026-06-16
6248,Male,Millennial,occasional,3,7,2025-09-25,2026-06-05
6249,Male,Millennial,one_and_done,2,1,2026-05-03,2026-05-03
6250,Female,Millennial,one_and_done,4,1,2025-08-13,2025-08-13
6251,Male,Gen Z,one_and_done,1,1,2025-11-15,2025-11-15
6252,Male,Gen Z,one_and_done,3,1,2026-01-27,2026-01-27
6253,Female,Gen Z,one_and_done,2,1,2026-06-22,2026-06-22
6254,Male,Gen X,one_and_done,1,1,2025-10-07,2025-10-07
6255,Male,Gen Z,one_and_done,1,1,2025-09-26,2025-09-26
6256,Female,Gen Z,regular,5,13,2025-07-07,2026-03-20
6257,Male,Millennial,regular,1,21,2025-07-04,2026-05-22
6258,Female,Millennial,occasional,1,6,2025-09-21,2026-06-06
6259,Female,Gen Z,regular,1,13,2025-07-11,2026-06-16
6260,Male,Gen X,occasional,8,5,2025-07-11,2026-05-11
6261,Female,Gen Z,regular,2,13,2025-07-31,2026-05-24
6262,Male,Gen Z,one_and_done,6,1,2026-01-24,2026-01-24
6263,Male,Millennial,one_and_done,1,1,2026-05-07,2026-05-07
6264,Male,Millennial,one_and_done,6,1,2026-01-22,2026-01-22
6265,Female,Millennial,occasional,5,6,2025-08-21,2026-06-09
6266,Male,Millennial,loyal,1,30,2025-07-13,2026-06-03
6267,Male,Boomer,regular,6,12,2025-07-26,2026-05-22
6268,Male,Gen Z,regular,3,15,2025-06-30,2026-06-14
6269,Male,Boomer,regular,1,12,2025-07-01,2026-06-23
6270,Male,Millennial,loyal,2,30,2025-06-30,2026-06-06
6271,Male,Millennial,one_and_done,1,1,2026-05-10,2026-05-10
6272,Female,Gen Z,occasional,6,4,2025-09-30,2026-04-22
6273,Female,Boomer,one_and_done,1,1,2026-06-09,2026-06-09
6274,Male,Gen Z,loyal,2,22,2025-08-18,2026-06-21
6275,Female,Millennial,one_and_done,1,1,2026-06-05,2026-06-05
6276,Male,Millennial,one_and_done,6,1,2025-12-07,2025-12-07
6277,Female,Millennial,one_and_done,2,1,2026-05-14,2026-05-14
6278,Male,Millennial,occasional,3,7,2025-08-02,2026-06-04
6279,Female,Gen Z,one_and_done,1,1,2026-03-22,2026-03-22
6280,Male,Millennial,one_and_done,7,1,2025-09-05,2025-09-05
6281,Female,Millennial,regular,2,18,2025-07-15,2026-06-13
6282,Male,Gen X,one_and_done,1,1,2025-12-04,2025-12-04
6283,Male,Millennial,occasional,5,7,2025-07-30,2026-05-14
6284,Male,Gen Z,one_and_done,1,1,2026-01-09,2026-01-09
6285,Female,Millennial,occasional,1,6,2025-08-01,2026-06-07
6286,Female,Gen X,regular,5,15,2025-07-02,2026-05-05
6287,Male,Millennial,regular,1,21,2025-07-03,2026-06-19
6288,Male,Millennial,regular,5,21,2025-07-23,2026-05-09
6289,Male,Boomer,occasional,1,4,2025-07-03,2026-06-12
6290,Male,Gen Z,one_and_done,1,1,2026-06-03,2026-06-03
6291,Male,Millennial,one_and_done,1,1,2026-01-29,2026-01-29
6292,Male,Millennial,occasional,2,7,2025-08-16,2026-03-30
6293,Male,Gen X,one_and_done,3,1,2026-05-21,2026-05-21
6294,Female,Gen X,regular,6,15,2025-07-21,2026-06-22
6295,Male,Gen Z,one_and_done,1,1,2025-10-10,2025-10-10
6296,Female,Gen X,one_and_done,9,1,2026-05-21,2026-05-21
6297,Male,Millennial,regular,6,21,2025-07-11,2026-06-22
6298,Male,Millennial,one_and_done,4,1,2025-10-29,2025-10-29
6299,Male,Gen Z,occasional,1,5,2025-09-11,2026-06-05
6300,Female,Millennial,regular,3,18,2025-07-06,2026-06-15
6301,Male,Millennial,regular,3,21,2025-07-01,2026-05-30
6302,Male,Gen Z,one_and_done,3,1,2025-12-05,2025-12-05
6303,Female,Millennial,regular,1,18,2025-07-30,2026-06-04
6304,Male,Gen X,one_and_done,9,1,2026-05-23,2026-05-23
6305,Male,Gen Z,occasional,1,5,2025-07-23,2026-01-27
6306,Male,Millennial,occasional,3,7,2025-09-24,2026-05-17
6307,Male,Millennial,occasional,1,7,2025-07-01,2026-06-12
6308,Female,Gen X,loyal,1,22,2025-07-25,2026-06-14
6309,Female,Gen Z,regular,2,13,2025-07-30,2026-06-23
6310,Male,Gen Z,one_and_done,1,1,2025-07-21,2025-07-21
6311,Male,Millennial,loyal,1,30,2025-07-01,2026-06-07
6312,Female,Gen Z,occasional,2,4,2025-11-10,2026-04-01
6313,Male,Millennial,one_and_done,1,1,2025-12-15,2025-12-15
6314,Female,Millennial,occasional,2,6,2025-09-18,2026-05-24
6315,Male,Gen X,regular,2,16,2025-07-15,2026-05-22
6316,Male,Boomer,occasional,2,4,2025-07-18,2026-04-24
6317,Male,Millennial,loyal,3,30,2025-07-04,2026-06-22
6318,Male,Gen X,regular,8,16,2025-07-02,2026-06-14
6319,Male,Millennial,one_and_done,1,1,2026-01-09,2026-01-09
6320,Female,Millennial,occasional,1,6,2025-11-12,2026-05-02
6321,Male,Millennial,one_and_done,2,1,2025-07-06,2025-07-06
6322,Female,Boomer,one_and_done,1,1,2025-11-22,2025-11-22
6323,Female,Gen Z,loyal,1,19,2025-08-08,2026-06-10
6324,Female,Millennial,occasional,1,6,2025-10-31,2026-03-21
6325,Male,Millennial,regular,2,21,2025-07-24,2026-06-18
6326,Male,Millennial,one_and_done,1,1,2025-08-02,2025-08-02
6327,Male,Gen Z,regular,3,15,2025-07-04,2026-04-15
6328,Male,Millennial,occasional,3,7,2025-07-03,2026-06-21
6329,Male,Gen Z,one_and_done,1,1,2026-06-01,2026-06-01
6330,Female,Gen Z,occasional,1,4,2025-07-25,2026-05-12
6331,Male,Millennial,one_and_done,3,1,2025-09-21,2025-09-21
6332,Female,Gen Z,occasional,1,4,2025-09-28,2026-03-07
6333,Male,Millennial,one_and_done,4,1,2025-12-07,2025-12-07
6334,Female,Boomer,occasional,2,3,2025-08-09,2026-06-18
6335,Female,Gen Z,one_and_done,1,1,2025-12-12,2025-12-12
6336,Female,Gen Z,one_and_done,1,1,2025-12-17,2025-12-17
6337,Male,Gen Z,occasional,2,5,2025-07-04,2026-04-14
6338,Male,Millennial,occasional,1,7,2025-07-07,2026-04-03
6339,Female,Millennial,occasional,1,6,2025-08-01,2026-05-12
6340,Male,Gen Z,one_and_done,1,1,2026-01-29,2026-01-29
6341,Female,Gen Z,regular,1,13,2025-07-19,2026-06-09
6342,Male,Gen Z,one_and_done,1,1,2025-09-19,2025-09-19
6343,Female,Millennial,loyal,1,26,2025-07-04,2026-06-05
6344,Male,Millennial,regular,3,21,2025-08-05,2026-06-15
6345,Female,Gen Z,one_and_done,2,1,2025-10-09,2025-10-09
6346,Male,Millennial,one_and_done,3,1,2026-04-29,2026-04-29
6347,Male,Gen Z,one_and_done,3,1,2026-01-12,2026-01-12
6348,Male,Gen X,one_and_done,1,1,2025-12-26,2025-12-26
6349,Male,Millennial,one_and_done,1,1,2025-07-31,2025-07-31
6350,Male,Gen Z,one_and_done,2,1,2025-12-18,2025-12-18
6351,Male,Millennial,regular,4,21,2025-08-20,2026-06-23
6352,Female,Gen X,one_and_done,1,1,2026-01-27,2026-01-27
6353,Male,Millennial,one_and_done,1,1,2025-09-20,2025-09-20
6354,Male,Millennial,one_and_done,1,1,2026-06-05,2026-06-05
6355,Male,Millennial,occasional,10,7,2025-07-08,2026-03-26
6356,Male,Gen X,occasional,2,5,2025-09-23,2026-01-25
6357,Female,Millennial,regular,1,18,2025-07-02,2026-05-12
6358,Female,Millennial,occasional,1,6,2025-09-01,2026-06-13
6359,Female,Millennial,one_and_done,5,1,2025-12-14,2025-12-14
6360,Female,Millennial,regular,1,18,2025-07-23,2026-06-19
6361,Female,Gen X,regular,1,15,2025-07-13,2026-06-21
6362,Female,Millennial,regular,1,18,2025-10-08,2026-06-22
6363,Male,Gen X,one_and_done,1,1,2025-10-16,2025-10-16
6364,Male,Millennial,one_and_done,4,1,2025-07-29,2025-07-29
6365,Male,Gen Z,occasional,1,5,2025-09-30,2026-05-16
6366,Male,Millennial,loyal,3,30,2025-07-02,2026-05-02
6367,Male,Millennial,one_and_done,4,1,2025-08-21,2025-08-21
6368,Male,Gen Z,occasional,4,5,2025-10-05,2026-06-14
6369,Male,Millennial,one_and_done,1,1,2026-06-07,2026-06-07
6370,Female,Boomer,one_and_done,1,1,2025-07-06,2025-07-06
6371,Male,Millennial,one_and_done,1,1,2026-05-03,2026-05-03
6372,Male,Gen Z,regular,1,15,2025-08-21,2026-05-25
6373,Female,Millennial,occasional,1,6,2026-01-26,2026-05-21
6374,Male,Millennial,one_and_done,1,1,2025-10-14,2025-10-14
6375,Female,Boomer,one_and_done,3,1,2025-10-08,2025-10-08
6376,Female,Gen Z,loyal,1,19,2025-07-04,2026-04-14
6377,Male,Gen X,loyal,1,24,2025-07-03,2026-05-26
6378,Male,Gen Z,regular,1,15,2025-08-18,2026-05-30
6379,Female,Millennial,one_and_done,3,1,2026-06-11,2026-06-11
6380,Male,Boomer,one_and_done,5,1,2026-02-19,2026-02-19
6381,Female,Millennial,loyal,1,26,2025-07-07,2026-06-09
6382,Male,Boomer,one_and_done,7,1,2026-02-11,2026-02-11
6383,Male,Gen Z,occasional,8,5,2025-08-20,2026-05-21
6384,Male,Gen X,occasional,5,5,2025-07-29,2026-02-03
6385,Male,Boomer,regular,2,12,2025-09-13,2026-06-05
6386,Female,Millennial,occasional,1,6,2025-09-30,2026-02-21
6387,Male,Millennial,one_and_done,1,1,2026-02-14,2026-02-14
6388,Male,Boomer,regular,2,12,2025-08-15,2026-04-01
6389,Male,Gen X,loyal,1,24,2025-07-17,2026-06-06
6390,Male,Millennial,occasional,1,7,2025-07-27,2026-05-22
6391,Female,Millennial,occasional,1,6,2025-08-19,2026-05-22
6392,Female,Millennial,one_and_done,1,1,2025-07-27,2025-07-27
6393,Male,Gen Z,one_and_done,3,1,2025-08-29,2025-08-29
6394,Male,Millennial,regular,2,21,2025-07-12,2026-04-18
6395,Female,Millennial,one_and_done,2,1,2026-02-07,2026-02-07
6396,Male,Gen X,one_and_done,1,1,2026-06-04,2026-06-04
6397,Male,Gen X,one_and_done,1,1,2025-08-12,2025-08-12
6398,Male,Millennial,loyal,3,30,2025-07-06,2026-06-08
6399,Male,Millennial,regular,4,21,2025-07-05,2026-06-20
6400,Female,Gen X,one_and_done,1,1,2025-09-13,2025-09-13
6401,Male,Millennial,occasional,6,7,2025-09-28,2026-06-05
6402,Male,Millennial,occasional,4,7,2025-09-12,2026-06-23
6403,Male,Gen X,regular,1,16,2025-08-14,2026-06-18
6404,Female,Gen X,one_and_done,1,1,2025-12-10,2025-12-10
6405,Female,Millennial,regular,2,18,2025-07-07,2026-04-07
6406,Female,Millennial,loyal,2,26,2025-07-01,2026-06-12
6407,Male,Millennial,occasional,3,7,2025-11-10,2026-05-07
6408,Male,Millennial,one_and_done,1,1,2025-10-01,2025-10-01
6409,Male,Millennial,occasional,1,7,2025-07-12,2026-05-13
6410,Female,Gen Z,occasional,5,4,2025-08-25,2026-06-19
6411,Female,Boomer,occasional,3,3,2025-10-20,2026-04-25
6412,Male,Gen X,one_and_done,1,1,2025-08-09,2025-08-09
6413,Male,Millennial,one_and_done,1,1,2025-10-02,2025-10-02
6414,Female,Gen Z,one_and_done,1,1,2025-10-11,2025-10-11
6415,Male,Gen X,one_and_done,1,1,2025-09-30,2025-09-30
6416,Male,Gen Z,one_and_done,3,1,2026-01-20,2026-01-20
6417,Male,Gen Z,one_and_done,3,1,2026-05-06,2026-05-06
6418,Male,Gen Z,occasional,1,5,2025-11-05,2026-06-23
6419,Male,Gen X,one_and_done,7,1,2025-11-10,2025-11-10
6420,Female,Gen X,occasional,1,5,2025-08-20,2026-05-08
6421,Male,Millennial,one_and_done,4,1,2025-08-20,2025-08-20
6422,Male,Millennial,regular,8,21,2025-07-20,2026-06-16
6423,Male,Millennial,regular,1,21,2025-08-01,2026-05-29
6424,Female,Millennial,loyal,5,26,2025-07-09,2026-06-16
6425,Male,Boomer,loyal,4,17,2025-07-11,2026-04-06
6426,Male,Gen X,one_and_done,3,1,2026-03-17,2026-03-17
6427,Male,Gen X,occasional,3,5,2025-07-17,2026-05-29
6428,Male,Millennial,one_and_done,1,1,2025-10-30,2025-10-30
6429,Male,Millennial,one_and_done,3,1,2025-07-14,2025-07-14
6430,Male,Millennial,occasional,2,7,2025-08-01,2026-05-05
6431,Male,Millennial,one_and_done,1,1,2025-08-26,2025-08-26
6432,Female,Millennial,one_and_done,1,1,2025-10-10,2025-10-10
6433,Female,Gen X,occasional,1,5,2025-09-06,2026-05-31
6434,Female,Millennial,loyal,2,26,2025-07-09,2026-06-09
6435,Male,Millennial,occasional,4,7,2025-07-05,2026-04-30
6436,Male,Millennial,one_and_done,4,1,2025-09-18,2025-09-18
6437,Female,Millennial,one_and_done,6,1,2025-08-19,2025-08-19
6438,Male,Gen Z,occasional,1,5,2025-06-30,2026-03-15
6439,Female,Gen Z,occasional,1,4,2025-09-25,2026-04-03
6440,Female,Millennial,regular,6,18,2025-08-02,2026-06-03
6441,Male,Millennial,one_and_done,1,1,2025-08-31,2025-08-31
6442,Male,Gen X,one_and_done,1,1,2026-02-26,2026-02-26
6443,Male,Gen Z,one_and_done,1,1,2025-11-17,2025-11-17
6444,Male,Gen Z,regular,1,15,2025-08-04,2026-05-20
6445,Female,Millennial,one_and_done,1,1,2026-02-15,2026-02-15
6446,Male,Boomer,one_and_done,4,1,2026-04-09,2026-04-09
6447,Male,Gen X,loyal,5,24,2025-08-12,2026-04-24
6448,Male,Gen Z,one_and_done,3,1,2025-07-25,2025-07-25
6449,Female,Millennial,occasional,3,6,2025-07-31,2026-05-07
6450,Male,Millennial,occasional,1,7,2025-07-19,2026-04-11
6451,Male,Millennial,loyal,1,30,2025-07-02,2026-06-05
6452,Male,Millennial,regular,6,21,2025-07-06,2026-06-23
6453,Female,Gen Z,one_and_done,1,1,2025-08-02,2025-08-02
6454,Male,Millennial,loyal,1,30,2025-07-10,2026-06-08
6455,Male,Gen X,loyal,1,24,2025-07-31,2026-05-29
6456,Male,Millennial,regular,1,21,2025-06-30,2026-05-27
6457,Male,Gen X,occasional,1,5,2025-08-01,2026-06-06
6458,Male,Gen Z,occasional,7,5,2025-10-14,2026-06-04
6459,Male,Millennial,one_and_done,5,1,2026-02-11,2026-02-11
6460,Male,Boomer,one_and_done,2,1,2025-10-18,2025-10-18
6461,Male,Gen Z,loyal,6,22,2025-07-08,2026-05-17
6462,Female,Gen Z,one_and_done,1,1,2026-04-03,2026-04-03
6463,Male,Millennial,one_and_done,1,1,2026-03-06,2026-03-06
6464,Male,Boomer,loyal,1,17,2025-07-03,2026-05-30
6465,Male,Millennial,regular,1,21,2025-07-16,2026-06-23
6466,Male,Millennial,regular,1,21,2025-07-25,2026-06-23
6467,Male,Boomer,one_and_done,1,1,2025-07-28,2025-07-28
6468,Female,Millennial,regular,1,18,2025-07-17,2026-06-02
6469,Male,Boomer,loyal,5,17,2025-07-26,2026-06-03
6470,Female,Gen Z,one_and_done,1,1,2026-04-11,2026-04-11
6471,Male,Gen Z,loyal,6,22,2025-07-23,2026-06-21
6472,Male,Millennial,loyal,3,30,2025-06-30,2026-06-12
6473,Male,Gen Z,one_and_done,2,1,2025-08-05,2025-08-05
6474,Female,Millennial,regular,8,18,2025-07-11,2026-06-19
6475,Female,Gen X,regular,1,15,2025-07-18,2026-06-10
6476,Female,Millennial,occasional,2,6,2025-08-15,2026-06-20
6477,Male,Millennial,one_and_done,1,1,2026-01-17,2026-01-17
6478,Male,Boomer,one_and_done,1,1,2026-01-04,2026-01-04
6479,Male,Boomer,one_and_done,1,1,2025-12-19,2025-12-19
6480,Male,Gen X,occasional,3,5,2025-07-02,2026-03-29
6481,Male,Millennial,loyal,10,30,2025-07-01,2026-06-23
6482,Female,Gen X,occasional,1,5,2025-07-14,2026-05-19
6483,Female,Gen X,one_and_done,5,1,2025-09-06,2025-09-06
6484,Male,Millennial,occasional,2,7,2025-07-13,2026-04-02
6485,Male,Millennial,occasional,2,7,2025-08-07,2026-06-07
6486,Female,Millennial,regular,2,18,2025-07-03,2026-06-08
6487,Female,Gen Z,regular,7,13,2025-07-20,2026-06-18
6488,Female,Gen X,loyal,3,22,2025-07-01,2026-06-12
6489,Male,Gen Z,one_and_done,1,1,2026-03-02,2026-03-02
6490,Male,Gen Z,one_and_done,1,1,2026-02-22,2026-02-22
6491,Female,Millennial,one_and_done,1,1,2025-12-01,2025-12-01
6492,Female,Gen X,loyal,1,22,2025-07-19,2026-06-08
6493,Female,Boomer,one_and_done,1,1,2026-06-22,2026-06-22
6494,Male,Gen Z,one_and_done,1,1,2026-01-30,2026-01-30
6495,Male,Gen Z,one_and_done,1,1,2025-12-15,2025-12-15
6496,Female,Gen Z,occasional,6,4,2025-08-31,2025-11-09
6497,Male,Millennial,one_and_done,2,1,2026-03-13,2026-03-13
6498,Male,Millennial,occasional,6,7,2025-07-08,2026-05-13
6499,Male,Gen Z,one_and_done,1,1,2026-05-28,2026-05-28
6500,Male,Gen X,one_and_done,5,1,2025-10-21,2025-10-21
6501,Female,Gen X,loyal,1,22,2025-07-06,2026-05-08
6502,Male,Boomer,one_and_done,3,1,2025-09-19,2025-09-19
6503,Female,Gen X,regular,1,15,2025-07-25,2026-06-17
6504,Male,Gen X,one_and_done,4,1,2025-12-01,2025-12-01
6505,Female,Millennial,one_and_done,4,1,2026-01-30,2026-01-30
6506,Male,Millennial,one_and_done,7,1,2025-07-14,2025-07-14
6507,Female,Millennial,occasional,4,6,2025-12-08,2026-05-06
6508,Male,Millennial,one_and_done,1,1,2025-11-04,2025-11-04
6509,Male,Gen Z,one_and_done,5,1,2025-11-15,2025-11-15
6510,Male,Gen Z,loyal,1,22,2025-07-04,2026-06-13
6511,Female,Millennial,one_and_done,2,1,2026-01-06,2026-01-06
6512,Male,Gen Z,occasional,1,5,2025-07-02,2026-04-26
6513,Male,Gen Z,loyal,1,22,2025-07-19,2026-06-06
6514,Male,Gen X,one_and_done,1,1,2025-10-12,2025-10-12
6515,Male,Millennial,one_and_done,5,1,2025-10-23,2025-10-23
6516,Female,Gen Z,occasional,2,4,2025-09-19,2026-04-11
6517,Female,Gen Z,occasional,1,4,2026-01-26,2026-03-21
6518,Female,Gen X,occasional,1,5,2025-10-22,2026-06-12
6519,Female,Millennial,one_and_done,6,1,2025-10-21,2025-10-21
6520,Male,Gen X,one_and_done,5,1,2026-06-19,2026-06-19
6521,Male,Millennial,one_and_done,1,1,2025-12-27,2025-12-27
6522,Female,Gen X,regular,1,15,2025-07-10,2026-06-21
6523,Female,Millennial,one_and_done,4,1,2025-10-23,2025-10-23
6524,Male,Boomer,one_and_done,2,1,2026-04-12,2026-04-12
6525,Male,Millennial,one_and_done,5,1,2026-04-23,2026-04-23
6526,Male,Gen X,one_and_done,4,1,2026-01-04,2026-01-04
6527,Male,Gen X,one_and_done,2,1,2025-11-04,2025-11-04
6528,Male,Gen Z,one_and_done,7,1,2025-08-11,2025-08-11
6529,Male,Gen Z,one_and_done,1,1,2025-08-09,2025-08-09
6530,Female,Millennial,regular,6,18,2025-07-12,2026-05-03
6531,Female,Gen Z,one_and_done,1,1,2026-04-29,2026-04-29
6532,Female,Millennial,one_and_done,4,1,2026-03-29,2026-03-29
6533,Male,Gen X,one_and_done,1,1,2025-12-06,2025-12-06
6534,Female,Millennial,occasional,1,6,2025-10-20,2026-06-05
6535,Male,Gen Z,one_and_done,1,1,2025-09-13,2025-09-13
6536,Female,Millennial,one_and_done,5,1,2025-09-03,2025-09-03
6537,Male,Millennial,regular,1,21,2025-07-04,2026-06-23
6538,Female,Gen Z,one_and_done,8,1,2025-08-01,2025-08-01
6539,Male,Gen Z,regular,1,15,2025-07-05,2026-05-02
6540,Female,Millennial,occasional,1,6,2025-10-16,2026-06-23
6541,Female,Millennial,occasional,1,6,2025-07-25,2026-05-12
6542,Male,Boomer,one_and_done,1,1,2026-05-01,2026-05-01
6543,Male,Gen X,one_and_done,1,1,2026-04-13,2026-04-13
6544,Male,Millennial,regular,6,21,2025-07-12,2026-06-16
6545,Female,Millennial,one_and_done,2,1,2025-08-18,2025-08-18
6546,Female,Millennial,occasional,7,6,2025-08-13,2026-05-22
6547,Male,Gen X,one_and_done,2,1,2025-10-20,2025-10-20
6548,Female,Gen X,one_and_done,3,1,2026-06-06,2026-06-06
6549,Female,Millennial,occasional,4,6,2025-07-22,2026-05-30
6550,Male,Millennial,one_and_done,3,1,2026-05-31,2026-05-31
6551,Female,Gen Z,one_and_done,2,1,2025-11-21,2025-11-21
6552,Male,Gen Z,one_and_done,7,1,2025-11-27,2025-11-27
6553,Male,Boomer,occasional,1,4,2025-07-10,2026-06-12
6554,Male,Gen X,occasional,5,5,2025-08-07,2026-04-10
6555,Male,Millennial,one_and_done,1,1,2026-05-25,2026-05-25
6556,Male,Millennial,one_and_done,1,1,2026-05-18,2026-05-18
6557,Male,Gen Z,one_and_done,4,1,2026-04-17,2026-04-17
6558,Female,Gen Z,occasional,1,4,2025-08-02,2026-06-14
6559,Female,Millennial,regular,1,18,2025-07-03,2026-06-05
6560,Female,Millennial,regular,2,18,2025-07-18,2026-06-13
6561,Male,Gen Z,one_and_done,2,1,2025-10-20,2025-10-20
6562,Female,Millennial,one_and_done,9,1,2025-12-27,2025-12-27
6563,Male,Millennial,one_and_done,1,1,2025-10-23,2025-10-23
6564,Female,Boomer,one_and_done,1,1,2026-03-26,2026-03-26
6565,Male,Gen X,regular,8,16,2025-07-25,2026-05-13
6566,Male,Gen Z,regular,1,15,2025-07-05,2026-05-28
6567,Male,Millennial,loyal,4,30,2025-07-16,2026-04-27
6568,Male,Gen X,occasional,1,5,2025-09-09,2026-05-27
6569,Female,Gen X,loyal,1,22,2025-08-05,2026-05-13
6570,Male,Gen X,one_and_done,1,1,2025-10-21,2025-10-21
6571,Male,Millennial,one_and_done,4,1,2025-10-24,2025-10-24
6572,Male,Gen Z,occasional,1,5,2025-10-01,2026-03-09
6573,Female,Millennial,one_and_done,4,1,2026-04-14,2026-04-14
6574,Female,Gen Z,one_and_done,1,1,2025-09-08,2025-09-08
6575,Male,Millennial,one_and_done,1,1,2026-04-17,2026-04-17
6576,Male,Gen X,occasional,1,5,2025-08-09,2026-05-15
6577,Female,Gen Z,regular,1,13,2025-08-25,2026-06-12
6578,Male,Millennial,occasional,4,7,2025-09-10,2026-04-14
6579,Male,Millennial,one_and_done,5,1,2026-04-09,2026-04-09
6580,Female,Millennial,loyal,1,26,2025-07-13,2026-06-04
6581,Female,Boomer,regular,2,10,2025-08-07,2026-06-15
6582,Male,Millennial,one_and_done,7,1,2025-08-15,2025-08-15
6583,Female,Millennial,occasional,1,6,2025-08-22,2026-06-22
6584,Male,Millennial,one_and_done,4,1,2026-03-21,2026-03-21
6585,Male,Boomer,regular,1,12,2025-07-10,2026-06-04
6586,Male,Millennial,regular,5,21,2025-07-05,2026-06-19
6587,Male,Gen Z,one_and_done,1,1,2025-08-27,2025-08-27
6588,Female,Millennial,loyal,4,26,2025-07-19,2026-05-24
6589,Male,Millennial,one_and_done,2,1,2026-02-18,2026-02-18
6590,Male,Millennial,occasional,7,7,2025-07-27,2026-06-11
6591,Male,Millennial,occasional,1,7,2025-08-17,2026-06-12
6592,Male,Gen X,occasional,1,5,2025-11-18,2026-05-26
6593,Female,Gen X,regular,1,15,2025-07-10,2026-06-16
6594,Male,Millennial,one_and_done,1,1,2025-07-21,2025-07-21
6595,Female,Boomer,regular,3,10,2025-09-16,2026-06-15
6596,Male,Millennial,regular,1,21,2025-07-04,2026-06-08
6597,Male,Millennial,loyal,4,30,2025-07-18,2026-06-15
6598,Male,Millennial,occasional,1,7,2025-07-03,2025-12-03
6599,Male,Millennial,regular,1,21,2025-07-02,2026-06-18
6600,Male,Gen X,one_and_done,1,1,2025-09-17,2025-09-17
6601,Male,Gen X,regular,1,16,2025-06-30,2026-04-29
6602,Female,Boomer,regular,1,10,2025-07-12,2026-05-25
6603,Male,Gen Z,occasional,1,5,2025-07-30,2026-05-02
6604,Female,Millennial,occasional,1,6,2025-09-18,2026-06-19
6605,Male,Millennial,one_and_done,1,1,2026-03-08,2026-03-08
6606,Male,Gen X,one_and_done,1,1,2026-02-06,2026-02-06
6607,Male,Gen Z,regular,2,15,2025-08-12,2026-05-21
6608,Female,Gen X,occasional,4,5,2025-07-06,2026-03-26
6609,Female,Boomer,one_and_done,4,1,2025-11-19,2025-11-19
6610,Male,Millennial,one_and_done,8,1,2026-04-16,2026-04-16
6611,Male,Millennial,regular,1,21,2025-07-04,2026-06-14
6612,Female,Gen X,occasional,3,5,2025-07-20,2026-04-21
6613,Female,Millennial,regular,8,18,2025-07-08,2026-06-13
6614,Male,Millennial,one_and_done,1,1,2025-08-02,2025-08-02
6615,Female,Gen X,one_and_done,5,1,2026-04-27,2026-04-27
6616,Female,Millennial,one_and_done,1,1,2025-08-19,2025-08-19
6617,Female,Gen X,one_and_done,1,1,2026-05-28,2026-05-28
6618,Female,Gen Z,regular,1,13,2025-07-13,2026-04-04
6619,Female,Millennial,occasional,1,6,2025-08-19,2026-05-30
6620,Female,Millennial,occasional,5,6,2025-07-02,2026-06-14
6621,Female,Boomer,one_and_done,4,1,2025-12-23,2025-12-23
6622,Male,Gen X,occasional,1,5,2025-08-20,2026-05-19
6623,Male,Millennial,regular,1,21,2025-07-04,2026-06-05
6624,Female,Millennial,one_and_done,7,1,2025-11-20,2025-11-20
6625,Male,Millennial,occasional,1,7,2025-07-10,2026-02-14
6626,Female,Millennial,occasional,1,6,2025-07-17,2026-04-12
6627,Male,Millennial,one_and_done,4,1,2026-01-19,2026-01-19
6628,Male,Gen X,regular,1,16,2025-07-23,2026-06-22
6629,Male,Gen X,one_and_done,6,1,2025-11-22,2025-11-22
6630,Male,Millennial,one_and_done,2,1,2025-08-29,2025-08-29
6631,Male,Gen Z,one_and_done,8,1,2025-08-11,2025-08-11
6632,Male,Millennial,one_and_done,7,1,2025-12-30,2025-12-30
6633,Female,Gen X,regular,1,15,2025-07-10,2026-05-01
6634,Male,Millennial,regular,7,21,2025-07-02,2026-05-07
6635,Female,Gen Z,loyal,3,19,2025-07-10,2026-05-08
6636,Male,Millennial,regular,1,21,2025-07-03,2026-06-15
6637,Male,Millennial,occasional,1,7,2025-09-29,2026-06-20
6638,Female,Gen X,one_and_done,1,1,2025-08-21,2025-08-21
6639,Male,Boomer,regular,1,12,2025-09-05,2026-06-13
6640,Female,Millennial,one_and_done,1,1,2025-12-30,2025-12-30
6641,Male,Gen Z,regular,1,15,2025-07-11,2026-06-09
6642,Male,Gen X,loyal,5,24,2025-07-05,2026-06-05
6643,Male,Millennial,one_and_done,8,1,2025-07-11,2025-07-11
6644,Female,Millennial,one_and_done,1,1,2025-08-29,2025-08-29
6645,Female,Millennial,occasional,2,6,2025-08-10,2026-04-14
6646,Female,Millennial,one_and_done,1,1,2025-12-25,2025-12-25
6647,Male,Gen Z,one_and_done,3,1,2026-01-18,2026-01-18
6648,Male,Gen Z,one_and_done,5,1,2025-08-14,2025-08-14
6649,Male,Millennial,occasional,1,7,2025-07-17,2026-06-06
6650,Female,Millennial,one_and_done,1,1,2026-04-20,2026-04-20
6651,Male,Millennial,regular,4,21,2025-07-02,2026-05-11
6652,Female,Gen Z,regular,3,13,2025-07-25,2026-06-11
6653,Male,Gen Z,one_and_done,5,1,2025-09-13,2025-09-13
6654,Male,Gen Z,occasional,1,5,2025-07-31,2026-02-06
6655,Male,Gen Z,one_and_done,1,1,2025-11-30,2025-11-30
6656,Male,Gen Z,regular,5,15,2025-07-16,2026-06-17
6657,Male,Millennial,regular,1,21,2025-08-14,2026-06-16
6658,Female,Millennial,one_and_done,1,1,2025-12-05,2025-12-05
6659,Female,Millennial,one_and_done,1,1,2026-02-15,2026-02-15
6660,Female,Millennial,one_and_done,3,1,2026-02-27,2026-02-27
6661,Female,Millennial,one_and_done,1,1,2025-08-05,2025-08-05
6662,Male,Boomer,regular,3,12,2025-07-10,2026-05-17
6663,Male,Millennial,occasional,1,7,2025-07-19,2026-06-01
6664,Male,Gen Z,one_and_done,5,1,2025-09-27,2025-09-27
6665,Male,Gen X,one_and_done,6,1,2026-03-08,2026-03-08
6666,Male,Gen X,one_and_done,3,1,2025-11-20,2025-11-20
6667,Male,Gen Z,regular,1,15,2025-07-28,2026-04-03
6668,Male,Gen X,occasional,1,5,2026-01-30,2026-06-03
6669,Male,Millennial,occasional,1,7,2025-07-12,2026-06-21
6670,Male,Millennial,one_and_done,2,1,2026-02-15,2026-02-15
6671,Male,Boomer,occasional,1,4,2025-12-24,2026-06-13
6672,Male,Gen Z,one_and_done,2,1,2026-05-01,2026-05-01
6673,Male,Millennial,one_and_done,3,1,2025-12-19,2025-12-19
6674,Male,Millennial,occasional,1,7,2025-08-27,2026-06-19
6675,Female,Boomer,one_and_done,2,1,2026-05-08,2026-05-08
6676,Female,Gen Z,one_and_done,6,1,2025-11-20,2025-11-20
6677,Male,Gen Z,one_and_done,1,1,2026-03-09,2026-03-09
6678,Male,Millennial,loyal,3,30,2025-07-03,2026-06-12
6679,Male,Millennial,loyal,2,30,2025-07-16,2026-06-17
6680,Male,Gen X,regular,1,16,2025-07-14,2026-05-13
6681,Male,Millennial,regular,3,21,2025-07-24,2026-06-08
6682,Male,Millennial,one_and_done,5,1,2026-01-25,2026-01-25
6683,Male,Millennial,loyal,1,30,2025-07-05,2026-06-18
6684,Male,Millennial,loyal,4,30,2025-07-03,2026-06-20
6685,Female,Gen Z,one_and_done,1,1,2025-10-09,2025-10-09
6686,Male,Gen Z,regular,1,15,2025-07-11,2026-04-25
6687,Male,Gen X,one_and_done,3,1,2025-08-06,2025-08-06
6688,Male,Gen Z,one_and_done,1,1,2026-06-14,2026-06-14
6689,Male,Gen Z,one_and_done,1,1,2025-12-26,2025-12-26
6690,Female,Gen Z,occasional,5,4,2025-07-03,2026-02-04
6691,Male,Millennial,regular,1,21,2025-07-19,2026-06-22
6692,Male,Boomer,occasional,3,4,2025-07-27,2025-12-21
6693,Female,Gen X,one_and_done,1,1,2025-09-18,2025-09-18
6694,Female,Gen Z,occasional,3,4,2025-08-27,2026-03-18
6695,Male,Gen Z,one_and_done,1,1,2025-09-25,2025-09-25
6696,Male,Millennial,one_and_done,8,1,2025-08-02,2025-08-02
6697,Male,Boomer,regular,2,12,2025-09-06,2026-06-15
6698,Female,Gen Z,regular,8,13,2025-08-08,2026-06-10
6699,Female,Millennial,occasional,1,6,2025-07-22,2025-10-03
6700,Male,Millennial,loyal,1,30,2025-06-30,2026-06-04
6701,Male,Gen Z,regular,4,15,2025-07-15,2026-06-02
6702,Female,Gen X,occasional,2,5,2025-10-21,2026-03-18
6703,Female,Millennial,one_and_done,3,1,2025-08-28,2025-08-28
6704,Female,Millennial,occasional,4,6,2025-06-30,2026-04-22
6705,Male,Gen Z,occasional,1,5,2025-08-08,2025-11-14
6706,Male,Millennial,one_and_done,3,1,2026-02-21,2026-02-21
6707,Male,Boomer,occasional,6,4,2025-07-23,2026-04-15
6708,Female,Gen Z,one_and_done,2,1,2026-01-19,2026-01-19
6709,Male,Gen Z,one_and_done,1,1,2025-07-21,2025-07-21
6710,Female,Gen X,regular,3,15,2025-07-02,2026-05-23
6711,Male,Gen X,occasional,4,5,2025-09-05,2026-03-21
6712,Female,Gen X,one_and_done,6,1,2025-11-05,2025-11-05
6713,Male,Millennial,occasional,2,7,2025-08-08,2026-03-30
6714,Male,Gen Z,one_and_done,2,1,2025-11-29,2025-11-29
6715,Male,Gen Z,one_and_done,3,1,2025-08-11,2025-08-11
6716,Female,Gen X,one_and_done,1,1,2025-09-22,2025-09-22
6717,Male,Gen X,one_and_done,1,1,2025-08-28,2025-08-28
6718,Female,Gen X,regular,1,15,2025-07-03,2026-06-05
6719,Male,Gen Z,loyal,1,22,2025-07-22,2026-06-08
6720,Female,Gen Z,one_and_done,1,1,2026-04-19,2026-04-19
6721,Male,Millennial,one_and_done,1,1,2026-06-16,2026-06-16
6722,Male,Millennial,one_and_done,3,1,2025-08-29,2025-08-29
6723,Male,Millennial,loyal,1,30,2025-07-19,2026-04-22
6724,Male,Gen Z,regular,1,15,2025-07-01,2026-05-04
6725,Male,Gen X,one_and_done,5,1,2025-07-15,2025-07-15
6726,Female,Millennial,one_and_done,1,1,2026-05-23,2026-05-23
6727,Male,Gen Z,occasional,1,5,2025-08-12,2026-05-15
6728,Male,Millennial,one_and_done,3,1,2026-01-16,2026-01-16
6729,Male,Gen Z,occasional,2,5,2025-10-04,2026-05-13
6730,Male,Millennial,regular,1,21,2025-07-02,2026-06-11
6731,Male,Millennial,occasional,3,7,2025-09-01,2026-04-10
6732,Male,Gen X,one_and_done,8,1,2025-12-03,2025-12-03
6733,Male,Millennial,one_and_done,1,1,2026-01-05,2026-01-05
6734,Male,Millennial,loyal,2,30,2025-06-30,2026-06-09
6735,Male,Gen X,regular,3,16,2025-07-26,2026-06-05
6736,Male,Millennial,one_and_done,6,1,2026-05-16,2026-05-16
6737,Female,Millennial,occasional,3,6,2025-08-09,2026-06-13
6738,Male,Boomer,one_and_done,1,1,2026-06-12,2026-06-12
6739,Male,Gen Z,regular,1,15,2025-07-10,2026-05-19
6740,Female,Millennial,occasional,2,6,2025-07-03,2026-05-18
6741,Male,Millennial,occasional,1,7,2025-08-19,2026-03-14
6742,Male,Millennial,occasional,4,7,2025-07-10,2025-11-20
6743,Male,Gen X,occasional,2,5,2025-08-17,2026-06-15
6744,Male,Millennial,one_and_done,5,1,2026-02-27,2026-02-27
6745,Male,Gen Z,occasional,1,5,2025-07-05,2026-05-28
6746,Male,Gen Z,one_and_done,4,1,2025-09-27,2025-09-27
6747,Female,Gen X,one_and_done,3,1,2025-10-26,2025-10-26
6748,Male,Millennial,one_and_done,1,1,2025-12-20,2025-12-20
6749,Female,Millennial,one_and_done,1,1,2025-08-12,2025-08-12
6750,Male,Gen Z,one_and_done,5,1,2025-08-22,2025-08-22
6751,Male,Gen X,regular,1,16,2025-07-17,2026-06-21
6752,Male,Millennial,occasional,5,7,2025-07-08,2026-03-14
6753,Male,Millennial,regular,3,21,2025-06-30,2026-06-19
6754,Male,Millennial,one_and_done,2,1,2026-06-08,2026-06-08
6755,Male,Millennial,loyal,6,30,2025-08-04,2026-06-03
6756,Female,Gen Z,one_and_done,2,1,2025-08-15,2025-08-15
6757,Male,Gen X,one_and_done,1,1,2025-08-04,2025-08-04
6758,Male,Gen X,one_and_done,5,1,2025-07-12,2025-07-12
6759,Male,Millennial,occasional,1,7,2025-07-31,2026-05-23
6760,Male,Millennial,loyal,6,30,2025-06-30,2026-05-07
6761,Male,Gen X,occasional,2,5,2025-08-24,2026-02-13
6762,Male,Millennial,one_and_done,1,1,2026-01-18,2026-01-18
6763,Male,Gen X,regular,1,16,2025-07-12,2026-06-17
6764,Male,Millennial,one_and_done,1,1,2025-10-30,2025-10-30
6765,Male,Gen X,occasional,3,5,2025-07-15,2026-06-14
6766,Male,Gen Z,occasional,3,5,2025-08-22,2026-03-06
6767,Male,Boomer,one_and_done,1,1,2026-03-21,2026-03-21
6768,Female,Gen Z,regular,1,13,2025-08-03,2026-06-18
6769,Female,Millennial,one_and_done,1,1,2026-01-02,2026-01-02
6770,Female,Gen Z,regular,1,13,2025-07-08,2026-06-23
6771,Male,Gen Z,regular,1,15,2025-07-14,2026-06-12
6772,Female,Gen X,one_and_done,2,1,2026-03-31,2026-03-31
6773,Female,Boomer,occasional,2,3,2025-07-09,2026-05-25
6774,Male,Millennial,one_and_done,6,1,2025-09-28,2025-09-28
6775,Male,Gen X,occasional,2,5,2025-07-09,2026-06-02
6776,Female,Gen Z,regular,4,13,2025-08-20,2026-05-26
6777,Female,Gen Z,one_and_done,4,1,2025-08-02,2025-08-02
6778,Male,Gen X,one_and_done,1,1,2026-04-04,2026-04-04
6779,Male,Millennial,regular,4,21,2025-07-04,2026-04-28
6780,Female,Gen Z,regular,1,13,2025-08-03,2026-06-18
6781,Male,Gen Z,one_and_done,8,1,2026-04-11,2026-04-11
6782,Female,Millennial,one_and_done,1,1,2025-10-14,2025-10-14
6783,Female,Millennial,occasional,1,6,2025-10-18,2026-05-13
6784,Male,Gen Z,regular,3,15,2025-07-07,2026-04-17
6785,Male,Millennial,regular,1,21,2025-07-10,2026-06-01
6786,Male,Gen Z,one_and_done,1,1,2025-12-22,2025-12-22
6787,Male,Gen Z,one_and_done,5,1,2025-09-28,2025-09-28
6788,Male,Gen Z,one_and_done,1,1,2025-12-24,2025-12-24
6789,Male,Boomer,regular,1,12,2025-09-12,2026-06-17
6790,Male,Millennial,regular,1,21,2025-07-16,2026-06-19
6791,Female,Gen X,loyal,1,22,2025-07-19,2026-06-12
6792,Male,Millennial,loyal,3,30,2025-07-05,2026-05-17
6793,Male,Gen X,loyal,2,24,2025-07-27,2026-06-20
6794,Male,Millennial,occasional,3,7,2025-07-05,2026-06-12
6795,Female,Millennial,one_and_done,1,1,2026-01-09,2026-01-09
6796,Male,Gen Z,occasional,2,5,2025-10-02,2026-06-11
6797,Male,Gen Z,one_and_done,2,1,2026-02-28,2026-02-28
6798,Male,Millennial,regular,1,21,2025-07-03,2026-06-18
6799,Male,Millennial,one_and_done,1,1,2026-05-17,2026-05-17
6800,Male,Gen X,one_and_done,1,1,2026-04-12,2026-04-12
6801,Female,Millennial,occasional,8,6,2025-07-23,2026-05-29
6802,Female,Millennial,one_and_done,1,1,2026-04-13,2026-04-13
6803,Male,Gen Z,occasional,3,5,2025-07-27,2026-03-21
6804,Female,Gen X,regular,3,15,2025-10-06,2026-06-16
6805,Female,Millennial,regular,6,18,2025-07-11,2026-06-09
6806,Male,Gen X,occasional,1,5,2025-09-19,2026-05-28
6807,Male,Millennial,one_and_done,7,1,2026-01-10,2026-01-10
6808,Male,Boomer,regular,1,12,2025-07-15,2026-04-05
6809,Male,Boomer,regular,3,12,2025-08-09,2026-06-23
6810,Male,Millennial,one_and_done,7,1,2025-07-24,2025-07-24
6811,Female,Gen Z,one_and_done,1,1,2026-05-22,2026-05-22
6812,Female,Gen X,regular,1,15,2025-07-05,2026-05-19
6813,Male,Millennial,one_and_done,2,1,2025-10-18,2025-10-18
6814,Male,Millennial,occasional,1,7,2025-09-27,2026-02-21
6815,Male,Gen X,one_and_done,7,1,2025-09-07,2025-09-07
6816,Male,Millennial,occasional,1,7,2025-10-07,2026-04-11
6817,Female,Millennial,regular,2,18,2025-06-30,2026-06-13
6818,Male,Millennial,occasional,2,7,2025-10-18,2026-05-21
6819,Female,Boomer,one_and_done,3,1,2026-04-04,2026-04-04
6820,Female,Millennial,regular,2,18,2025-07-09,2026-06-18
6821,Male,Gen Z,occasional,3,5,2025-07-27,2026-05-28
6822,Male,Gen Z,occasional,1,5,2025-07-06,2026-04-04
6823,Male,Millennial,regular,2,21,2025-07-30,2026-05-04
6824,Female,Millennial,loyal,1,26,2025-07-08,2026-05-29
6825,Male,Boomer,regular,6,12,2025-07-25,2026-06-02
6826,Female,Millennial,one_and_done,6,1,2026-04-13,2026-04-13
6827,Female,Gen X,one_and_done,6,1,2026-02-26,2026-02-26
6828,Female,Gen X,regular,1,15,2025-07-02,2026-06-11
6829,Female,Millennial,regular,1,18,2025-07-15,2026-06-07
6830,Male,Gen Z,one_and_done,6,1,2026-03-19,2026-03-19
6831,Male,Gen X,one_and_done,1,1,2026-05-15,2026-05-15
6832,Female,Gen X,occasional,1,5,2025-07-19,2026-06-12
6833,Male,Gen X,occasional,1,5,2025-07-10,2026-05-26
6834,Female,Gen X,regular,1,15,2025-07-04,2026-06-03
6835,Male,Gen Z,one_and_done,1,1,2026-05-15,2026-05-15
6836,Male,Millennial,occasional,2,7,2025-12-21,2026-03-14
6837,Male,Millennial,one_and_done,1,1,2026-03-25,2026-03-25
6838,Female,Gen Z,one_and_done,1,1,2026-06-06,2026-06-06
6839,Male,Gen X,occasional,1,5,2025-11-19,2026-04-09
6840,Male,Gen Z,loyal,8,22,2025-07-02,2026-06-21
6841,Male,Gen Z,one_and_done,2,1,2026-05-17,2026-05-17
6842,Male,Millennial,one_and_done,1,1,2025-11-27,2025-11-27
6843,Male,Millennial,regular,2,21,2025-08-11,2026-06-11
6844,Female,Millennial,occasional,5,6,2025-07-17,2026-06-01
6845,Male,Millennial,one_and_done,1,1,2025-11-27,2025-11-27
6846,Female,Millennial,occasional,1,6,2025-08-08,2026-04-21
6847,Male,Gen Z,occasional,5,5,2025-08-04,2026-02-04
6848,Male,Millennial,loyal,7,30,2025-07-02,2026-05-19
6849,Female,Gen X,one_and_done,1,1,2026-05-08,2026-05-08
6850,Male,Millennial,regular,2,21,2025-07-12,2026-06-05
6851,Male,Millennial,one_and_done,1,1,2026-02-08,2026-02-08
6852,Male,Millennial,one_and_done,10,1,2026-04-06,2026-04-06
6853,Male,Millennial,loyal,3,30,2025-06-30,2026-06-19
6854,Male,Gen X,one_and_done,1,1,2025-09-23,2025-09-23
6855,Male,Millennial,regular,10,21,2025-08-02,2026-06-05
6856,Female,Millennial,one_and_done,1,1,2026-05-05,2026-05-05
6857,Male,Gen X,one_and_done,1,1,2025-10-10,2025-10-10
6858,Female,Millennial,occasional,1,6,2025-10-06,2026-04-18
6859,Female,Gen X,regular,5,15,2025-07-10,2026-06-21
6860,Female,Gen Z,one_and_done,3,1,2025-10-18,2025-10-18
6861,Female,Millennial,occasional,1,6,2025-08-22,2026-06-20
6862,Male,Millennial,one_and_done,1,1,2025-07-08,2025-07-08
6863,Female,Gen X,one_and_done,1,1,2026-03-23,2026-03-23
6864,Male,Millennial,regular,3,21,2025-07-05,2026-05-29
6865,Male,Millennial,one_and_done,1,1,2026-01-16,2026-01-16
6866,Female,Gen Z,regular,3,13,2025-08-02,2026-05-10
6867,Female,Gen Z,one_and_done,2,1,2025-11-08,2025-11-08
6868,Female,Gen Z,occasional,2,4,2025-10-24,2026-06-03
6869,Female,Millennial,one_and_done,1,1,2025-09-06,2025-09-06
6870,Male,Boomer,one_and_done,1,1,2026-04-29,2026-04-29
6871,Female,Millennial,occasional,1,6,2025-10-27,2026-05-21
6872,Male,Gen X,regular,2,16,2025-07-06,2026-06-20
6873,Male,Gen Z,one_and_done,1,1,2026-03-31,2026-03-31
6874,Male,Gen Z,regular,6,15,2025-08-09,2026-06-08
6875,Male,Millennial,one_and_done,1,1,2025-11-18,2025-11-18
6876,Female,Gen X,one_and_done,1,1,2026-06-19,2026-06-19
6877,Female,Gen Z,one_and_done,1,1,2025-10-24,2025-10-24
6878,Male,Millennial,occasional,9,7,2025-07-08,2026-05-03
6879,Female,Gen X,one_and_done,2,1,2026-01-12,2026-01-12
6880,Male,Millennial,regular,6,21,2025-07-11,2026-06-09
6881,Male,Millennial,loyal,1,30,2025-07-21,2026-06-20
6882,Male,Millennial,one_and_done,9,1,2025-08-19,2025-08-19
6883,Male,Millennial,one_and_done,2,1,2026-06-15,2026-06-15
6884,Female,Gen X,occasional,1,5,2025-07-18,2026-02-12
6885,Female,Gen X,one_and_done,3,1,2026-04-24,2026-04-24
6886,Male,Boomer,regular,1,12,2025-07-15,2026-06-20
6887,Male,Millennial,regular,1,21,2025-07-11,2026-06-23
6888,Male,Millennial,one_and_done,1,1,2025-11-21,2025-11-21
6889,Male,Gen X,one_and_done,1,1,2025-10-21,2025-10-21
6890,Male,Gen X,one_and_done,2,1,2026-04-29,2026-04-29
6891,Male,Millennial,one_and_done,7,1,2025-10-25,2025-10-25
6892,Female,Gen X,occasional,1,5,2025-10-22,2026-05-15
6893,Male,Millennial,loyal,1,30,2025-07-18,2026-06-21
6894,Female,Millennial,one_and_done,1,1,2026-02-13,2026-02-13
6895,Male,Gen Z,occasional,1,5,2025-07-11,2026-01-14
6896,Male,Millennial,one_and_done,1,1,2026-02-06,2026-02-06
6897,Female,Gen X,occasional,2,5,2025-07-29,2026-04-01
6898,Male,Gen X,regular,1,16,2025-08-05,2026-06-17
6899,Male,Gen X,occasional,1,5,2025-08-11,2026-05-06
6900,Female,Gen Z,one_and_done,6,1,2025-07-16,2025-07-16
6901,Female,Gen X,one_and_done,3,1,2026-03-08,2026-03-08
6902,Female,Millennial,one_and_done,4,1,2025-09-02,2025-09-02
6903,Male,Millennial,regular,2,21,2025-08-01,2026-06-19
6904,Male,Millennial,one_and_done,1,1,2025-07-04,2025-07-04
6905,Male,Gen X,regular,7,16,2025-09-14,2026-06-13
6906,Male,Millennial,occasional,3,7,2025-08-12,2026-05-14
6907,Male,Gen Z,one_and_done,1,1,2025-11-16,2025-11-16
6908,Female,Millennial,occasional,5,6,2025-09-23,2026-06-22
6909,Female,Millennial,regular,1,18,2025-07-01,2026-06-19
6910,Female,Gen Z,one_and_done,3,1,2025-10-17,2025-10-17
6911,Female,Millennial,occasional,3,6,2025-08-12,2026-04-11
6912,Male,Boomer,one_and_done,7,1,2026-05-01,2026-05-01
6913,Male,Boomer,regular,9,12,2025-07-31,2026-05-24
6914,Female,Millennial,occasional,3,6,2025-08-30,2026-05-09
6915,Male,Gen X,regular,2,16,2025-08-06,2026-06-12
6916,Female,Gen Z,one_and_done,3,1,2026-02-06,2026-02-06
6917,Female,Gen Z,one_and_done,1,1,2025-12-23,2025-12-23
6918,Male,Millennial,loyal,8,30,2025-07-08,2026-06-14
6919,Male,Gen Z,regular,4,15,2025-07-05,2026-05-10
6920,Female,Millennial,occasional,7,6,2025-07-25,2025-11-28
6921,Female,Millennial,occasional,1,6,2025-07-31,2026-06-18
6922,Male,Millennial,one_and_done,1,1,2026-03-07,2026-03-07
6923,Male,Gen Z,one_and_done,1,1,2025-12-13,2025-12-13
6924,Male,Gen Z,one_and_done,1,1,2025-07-15,2025-07-15
6925,Male,Millennial,one_and_done,2,1,2026-05-27,2026-05-27
6926,Female,Gen X,occasional,10,5,2025-10-11,2026-06-18
6927,Female,Millennial,one_and_done,1,1,2025-08-02,2025-08-02
6928,Male,Boomer,occasional,10,4,2025-07-26,2026-05-23
6929,Male,Millennial,one_and_done,6,1,2026-04-22,2026-04-22
6930,Male,Gen X,regular,1,16,2025-07-19,2026-06-08
6931,Male,Millennial,one_and_done,1,1,2025-08-25,2025-08-25
6932,Male,Gen X,regular,1,16,2025-08-02,2026-06-06
6933,Female,Boomer,occasional,6,3,2025-08-13,2026-02-25
6934,Female,Boomer,occasional,8,3,2025-07-15,2026-05-28
6935,Male,Millennial,one_and_done,1,1,2026-05-15,2026-05-15
6936,Male,Millennial,one_and_done,1,1,2025-09-16,2025-09-16
6937,Male,Gen X,one_and_done,1,1,2026-02-15,2026-02-15
6938,Male,Gen Z,one_and_done,4,1,2025-12-02,2025-12-02
6939,Male,Millennial,one_and_done,6,1,2025-10-10,2025-10-10
6940,Male,Gen X,loyal,6,24,2025-07-03,2026-06-17
6941,Male,Gen X,one_and_done,3,1,2026-01-13,2026-01-13
6942,Male,Gen Z,one_and_done,5,1,2026-03-30,2026-03-30
6943,Male,Boomer,one_and_done,8,1,2025-11-06,2025-11-06
6944,Male,Millennial,loyal,3,30,2025-07-14,2026-06-17
6945,Male,Gen X,one_and_done,1,1,2026-03-15,2026-03-15
6946,Female,Millennial,occasional,5,6,2025-07-12,2026-06-19
6947,Male,Millennial,occasional,1,7,2025-07-15,2026-05-04
6948,Male,Gen Z,occasional,2,5,2025-07-28,2026-06-05
6949,Male,Millennial,one_and_done,2,1,2025-09-11,2025-09-11
6950,Female,Millennial,one_and_done,1,1,2026-03-20,2026-03-20
6951,Male,Gen Z,occasional,2,5,2025-09-09,2026-05-17
6952,Female,Millennial,regular,7,18,2025-07-24,2026-06-22
6953,Male,Boomer,regular,7,12,2025-08-02,2026-06-16
6954,Male,Millennial,occasional,2,7,2025-08-25,2026-05-02
6955,Male,Millennial,one_and_done,2,1,2025-07-01,2025-07-01
6956,Female,Millennial,regular,1,18,2025-07-15,2026-04-28
6957,Male,Millennial,one_and_done,1,1,2025-11-28,2025-11-28
6958,Female,Millennial,occasional,1,6,2025-07-19,2026-05-30
6959,Male,Gen Z,regular,1,15,2025-08-08,2026-06-14
6960,Female,Millennial,regular,1,18,2025-07-05,2026-04-27
6961,Male,Gen Z,occasional,5,5,2025-11-25,2026-05-28
6962,Male,Millennial,regular,1,21,2025-07-12,2026-06-23
6963,Male,Gen Z,regular,4,15,2025-07-01,2026-06-09
6964,Male,Millennial,regular,7,21,2025-08-01,2026-06-18
6965,Male,Millennial,regular,1,21,2025-07-17,2026-04-02
6966,Male,Millennial,regular,4,21,2025-07-02,2026-06-17
6967,Male,Millennial,one_and_done,1,1,2025-10-19,2025-10-19
6968,Male,Gen Z,occasional,1,5,2025-09-03,2026-03-26
6969,Male,Millennial,loyal,1,30,2025-07-02,2026-06-16
6970,Male,Millennial,loyal,1,30,2025-07-01,2026-06-23
6971,Female,Millennial,one_and_done,4,1,2025-07-29,2025-07-29
6972,Female,Gen X,loyal,2,22,2025-07-12,2026-06-13
6973,Female,Millennial,one_and_done,1,1,2025-11-21,2025-11-21
6974,Male,Millennial,regular,2,21,2025-07-05,2026-06-08
6975,Male,Millennial,one_and_done,1,1,2025-08-21,2025-08-21
6976,Male,Millennial,loyal,1,30,2025-07-13,2026-06-18
6977,Male,Gen X,one_and_done,1,1,2025-10-24,2025-10-24
6978,Male,Gen Z,regular,4,15,2025-07-02,2026-06-15
6979,Male,Gen Z,one_and_done,1,1,2025-08-05,2025-08-05
6980,Female,Millennial,occasional,1,6,2025-07-19,2026-05-27
6981,Female,Millennial,regular,2,18,2025-07-11,2026-06-19
6982,Male,Millennial,regular,1,21,2025-07-10,2026-06-12
6983,Male,Boomer,regular,3,12,2025-07-08,2026-04-16
6984,Female,Millennial,loyal,1,26,2025-07-05,2026-06-15
6985,Female,Millennial,occasional,2,6,2025-09-11,2026-06-05
6986,Male,Gen Z,one_and_done,1,1,2025-10-26,2025-10-26
6987,Male,Millennial,occasional,8,7,2025-09-22,2026-04-17
6988,Female,Millennial,one_and_done,5,1,2026-01-24,2026-01-24
6989,Male,Boomer,regular,1,12,2025-07-09,2026-05-17
6990,Male,Millennial,one_and_done,1,1,2025-10-31,2025-10-31
6991,Male,Millennial,regular,5,21,2025-07-03,2026-06-23
6992,Female,Millennial,regular,3,18,2025-09-17,2026-06-22
6993,Male,Millennial,loyal,8,30,2025-07-08,2026-06-20
6994,Male,Millennial,regular,6,21,2025-07-05,2026-06-05
6995,Female,Gen Z,one_and_done,1,1,2026-04-25,2026-04-25
6996,Male,Gen X,occasional,1,5,2025-10-30,2026-03-20
6997,Male,Millennial,occasional,6,7,2025-08-09,2026-06-18
6998,Male,Millennial,one_and_done,1,1,2026-02-20,2026-02-20
6999,Male,Gen Z,regular,1,15,2025-07-18,2026-05-21
7000,Male,Millennial,one_and_done,1,1,2025-09-08,2025-09-08
7001,Male,Millennial,regular,5,21,2025-07-18,2026-06-17
7002,Male,Millennial,occasional,1,7,2025-07-05,2026-06-22
7003,Male,Gen Z,occasional,1,5,2025-09-26,2026-06-15
7004,Female,Gen Z,regular,5,13,2025-07-08,2026-05-27
7005,Male,Millennial,one_and_done,5,1,2025-11-18,2025-11-18
7006,Male,Boomer,loyal,4,17,2025-07-02,2026-06-15
7007,Male,Millennial,one_and_done,1,1,2026-02-19,2026-02-19
7008,Male,Millennial,occasional,1,7,2025-08-16,2026-06-21
7009,Male,Gen X,one_and_done,2,1,2025-10-04,2025-10-04
7010,Male,Gen Z,loyal,5,22,2025-07-29,2026-06-13
7011,Male,Millennial,regular,1,21,2025-07-10,2026-06-21
7012,Female,Gen X,occasional,5,5,2025-12-09,2026-04-21
7013,Male,Gen X,one_and_done,2,1,2026-04-22,2026-04-22
7014,Male,Boomer,occasional,4,4,2025-09-03,2026-02-11
7015,Male,Millennial,one_and_done,4,1,2025-07-09,2025-07-09
7016,Male,Gen X,occasional,9,5,2025-08-16,2026-06-02
7017,Male,Gen X,one_and_done,1,1,2026-01-06,2026-01-06
7018,Female,Millennial,one_and_done,1,1,2026-06-13,2026-06-13
7019,Female,Gen Z,one_and_done,2,1,2025-11-06,2025-11-06
7020,Male,Gen Z,regular,2,15,2025-07-05,2026-06-16
7021,Male,Gen Z,occasional,1,5,2025-07-21,2026-01-23
7022,Male,Boomer,loyal,4,17,2025-07-03,2026-06-20
7023,Female,Gen X,regular,1,15,2025-07-04,2026-06-18
7024,Male,Millennial,one_and_done,4,1,2025-08-17,2025-08-17
7025,Male,Millennial,occasional,1,7,2025-08-08,2026-05-24
7026,Male,Millennial,one_and_done,1,1,2026-05-03,2026-05-03
7027,Male,Millennial,one_and_done,2,1,2026-04-17,2026-04-17
7028,Male,Gen Z,occasional,2,5,2025-08-03,2026-03-05
7029,Female,Millennial,occasional,1,6,2025-09-12,2026-06-13
7030,Male,Gen X,one_and_done,1,1,2025-08-04,2025-08-04
7031,Female,Millennial,regular,2,18,2025-07-26,2026-06-19
7032,Male,Millennial,one_and_done,1,1,2026-03-07,2026-03-07
7033,Male,Millennial,regular,3,21,2025-08-14,2026-06-06
7034,Male,Gen Z,regular,8,15,2025-07-16,2026-06-23
7035,Male,Millennial,loyal,1,30,2025-07-15,2026-06-23
7036,Female,Gen X,one_and_done,6,1,2026-04-23,2026-04-23
7037,Male,Gen X,one_and_done,4,1,2026-04-04,2026-04-04
7038,Male,Millennial,regular,4,21,2025-07-03,2026-06-20
7039,Female,Gen Z,occasional,2,4,2025-08-28,2026-04-01
7040,Female,Gen Z,loyal,1,19,2025-07-04,2026-05-09
7041,Male,Millennial,occasional,6,7,2025-07-11,2026-06-19
7042,Male,Gen X,one_and_done,4,1,2025-10-07,2025-10-07
7043,Female,Gen X,regular,2,15,2025-07-03,2026-06-09
7044,Male,Gen X,loyal,3,24,2025-07-05,2026-06-19
7045,Male,Gen X,one_and_done,1,1,2026-04-08,2026-04-08
7046,Male,Gen Z,one_and_done,2,1,2025-09-20,2025-09-20
7047,Male,Gen Z,occasional,1,5,2025-10-20,2026-05-06
7048,Male,Millennial,one_and_done,7,1,2025-08-24,2025-08-24
7049,Male,Millennial,occasional,2,7,2025-07-17,2026-05-02
7050,Female,Millennial,loyal,3,26,2025-07-07,2026-06-10
7051,Male,Gen Z,one_and_done,2,1,2026-06-13,2026-06-13
7052,Male,Gen Z,regular,1,15,2025-08-27,2026-05-04
7053,Male,Millennial,one_and_done,2,1,2026-01-26,2026-01-26
7054,Female,Gen X,regular,6,15,2025-06-30,2026-06-16
7055,Male,Millennial,one_and_done,3,1,2025-10-30,2025-10-30
7056,Male,Gen X,one_and_done,1,1,2026-04-15,2026-04-15
7057,Female,Millennial,loyal,4,26,2025-07-08,2026-06-19
7058,Male,Gen Z,one_and_done,1,1,2025-12-22,2025-12-22
7059,Female,Millennial,occasional,3,6,2025-09-11,2026-06-03
7060,Male,Millennial,regular,1,21,2025-07-02,2026-05-15
7061,Male,Gen Z,one_and_done,1,1,2026-02-09,2026-02-09
7062,Male,Gen Z,one_and_done,2,1,2026-03-02,2026-03-02
7063,Male,Gen X,one_and_done,1,1,2025-07-01,2025-07-01
7064,Male,Gen X,regular,6,16,2025-07-16,2026-06-15
7065,Male,Millennial,one_and_done,1,1,2026-01-31,2026-01-31
7066,Female,Gen Z,one_and_done,1,1,2025-12-09,2025-12-09
7067,Male,Gen X,occasional,1,5,2025-07-25,2026-05-09
7068,Female,Gen Z,regular,1,13,2025-07-29,2026-03-20
7069,Male,Millennial,occasional,8,7,2025-08-17,2026-05-28
7070,Female,Millennial,one_and_done,1,1,2025-08-03,2025-08-03
7071,Male,Gen Z,loyal,2,22,2025-07-07,2026-06-19
7072,Male,Millennial,occasional,1,7,2025-08-08,2026-06-10
7073,Male,Gen X,one_and_done,7,1,2025-10-06,2025-10-06
7074,Male,Millennial,regular,1,21,2025-07-12,2026-06-20
7075,Male,Boomer,loyal,9,17,2025-07-24,2026-05-11
7076,Female,Millennial,regular,1,18,2025-08-08,2026-06-20
7077,Female,Millennial,one_and_done,1,1,2025-09-08,2025-09-08
7078,Female,Millennial,one_and_done,6,1,2026-01-25,2026-01-25
7079,Male,Boomer,occasional,6,4,2025-08-05,2026-03-22
7080,Male,Millennial,regular,3,21,2025-07-12,2026-06-14
7081,Male,Millennial,occasional,2,7,2025-08-22,2026-05-01
7082,Male,Millennial,occasional,8,7,2025-07-09,2026-05-07
7083,Male,Millennial,regular,2,21,2025-07-06,2026-05-31
7084,Male,Millennial,occasional,1,7,2025-12-15,2026-05-28
7085,Male,Millennial,one_and_done,1,1,2026-06-10,2026-06-10
7086,Female,Gen Z,one_and_done,1,1,2026-04-17,2026-04-17
7087,Male,Gen Z,occasional,1,5,2025-07-26,2026-04-07
7088,Male,Millennial,occasional,3,7,2025-07-12,2026-06-12
7089,Male,Millennial,one_and_done,1,1,2025-08-10,2025-08-10
7090,Female,Millennial,one_and_done,6,1,2025-12-01,2025-12-01
7091,Male,Millennial,regular,5,21,2025-07-21,2026-06-05
7092,Male,Gen X,loyal,2,24,2025-07-08,2026-06-20
7093,Female,Millennial,regular,1,18,2025-07-12,2026-06-21
7094,Male,Gen X,regular,1,16,2025-08-03,2026-06-16
7095,Male,Millennial,occasional,1,7,2025-08-16,2026-05-11
7096,Female,Gen Z,regular,1,13,2025-07-11,2026-06-15
7097,Female,Millennial,one_and_done,1,1,2026-01-08,2026-01-08
7098,Male,Millennial,occasional,2,7,2025-09-11,2026-05-26
7099,Male,Millennial,one_and_done,3,1,2026-05-09,2026-05-09
7100,Male,Gen X,loyal,1,24,2025-07-31,2026-06-12
7101,Female,Millennial,one_and_done,2,1,2025-09-01,2025-09-01
7102,Male,Millennial,occasional,1,7,2025-07-06,2026-03-14
7103,Female,Millennial,one_and_done,2,1,2025-07-15,2025-07-15
7104,Female,Millennial,occasional,2,6,2025-09-27,2026-06-15
7105,Female,Boomer,one_and_done,1,1,2026-04-04,2026-04-04
7106,Male,Millennial,one_and_done,2,1,2025-07-11,2025-07-11
7107,Male,Gen X,occasional,2,5,2025-08-16,2026-04-09
7108,Male,Gen X,one_and_done,1,1,2026-02-24,2026-02-24
7109,Male,Gen X,one_and_done,4,1,2025-12-16,2025-12-16
7110,Male,Millennial,loyal,2,30,2025-07-04,2026-06-05
7111,Female,Millennial,one_and_done,2,1,2025-09-03,2025-09-03
7112,Female,Gen X,loyal,2,22,2025-08-08,2026-06-10
7113,Male,Millennial,one_and_done,1,1,2026-03-25,2026-03-25
7114,Female,Gen Z,one_and_done,3,1,2026-02-13,2026-02-13
7115,Male,Millennial,one_and_done,1,1,2025-11-27,2025-11-27
7116,Male,Millennial,occasional,1,7,2025-07-03,2026-03-15
7117,Female,Millennial,occasional,1,6,2025-07-10,2026-02-27
7118,Male,Gen X,regular,5,16,2025-07-10,2026-06-17
7119,Male,Millennial,loyal,3,30,2025-07-08,2026-06-23
7120,Male,Gen X,loyal,10,24,2025-07-12,2026-05-14
7121,Female,Gen Z,regular,2,13,2025-10-11,2026-05-20
7122,Female,Gen Z,one_and_done,2,1,2025-11-28,2025-11-28
7123,Male,Millennial,occasional,4,7,2025-07-22,2026-05-27
7124,Male,Millennial,regular,3,21,2025-07-08,2026-06-20
7125,Male,Millennial,one_and_done,1,1,2025-08-06,2025-08-06
7126,Female,Gen X,one_and_done,3,1,2026-01-16,2026-01-16
7127,Female,Millennial,one_and_done,1,1,2025-12-25,2025-12-25
7128,Female,Millennial,occasional,2,6,2025-08-19,2026-06-07
7129,Male,Boomer,occasional,1,4,2025-08-19,2026-02-20
7130,Male,Gen Z,occasional,5,5,2025-07-10,2026-05-29
7131,Female,Millennial,one_and_done,2,1,2025-09-13,2025-09-13
7132,Male,Millennial,regular,1,21,2025-07-05,2026-06-21
7133,Male,Gen Z,regular,1,15,2025-07-09,2026-06-04
7134,Female,Millennial,one_and_done,1,1,2026-04-12,2026-04-12
7135,Male,Millennial,loyal,3,30,2025-06-30,2026-06-19
7136,Male,Gen Z,loyal,4,22,2025-07-10,2026-06-17
7137,Female,Gen Z,occasional,2,4,2025-07-14,2026-05-07
7138,Female,Boomer,one_and_done,1,1,2025-09-14,2025-09-14
7139,Female,Millennial,regular,2,18,2025-07-11,2026-06-22
7140,Female,Millennial,regular,2,18,2025-06-30,2026-05-31
7141,Female,Gen Z,one_and_done,10,1,2025-12-07,2025-12-07
7142,Male,Gen Z,loyal,1,22,2025-07-15,2026-06-16
7143,Male,Gen X,occasional,8,5,2025-07-29,2026-05-15
7144,Female,Gen X,occasional,2,5,2025-08-17,2026-04-11
7145,Male,Millennial,one_and_done,8,1,2026-04-10,2026-04-10
7146,Female,Millennial,one_and_done,3,1,2026-03-07,2026-03-07
7147,Male,Gen X,loyal,2,24,2025-07-03,2026-06-21
7148,Male,Boomer,occasional,3,4,2025-07-03,2026-05-13
7149,Male,Millennial,regular,9,21,2025-07-12,2026-06-06
7150,Male,Gen Z,one_and_done,4,1,2026-05-10,2026-05-10
7151,Male,Millennial,one_and_done,1,1,2026-03-31,2026-03-31
7152,Female,Gen Z,regular,1,13,2025-07-14,2026-05-24
7153,Female,Gen X,one_and_done,1,1,2025-07-04,2025-07-04
7154,Male,Millennial,occasional,4,7,2025-09-17,2026-04-17
7155,Male,Gen Z,one_and_done,2,1,2025-12-18,2025-12-18
7156,Male,Gen Z,one_and_done,2,1,2026-06-23,2026-06-23
7157,Male,Boomer,one_and_done,3,1,2025-09-18,2025-09-18
7158,Male,Millennial,one_and_done,6,1,2026-02-21,2026-02-21
7159,Male,Millennial,one_and_done,7,1,2026-03-11,2026-03-11
7160,Female,Gen Z,occasional,1,4,2025-08-19,2026-06-05
7161,Male,Gen X,loyal,1,24,2025-07-14,2026-06-22
7162,Female,Millennial,occasional,4,6,2025-07-04,2026-03-27
7163,Male,Millennial,one_and_done,1,1,2026-06-13,2026-06-13
7164,Male,Gen X,loyal,1,24,2025-08-05,2026-06-19
7165,Female,Boomer,one_and_done,8,1,2026-05-16,2026-05-16
7166,Male,Boomer,one_and_done,2,1,2026-01-03,2026-01-03
7167,Female,Millennial,one_and_done,1,1,2025-08-01,2025-08-01
7168,Male,Boomer,one_and_done,5,1,2025-08-06,2025-08-06
7169,Male,Gen X,occasional,1,5,2025-12-28,2026-06-06
7170,Female,Gen X,occasional,6,5,2025-07-10,2026-03-29
7171,Female,Gen Z,regular,1,13,2025-07-11,2026-04-15
7172,Male,Gen X,regular,1,16,2025-06-30,2026-06-22
7173,Female,Millennial,regular,2,18,2025-07-21,2026-06-20
7174,Male,Millennial,loyal,1,30,2025-07-04,2026-06-20
7175,Male,Gen Z,one_and_done,1,1,2026-06-14,2026-06-14
7176,Female,Gen Z,one_and_done,3,1,2025-09-20,2025-09-20
7177,Male,Boomer,loyal,3,17,2025-07-22,2026-06-12
7178,Male,Gen Z,occasional,1,5,2025-08-30,2026-04-11
7179,Male,Gen X,one_and_done,6,1,2026-01-26,2026-01-26
7180,Female,Millennial,one_and_done,2,1,2026-04-04,2026-04-04
7181,Male,Millennial,regular,5,21,2025-07-17,2026-06-04
7182,Female,Millennial,one_and_done,1,1,2026-01-31,2026-01-31
7183,Male,Gen X,one_and_done,1,1,2025-08-30,2025-08-30
7184,Male,Millennial,regular,4,21,2025-07-04,2026-06-09
7185,Male,Gen X,loyal,10,24,2025-07-18,2026-06-21
7186,Male,Millennial,one_and_done,1,1,2026-03-02,2026-03-02
7187,Male,Gen X,one_and_done,2,1,2026-01-26,2026-01-26
7188,Female,Gen Z,one_and_done,1,1,2026-04-17,2026-04-17
7189,Female,Millennial,occasional,2,6,2025-08-06,2026-04-14
7190,Female,Millennial,occasional,4,6,2025-10-11,2026-05-25
7191,Male,Millennial,occasional,1,7,2025-07-24,2026-06-21
7192,Male,Gen X,one_and_done,1,1,2026-03-06,2026-03-06
7193,Male,Millennial,one_and_done,4,1,2026-05-26,2026-05-26
7194,Male,Millennial,one_and_done,1,1,2026-03-18,2026-03-18
7195,Female,Gen Z,occasional,2,4,2025-07-10,2026-03-27
7196,Male,Boomer,regular,5,12,2025-09-11,2026-05-31
7197,Male,Gen Z,one_and_done,2,1,2026-05-21,2026-05-21
7198,Male,Millennial,occasional,1,7,2025-07-26,2026-06-02
7199,Male,Gen Z,one_and_done,3,1,2026-01-23,2026-01-23
7200,Male,Gen Z,regular,1,15,2025-08-14,2026-06-12
7201,Female,Millennial,one_and_done,7,1,2025-10-10,2025-10-10
7202,Male,Gen Z,one_and_done,1,1,2026-06-21,2026-06-21
7203,Male,Boomer,one_and_done,1,1,2026-02-14,2026-02-14
7204,Male,Gen X,occasional,1,5,2025-10-13,2026-06-18
7205,Male,Millennial,regular,2,21,2025-07-04,2026-06-06
7206,Male,Gen Z,loyal,1,22,2025-06-30,2026-06-15
7207,Female,Gen Z,one_and_done,1,1,2025-09-10,2025-09-10
7208,Male,Millennial,regular,1,21,2025-07-05,2026-06-15
7209,Male,Millennial,loyal,2,30,2025-07-06,2026-06-22
7210,Female,Boomer,one_and_done,9,1,2026-03-04,2026-03-04
7211,Female,Gen X,one_and_done,1,1,2026-05-14,2026-05-14
7212,Male,Boomer,one_and_done,9,1,2025-08-31,2025-08-31
7213,Male,Millennial,loyal,4,30,2025-07-11,2026-06-20
7214,Female,Millennial,one_and_done,1,1,2026-03-26,2026-03-26
7215,Male,Boomer,occasional,1,4,2026-04-02,2026-06-10
7216,Male,Millennial,occasional,1,7,2025-07-22,2026-04-23
7217,Female,Millennial,occasional,5,6,2025-08-06,2026-05-21
7218,Female,Boomer,occasional,4,3,2025-09-15,2026-01-23
7219,Male,Millennial,one_and_done,3,1,2026-02-18,2026-02-18
7220,Female,Boomer,occasional,7,3,2025-09-14,2026-01-26
7221,Male,Millennial,occasional,7,7,2025-10-17,2026-06-15
7222,Male,Gen Z,regular,2,15,2025-07-02,2026-06-17
7223,Male,Gen Z,loyal,1,22,2025-07-03,2026-06-20
7224,Male,Gen Z,one_and_done,1,1,2026-02-13,2026-02-13
7225,Male,Millennial,loyal,1,30,2025-07-06,2026-06-18
7226,Male,Gen X,regular,4,16,2025-07-18,2026-06-10
7227,Male,Gen Z,one_and_done,1,1,2025-10-02,2025-10-02
7228,Male,Millennial,occasional,8,7,2025-07-02,2026-05-23
7229,Male,Gen Z,occasional,1,5,2025-07-08,2026-04-01
7230,Female,Millennial,one_and_done,1,1,2025-09-29,2025-09-29
7231,Female,Gen X,regular,3,15,2025-07-14,2026-05-14
7232,Male,Gen Z,regular,2,15,2025-07-07,2026-05-31
7233,Male,Gen Z,regular,1,15,2025-08-30,2026-06-22
7234,Male,Millennial,regular,6,21,2025-07-09,2026-06-11
7235,Female,Gen X,occasional,5,5,2025-07-30,2026-03-01
7236,Female,Millennial,loyal,1,26,2025-07-03,2026-06-23
7237,Male,Boomer,one_and_done,3,1,2025-11-26,2025-11-26
7238,Female,Millennial,occasional,3,6,2025-08-11,2026-04-19
7239,Male,Millennial,one_and_done,1,1,2025-10-28,2025-10-28
7240,Male,Millennial,regular,4,21,2025-07-08,2026-06-13
7241,Female,Millennial,regular,4,18,2025-07-19,2026-06-22
7242,Male,Millennial,one_and_done,3,1,2025-10-29,2025-10-29
7243,Male,Gen Z,one_and_done,1,1,2026-03-01,2026-03-01
7244,Male,Millennial,regular,5,21,2025-07-02,2026-06-03
7245,Male,Millennial,occasional,1,7,2025-07-09,2026-06-05
7246,Male,Millennial,one_and_done,1,1,2025-09-06,2025-09-06
7247,Male,Gen Z,loyal,3,22,2025-07-02,2026-06-12
7248,Male,Boomer,loyal,3,17,2025-07-09,2026-05-18
7249,Male,Millennial,occasional,1,7,2025-07-15,2026-06-19
7250,Female,Millennial,occasional,1,6,2025-07-10,2026-06-11
7251,Female,Gen X,occasional,3,5,2025-08-14,2026-06-21
7252,Male,Millennial,regular,6,21,2025-07-18,2026-06-03
7253,Female,Gen Z,one_and_done,2,1,2026-06-15,2026-06-15
7254,Male,Gen Z,occasional,1,5,2025-09-24,2026-04-16
7255,Male,Gen X,one_and_done,8,1,2026-01-16,2026-01-16
7256,Male,Millennial,one_and_done,1,1,2025-07-16,2025-07-16
7257,Male,Millennial,one_and_done,1,1,2026-04-26,2026-04-26
7258,Male,Gen Z,loyal,1,22,2025-07-26,2026-06-15
7259,Female,Gen Z,regular,3,13,2025-08-26,2026-06-22
7260,Female,Millennial,one_and_done,1,1,2025-09-15,2025-09-15
7261,Male,Gen X,one_and_done,4,1,2025-10-02,2025-10-02
7262,Female,Millennial,occasional,2,6,2025-07-02,2026-05-26
7263,Male,Millennial,regular,1,21,2025-07-25,2026-05-24
7264,Female,Millennial,occasional,1,6,2025-08-31,2026-04-25
7265,Female,Boomer,one_and_done,1,1,2026-02-09,2026-02-09
7266,Female,Boomer,one_and_done,5,1,2026-05-01,2026-05-01
7267,Female,Millennial,one_and_done,1,1,2025-12-09,2025-12-09
7268,Male,Gen Z,occasional,8,5,2025-07-03,2026-03-31
7269,Male,Gen Z,occasional,10,5,2025-08-03,2026-06-14
7270,Male,Millennial,one_and_done,5,1,2026-06-09,2026-06-09
7271,Female,Gen Z,regular,3,13,2025-07-18,2026-05-18
7272,Female,Millennial,loyal,1,26,2025-07-11,2026-05-14
7273,Male,Gen X,regular,2,16,2025-07-06,2026-06-17
7274,Male,Millennial,one_and_done,3,1,2025-10-04,2025-10-04
7275,Female,Millennial,loyal,1,26,2025-08-07,2026-06-22
7276,Male,Boomer,one_and_done,1,1,2025-12-25,2025-12-25
7277,Female,Boomer,occasional,1,3,2025-07-27,2025-12-10
7278,Male,Gen Z,one_and_done,1,1,2025-12-14,2025-12-14
7279,Male,Gen X,occasional,1,5,2025-08-13,2026-05-16
7280,Male,Millennial,regular,1,21,2025-07-03,2026-05-16
7281,Male,Millennial,one_and_done,3,1,2026-04-30,2026-04-30
7282,Male,Gen Z,one_and_done,7,1,2025-11-17,2025-11-17
7283,Male,Millennial,regular,4,21,2025-07-07,2026-06-23
7284,Male,Millennial,regular,3,21,2025-07-17,2026-05-28
7285,Male,Gen X,one_and_done,1,1,2026-03-24,2026-03-24
7286,Male,Millennial,loyal,5,30,2025-08-06,2026-05-24
7287,Male,Millennial,one_and_done,1,1,2026-05-16,2026-05-16
7288,Male,Millennial,regular,8,21,2025-07-13,2026-06-22
7289,Male,Millennial,regular,1,21,2025-07-05,2026-06-03
7290,Male,Millennial,regular,4,21,2025-07-19,2026-06-18
7291,Female,Boomer,one_and_done,4,1,2025-09-17,2025-09-17
7292,Male,Millennial,one_and_done,1,1,2025-11-28,2025-11-28
7293,Male,Millennial,loyal,1,30,2025-07-12,2026-06-11
7294,Female,Millennial,loyal,3,26,2025-07-04,2026-06-11
7295,Male,Gen Z,loyal,7,22,2025-08-20,2026-06-23
7296,Male,Gen X,regular,3,16,2025-07-16,2026-06-10
7297,Female,Boomer,regular,1,10,2025-08-07,2026-06-14
7298,Female,Millennial,one_and_done,7,1,2025-12-25,2025-12-25
7299,Female,Gen X,occasional,1,5,2025-07-31,2026-05-28
7300,Male,Millennial,one_and_done,1,1,2025-10-13,2025-10-13
7301,Male,Gen Z,occasional,3,5,2025-09-05,2026-03-12
7302,Female,Gen Z,occasional,1,4,2025-07-10,2026-03-26
7303,Male,Gen Z,one_and_done,5,1,2026-05-05,2026-05-05
7304,Male,Millennial,one_and_done,1,1,2025-09-18,2025-09-18
7305,Male,Gen X,occasional,1,5,2025-10-17,2026-06-03
7306,Male,Millennial,occasional,1,7,2025-09-03,2026-02-27
7307,Female,Millennial,regular,1,18,2025-08-06,2026-06-02
7308,Male,Millennial,one_and_done,3,1,2026-04-29,2026-04-29
7309,Female,Millennial,regular,3,18,2025-07-26,2026-06-21
7310,Female,Millennial,loyal,1,26,2025-07-21,2026-06-19
7311,Female,Millennial,regular,1,18,2025-07-17,2026-06-04
7312,Male,Millennial,loyal,2,30,2025-06-30,2026-06-20
7313,Male,Millennial,regular,1,21,2025-07-13,2026-06-14
7314,Male,Millennial,loyal,1,30,2025-07-05,2026-06-13
7315,Male,Millennial,one_and_done,2,1,2026-02-18,2026-02-18
7316,Male,Boomer,occasional,1,4,2025-07-06,2026-06-10
7317,Male,Millennial,occasional,1,7,2025-07-07,2026-04-11
7318,Male,Millennial,regular,4,21,2025-07-01,2026-06-23
7319,Male,Gen Z,one_and_done,1,1,2025-07-17,2025-07-17
7320,Male,Gen Z,one_and_done,1,1,2026-04-30,2026-04-30
7321,Male,Millennial,one_and_done,1,1,2025-07-27,2025-07-27
7322,Male,Millennial,occasional,1,7,2025-07-03,2026-05-19
7323,Female,Millennial,one_and_done,3,1,2026-01-24,2026-01-24
7324,Female,Millennial,one_and_done,6,1,2025-07-23,2025-07-23
7325,Female,Millennial,regular,1,18,2025-07-26,2026-06-09
7326,Male,Millennial,one_and_done,2,1,2026-03-04,2026-03-04
7327,Male,Millennial,one_and_done,1,1,2026-06-10,2026-06-10
7328,Female,Millennial,one_and_done,1,1,2025-12-11,2025-12-11
7329,Female,Millennial,occasional,3,6,2025-09-11,2026-05-08
7330,Male,Millennial,one_and_done,3,1,2026-01-22,2026-01-22
7331,Female,Millennial,regular,1,18,2025-07-21,2026-06-09
7332,Male,Gen Z,one_and_done,9,1,2025-10-09,2025-10-09
7333,Female,Gen Z,regular,4,13,2025-07-01,2026-06-18
7334,Female,Millennial,regular,1,18,2025-08-15,2026-06-20
7335,Male,Millennial,occasional,10,7,2025-08-03,2026-06-09
7336,Male,Gen Z,occasional,1,5,2025-11-29,2026-06-22
7337,Male,Gen Z,one_and_done,1,1,2025-08-12,2025-08-12
7338,Female,Gen X,loyal,1,22,2025-08-20,2026-06-20
7339,Female,Millennial,one_and_done,1,1,2025-08-20,2025-08-20
7340,Female,Millennial,one_and_done,4,1,2026-04-10,2026-04-10
7341,Male,Gen Z,one_and_done,2,1,2025-12-01,2025-12-01
7342,Female,Millennial,one_and_done,1,1,2025-12-21,2025-12-21
7343,Male,Gen X,one_and_done,1,1,2025-09-07,2025-09-07
7344,Male,Millennial,occasional,7,7,2025-08-12,2026-01-13
7345,Male,Millennial,occasional,1,7,2025-07-08,2026-06-19
7346,Female,Millennial,one_and_done,1,1,2026-03-27,2026-03-27
7347,Male,Gen Z,regular,1,15,2025-07-01,2026-06-23
7348,Male,Gen Z,regular,4,15,2025-07-10,2026-03-25
7349,Male,Gen X,regular,1,16,2025-07-13,2026-06-05
7350,Female,Gen X,occasional,2,5,2025-07-19,2026-04-13
7351,Male,Gen Z,one_and_done,5,1,2026-01-27,2026-01-27
7352,Male,Boomer,one_and_done,1,1,2026-02-10,2026-02-10
7353,Male,Gen Z,one_and_done,2,1,2026-03-13,2026-03-13
7354,Male,Gen Z,one_and_done,2,1,2026-04-17,2026-04-17
7355,Female,Millennial,occasional,1,6,2025-08-13,2026-06-11
7356,Male,Millennial,occasional,1,7,2025-11-09,2026-05-25
7357,Female,Millennial,one_and_done,7,1,2026-03-30,2026-03-30
7358,Male,Millennial,one_and_done,3,1,2026-02-26,2026-02-26
7359,Male,Millennial,one_and_done,1,1,2025-09-20,2025-09-20
7360,Male,Boomer,occasional,1,4,2025-07-05,2026-05-30
7361,Male,Boomer,regular,10,12,2025-07-12,2026-06-19
7362,Female,Millennial,one_and_done,6,1,2025-11-14,2025-11-14
7363,Female,Gen Z,loyal,2,19,2025-07-03,2026-05-31
7364,Male,Millennial,regular,1,21,2025-07-12,2026-05-27
7365,Male,Millennial,occasional,8,7,2025-08-09,2026-06-14
7366,Male,Gen Z,one_and_done,9,1,2026-06-21,2026-06-21
7367,Male,Gen X,occasional,3,5,2025-07-02,2026-05-26
7368,Male,Gen Z,one_and_done,5,1,2025-08-06,2025-08-06
7369,Male,Gen X,one_and_done,4,1,2026-03-03,2026-03-03
7370,Male,Millennial,regular,1,21,2025-07-09,2026-04-18
7371,Male,Gen Z,one_and_done,1,1,2026-03-20,2026-03-20
7372,Female,Millennial,occasional,5,6,2025-10-31,2026-06-10
7373,Female,Gen Z,occasional,5,4,2025-07-03,2026-05-26
7374,Female,Millennial,regular,2,18,2025-07-04,2026-05-17
7375,Male,Millennial,regular,1,21,2025-07-07,2026-06-06
7376,Male,Millennial,one_and_done,1,1,2025-08-09,2025-08-09
7377,Male,Gen Z,one_and_done,1,1,2026-04-27,2026-04-27
7378,Male,Boomer,one_and_done,1,1,2026-02-21,2026-02-21
7379,Female,Gen Z,one_and_done,8,1,2026-01-04,2026-01-04
7380,Female,Gen Z,occasional,1,4,2025-08-17,2026-05-24
7381,Male,Millennial,occasional,2,7,2025-07-17,2026-05-19
7382,Male,Boomer,one_and_done,5,1,2026-03-31,2026-03-31
7383,Male,Gen Z,regular,2,15,2025-08-16,2026-06-11
7384,Male,Boomer,one_and_done,1,1,2025-11-30,2025-11-30
7385,Female,Gen X,occasional,1,5,2025-10-27,2026-05-11
7386,Male,Gen Z,loyal,2,22,2025-07-20,2026-06-19
7387,Female,Millennial,one_and_done,1,1,2025-07-16,2025-07-16
7388,Female,Millennial,loyal,1,26,2025-07-08,2026-06-21
7389,Male,Millennial,one_and_done,1,1,2025-08-30,2025-08-30
7390,Male,Millennial,one_and_done,4,1,2025-12-09,2025-12-09
7391,Male,Millennial,occasional,1,7,2025-10-27,2026-04-11
7392,Male,Gen X,occasional,1,5,2025-08-01,2026-06-08
7393,Male,Millennial,one_and_done,2,1,2025-09-12,2025-09-12
7394,Male,Millennial,occasional,3,7,2025-07-20,2026-06-21
7395,Male,Millennial,occasional,1,7,2025-08-17,2026-01-11
7396,Male,Gen Z,one_and_done,1,1,2025-09-05,2025-09-05
7397,Male,Millennial,occasional,1,7,2025-08-05,2026-05-29
7398,Male,Gen X,one_and_done,3,1,2026-03-07,2026-03-07
7399,Male,Gen Z,regular,1,15,2025-07-06,2026-05-27
7400,Male,Gen X,one_and_done,1,1,2026-06-10,2026-06-10
7401,Male,Millennial,regular,1,21,2025-07-24,2026-06-23
7402,Male,Gen Z,occasional,3,5,2025-07-17,2026-02-17
7403,Male,Gen Z,one_and_done,1,1,2025-12-13,2025-12-13
7404,Male,Millennial,loyal,8,30,2025-07-14,2026-06-11
7405,Male,Millennial,regular,1,21,2025-07-28,2026-06-02
7406,Male,Millennial,one_and_done,2,1,2025-12-29,2025-12-29
7407,Male,Boomer,one_and_done,4,1,2026-03-07,2026-03-07
7408,Male,Millennial,occasional,2,7,2025-07-31,2026-02-13
7409,Male,Gen Z,loyal,7,22,2025-07-01,2026-06-20
7410,Female,Gen Z,one_and_done,1,1,2026-01-25,2026-01-25
7411,Male,Millennial,occasional,3,7,2025-07-22,2026-06-20
7412,Male,Gen Z,occasional,1,5,2025-08-26,2026-02-26
7413,Male,Gen Z,one_and_done,1,1,2026-05-28,2026-05-28
7414,Female,Boomer,one_and_done,1,1,2025-11-17,2025-11-17
7415,Male,Millennial,one_and_done,5,1,2025-07-23,2025-07-23
7416,Male,Boomer,one_and_done,5,1,2026-03-13,2026-03-13
7417,Male,Millennial,regular,2,21,2025-07-12,2026-05-29
7418,Male,Millennial,one_and_done,1,1,2025-11-01,2025-11-01
7419,Female,Gen X,regular,3,15,2025-07-15,2026-05-22
7420,Female,Gen Z,occasional,1,4,2026-01-25,2026-04-25
7421,Male,Millennial,one_and_done,2,1,2026-02-21,2026-02-21
7422,Male,Gen X,occasional,2,5,2025-10-10,2026-04-25
7423,Male,Gen X,one_and_done,4,1,2026-02-27,2026-02-27
7424,Female,Millennial,occasional,7,6,2025-08-13,2026-02-19
7425,Male,Gen X,one_and_done,1,1,2025-07-05,2025-07-05
7426,Female,Gen Z,loyal,4,19,2025-07-03,2026-06-13
7427,Male,Boomer,occasional,4,4,2025-08-29,2026-05-18
7428,Male,Millennial,regular,1,21,2025-08-31,2026-05-29
7429,Female,Millennial,regular,1,18,2025-07-08,2026-05-24
7430,Female,Gen X,occasional,4,5,2025-10-03,2026-05-30
7431,Female,Millennial,one_and_done,1,1,2025-07-15,2025-07-15
7432,Female,Gen X,loyal,1,22,2025-07-04,2026-06-13
7433,Female,Millennial,regular,1,18,2025-08-03,2026-06-14
7434,Male,Millennial,loyal,8,30,2025-07-04,2026-06-17
7435,Female,Millennial,occasional,1,6,2025-08-20,2026-05-15
7436,Male,Gen X,one_and_done,10,1,2025-09-06,2025-09-06
7437,Female,Gen Z,regular,1,13,2025-08-11,2026-06-10
7438,Male,Gen Z,one_and_done,2,1,2026-03-27,2026-03-27
7439,Male,Gen X,occasional,1,5,2025-07-04,2026-06-15
7440,Male,Millennial,regular,9,21,2025-07-04,2026-06-21
7441,Female,Millennial,occasional,2,6,2025-10-22,2026-03-16
7442,Male,Millennial,loyal,2,30,2025-07-14,2026-06-19
7443,Male,Gen X,one_and_done,1,1,2025-12-16,2025-12-16
7444,Male,Gen X,loyal,1,24,2025-07-03,2026-06-06
7445,Male,Gen Z,occasional,1,5,2025-10-21,2026-06-16
7446,Male,Millennial,one_and_done,1,1,2026-05-08,2026-05-08
7447,Male,Millennial,one_and_done,5,1,2025-07-29,2025-07-29
7448,Female,Millennial,loyal,6,26,2025-07-02,2026-06-23
7449,Female,Gen Z,one_and_done,1,1,2026-04-30,2026-04-30
7450,Female,Boomer,regular,1,10,2025-07-09,2026-06-12
7451,Male,Gen Z,loyal,1,22,2025-07-06,2026-06-02
7452,Male,Boomer,occasional,2,4,2025-08-11,2026-03-21
7453,Female,Millennial,one_and_done,3,1,2026-04-21,2026-04-21
7454,Female,Millennial,one_and_done,4,1,2026-01-24,2026-01-24
7455,Male,Millennial,loyal,2,30,2025-07-06,2026-06-08
7456,Male,Millennial,one_and_done,1,1,2025-12-13,2025-12-13
7457,Male,Millennial,one_and_done,1,1,2025-11-14,2025-11-14
7458,Male,Gen X,one_and_done,4,1,2025-08-25,2025-08-25
7459,Male,Gen X,regular,1,16,2025-09-13,2026-06-05
7460,Male,Gen X,regular,5,16,2025-07-31,2026-05-08
7461,Male,Millennial,one_and_done,1,1,2026-03-19,2026-03-19
7462,Male,Millennial,one_and_done,6,1,2026-01-03,2026-01-03
7463,Male,Gen Z,occasional,1,5,2025-07-01,2026-06-19
7464,Female,Gen X,one_and_done,1,1,2025-08-07,2025-08-07
7465,Male,Millennial,one_and_done,1,1,2025-11-06,2025-11-06
7466,Male,Boomer,one_and_done,6,1,2026-06-03,2026-06-03
7467,Male,Gen Z,one_and_done,1,1,2025-09-10,2025-09-10
7468,Female,Millennial,occasional,4,6,2025-07-18,2026-06-23
7469,Female,Gen X,one_and_done,5,1,2025-08-01,2025-08-01
7470,Female,Millennial,occasional,1,6,2025-07-04,2026-06-12
7471,Female,Gen X,one_and_done,1,1,2025-12-03,2025-12-03
7472,Male,Millennial,one_and_done,3,1,2025-12-20,2025-12-20
7473,Male,Gen Z,loyal,1,22,2025-07-02,2026-06-19
7474,Female,Millennial,loyal,3,26,2025-07-08,2026-06-07
7475,Female,Millennial,occasional,1,6,2025-09-11,2026-02-14
7476,Male,Millennial,occasional,1,7,2025-07-03,2026-05-17
7477,Male,Millennial,one_and_done,1,1,2025-07-30,2025-07-30
7478,Female,Millennial,loyal,1,26,2025-07-11,2026-05-25
7479,Female,Millennial,one_and_done,1,1,2026-04-03,2026-04-03
7480,Male,Gen Z,one_and_done,1,1,2025-07-13,2025-07-13
7481,Male,Boomer,regular,1,12,2025-09-17,2026-05-02
7482,Male,Millennial,loyal,1,30,2025-07-01,2026-06-18
7483,Female,Millennial,one_and_done,1,1,2025-10-07,2025-10-07
7484,Male,Boomer,one_and_done,1,1,2025-11-06,2025-11-06
7485,Female,Millennial,regular,4,18,2025-07-13,2026-06-09
7486,Male,Gen Z,one_and_done,1,1,2026-04-08,2026-04-08
7487,Male,Millennial,occasional,2,7,2025-07-08,2026-05-30
7488,Male,Millennial,one_and_done,1,1,2025-08-26,2025-08-26
7489,Female,Millennial,loyal,2,26,2025-07-07,2026-05-21
7490,Male,Millennial,regular,1,21,2025-07-04,2026-06-19
7491,Male,Millennial,one_and_done,1,1,2025-08-22,2025-08-22
7492,Male,Gen Z,loyal,2,22,2025-07-31,2026-06-07
7493,Male,Gen Z,occasional,1,5,2025-08-26,2026-05-17
7494,Male,Gen Z,occasional,1,5,2025-10-25,2026-01-19
7495,Male,Millennial,regular,5,21,2025-07-06,2026-06-12
7496,Female,Gen Z,regular,2,13,2025-08-06,2026-06-10
7497,Male,Gen X,one_and_done,5,1,2026-02-20,2026-02-20
7498,Male,Millennial,occasional,1,7,2025-08-22,2026-06-06
7499,Male,Millennial,occasional,3,7,2025-08-06,2026-06-12
7500,Male,Gen Z,one_and_done,1,1,2025-12-10,2025-12-10
7501,Male,Millennial,occasional,1,7,2025-08-31,2026-05-17
7502,Male,Millennial,occasional,1,7,2025-07-13,2026-05-01
7503,Male,Millennial,one_and_done,4,1,2026-05-12,2026-05-12
7504,Male,Millennial,regular,4,21,2025-07-17,2026-06-06
7505,Female,Boomer,one_and_done,1,1,2025-12-16,2025-12-16
7506,Male,Millennial,occasional,1,7,2025-08-10,2026-05-17
7507,Male,Gen Z,one_and_done,1,1,2025-10-07,2025-10-07
7508,Male,Gen Z,one_and_done,1,1,2026-01-23,2026-01-23
7509,Male,Gen X,regular,1,16,2025-09-08,2026-05-10
7510,Male,Gen X,occasional,2,5,2025-09-06,2026-05-06
7511,Male,Millennial,one_and_done,2,1,2025-07-01,2025-07-01
7512,Female,Millennial,one_and_done,1,1,2025-08-25,2025-08-25
7513,Male,Millennial,regular,1,21,2025-07-11,2026-04-15
7514,Male,Gen Z,occasional,3,5,2025-12-02,2026-05-12
7515,Male,Millennial,occasional,3,7,2025-10-11,2026-06-23
7516,Male,Gen X,regular,1,16,2025-08-10,2026-06-11
7517,Female,Millennial,one_and_done,3,1,2025-09-25,2025-09-25
7518,Male,Millennial,regular,2,21,2025-07-16,2026-06-06
7519,Male,Millennial,loyal,1,30,2025-08-06,2026-06-14
7520,Male,Gen Z,one_and_done,1,1,2026-01-03,2026-01-03
7521,Male,Gen Z,loyal,1,22,2025-07-24,2026-06-22
7522,Male,Gen Z,regular,5,15,2025-07-14,2026-06-04
7523,Male,Millennial,one_and_done,2,1,2025-09-13,2025-09-13
7524,Male,Gen Z,regular,1,15,2025-07-19,2026-06-18
7525,Female,Millennial,loyal,2,26,2025-07-01,2026-06-22
7526,Male,Millennial,regular,1,21,2025-07-03,2026-06-12
7527,Female,Gen Z,one_and_done,9,1,2026-01-18,2026-01-18
7528,Female,Gen Z,one_and_done,4,1,2025-07-21,2025-07-21
7529,Male,Millennial,one_and_done,2,1,2026-04-22,2026-04-22
7530,Male,Gen Z,one_and_done,10,1,2026-01-16,2026-01-16
7531,Male,Millennial,occasional,1,7,2025-09-14,2026-06-08
7532,Female,Gen Z,one_and_done,1,1,2025-09-19,2025-09-19
7533,Female,Millennial,regular,4,18,2025-06-30,2026-06-14
7534,Male,Millennial,regular,1,21,2025-07-15,2026-05-30
7535,Female,Millennial,regular,1,18,2025-08-01,2026-06-10
7536,Male,Gen Z,one_and_done,2,1,2025-12-04,2025-12-04
7537,Female,Gen X,occasional,6,5,2025-07-18,2026-06-05
7538,Female,Gen Z,occasional,1,4,2026-02-20,2026-06-06
7539,Female,Gen X,one_and_done,4,1,2026-05-29,2026-05-29
7540,Male,Boomer,one_and_done,2,1,2026-05-07,2026-05-07
7541,Female,Gen Z,one_and_done,1,1,2026-04-26,2026-04-26
7542,Female,Millennial,one_and_done,1,1,2026-05-06,2026-05-06
7543,Female,Millennial,occasional,3,6,2025-07-28,2026-03-09
7544,Male,Gen Z,one_and_done,3,1,2025-10-28,2025-10-28
7545,Male,Boomer,one_and_done,4,1,2026-06-12,2026-06-12
7546,Male,Millennial,one_and_done,1,1,2025-10-28,2025-10-28
7547,Male,Millennial,one_and_done,2,1,2026-04-17,2026-04-17
7548,Male,Millennial,one_and_done,1,1,2025-08-19,2025-08-19
7549,Male,Millennial,regular,1,21,2025-07-09,2026-06-18
7550,Male,Gen Z,one_and_done,8,1,2025-12-25,2025-12-25
7551,Male,Gen X,regular,1,16,2025-07-28,2026-05-29
7552,Male,Gen X,regular,2,16,2025-07-15,2026-06-18
7553,Female,Millennial,occasional,3,6,2025-09-28,2026-03-14
7554,Female,Millennial,one_and_done,1,1,2026-02-14,2026-02-14
7555,Female,Millennial,occasional,2,6,2025-07-10,2026-01-09
7556,Male,Boomer,regular,1,12,2025-07-26,2026-04-18
7557,Male,Millennial,regular,1,21,2025-07-21,2026-05-30
7558,Female,Millennial,one_and_done,1,1,2026-06-21,2026-06-21
7559,Male,Gen Z,loyal,2,22,2025-08-22,2026-06-18
7560,Male,Millennial,occasional,1,7,2025-09-20,2026-06-04
7561,Male,Millennial,one_and_done,2,1,2025-07-21,2025-07-21
7562,Male,Gen Z,one_and_done,6,1,2025-10-12,2025-10-12
7563,Male,Millennial,occasional,5,7,2025-08-15,2026-05-20
7564,Male,Boomer,loyal,7,17,2025-07-03,2026-05-16
7565,Male,Millennial,loyal,1,30,2025-06-30,2026-06-17
7566,Male,Millennial,occasional,2,7,2025-07-25,2026-04-05
7567,Female,Millennial,regular,1,18,2025-07-07,2026-06-04
7568,Female,Boomer,one_and_done,1,1,2026-06-06,2026-06-06
7569,Female,Millennial,one_and_done,6,1,2025-11-28,2025-11-28
7570,Female,Boomer,regular,2,10,2025-08-06,2026-04-30
7571,Female,Gen Z,regular,1,13,2025-08-15,2026-06-15
7572,Male,Millennial,one_and_done,1,1,2025-12-25,2025-12-25
7573,Female,Gen Z,regular,5,13,2025-07-12,2026-04-23
7574,Female,Gen Z,regular,1,13,2025-07-31,2026-04-27
7575,Male,Gen Z,loyal,7,22,2025-07-03,2026-06-04
7576,Male,Boomer,occasional,1,4,2025-12-08,2026-04-16
7577,Male,Gen Z,one_and_done,5,1,2025-09-09,2025-09-09
7578,Female,Millennial,one_and_done,2,1,2026-06-20,2026-06-20
7579,Male,Millennial,one_and_done,1,1,2026-03-05,2026-03-05
7580,Male,Gen Z,one_and_done,1,1,2025-12-20,2025-12-20
7581,Male,Gen Z,one_and_done,1,1,2026-03-20,2026-03-20
7582,Male,Millennial,one_and_done,2,1,2025-12-02,2025-12-02
7583,Male,Millennial,one_and_done,3,1,2025-11-19,2025-11-19
7584,Male,Millennial,occasional,1,7,2025-07-16,2026-05-30
7585,Male,Millennial,occasional,5,7,2025-08-13,2026-04-21
7586,Male,Gen X,loyal,6,24,2025-06-30,2026-06-20
7587,Male,Gen Z,occasional,1,5,2025-11-15,2026-06-22
7588,Male,Millennial,one_and_done,1,1,2025-06-30,2025-06-30
7589,Male,Millennial,occasional,2,7,2025-08-03,2026-04-07
7590,Male,Gen Z,one_and_done,1,1,2026-01-07,2026-01-07
7591,Male,Millennial,occasional,1,7,2025-08-04,2026-03-07
7592,Female,Millennial,regular,1,18,2025-07-18,2026-06-20
7593,Male,Gen Z,occasional,1,5,2025-07-27,2026-06-05
7594,Female,Gen Z,one_and_done,3,1,2025-09-27,2025-09-27
7595,Male,Gen Z,occasional,1,5,2025-07-27,2026-01-30
7596,Male,Millennial,one_and_done,1,1,2025-11-26,2025-11-26
7597,Male,Millennial,regular,1,21,2025-07-15,2026-06-13
7598,Male,Gen X,occasional,5,5,2025-08-30,2026-03-06
7599,Male,Gen X,occasional,1,5,2025-08-08,2026-06-12
7600,Male,Millennial,loyal,1,30,2025-07-04,2026-06-18
7601,Male,Gen Z,one_and_done,3,1,2026-01-01,2026-01-01
7602,Male,Millennial,one_and_done,1,1,2026-01-06,2026-01-06
7603,Male,Gen Z,loyal,1,22,2025-08-13,2026-06-17
7604,Female,Millennial,loyal,10,26,2025-08-13,2026-06-08
7605,Male,Boomer,one_and_done,5,1,2026-01-17,2026-01-17
7606,Male,Millennial,occasional,1,7,2025-07-25,2026-06-13
7607,Male,Millennial,occasional,1,7,2025-07-04,2026-05-01
7608,Female,Gen X,one_and_done,10,1,2026-03-07,2026-03-07
7609,Male,Gen Z,one_and_done,6,1,2025-10-29,2025-10-29
7610,Male,Boomer,one_and_done,10,1,2025-08-07,2025-08-07
7611,Male,Millennial,occasional,2,7,2025-07-24,2026-05-27
7612,Male,Millennial,one_and_done,4,1,2025-10-12,2025-10-12
7613,Male,Millennial,occasional,1,7,2025-07-06,2026-06-22
7614,Male,Boomer,regular,1,12,2025-08-01,2026-06-23
7615,Male,Gen Z,one_and_done,1,1,2025-12-05,2025-12-05
7616,Male,Gen Z,regular,1,15,2025-07-04,2026-05-15
7617,Female,Millennial,regular,1,18,2025-07-23,2026-05-02
7618,Male,Gen Z,occasional,1,5,2025-08-15,2026-05-23
7619,Male,Millennial,one_and_done,8,1,2026-04-09,2026-04-09
7620,Female,Millennial,regular,1,18,2025-07-06,2026-06-04
7621,Female,Gen Z,loyal,6,19,2025-07-06,2026-04-29
7622,Female,Millennial,one_and_done,2,1,2026-06-13,2026-06-13
7623,Male,Gen X,regular,2,16,2025-08-02,2026-05-12
7624,Male,Millennial,regular,1,21,2025-07-16,2026-06-02
7625,Female,Millennial,one_and_done,1,1,2026-05-13,2026-05-13
7626,Male,Millennial,loyal,1,30,2025-07-09,2026-06-07
7627,Male,Gen Z,one_and_done,2,1,2025-08-16,2025-08-16
7628,Female,Millennial,one_and_done,1,1,2026-03-20,2026-03-20
7629,Female,Millennial,one_and_done,5,1,2026-02-28,2026-02-28
7630,Male,Millennial,regular,9,21,2025-07-04,2026-06-21
7631,Male,Millennial,occasional,2,7,2025-10-16,2026-06-20
7632,Female,Gen X,regular,1,15,2025-06-30,2026-06-15
7633,Male,Millennial,occasional,1,7,2025-07-08,2026-04-03
7634,Female,Boomer,one_and_done,2,1,2025-10-13,2025-10-13
7635,Male,Gen Z,occasional,2,5,2025-08-16,2026-04-08
7636,Male,Millennial,one_and_done,2,1,2026-03-13,2026-03-13
7637,Male,Gen X,loyal,1,24,2025-07-21,2026-06-11
7638,Female,Gen X,regular,2,15,2025-07-12,2026-06-14
7639,Male,Gen Z,occasional,4,5,2025-08-21,2026-04-09
7640,Male,Gen Z,one_and_done,1,1,2026-05-15,2026-05-15
7641,Male,Millennial,one_and_done,1,1,2026-03-07,2026-03-07
7642,Male,Millennial,occasional,2,7,2025-07-16,2026-06-09
7643,Male,Gen X,one_and_done,2,1,2025-11-28,2025-11-28
7644,Female,Gen X,one_and_done,1,1,2026-06-13,2026-06-13
7645,Male,Millennial,one_and_done,8,1,2025-11-24,2025-11-24
7646,Male,Millennial,one_and_done,1,1,2025-11-18,2025-11-18
7647,Male,Gen Z,one_and_done,7,1,2025-10-06,2025-10-06
7648,Female,Gen X,regular,1,15,2025-07-13,2026-06-18
7649,Male,Gen X,one_and_done,7,1,2025-08-31,2025-08-31
7650,Male,Boomer,one_and_done,5,1,2025-11-30,2025-11-30
7651,Male,Millennial,one_and_done,6,1,2026-05-28,2026-05-28
7652,Male,Millennial,regular,2,21,2025-07-03,2026-06-03
7653,Female,Millennial,occasional,3,6,2025-08-14,2026-04-27
7654,Female,Millennial,one_and_done,2,1,2026-04-23,2026-04-23
7655,Male,Millennial,regular,1,21,2025-07-17,2026-05-27
7656,Female,Millennial,occasional,2,6,2025-07-17,2026-04-04
7657,Male,Millennial,one_and_done,2,1,2026-02-25,2026-02-25
7658,Female,Gen X,occasional,4,5,2025-08-20,2026-05-13
7659,Male,Millennial,loyal,1,30,2025-07-03,2026-05-30
7660,Male,Millennial,one_and_done,3,1,2026-04-15,2026-04-15
7661,Male,Boomer,one_and_done,1,1,2026-06-21,2026-06-21
7662,Male,Millennial,one_and_done,2,1,2026-01-15,2026-01-15
7663,Male,Gen Z,regular,1,15,2025-07-16,2026-06-23
7664,Male,Millennial,loyal,1,30,2025-07-01,2026-06-06
7665,Male,Millennial,one_and_done,1,1,2026-04-06,2026-04-06
7666,Male,Gen X,one_and_done,1,1,2026-02-13,2026-02-13
7667,Male,Millennial,one_and_done,2,1,2026-05-24,2026-05-24
7668,Male,Gen Z,one_and_done,2,1,2026-04-03,2026-04-03
7669,Female,Millennial,occasional,1,6,2025-11-25,2026-06-08
7670,Female,Millennial,one_and_done,2,1,2025-12-31,2025-12-31
7671,Female,Millennial,one_and_done,2,1,2025-08-16,2025-08-16
7672,Female,Millennial,one_and_done,1,1,2026-06-15,2026-06-15
7673,Male,Millennial,one_and_done,1,1,2026-06-10,2026-06-10
7674,Female,Gen Z,one_and_done,1,1,2026-05-19,2026-05-19
7675,Male,Millennial,occasional,1,7,2025-07-01,2026-05-22
7676,Male,Gen Z,occasional,1,5,2025-12-07,2026-02-28
7677,Female,Millennial,one_and_done,1,1,2025-09-03,2025-09-03
7678,Male,Gen Z,regular,1,15,2025-07-07,2026-06-20
7679,Male,Millennial,regular,1,21,2025-07-22,2026-06-22
7680,Male,Millennial,occasional,3,7,2025-09-30,2026-06-18
7681,Female,Gen Z,one_and_done,10,1,2026-03-13,2026-03-13
7682,Male,Millennial,one_and_done,1,1,2026-01-03,2026-01-03
7683,Male,Millennial,one_and_done,1,1,2026-06-20,2026-06-20
7684,Male,Gen X,regular,1,16,2025-07-21,2026-06-16
7685,Male,Gen Z,one_and_done,3,1,2026-04-11,2026-04-11
7686,Female,Millennial,regular,1,18,2025-07-01,2026-06-18
7687,Male,Millennial,occasional,1,7,2025-08-21,2026-04-07
7688,Male,Millennial,one_and_done,1,1,2025-07-02,2025-07-02
7689,Male,Millennial,one_and_done,1,1,2025-07-01,2025-07-01
7690,Male,Boomer,regular,4,12,2025-07-04,2026-06-11
7691,Male,Millennial,regular,1,21,2025-07-02,2026-06-06
7692,Male,Millennial,occasional,5,7,2025-10-05,2026-06-15
7693,Male,Millennial,one_and_done,1,1,2025-11-13,2025-11-13
7694,Female,Millennial,one_and_done,6,1,2026-04-26,2026-04-26
7695,Male,Millennial,one_and_done,3,1,2025-12-26,2025-12-26
7696,Male,Gen Z,one_and_done,4,1,2026-06-04,2026-06-04
7697,Male,Millennial,one_and_done,10,1,2026-05-20,2026-05-20
7698,Female,Gen X,one_and_done,1,1,2026-03-21,2026-03-21
7699,Male,Gen Z,regular,6,15,2025-06-30,2026-06-05
7700,Female,Gen Z,occasional,5,4,2025-10-20,2026-06-02
7701,Female,Millennial,regular,2,18,2025-07-19,2026-06-07
7702,Female,Gen X,one_and_done,5,1,2025-09-12,2025-09-12
7703,Male,Millennial,regular,4,21,2025-08-07,2026-06-20
7704,Male,Millennial,one_and_done,1,1,2026-05-12,2026-05-12
7705,Male,Gen Z,one_and_done,6,1,2026-06-16,2026-06-16
7706,Male,Millennial,occasional,6,7,2025-07-26,2025-12-25
7707,Male,Millennial,one_and_done,1,1,2025-10-11,2025-10-11
7708,Female,Gen Z,occasional,1,4,2025-08-09,2026-03-25
7709,Male,Millennial,regular,1,21,2025-08-31,2026-06-21
7710,Female,Gen Z,regular,8,13,2025-08-16,2026-06-19
7711,Male,Gen X,one_and_done,1,1,2025-12-11,2025-12-11
7712,Male,Millennial,occasional,2,7,2025-08-22,2026-06-07
7713,Female,Gen X,occasional,1,5,2025-07-15,2026-02-25
7714,Male,Gen X,loyal,5,24,2025-07-04,2026-06-10
7715,Male,Boomer,regular,6,12,2025-07-10,2026-05-28
7716,Female,Gen X,loyal,1,22,2025-07-13,2026-05-22
7717,Female,Gen Z,one_and_done,2,1,2025-07-03,2025-07-03
7718,Male,Millennial,regular,3,21,2025-07-05,2026-06-19
7719,Male,Gen Z,one_and_done,1,1,2026-06-02,2026-06-02
7720,Female,Millennial,one_and_done,1,1,2026-05-01,2026-05-01
7721,Female,Millennial,occasional,2,6,2025-07-03,2026-04-28
7722,Male,Gen X,regular,1,16,2025-07-10,2026-06-21
7723,Male,Gen Z,occasional,4,5,2025-08-03,2026-04-23
7724,Male,Millennial,regular,1,21,2025-07-07,2026-06-14
7725,Female,Boomer,one_and_done,9,1,2026-04-05,2026-04-05
7726,Male,Millennial,one_and_done,3,1,2025-09-27,2025-09-27
7727,Male,Millennial,one_and_done,2,1,2025-07-30,2025-07-30
7728,Male,Millennial,one_and_done,4,1,2025-09-02,2025-09-02
7729,Male,Millennial,one_and_done,1,1,2025-11-18,2025-11-18
7730,Male,Gen Z,loyal,2,22,2025-08-19,2026-06-12
7731,Male,Millennial,loyal,5,30,2025-07-22,2026-06-02
7732,Male,Boomer,regular,4,12,2025-07-04,2026-06-13
7733,Male,Gen Z,occasional,7,5,2025-07-30,2026-06-11
7734,Male,Gen X,occasional,2,5,2025-09-27,2026-04-12
7735,Female,Millennial,occasional,1,6,2025-10-21,2026-05-23
7736,Male,Millennial,one_and_done,8,1,2026-04-01,2026-04-01
7737,Female,Millennial,regular,1,18,2025-07-20,2026-06-16
7738,Male,Millennial,one_and_done,8,1,2026-05-11,2026-05-11
7739,Female,Gen X,regular,5,15,2025-07-07,2026-04-29
7740,Female,Millennial,regular,1,18,2025-07-27,2026-06-22
7741,Male,Millennial,loyal,7,30,2025-07-05,2026-06-15
7742,Male,Millennial,occasional,1,7,2025-12-16,2026-06-10
7743,Male,Gen X,one_and_done,1,1,2026-05-12,2026-05-12
7744,Female,Millennial,one_and_done,1,1,2026-04-25,2026-04-25
7745,Female,Millennial,one_and_done,1,1,2025-09-22,2025-09-22
7746,Female,Millennial,regular,1,18,2025-07-23,2026-05-20
7747,Female,Boomer,regular,2,10,2025-07-05,2026-06-04
7748,Male,Millennial,regular,1,21,2025-07-04,2026-06-22
7749,Male,Millennial,regular,1,21,2025-06-30,2026-06-23
7750,Male,Gen Z,loyal,8,22,2025-08-28,2026-06-18
7751,Female,Millennial,one_and_done,1,1,2026-03-17,2026-03-17
7752,Male,Millennial,one_and_done,3,1,2025-11-27,2025-11-27
7753,Female,Millennial,regular,7,18,2025-07-11,2026-05-04
7754,Male,Gen X,occasional,1,5,2025-11-29,2026-06-06
7755,Male,Gen Z,occasional,2,5,2025-08-02,2026-05-29
7756,Male,Boomer,occasional,4,4,2025-09-05,2026-06-02
7757,Male,Boomer,one_and_done,7,1,2025-10-21,2025-10-21
7758,Male,Millennial,regular,1,21,2025-07-03,2026-05-29
7759,Male,Millennial,occasional,9,7,2025-07-02,2026-05-26
7760,Male,Gen X,occasional,2,5,2025-08-21,2026-01-30
7761,Male,Millennial,one_and_done,1,1,2026-05-30,2026-05-30
7762,Male,Gen Z,occasional,1,5,2025-07-14,2026-04-10
7763,Male,Millennial,occasional,3,7,2025-08-16,2026-06-03
7764,Male,Millennial,one_and_done,1,1,2026-03-21,2026-03-21
7765,Male,Boomer,occasional,4,4,2025-08-29,2025-11-07
7766,Male,Gen Z,one_and_done,1,1,2025-09-18,2025-09-18
7767,Male,Millennial,one_and_done,1,1,2026-04-13,2026-04-13
7768,Male,Gen Z,occasional,1,5,2025-07-01,2026-05-01
7769,Male,Gen X,one_and_done,1,1,2026-05-13,2026-05-13
7770,Female,Gen X,occasional,4,5,2025-10-10,2026-03-26
7771,Female,Millennial,regular,10,18,2025-08-14,2026-05-08
7772,Male,Millennial,occasional,3,7,2025-08-05,2026-05-07
7773,Male,Gen Z,one_and_done,1,1,2026-01-30,2026-01-30
7774,Female,Gen Z,one_and_done,1,1,2025-07-07,2025-07-07
7775,Male,Millennial,occasional,6,7,2025-07-11,2026-06-02
7776,Female,Millennial,occasional,3,6,2025-09-05,2026-04-14
7777,Male,Gen Z,one_and_done,5,1,2025-12-24,2025-12-24
7778,Male,Gen X,one_and_done,1,1,2025-08-23,2025-08-23
7779,Female,Millennial,regular,1,18,2025-07-08,2026-06-22
7780,Male,Gen Z,occasional,6,5,2025-09-07,2025-12-12
7781,Female,Gen X,regular,2,15,2025-07-09,2026-06-17
7782,Male,Millennial,regular,4,21,2025-07-17,2026-06-10
7783,Male,Gen X,one_and_done,5,1,2026-03-31,2026-03-31
7784,Female,Gen Z,one_and_done,2,1,2025-08-27,2025-08-27
7785,Male,Millennial,one_and_done,1,1,2026-06-17,2026-06-17
7786,Male,Boomer,one_and_done,1,1,2025-07-21,2025-07-21
7787,Male,Gen X,occasional,1,5,2025-07-15,2025-12-16
7788,Male,Millennial,one_and_done,2,1,2025-09-22,2025-09-22
7789,Male,Gen Z,regular,1,15,2025-07-26,2026-06-21
7790,Female,Millennial,regular,1,18,2025-07-09,2026-06-06
7791,Male,Millennial,regular,9,21,2025-07-23,2026-06-17
7792,Male,Millennial,one_and_done,4,1,2026-01-27,2026-01-27
7793,Female,Millennial,occasional,2,6,2025-10-09,2026-03-12
7794,Male,Millennial,occasional,7,7,2025-09-27,2026-06-08
7795,Female,Gen Z,loyal,4,19,2025-07-05,2026-06-08
7796,Male,Millennial,occasional,4,7,2025-11-29,2026-05-13
7797,Male,Millennial,one_and_done,1,1,2025-10-23,2025-10-23
7798,Male,Millennial,occasional,1,7,2025-08-28,2026-06-13
7799,Male,Boomer,one_and_done,1,1,2026-04-14,2026-04-14
7800,Female,Gen X,one_and_done,1,1,2025-12-27,2025-12-27
7801,Male,Millennial,one_and_done,1,1,2026-01-08,2026-01-08
7802,Female,Millennial,loyal,1,26,2025-07-04,2026-06-15
7803,Male,Millennial,occasional,1,7,2025-07-03,2026-05-11
7804,Male,Millennial,regular,2,21,2025-07-16,2026-05-29
7805,Male,Gen Z,loyal,3,22,2025-07-10,2026-06-11
7806,Male,Gen X,one_and_done,2,1,2025-10-23,2025-10-23
7807,Male,Gen Z,occasional,1,5,2025-08-06,2026-06-07
7808,Male,Gen X,one_and_done,4,1,2025-12-12,2025-12-12
7809,Male,Millennial,occasional,10,7,2025-07-04,2026-06-17
7810,Male,Boomer,one_and_done,2,1,2026-03-20,2026-03-20
7811,Male,Millennial,one_and_done,2,1,2025-09-05,2025-09-05
7812,Male,Millennial,occasional,1,7,2025-08-10,2026-06-01
7813,Male,Millennial,one_and_done,6,1,2026-05-09,2026-05-09
7814,Female,Gen X,occasional,1,5,2025-09-26,2026-06-16
7815,Male,Millennial,one_and_done,3,1,2025-10-16,2025-10-16
7816,Male,Millennial,one_and_done,1,1,2025-10-19,2025-10-19
7817,Male,Millennial,one_and_done,1,1,2026-04-22,2026-04-22
7818,Male,Millennial,one_and_done,10,1,2025-12-03,2025-12-03
7819,Male,Millennial,one_and_done,1,1,2025-11-08,2025-11-08
7820,Male,Millennial,regular,6,21,2025-07-21,2026-06-23
7821,Male,Gen Z,regular,1,15,2025-07-22,2026-05-19
7822,Male,Gen Z,occasional,1,5,2025-08-11,2026-04-23
7823,Female,Gen Z,regular,1,13,2025-07-25,2026-05-29
7824,Male,Millennial,one_and_done,10,1,2026-01-27,2026-01-27
7825,Male,Millennial,one_and_done,4,1,2025-09-10,2025-09-10
7826,Female,Boomer,one_and_done,2,1,2026-04-28,2026-04-28
7827,Male,Millennial,regular,5,21,2025-07-12,2026-06-13
7828,Female,Millennial,loyal,1,26,2025-07-12,2026-06-18
7829,Female,Gen X,occasional,1,5,2025-08-19,2026-03-15
7830,Male,Millennial,occasional,8,7,2025-08-06,2026-03-23
7831,Male,Millennial,one_and_done,2,1,2026-02-25,2026-02-25
7832,Male,Boomer,one_and_done,2,1,2025-09-02,2025-09-02
7833,Female,Gen Z,one_and_done,1,1,2026-05-09,2026-05-09
7834,Male,Millennial,regular,2,21,2025-07-02,2026-06-07
7835,Male,Millennial,regular,1,21,2025-07-04,2026-05-28
7836,Male,Boomer,occasional,2,4,2025-09-06,2026-01-15
7837,Female,Millennial,regular,6,18,2025-08-23,2026-06-03
7838,Male,Gen Z,regular,1,15,2025-07-03,2026-06-07
7839,Female,Millennial,regular,3,18,2025-08-01,2026-06-02
7840,Male,Millennial,one_and_done,6,1,2025-07-17,2025-07-17
7841,Male,Gen X,occasional,4,5,2025-08-15,2026-01-08
7842,Female,Millennial,one_and_done,1,1,2026-01-05,2026-01-05
7843,Male,Gen Z,regular,1,15,2025-07-10,2026-06-02
7844,Male,Gen Z,one_and_done,1,1,2026-01-06,2026-01-06
7845,Male,Millennial,one_and_done,1,1,2026-03-09,2026-03-09
7846,Male,Gen X,one_and_done,1,1,2025-09-29,2025-09-29
7847,Male,Millennial,regular,1,21,2025-07-09,2026-06-10
7848,Male,Gen Z,one_and_done,2,1,2026-04-16,2026-04-16
7849,Male,Millennial,regular,2,21,2025-07-11,2026-05-29
7850,Male,Millennial,one_and_done,1,1,2026-04-17,2026-04-17
7851,Male,Millennial,one_and_done,1,1,2025-09-30,2025-09-30
7852,Female,Boomer,one_and_done,7,1,2026-06-13,2026-06-13
7853,Male,Millennial,one_and_done,2,1,2026-02-20,2026-02-20
7854,Female,Millennial,one_and_done,8,1,2025-12-19,2025-12-19
7855,Female,Millennial,loyal,1,26,2025-07-18,2026-05-28
7856,Female,Millennial,loyal,5,26,2025-06-30,2026-06-07
7857,Male,Gen Z,regular,1,15,2025-07-04,2026-06-21
7858,Female,Millennial,loyal,5,26,2025-07-06,2026-06-17
7859,Male,Gen X,occasional,4,5,2025-10-17,2026-06-12
7860,Male,Millennial,occasional,7,7,2025-11-19,2026-05-30
7861,Female,Gen Z,occasional,1,4,2025-07-23,2026-02-20
7862,Female,Millennial,one_and_done,1,1,2025-12-21,2025-12-21
7863,Female,Millennial,regular,1,18,2025-08-15,2026-06-13
7864,Female,Gen Z,one_and_done,1,1,2026-05-08,2026-05-08
7865,Male,Gen X,one_and_done,2,1,2026-05-30,2026-05-30
7866,Male,Boomer,one_and_done,1,1,2025-10-07,2025-10-07
7867,Male,Millennial,one_and_done,1,1,2026-02-14,2026-02-14
7868,Male,Millennial,occasional,1,7,2025-09-26,2026-06-20
7869,Female,Millennial,one_and_done,1,1,2025-11-21,2025-11-21
7870,Male,Gen Z,one_and_done,1,1,2025-08-20,2025-08-20
7871,Male,Millennial,regular,1,21,2025-07-21,2026-06-13
7872,Male,Millennial,one_and_done,2,1,2026-06-02,2026-06-02
7873,Male,Millennial,one_and_done,5,1,2026-03-21,2026-03-21
7874,Male,Gen Z,loyal,3,22,2025-07-12,2026-06-21
7875,Male,Gen Z,occasional,2,5,2025-06-30,2026-04-24
7876,Male,Millennial,occasional,1,7,2025-09-19,2026-06-19
7877,Male,Gen Z,occasional,1,5,2025-07-13,2026-05-15
7878,Male,Boomer,one_and_done,3,1,2025-08-16,2025-08-16
7879,Male,Millennial,occasional,3,7,2025-10-03,2026-04-03
7880,Female,Millennial,one_and_done,1,1,2026-01-10,2026-01-10
7881,Male,Millennial,one_and_done,4,1,2025-11-14,2025-11-14
7882,Male,Millennial,regular,1,21,2025-07-21,2026-06-21
7883,Male,Millennial,regular,3,21,2025-07-05,2026-04-17
7884,Female,Millennial,occasional,1,6,2025-08-19,2026-04-01
7885,Female,Millennial,one_and_done,5,1,2026-04-14,2026-04-14
7886,Male,Millennial,one_and_done,1,1,2025-10-11,2025-10-11
7887,Male,Gen Z,regular,1,15,2025-07-13,2026-05-22
7888,Female,Gen Z,regular,4,13,2025-06-30,2026-06-15
7889,Male,Gen X,one_and_done,2,1,2025-11-01,2025-11-01
7890,Female,Millennial,one_and_done,2,1,2026-04-27,2026-04-27
7891,Male,Millennial,one_and_done,2,1,2026-03-06,2026-03-06
7892,Male,Gen X,regular,1,16,2025-09-24,2026-06-20
7893,Female,Millennial,one_and_done,2,1,2026-03-26,2026-03-26
7894,Male,Gen Z,regular,7,15,2025-07-26,2026-05-18
7895,Female,Gen X,one_and_done,3,1,2025-11-04,2025-11-04
7896,Male,Boomer,loyal,1,17,2025-07-07,2026-05-05
7897,Male,Millennial,one_and_done,1,1,2026-02-24,2026-02-24
7898,Female,Millennial,one_and_done,3,1,2025-08-15,2025-08-15
7899,Male,Millennial,regular,1,21,2025-07-12,2026-06-19
7900,Male,Millennial,occasional,1,7,2025-11-09,2026-05-04
7901,Male,Gen X,one_and_done,1,1,2025-08-08,2025-08-08
7902,Female,Millennial,one_and_done,1,1,2026-01-13,2026-01-13
7903,Male,Gen X,one_and_done,1,1,2025-12-12,2025-12-12
7904,Male,Millennial,occasional,4,7,2025-10-08,2026-05-15
7905,Female,Millennial,regular,1,18,2025-07-14,2026-06-23
7906,Male,Gen Z,occasional,6,5,2025-10-30,2026-05-30
7907,Female,Gen Z,occasional,1,4,2025-08-04,2026-06-10
7908,Male,Millennial,regular,5,21,2025-08-26,2026-06-09
7909,Male,Gen X,regular,1,16,2025-07-09,2026-05-04
7910,Male,Millennial,one_and_done,6,1,2025-10-18,2025-10-18
7911,Male,Millennial,regular,1,21,2025-07-01,2026-05-07
7912,Female,Millennial,one_and_done,1,1,2025-09-27,2025-09-27
7913,Male,Millennial,one_and_done,1,1,2025-11-14,2025-11-14
7914,Male,Millennial,regular,2,21,2025-07-21,2026-05-01
7915,Male,Gen X,occasional,6,5,2025-09-07,2026-05-24
7916,Male,Gen Z,one_and_done,6,1,2026-03-28,2026-03-28
7917,Male,Millennial,occasional,1,7,2025-09-27,2026-06-02
7918,Female,Millennial,occasional,1,6,2025-08-20,2026-05-08
7919,Female,Millennial,occasional,9,6,2025-07-20,2026-06-06
7920,Male,Millennial,regular,1,21,2025-07-01,2026-05-30
7921,Male,Boomer,occasional,1,4,2025-12-06,2026-06-04
7922,Male,Millennial,regular,1,21,2025-07-01,2026-06-09
7923,Male,Millennial,occasional,1,7,2025-08-04,2026-04-22
7924,Male,Millennial,occasional,1,7,2025-08-15,2026-05-16
7925,Female,Gen Z,one_and_done,7,1,2025-12-30,2025-12-30
7926,Male,Millennial,regular,1,21,2025-07-08,2026-06-19
7927,Male,Millennial,one_and_done,5,1,2026-05-27,2026-05-27
7928,Male,Gen X,one_and_done,1,1,2026-03-18,2026-03-18
7929,Male,Gen Z,one_and_done,4,1,2026-01-15,2026-01-15
7930,Male,Gen X,occasional,1,5,2025-08-21,2026-05-16
7931,Male,Millennial,one_and_done,1,1,2026-01-30,2026-01-30
7932,Male,Gen X,regular,2,16,2025-07-25,2026-06-10
7933,Male,Gen X,one_and_done,1,1,2025-11-21,2025-11-21
7934,Male,Millennial,one_and_done,5,1,2026-06-08,2026-06-08
7935,Male,Millennial,occasional,2,7,2025-07-24,2026-02-13
7936,Female,Millennial,occasional,1,6,2025-07-10,2026-03-31
7937,Male,Millennial,one_and_done,3,1,2025-12-05,2025-12-05
7938,Male,Gen X,one_and_done,1,1,2026-03-21,2026-03-21
7939,Male,Millennial,one_and_done,2,1,2026-06-18,2026-06-18
7940,Female,Millennial,loyal,1,26,2025-07-08,2026-05-15
7941,Male,Millennial,regular,2,21,2025-07-04,2026-05-16
7942,Male,Gen X,regular,1,16,2025-07-22,2026-06-05
7943,Male,Gen Z,loyal,2,22,2025-07-10,2026-06-19
7944,Male,Millennial,one_and_done,3,1,2025-07-01,2025-07-01
7945,Male,Millennial,regular,5,21,2025-07-08,2026-06-20
7946,Male,Millennial,occasional,1,7,2025-07-22,2026-05-26
7947,Female,Millennial,regular,4,18,2025-07-12,2026-06-03
7948,Male,Millennial,one_and_done,3,1,2026-02-15,2026-02-15
7949,Male,Millennial,one_and_done,2,1,2026-06-09,2026-06-09
7950,Male,Gen Z,one_and_done,3,1,2025-11-15,2025-11-15
7951,Male,Gen X,one_and_done,3,1,2025-12-10,2025-12-10
7952,Female,Gen Z,one_and_done,3,1,2025-11-21,2025-11-21
7953,Female,Millennial,regular,1,18,2025-06-30,2026-06-16
7954,Male,Gen X,occasional,1,5,2025-10-10,2026-05-22
7955,Male,Gen Z,one_and_done,3,1,2026-02-23,2026-02-23
7956,Female,Gen X,loyal,1,22,2025-07-09,2026-05-16
7957,Male,Gen Z,regular,1,15,2025-07-17,2026-06-21
7958,Male,Gen Z,regular,1,15,2025-07-03,2026-05-28
7959,Male,Millennial,regular,5,21,2025-07-04,2026-06-11
7960,Male,Boomer,regular,1,12,2025-09-30,2026-05-28
7961,Female,Gen Z,one_and_done,1,1,2026-03-11,2026-03-11
7962,Male,Millennial,regular,1,21,2025-07-04,2026-06-20
7963,Male,Millennial,one_and_done,1,1,2025-06-30,2025-06-30
7964,Female,Boomer,one_and_done,1,1,2026-02-23,2026-02-23
7965,Female,Gen Z,occasional,3,4,2025-09-16,2026-06-13
7966,Male,Gen X,one_and_done,2,1,2025-12-19,2025-12-19
7967,Female,Millennial,occasional,1,6,2025-07-03,2026-05-30
7968,Female,Millennial,regular,1,18,2025-07-07,2026-06-12
7969,Female,Millennial,regular,2,18,2025-08-02,2026-06-21
7970,Male,Gen Z,one_and_done,9,1,2025-08-17,2025-08-17
7971,Male,Millennial,one_and_done,6,1,2026-04-17,2026-04-17
7972,Male,Millennial,regular,1,21,2025-06-30,2026-06-17
7973,Male,Millennial,regular,2,21,2025-08-05,2026-06-15
7974,Male,Gen Z,regular,3,15,2025-07-28,2026-06-22
7975,Male,Gen Z,regular,1,15,2025-06-30,2026-05-29
7976,Male,Gen Z,one_and_done,4,1,2025-08-30,2025-08-30
7977,Male,Gen Z,occasional,3,5,2025-06-30,2026-04-28
7978,Female,Gen X,occasional,2,5,2025-08-11,2026-04-21
7979,Male,Gen X,loyal,1,24,2025-07-03,2026-06-02
7980,Male,Millennial,loyal,1,30,2025-07-03,2026-06-15
7981,Male,Gen Z,one_and_done,2,1,2025-12-04,2025-12-04
7982,Female,Millennial,loyal,3,26,2025-07-09,2026-06-12
7983,Male,Millennial,one_and_done,1,1,2026-05-24,2026-05-24
7984,Male,Gen X,occasional,1,5,2025-07-24,2026-06-06
7985,Male,Millennial,one_and_done,1,1,2026-03-01,2026-03-01
7986,Male,Millennial,one_and_done,1,1,2026-05-16,2026-05-16
7987,Female,Gen X,one_and_done,1,1,2025-10-22,2025-10-22
7988,Male,Gen X,regular,3,16,2025-07-25,2026-04-20
7989,Female,Millennial,one_and_done,5,1,2025-08-02,2025-08-02
7990,Male,Millennial,regular,1,21,2025-07-31,2026-06-15
7991,Male,Millennial,one_and_done,2,1,2026-01-25,2026-01-25
7992,Female,Gen X,occasional,8,5,2025-10-05,2026-06-07
7993,Male,Millennial,one_and_done,2,1,2025-10-10,2025-10-10
7994,Male,Gen X,one_and_done,4,1,2025-07-03,2025-07-03
7995,Male,Millennial,occasional,2,7,2025-07-26,2026-06-21
7996,Female,Gen Z,loyal,3,19,2025-07-06,2026-06-15
7997,Male,Gen Z,regular,1,15,2025-07-10,2026-05-29
7998,Male,Gen X,one_and_done,1,1,2026-05-12,2026-05-12
7999,Female,Millennial,occasional,1,6,2025-08-31,2026-05-22
8000,Male,Gen Z,occasional,6,5,2025-12-02,2026-04-30
8001,Male,Gen X,one_and_done,1,1,2026-04-30,2026-04-30
8002,Male,Gen Z,one_and_done,4,1,2026-04-05,2026-04-05
8003,Male,Millennial,one_and_done,2,1,2025-10-13,2025-10-13
8004,Female,Boomer,loyal,1,15,2025-09-01,2026-05-28
8005,Female,Boomer,regular,1,10,2025-07-16,2026-06-21
8006,Male,Boomer,occasional,5,4,2025-11-12,2026-06-20
8007,Male,Gen Z,one_and_done,2,1,2026-02-15,2026-02-15
8008,Male,Gen Z,occasional,2,5,2025-06-30,2026-05-22
8009,Male,Millennial,one_and_done,2,1,2026-01-21,2026-01-21
8010,Male,Boomer,one_and_done,5,1,2026-06-06,2026-06-06
8011,Male,Gen X,one_and_done,3,1,2026-04-03,2026-04-03
8012,Female,Millennial,occasional,1,6,2025-07-19,2026-03-26
8013,Female,Millennial,occasional,1,6,2025-08-19,2026-06-19
8014,Male,Gen X,one_and_done,3,1,2025-11-07,2025-11-07
8015,Female,Gen Z,regular,1,13,2025-07-01,2026-06-22
8016,Male,Millennial,occasional,4,7,2025-08-12,2026-05-30
8017,Female,Gen X,regular,1,15,2025-08-18,2026-06-22
8018,Male,Millennial,occasional,1,7,2025-07-26,2026-04-08
8019,Male,Gen Z,one_and_done,2,1,2026-03-28,2026-03-28
8020,Male,Millennial,occasional,4,7,2025-07-12,2026-04-17
8021,Male,Millennial,regular,1,21,2025-07-11,2026-06-12
8022,Female,Gen Z,regular,1,13,2025-07-16,2026-04-13
8023,Female,Gen X,occasional,3,5,2025-08-19,2026-05-22
8024,Male,Millennial,one_and_done,1,1,2025-08-18,2025-08-18
8025,Male,Millennial,one_and_done,3,1,2026-03-28,2026-03-28
8026,Male,Millennial,one_and_done,1,1,2025-09-13,2025-09-13
8027,Female,Gen Z,one_and_done,1,1,2025-10-13,2025-10-13
8028,Male,Millennial,one_and_done,4,1,2025-09-10,2025-09-10
8029,Female,Millennial,regular,5,18,2025-07-26,2026-05-30
8030,Female,Millennial,one_and_done,1,1,2025-11-21,2025-11-21
8031,Female,Gen Z,one_and_done,1,1,2025-11-18,2025-11-18
8032,Male,Gen X,loyal,5,24,2025-07-06,2026-06-11
8033,Male,Millennial,regular,1,21,2025-07-10,2026-06-18
8034,Female,Gen Z,occasional,1,4,2025-07-10,2026-05-09
8035,Male,Gen X,loyal,1,24,2025-07-12,2026-05-05
8036,Male,Gen X,occasional,8,5,2025-08-23,2026-04-01
8037,Male,Gen X,one_and_done,3,1,2026-01-24,2026-01-24
8038,Male,Gen X,one_and_done,5,1,2025-12-18,2025-12-18
8039,Male,Gen Z,regular,1,15,2025-07-23,2026-06-18
8040,Female,Boomer,one_and_done,1,1,2025-10-31,2025-10-31
8041,Male,Millennial,regular,4,21,2025-07-14,2026-05-13
8042,Male,Millennial,occasional,7,7,2025-07-04,2026-05-22
8043,Male,Millennial,regular,2,21,2025-07-09,2026-05-31
8044,Female,Gen X,one_and_done,1,1,2026-01-17,2026-01-17
8045,Male,Millennial,occasional,1,7,2025-07-21,2026-06-06
8046,Female,Gen Z,one_and_done,1,1,2026-03-18,2026-03-18
8047,Female,Gen X,loyal,1,22,2025-07-05,2026-06-14
8048,Male,Millennial,one_and_done,4,1,2025-09-23,2025-09-23
8049,Female,Millennial,one_and_done,7,1,2025-08-11,2025-08-11
8050,Female,Millennial,loyal,2,26,2025-07-15,2026-06-05
8051,Male,Millennial,occasional,1,7,2025-07-01,2025-12-27
8052,Female,Millennial,one_and_done,7,1,2026-04-27,2026-04-27
8053,Male,Millennial,occasional,4,7,2025-07-25,2026-06-20
8054,Male,Gen Z,loyal,1,22,2025-07-18,2026-05-28
8055,Male,Millennial,loyal,2,30,2025-07-08,2026-05-05
8056,Male,Boomer,loyal,1,17,2025-07-18,2026-06-13
8057,Female,Gen Z,occasional,1,4,2025-07-03,2026-05-01
8058,Male,Millennial,loyal,1,30,2025-07-10,2026-06-07
8059,Male,Gen Z,regular,1,15,2025-07-10,2026-06-08
8060,Female,Gen Z,loyal,7,19,2025-07-02,2026-06-09
8061,Male,Gen Z,loyal,4,22,2025-07-03,2026-06-10
8062,Male,Millennial,loyal,1,30,2025-07-10,2026-04-08
8063,Male,Millennial,one_and_done,3,1,2025-12-30,2025-12-30
8064,Male,Gen X,one_and_done,1,1,2026-02-27,2026-02-27
8065,Male,Gen Z,occasional,9,5,2025-08-22,2026-04-23
8066,Male,Boomer,one_and_done,1,1,2026-04-28,2026-04-28
8067,Male,Gen X,regular,1,16,2025-08-02,2026-06-15
8068,Male,Gen X,loyal,1,24,2025-07-05,2026-06-13
8069,Male,Gen Z,one_and_done,4,1,2026-03-10,2026-03-10
8070,Male,Millennial,occasional,1,7,2025-09-29,2026-06-02
8071,Male,Gen Z,one_and_done,1,1,2026-04-20,2026-04-20
8072,Male,Millennial,one_and_done,1,1,2025-12-12,2025-12-12
8073,Male,Gen X,one_and_done,1,1,2026-03-13,2026-03-13
8074,Male,Gen Z,regular,1,15,2025-07-08,2026-06-15
8075,Male,Gen X,one_and_done,1,1,2026-03-26,2026-03-26
8076,Female,Millennial,occasional,1,6,2025-08-15,2026-05-04
8077,Female,Millennial,one_and_done,1,1,2025-08-13,2025-08-13
8078,Female,Millennial,loyal,6,26,2025-07-05,2026-06-11
8079,Female,Millennial,occasional,4,6,2025-08-30,2026-06-20
8080,Female,Gen Z,regular,1,13,2025-07-07,2026-06-22
8081,Male,Gen X,regular,4,16,2025-07-03,2026-06-15
8082,Male,Gen X,occasional,3,5,2025-10-15,2026-05-11
8083,Male,Gen X,one_and_done,1,1,2025-07-05,2025-07-05
8084,Female,Gen Z,occasional,2,4,2026-02-16,2026-05-16
8085,Male,Gen X,regular,5,16,2025-07-16,2026-06-03
8086,Male,Millennial,regular,1,21,2025-07-30,2026-06-18
8087,Male,Millennial,one_and_done,1,1,2025-09-02,2025-09-02
8088,Male,Millennial,regular,1,21,2025-07-31,2026-06-18
8089,Male,Gen X,one_and_done,1,1,2026-06-05,2026-06-05
8090,Female,Millennial,one_and_done,5,1,2025-10-30,2025-10-30
8091,Male,Millennial,one_and_done,1,1,2026-02-20,2026-02-20
8092,Male,Gen Z,regular,2,15,2025-07-30,2026-06-22
8093,Female,Gen X,one_and_done,1,1,2025-09-25,2025-09-25
8094,Female,Gen Z,one_and_done,2,1,2025-12-20,2025-12-20
8095,Male,Gen X,occasional,2,5,2025-08-29,2026-04-19
8096,Female,Millennial,regular,1,18,2025-07-15,2026-06-02
8097,Female,Millennial,occasional,1,6,2025-11-26,2026-05-08
8098,Male,Gen X,one_and_done,1,1,2026-02-01,2026-02-01
8099,Male,Gen X,one_and_done,4,1,2025-11-12,2025-11-12
8100,Female,Gen X,occasional,1,5,2025-07-05,2026-04-27
8101,Male,Gen Z,loyal,7,22,2025-07-15,2026-05-25
8102,Male,Boomer,occasional,8,4,2025-08-26,2026-05-17
8103,Male,Gen Z,one_and_done,2,1,2026-06-17,2026-06-17
8104,Male,Gen X,one_and_done,6,1,2025-11-12,2025-11-12
8105,Male,Millennial,one_and_done,4,1,2026-01-24,2026-01-24
8106,Female,Boomer,one_and_done,6,1,2025-11-24,2025-11-24
8107,Male,Gen Z,regular,1,15,2025-07-12,2026-05-20
8108,Male,Millennial,occasional,4,7,2025-07-01,2026-05-22
8109,Male,Gen Z,one_and_done,2,1,2026-04-08,2026-04-08
8110,Male,Gen X,one_and_done,1,1,2025-10-28,2025-10-28
8111,Male,Millennial,one_and_done,2,1,2026-01-16,2026-01-16
8112,Male,Millennial,occasional,1,7,2025-07-19,2026-06-20
8113,Male,Millennial,occasional,1,7,2025-07-28,2025-12-24
8114,Female,Millennial,one_and_done,2,1,2025-08-29,2025-08-29
8115,Male,Millennial,one_and_done,1,1,2026-04-17,2026-04-17
8116,Male,Millennial,occasional,1,7,2025-07-24,2025-12-09
8117,Male,Gen X,one_and_done,1,1,2026-04-04,2026-04-04
8118,Female,Gen Z,one_and_done,1,1,2025-06-30,2025-06-30
8119,Female,Gen Z,one_and_done,1,1,2025-12-22,2025-12-22
8120,Male,Gen Z,occasional,1,5,2025-07-05,2026-06-02
8121,Male,Millennial,one_and_done,2,1,2026-02-06,2026-02-06
8122,Male,Millennial,one_and_done,1,1,2026-02-11,2026-02-11
8123,Male,Millennial,one_and_done,1,1,2026-02-03,2026-02-03
8124,Female,Millennial,regular,2,18,2025-08-12,2026-06-07
8125,Male,Millennial,regular,6,21,2025-07-26,2026-06-19
8126,Male,Millennial,loyal,4,30,2025-07-21,2026-06-21
8127,Female,Gen Z,occasional,5,4,2025-09-06,2026-02-21
8128,Female,Boomer,occasional,3,3,2025-08-16,2026-01-30
8129,Female,Gen Z,one_and_done,2,1,2026-05-06,2026-05-06
8130,Male,Millennial,regular,1,21,2025-08-13,2026-06-19
8131,Male,Gen X,occasional,1,5,2025-10-15,2026-06-07
8132,Male,Millennial,occasional,1,7,2025-07-18,2026-05-21
8133,Male,Millennial,regular,4,21,2025-07-09,2026-06-13
8134,Male,Millennial,regular,5,21,2025-07-10,2026-05-21
8135,Female,Gen Z,one_and_done,2,1,2026-01-31,2026-01-31
8136,Male,Gen X,loyal,1,24,2025-07-01,2026-06-17
8137,Male,Gen Z,regular,1,15,2025-07-13,2026-06-20
8138,Female,Millennial,one_and_done,1,1,2025-11-04,2025-11-04
8139,Female,Millennial,occasional,2,6,2025-08-14,2026-06-21
8140,Female,Gen Z,one_and_done,6,1,2026-04-30,2026-04-30
8141,Male,Millennial,occasional,5,7,2025-08-25,2026-01-13
8142,Female,Millennial,one_and_done,1,1,2025-12-20,2025-12-20
8143,Male,Millennial,occasional,9,7,2025-10-03,2026-06-18
8144,Male,Gen Z,one_and_done,1,1,2025-10-30,2025-10-30
8145,Male,Millennial,regular,1,21,2025-08-08,2026-06-21
8146,Female,Gen Z,regular,1,13,2025-08-07,2026-05-12
8147,Male,Millennial,regular,1,21,2025-07-01,2026-05-28
8148,Female,Millennial,one_and_done,1,1,2025-10-02,2025-10-02
8149,Male,Gen Z,regular,1,15,2025-09-04,2026-06-23
8150,Male,Gen X,loyal,3,24,2025-07-12,2026-06-17
8151,Female,Millennial,one_and_done,3,1,2026-04-08,2026-04-08
8152,Male,Millennial,regular,1,21,2025-07-15,2026-06-07
8153,Female,Gen Z,occasional,1,4,2025-10-15,2026-05-31
8154,Female,Millennial,one_and_done,1,1,2026-06-08,2026-06-08
8155,Male,Millennial,loyal,6,30,2025-07-07,2026-06-08
8156,Male,Gen Z,one_and_done,7,1,2025-08-30,2025-08-30
8157,Male,Millennial,regular,1,21,2025-07-04,2026-06-14
8158,Male,Millennial,occasional,7,7,2025-08-03,2026-04-24
8159,Female,Millennial,one_and_done,3,1,2025-11-08,2025-11-08
8160,Male,Millennial,one_and_done,8,1,2025-12-31,2025-12-31
8161,Female,Gen X,regular,8,15,2025-07-24,2026-05-09
8162,Male,Gen X,one_and_done,1,1,2025-10-26,2025-10-26
8163,Male,Gen Z,occasional,2,5,2025-10-27,2026-04-19
8164,Male,Millennial,loyal,6,30,2025-07-02,2026-06-06
8165,Male,Millennial,occasional,1,7,2025-08-02,2026-04-23
8166,Male,Gen Z,one_and_done,1,1,2025-11-14,2025-11-14
8167,Female,Millennial,one_and_done,2,1,2025-10-24,2025-10-24
8168,Male,Millennial,loyal,8,30,2025-07-25,2026-06-19
8169,Male,Gen X,occasional,1,5,2025-12-07,2026-06-11
8170,Male,Millennial,regular,1,21,2025-07-01,2026-05-29
8171,Male,Millennial,occasional,2,7,2025-08-12,2026-03-12
8172,Female,Millennial,one_and_done,1,1,2025-12-22,2025-12-22
8173,Male,Gen X,one_and_done,3,1,2026-06-07,2026-06-07
8174,Male,Gen Z,one_and_done,1,1,2025-08-13,2025-08-13
8175,Male,Gen Z,regular,2,15,2025-08-02,2026-06-22
8176,Male,Millennial,regular,5,21,2025-07-06,2026-06-04
8177,Male,Millennial,regular,1,21,2025-07-19,2026-06-23
8178,Male,Millennial,one_and_done,1,1,2025-08-30,2025-08-30
8179,Male,Gen Z,one_and_done,1,1,2025-08-27,2025-08-27
8180,Male,Millennial,one_and_done,3,1,2026-03-07,2026-03-07
8181,Female,Gen Z,one_and_done,5,1,2025-12-18,2025-12-18
8182,Female,Gen X,occasional,1,5,2025-08-23,2026-04-20
8183,Female,Gen Z,one_and_done,1,1,2026-05-22,2026-05-22
8184,Male,Gen X,loyal,1,24,2025-08-15,2026-05-14
8185,Male,Gen X,loyal,7,24,2025-07-03,2026-06-15
8186,Male,Millennial,occasional,6,7,2025-08-16,2026-06-03
8187,Female,Millennial,one_and_done,1,1,2025-12-29,2025-12-29
8188,Male,Gen Z,one_and_done,1,1,2026-02-26,2026-02-26
8189,Female,Gen X,one_and_done,6,1,2026-06-05,2026-06-05
8190,Male,Millennial,one_and_done,1,1,2025-12-23,2025-12-23
8191,Male,Gen Z,regular,8,15,2025-07-07,2026-04-01
8192,Male,Millennial,regular,5,21,2025-07-04,2026-06-20
8193,Male,Gen X,occasional,6,5,2025-08-14,2026-03-24
8194,Male,Gen Z,regular,1,15,2025-09-02,2026-06-23
8195,Male,Gen Z,regular,1,15,2025-08-18,2026-06-16
8196,Female,Millennial,one_and_done,6,1,2025-12-17,2025-12-17
8197,Male,Millennial,one_and_done,1,1,2025-11-04,2025-11-04
8198,Female,Gen Z,one_and_done,7,1,2025-07-18,2025-07-18
8199,Female,Gen Z,one_and_done,1,1,2025-07-15,2025-07-15
8200,Female,Gen Z,occasional,3,4,2025-07-15,2026-03-15
8201,Male,Millennial,one_and_done,5,1,2025-10-23,2025-10-23
8202,Male,Gen X,regular,1,16,2025-09-08,2026-05-21
8203,Male,Gen X,one_and_done,3,1,2025-07-17,2025-07-17
8204,Female,Gen X,loyal,4,22,2025-07-26,2026-06-23
8205,Male,Millennial,one_and_done,3,1,2025-08-06,2025-08-06
8206,Male,Gen X,one_and_done,1,1,2026-02-26,2026-02-26
8207,Female,Gen X,occasional,1,5,2025-08-21,2026-06-09
8208,Female,Gen Z,one_and_done,2,1,2026-01-21,2026-01-21
8209,Male,Gen Z,one_and_done,1,1,2025-07-27,2025-07-27
8210,Male,Millennial,loyal,2,30,2025-06-30,2026-06-07
8211,Male,Millennial,loyal,1,30,2025-07-04,2026-06-12
8212,Female,Gen Z,one_and_done,3,1,2025-08-29,2025-08-29
8213,Male,Gen X,one_and_done,5,1,2025-12-02,2025-12-02
8214,Female,Millennial,one_and_done,5,1,2025-08-17,2025-08-17
8215,Male,Gen Z,one_and_done,1,1,2026-04-01,2026-04-01
8216,Male,Millennial,loyal,3,30,2025-07-15,2026-06-07
8217,Male,Millennial,loyal,2,30,2025-07-04,2026-06-14
8218,Female,Millennial,occasional,8,6,2025-07-21,2025-12-06
8219,Male,Gen Z,regular,10,15,2025-07-03,2026-06-20
8220,Male,Millennial,occasional,3,7,2025-09-24,2026-06-12
8221,Male,Millennial,regular,1,21,2025-07-30,2026-06-02
8222,Male,Millennial,occasional,7,7,2025-07-17,2026-06-17
8223,Male,Gen X,occasional,1,5,2025-07-09,2025-11-06
8224,Male,Boomer,one_and_done,1,1,2026-03-06,2026-03-06
8225,Female,Millennial,one_and_done,3,1,2025-09-26,2025-09-26
8226,Male,Millennial,one_and_done,1,1,2025-12-22,2025-12-22
8227,Male,Millennial,one_and_done,1,1,2026-03-06,2026-03-06
8228,Male,Gen Z,one_and_done,3,1,2025-08-22,2025-08-22
8229,Female,Gen X,one_and_done,1,1,2025-10-01,2025-10-01
8230,Female,Millennial,one_and_done,2,1,2026-02-03,2026-02-03
8231,Female,Gen Z,one_and_done,3,1,2026-02-18,2026-02-18
8232,Male,Gen X,regular,1,16,2025-07-17,2026-06-08
8233,Male,Millennial,one_and_done,1,1,2025-11-25,2025-11-25
8234,Male,Gen X,regular,1,16,2025-07-05,2026-05-06
8235,Male,Millennial,loyal,6,30,2025-07-06,2026-06-10
8236,Female,Gen X,occasional,1,5,2025-09-05,2026-05-22
8237,Male,Millennial,one_and_done,4,1,2025-11-26,2025-11-26
8238,Male,Millennial,loyal,1,30,2025-07-19,2026-05-31
8239,Male,Millennial,occasional,7,7,2025-08-10,2026-04-30
8240,Female,Millennial,regular,7,18,2025-09-05,2026-06-22
8241,Female,Millennial,one_and_done,5,1,2025-12-03,2025-12-03
8242,Female,Millennial,occasional,1,6,2025-10-04,2026-05-22
8243,Male,Millennial,one_and_done,1,1,2025-09-13,2025-09-13
8244,Male,Gen Z,occasional,1,5,2025-09-28,2026-06-22
8245,Female,Gen Z,one_and_done,1,1,2025-12-02,2025-12-02
8246,Female,Millennial,regular,2,18,2025-08-03,2026-06-18
8247,Male,Millennial,one_and_done,1,1,2026-03-27,2026-03-27
8248,Male,Gen Z,one_and_done,1,1,2025-07-30,2025-07-30
8249,Female,Gen X,occasional,1,5,2025-09-12,2026-04-11
8250,Female,Millennial,occasional,2,6,2025-10-31,2026-05-21
8251,Male,Millennial,occasional,5,7,2025-09-14,2026-05-06
8252,Female,Millennial,regular,1,18,2025-07-28,2026-06-14
8253,Male,Millennial,one_and_done,1,1,2026-04-03,2026-04-03
8254,Male,Millennial,regular,6,21,2025-07-12,2026-06-11
8255,Male,Millennial,one_and_done,2,1,2026-06-17,2026-06-17
8256,Female,Gen X,regular,8,15,2025-07-17,2026-06-04
8257,Male,Gen Z,one_and_done,1,1,2025-07-15,2025-07-15
8258,Male,Millennial,one_and_done,4,1,2026-06-15,2026-06-15
8259,Female,Gen X,one_and_done,1,1,2025-08-15,2025-08-15
8260,Female,Millennial,occasional,7,6,2025-07-28,2026-05-30
8261,Male,Gen Z,occasional,3,5,2025-08-20,2026-03-12
8262,Female,Gen Z,one_and_done,1,1,2025-07-16,2025-07-16
8263,Male,Gen X,one_and_done,2,1,2025-12-08,2025-12-08
8264,Female,Gen Z,one_and_done,1,1,2026-06-05,2026-06-05
8265,Male,Gen Z,one_and_done,1,1,2025-07-07,2025-07-07
8266,Male,Gen Z,one_and_done,1,1,2026-05-24,2026-05-24
8267,Female,Boomer,regular,2,10,2025-07-07,2026-05-29
8268,Male,Gen Z,one_and_done,2,1,2025-08-02,2025-08-02
8269,Female,Millennial,occasional,1,6,2025-07-02,2026-05-23
8270,Male,Millennial,regular,1,21,2025-07-02,2026-06-20
8271,Male,Boomer,occasional,7,4,2025-07-05,2026-03-10
8272,Female,Millennial,one_and_done,1,1,2026-06-17,2026-06-17
8273,Male,Millennial,occasional,2,7,2025-08-07,2026-05-23
8274,Male,Millennial,regular,4,21,2025-07-09,2026-05-17
8275,Male,Millennial,occasional,2,7,2025-07-03,2026-06-09
8276,Female,Millennial,occasional,1,6,2025-10-03,2026-06-13
8277,Female,Gen Z,one_and_done,3,1,2025-08-27,2025-08-27
8278,Female,Millennial,occasional,3,6,2025-07-26,2026-06-15
8279,Male,Gen Z,regular,7,15,2025-07-01,2026-05-15
8280,Female,Millennial,regular,4,18,2025-08-15,2026-05-17
8281,Male,Millennial,one_and_done,1,1,2025-08-13,2025-08-13
8282,Male,Millennial,regular,6,21,2025-06-30,2026-06-06
8283,Male,Gen X,regular,1,16,2025-07-13,2026-06-22
8284,Male,Millennial,occasional,1,7,2025-08-03,2026-02-06
8285,Male,Boomer,occasional,1,4,2025-10-28,2026-06-13
8286,Male,Millennial,one_and_done,1,1,2025-12-17,2025-12-17
8287,Female,Millennial,regular,1,18,2025-06-30,2026-06-15
8288,Male,Gen Z,occasional,2,5,2025-07-31,2026-02-21
8289,Male,Gen Z,one_and_done,1,1,2026-04-25,2026-04-25
8290,Male,Gen X,regular,1,16,2025-08-09,2026-06-14
8291,Female,Millennial,regular,2,18,2025-07-12,2026-05-23
8292,Male,Millennial,regular,1,21,2025-07-09,2026-06-18
8293,Male,Millennial,one_and_done,2,1,2026-04-10,2026-04-10
8294,Male,Gen Z,one_and_done,1,1,2026-03-16,2026-03-16
8295,Male,Millennial,one_and_done,1,1,2026-06-18,2026-06-18
8296,Male,Gen Z,regular,1,15,2025-10-23,2026-06-21
8297,Female,Boomer,occasional,4,3,2025-08-03,2026-03-16
8298,Male,Millennial,regular,2,21,2025-07-22,2026-06-23
8299,Male,Millennial,one_and_done,3,1,2025-07-04,2025-07-04
8300,Female,Millennial,loyal,1,26,2025-07-07,2026-06-13
8301,Male,Gen X,one_and_done,1,1,2025-11-16,2025-11-16
8302,Male,Gen Z,regular,2,15,2025-07-01,2026-05-16
8303,Male,Millennial,one_and_done,2,1,2025-07-11,2025-07-11
8304,Female,Millennial,regular,1,18,2025-07-22,2026-06-18
8305,Male,Gen X,one_and_done,1,1,2026-03-21,2026-03-21
8306,Male,Gen X,occasional,1,5,2025-11-26,2026-05-19
8307,Male,Gen X,regular,1,16,2025-08-13,2026-05-27
8308,Female,Gen Z,occasional,1,4,2025-09-28,2026-05-23
8309,Female,Gen X,occasional,1,5,2025-07-20,2026-05-27
8310,Male,Gen X,one_and_done,2,1,2026-05-20,2026-05-20
8311,Female,Millennial,one_and_done,1,1,2026-03-19,2026-03-19
8312,Female,Gen Z,one_and_done,2,1,2025-09-30,2025-09-30
8313,Female,Gen X,regular,5,15,2025-10-22,2026-06-23
8314,Male,Gen X,regular,1,16,2025-07-17,2026-06-23
8315,Male,Millennial,occasional,3,7,2025-07-11,2026-06-20
8316,Male,Gen X,occasional,1,5,2025-09-23,2026-05-18
8317,Male,Gen Z,regular,1,15,2025-06-30,2026-02-23
8318,Male,Millennial,one_and_done,1,1,2026-06-12,2026-06-12
8319,Male,Gen X,one_and_done,1,1,2025-09-19,2025-09-19
8320,Female,Boomer,loyal,3,15,2025-07-01,2026-06-11
8321,Female,Gen Z,regular,1,13,2025-08-06,2026-06-13
8322,Female,Millennial,one_and_done,1,1,2026-02-06,2026-02-06
8323,Male,Gen Z,occasional,1,5,2026-01-21,2026-06-15
8324,Male,Millennial,one_and_done,1,1,2025-10-17,2025-10-17
8325,Male,Gen X,one_and_done,1,1,2026-01-30,2026-01-30
8326,Female,Gen Z,occasional,1,4,2025-08-02,2026-03-25
8327,Female,Gen Z,regular,4,13,2025-08-01,2026-05-13
8328,Male,Millennial,loyal,1,30,2025-07-30,2026-06-04
8329,Female,Gen X,occasional,1,5,2026-02-06,2026-06-17
8330,Female,Millennial,one_and_done,1,1,2025-07-11,2025-07-11
8331,Male,Gen Z,loyal,1,22,2025-07-12,2026-06-19
8332,Female,Gen Z,one_and_done,1,1,2025-08-23,2025-08-23
8333,Male,Millennial,one_and_done,6,1,2026-05-09,2026-05-09
8334,Male,Millennial,occasional,5,7,2025-11-08,2026-03-25
8335,Male,Gen Z,regular,5,15,2025-07-28,2026-06-23
8336,Male,Millennial,one_and_done,1,1,2025-11-27,2025-11-27
8337,Male,Millennial,regular,1,21,2025-07-21,2026-04-27
8338,Male,Millennial,occasional,1,7,2025-07-18,2026-06-13
8339,Male,Millennial,one_and_done,4,1,2026-05-08,2026-05-08
8340,Male,Gen X,loyal,6,24,2025-06-30,2026-06-05
8341,Female,Boomer,occasional,5,3,2025-11-06,2025-12-19
8342,Female,Millennial,occasional,1,6,2025-08-09,2026-06-12
8343,Male,Gen Z,one_and_done,1,1,2025-11-29,2025-11-29
8344,Male,Gen Z,one_and_done,4,1,2025-10-23,2025-10-23
8345,Female,Gen Z,one_and_done,1,1,2026-02-05,2026-02-05
8346,Male,Millennial,loyal,4,30,2025-07-20,2026-06-19
8347,Female,Boomer,regular,6,10,2025-08-10,2026-05-22
8348,Female,Gen Z,occasional,1,4,2025-08-07,2026-05-17
8349,Male,Gen Z,one_and_done,1,1,2026-04-08,2026-04-08
8350,Male,Gen Z,loyal,1,22,2025-07-15,2026-05-30
8351,Male,Millennial,regular,1,21,2025-07-17,2026-06-09
8352,Male,Millennial,regular,3,21,2025-07-17,2026-06-17
8353,Male,Gen X,regular,1,16,2025-07-09,2026-05-30
8354,Male,Gen Z,one_and_done,6,1,2025-08-09,2025-08-09
8355,Female,Millennial,one_and_done,3,1,2026-03-16,2026-03-16
8356,Male,Millennial,regular,4,21,2025-07-02,2026-06-07
8357,Male,Millennial,occasional,1,7,2025-07-12,2026-06-13
8358,Male,Boomer,one_and_done,1,1,2025-08-15,2025-08-15
8359,Male,Gen Z,loyal,1,22,2025-06-30,2026-05-29
8360,Female,Millennial,regular,1,18,2025-07-04,2026-06-12
8361,Male,Millennial,regular,7,21,2025-07-05,2026-05-23
8362,Female,Gen X,regular,4,15,2025-08-07,2026-05-29
8363,Male,Millennial,one_and_done,2,1,2025-11-10,2025-11-10
8364,Male,Gen Z,one_and_done,1,1,2025-07-15,2025-07-15
8365,Male,Millennial,occasional,3,7,2025-07-19,2026-05-15
8366,Male,Millennial,one_and_done,2,1,2025-08-20,2025-08-20
8367,Male,Millennial,occasional,1,7,2025-07-26,2026-06-19
8368,Male,Millennial,regular,1,21,2025-07-13,2026-06-15
8369,Male,Gen Z,occasional,2,5,2025-07-18,2026-04-11
8370,Male,Millennial,one_and_done,1,1,2025-10-28,2025-10-28
8371,Male,Gen Z,loyal,1,22,2025-07-10,2026-06-07
8372,Male,Millennial,one_and_done,1,1,2026-03-15,2026-03-15
8373,Male,Boomer,one_and_done,1,1,2026-01-31,2026-01-31
8374,Male,Millennial,one_and_done,3,1,2025-07-12,2025-07-12
8375,Male,Gen X,one_and_done,1,1,2025-12-11,2025-12-11
8376,Male,Millennial,regular,1,21,2025-08-01,2026-05-24
8377,Female,Millennial,one_and_done,1,1,2026-02-01,2026-02-01
8378,Male,Millennial,occasional,1,7,2025-08-18,2026-05-22
8379,Male,Millennial,one_and_done,1,1,2025-11-24,2025-11-24
8380,Male,Boomer,one_and_done,2,1,2026-02-18,2026-02-18
8381,Female,Gen X,occasional,1,5,2025-07-18,2026-06-16
8382,Male,Millennial,occasional,1,7,2025-08-21,2026-05-22
8383,Female,Gen Z,one_and_done,3,1,2025-10-25,2025-10-25
8384,Female,Gen Z,one_and_done,1,1,2025-10-22,2025-10-22
8385,Female,Gen X,occasional,1,5,2025-09-01,2026-06-05
8386,Male,Millennial,regular,2,21,2025-07-21,2026-06-23
8387,Male,Millennial,one_and_done,1,1,2026-04-15,2026-04-15
8388,Male,Millennial,one_and_done,4,1,2025-10-11,2025-10-11
8389,Female,Millennial,one_and_done,2,1,2025-10-15,2025-10-15
8390,Male,Gen Z,loyal,5,22,2025-07-08,2026-06-19
8391,Male,Gen Z,one_and_done,5,1,2025-07-08,2025-07-08
8392,Female,Millennial,one_and_done,1,1,2025-09-24,2025-09-24
8393,Male,Millennial,regular,2,21,2025-07-12,2026-05-29
8394,Male,Millennial,occasional,1,7,2025-08-07,2026-04-05
8395,Male,Gen Z,occasional,1,5,2025-07-12,2026-01-25
8396,Male,Millennial,one_and_done,2,1,2026-02-13,2026-02-13
8397,Male,Millennial,occasional,3,7,2025-08-19,2026-06-13
8398,Female,Gen Z,one_and_done,7,1,2026-01-06,2026-01-06
8399,Female,Millennial,one_and_done,6,1,2025-09-29,2025-09-29
8400,Male,Millennial,one_and_done,7,1,2026-03-18,2026-03-18
8401,Male,Millennial,regular,3,21,2025-08-12,2026-06-03
8402,Male,Gen Z,regular,5,15,2025-08-02,2026-05-31
8403,Male,Gen Z,occasional,1,5,2025-09-04,2026-01-26
8404,Male,Gen Z,one_and_done,1,1,2026-03-22,2026-03-22
8405,Male,Gen X,regular,1,16,2025-07-06,2026-05-30
8406,Male,Millennial,one_and_done,2,1,2025-09-29,2025-09-29
8407,Male,Millennial,occasional,1,7,2025-08-29,2026-03-27
8408,Male,Millennial,occasional,2,7,2025-07-07,2026-05-29
8409,Male,Gen Z,regular,5,15,2025-07-17,2026-06-13
8410,Female,Gen X,loyal,4,22,2025-07-16,2026-06-17
8411,Female,Gen Z,one_and_done,1,1,2026-01-13,2026-01-13
8412,Male,Boomer,regular,2,12,2025-07-04,2026-06-19
8413,Male,Boomer,occasional,3,4,2025-07-25,2026-04-24
8414,Female,Millennial,occasional,6,6,2025-08-05,2026-04-24
8415,Female,Millennial,one_and_done,8,1,2025-10-11,2025-10-11
8416,Female,Millennial,occasional,1,6,2025-07-09,2026-05-13
8417,Male,Gen Z,occasional,3,5,2025-09-30,2026-06-20
8418,Male,Millennial,occasional,1,7,2025-08-23,2026-05-30
8419,Male,Millennial,occasional,1,7,2025-08-01,2026-06-15
8420,Male,Gen X,one_and_done,1,1,2026-04-25,2026-04-25
8421,Male,Millennial,one_and_done,1,1,2025-10-10,2025-10-10
8422,Male,Gen Z,one_and_done,3,1,2025-08-02,2025-08-02
8423,Male,Millennial,one_and_done,1,1,2025-07-10,2025-07-10
8424,Male,Millennial,one_and_done,1,1,2025-12-25,2025-12-25
8425,Male,Millennial,one_and_done,2,1,2025-10-11,2025-10-11
8426,Male,Gen Z,one_and_done,1,1,2026-04-16,2026-04-16
8427,Male,Gen Z,regular,1,15,2025-07-25,2026-06-02
8428,Male,Gen X,occasional,1,5,2025-11-29,2026-06-18
8429,Male,Gen Z,regular,8,15,2025-07-01,2026-06-16
8430,Female,Gen X,one_and_done,5,1,2025-12-31,2025-12-31
8431,Male,Millennial,occasional,2,7,2025-08-08,2026-05-16
8432,Male,Gen X,one_and_done,5,1,2025-12-08,2025-12-08
8433,Female,Millennial,occasional,1,6,2025-10-14,2026-06-06
8434,Male,Gen Z,loyal,1,22,2025-07-04,2026-05-23
8435,Male,Millennial,one_and_done,6,1,2026-05-24,2026-05-24
8436,Male,Millennial,one_and_done,8,1,2026-03-06,2026-03-06
8437,Male,Gen X,occasional,1,5,2025-07-20,2026-04-18
8438,Male,Millennial,occasional,1,7,2025-07-09,2026-04-16
8439,Female,Millennial,one_and_done,1,1,2025-09-07,2025-09-07
8440,Female,Millennial,occasional,1,6,2025-09-20,2026-06-09
8441,Male,Gen Z,occasional,7,5,2025-08-30,2026-06-17
8442,Male,Millennial,occasional,3,7,2025-08-22,2026-04-25
8443,Male,Gen Z,one_and_done,1,1,2025-12-31,2025-12-31
8444,Male,Gen X,one_and_done,3,1,2026-04-12,2026-04-12
8445,Male,Gen Z,loyal,1,22,2025-07-10,2026-06-19
8446,Male,Gen X,one_and_done,1,1,2026-05-03,2026-05-03
8447,Female,Millennial,regular,1,18,2025-07-05,2026-06-06
8448,Female,Millennial,regular,6,18,2025-07-02,2026-06-09
8449,Male,Gen X,loyal,1,24,2025-07-10,2026-06-12
8450,Male,Gen Z,occasional,2,5,2025-07-26,2026-05-22
8451,Male,Millennial,loyal,6,30,2025-07-07,2026-06-21
8452,Female,Millennial,one_and_done,3,1,2025-08-07,2025-08-07
8453,Male,Millennial,one_and_done,2,1,2026-03-01,2026-03-01
8454,Male,Gen X,regular,1,16,2025-08-15,2026-06-06
8455,Male,Gen Z,regular,2,15,2025-07-01,2026-06-16
8456,Male,Millennial,loyal,10,30,2025-07-26,2026-06-08
8457,Female,Millennial,one_and_done,1,1,2025-10-18,2025-10-18
8458,Female,Millennial,one_and_done,5,1,2026-03-06,2026-03-06
8459,Female,Millennial,regular,5,18,2025-07-04,2026-06-23
8460,Female,Gen X,one_and_done,4,1,2025-08-16,2025-08-16
8461,Male,Millennial,regular,1,21,2025-07-11,2026-05-15
8462,Female,Gen X,one_and_done,8,1,2025-08-17,2025-08-17
8463,Female,Gen X,occasional,1,5,2025-07-16,2026-05-20
8464,Female,Millennial,regular,7,18,2025-08-02,2026-06-05
8465,Male,Millennial,regular,1,21,2025-07-16,2026-06-09
8466,Male,Gen X,one_and_done,2,1,2026-04-11,2026-04-11
8467,Male,Gen Z,occasional,2,5,2025-09-03,2026-05-22
8468,Male,Millennial,occasional,3,7,2025-07-20,2026-04-21
8469,Male,Millennial,occasional,4,7,2025-10-06,2026-04-06
8470,Male,Millennial,occasional,1,7,2025-07-13,2026-04-23
8471,Female,Gen Z,loyal,1,19,2025-08-01,2026-06-09
8472,Male,Millennial,occasional,3,7,2025-07-20,2026-04-15
8473,Male,Gen Z,one_and_done,4,1,2026-04-24,2026-04-24
8474,Male,Millennial,one_and_done,1,1,2025-09-24,2025-09-24
8475,Male,Gen X,occasional,7,5,2025-09-12,2026-02-25
8476,Male,Millennial,regular,1,21,2025-07-13,2026-06-16
8477,Female,Gen X,occasional,1,5,2025-08-14,2026-02-22
8478,Male,Boomer,one_and_done,1,1,2025-11-02,2025-11-02
8479,Male,Millennial,regular,1,21,2025-07-17,2026-06-20
8480,Female,Gen Z,regular,2,13,2025-07-11,2026-05-10
8481,Female,Gen X,one_and_done,1,1,2025-12-13,2025-12-13
8482,Male,Millennial,occasional,1,7,2025-07-31,2025-12-11
8483,Male,Millennial,regular,4,21,2025-07-04,2026-06-20
8484,Female,Gen X,regular,1,15,2025-07-04,2026-06-05
8485,Male,Millennial,occasional,1,7,2025-11-05,2026-06-11
8486,Female,Millennial,one_and_done,3,1,2025-10-18,2025-10-18
8487,Female,Boomer,one_and_done,10,1,2026-03-23,2026-03-23
8488,Male,Millennial,regular,4,21,2025-07-10,2026-06-14
8489,Male,Millennial,one_and_done,6,1,2025-10-23,2025-10-23
8490,Male,Millennial,occasional,1,7,2025-08-19,2026-06-02
8491,Female,Gen X,occasional,1,5,2025-12-08,2026-06-12
8492,Male,Boomer,regular,1,12,2025-07-07,2026-06-18
8493,Female,Boomer,regular,1,10,2025-09-25,2026-06-20
8494,Male,Millennial,one_and_done,1,1,2026-03-27,2026-03-27
8495,Female,Gen Z,occasional,1,4,2025-07-27,2025-12-15
8496,Female,Gen Z,one_and_done,5,1,2026-05-29,2026-05-29
8497,Female,Millennial,one_and_done,2,1,2026-01-30,2026-01-30
8498,Male,Millennial,regular,1,21,2025-06-30,2026-06-14
8499,Male,Millennial,regular,1,21,2025-07-21,2026-06-14
8500,Female,Gen X,regular,2,15,2025-08-02,2026-04-20
8501,Male,Gen Z,one_and_done,1,1,2026-03-21,2026-03-21
8502,Female,Millennial,occasional,6,6,2025-10-03,2026-06-07
8503,Male,Millennial,one_and_done,1,1,2026-05-24,2026-05-24
8504,Male,Gen X,one_and_done,1,1,2025-11-16,2025-11-16
8505,Female,Gen Z,occasional,1,4,2025-07-27,2026-03-07
8506,Male,Gen Z,occasional,4,5,2025-08-09,2026-06-13
8507,Male,Millennial,loyal,4,30,2025-07-17,2026-06-06
8508,Male,Millennial,loyal,3,30,2025-07-10,2026-05-24
8509,Male,Boomer,occasional,4,4,2025-08-16,2026-06-11
8510,Male,Millennial,occasional,3,7,2025-07-02,2026-04-27
8511,Male,Millennial,one_and_done,1,1,2025-10-09,2025-10-09
8512,Male,Gen Z,occasional,1,5,2025-08-19,2026-03-02
8513,Male,Gen Z,regular,3,15,2025-06-30,2026-06-05
8514,Male,Gen Z,one_and_done,1,1,2025-12-08,2025-12-08
8515,Male,Gen X,occasional,1,5,2025-08-29,2026-05-01
8516,Male,Millennial,one_and_done,1,1,2025-08-04,2025-08-04
8517,Male,Millennial,one_and_done,10,1,2025-09-14,2025-09-14
8518,Female,Millennial,loyal,1,26,2025-08-04,2026-06-16
8519,Male,Millennial,one_and_done,4,1,2026-02-21,2026-02-21
8520,Male,Millennial,occasional,1,7,2025-07-13,2026-02-28
8521,Female,Millennial,occasional,1,6,2025-08-04,2026-01-05
8522,Male,Gen Z,occasional,1,5,2025-07-22,2026-04-13
8523,Male,Millennial,one_and_done,1,1,2026-05-11,2026-05-11
8524,Female,Millennial,one_and_done,5,1,2026-05-14,2026-05-14
8525,Male,Gen Z,loyal,1,22,2025-07-30,2026-06-09
8526,Female,Millennial,regular,2,18,2025-07-20,2026-06-11
8527,Male,Millennial,one_and_done,4,1,2025-12-19,2025-12-19
8528,Male,Gen Z,regular,1,15,2025-07-21,2026-06-14
8529,Male,Gen X,one_and_done,2,1,2025-08-16,2025-08-16
8530,Male,Millennial,one_and_done,2,1,2025-09-18,2025-09-18
8531,Male,Millennial,one_and_done,1,1,2025-10-24,2025-10-24
8532,Male,Gen X,one_and_done,5,1,2025-12-13,2025-12-13
8533,Male,Gen Z,one_and_done,8,1,2026-04-29,2026-04-29
8534,Male,Millennial,loyal,2,30,2025-07-06,2026-06-21
8535,Female,Gen Z,occasional,2,4,2025-08-11,2026-06-10
8536,Male,Millennial,one_and_done,1,1,2026-01-24,2026-01-24
8537,Male,Boomer,loyal,7,17,2025-07-02,2026-04-18
8538,Male,Gen X,one_and_done,3,1,2026-04-26,2026-04-26
8539,Male,Millennial,loyal,5,30,2025-07-01,2026-06-14
8540,Male,Millennial,regular,6,21,2025-07-25,2026-06-09
8541,Male,Gen X,one_and_done,1,1,2026-03-24,2026-03-24
8542,Male,Millennial,loyal,2,30,2025-07-16,2026-06-23
8543,Male,Millennial,occasional,4,7,2025-08-22,2026-06-14
8544,Male,Millennial,loyal,7,30,2025-07-11,2026-06-13
8545,Female,Gen X,one_and_done,1,1,2026-01-06,2026-01-06
8546,Male,Millennial,one_and_done,1,1,2026-06-02,2026-06-02
8547,Male,Gen X,loyal,1,24,2025-08-05,2026-06-15
8548,Male,Millennial,occasional,6,7,2025-07-14,2026-06-19
8549,Female,Millennial,regular,1,18,2025-07-17,2026-06-06
8550,Male,Millennial,loyal,1,30,2025-07-02,2026-06-15
8551,Male,Gen Z,one_and_done,1,1,2025-07-25,2025-07-25
8552,Male,Gen Z,occasional,3,5,2025-08-16,2026-06-22
8553,Male,Gen Z,one_and_done,2,1,2026-02-04,2026-02-04
8554,Male,Boomer,one_and_done,1,1,2025-10-21,2025-10-21
8555,Male,Gen Z,loyal,4,22,2025-07-30,2026-05-18
8556,Male,Gen X,one_and_done,1,1,2025-08-19,2025-08-19
8557,Male,Millennial,regular,1,21,2025-07-20,2026-06-08
8558,Male,Millennial,occasional,6,7,2025-07-30,2026-04-13
8559,Male,Millennial,occasional,1,7,2025-09-17,2026-06-22
8560,Male,Millennial,loyal,1,30,2025-07-14,2026-06-23
8561,Female,Gen Z,regular,3,13,2025-08-25,2026-06-06
8562,Male,Gen Z,occasional,1,5,2025-10-03,2026-04-11
8563,Male,Gen Z,occasional,1,5,2025-07-09,2026-02-19
8564,Male,Millennial,one_and_done,2,1,2026-01-01,2026-01-01
8565,Male,Millennial,regular,1,21,2025-07-07,2026-06-20
8566,Male,Millennial,loyal,2,30,2025-07-02,2026-05-16
8567,Female,Millennial,occasional,1,6,2025-07-21,2026-05-12
8568,Male,Gen X,one_and_done,1,1,2026-06-15,2026-06-15
8569,Male,Millennial,occasional,4,7,2025-07-12,2026-05-29
8570,Male,Gen X,one_and_done,3,1,2025-10-13,2025-10-13
8571,Male,Gen Z,occasional,2,5,2025-10-18,2026-06-16
8572,Male,Gen Z,occasional,1,5,2025-09-10,2026-06-19
8573,Male,Millennial,one_and_done,4,1,2026-05-08,2026-05-08
8574,Male,Gen X,occasional,1,5,2025-08-03,2025-11-29
8575,Male,Gen X,occasional,5,5,2025-07-13,2026-03-20
8576,Female,Gen X,occasional,1,5,2025-11-10,2026-06-15
8577,Male,Gen Z,one_and_done,1,1,2025-11-07,2025-11-07
8578,Male,Boomer,one_and_done,1,1,2026-05-23,2026-05-23
8579,Female,Millennial,one_and_done,1,1,2026-01-28,2026-01-28
8580,Male,Gen Z,regular,2,15,2025-07-03,2026-06-06
8581,Male,Gen X,one_and_done,4,1,2026-05-13,2026-05-13
8582,Male,Millennial,occasional,1,7,2025-10-12,2026-06-15
8583,Male,Millennial,one_and_done,1,1,2025-09-14,2025-09-14
8584,Male,Millennial,one_and_done,1,1,2026-04-22,2026-04-22
8585,Female,Millennial,one_and_done,5,1,2026-04-07,2026-04-07
8586,Female,Gen Z,regular,1,13,2025-07-05,2026-05-31
8587,Female,Boomer,one_and_done,7,1,2025-10-24,2025-10-24
8588,Female,Gen Z,occasional,2,4,2025-08-31,2026-05-22
8589,Male,Millennial,one_and_done,1,1,2025-07-29,2025-07-29
8590,Male,Millennial,occasional,1,7,2025-07-02,2026-05-09
8591,Female,Millennial,one_and_done,1,1,2025-12-20,2025-12-20
8592,Male,Gen X,loyal,8,24,2025-07-18,2026-06-13
8593,Male,Millennial,loyal,1,30,2025-07-01,2026-06-20
8594,Male,Gen X,regular,7,16,2025-07-11,2026-06-17
8595,Male,Millennial,one_and_done,5,1,2026-04-04,2026-04-04
8596,Male,Millennial,one_and_done,1,1,2025-09-21,2025-09-21
8597,Male,Millennial,loyal,1,30,2025-06-30,2026-05-20
8598,Male,Millennial,regular,2,21,2025-08-05,2026-06-19
8599,Female,Millennial,one_and_done,1,1,2025-09-05,2025-09-05
8600,Male,Gen Z,one_and_done,5,1,2026-02-23,2026-02-23
8601,Male,Millennial,loyal,2,30,2025-07-02,2026-06-14
8602,Male,Millennial,one_and_done,4,1,2025-12-02,2025-12-02
8603,Female,Millennial,one_and_done,1,1,2026-02-13,2026-02-13
8604,Male,Millennial,loyal,1,30,2025-07-27,2026-06-20
8605,Male,Millennial,regular,5,21,2025-07-05,2026-05-08
8606,Male,Millennial,occasional,1,7,2025-07-22,2026-04-13
8607,Female,Gen Z,occasional,1,4,2025-08-07,2026-02-27
8608,Male,Gen X,one_and_done,2,1,2025-07-12,2025-07-12
8609,Female,Gen Z,one_and_done,1,1,2026-01-04,2026-01-04
8610,Female,Millennial,one_and_done,1,1,2026-06-10,2026-06-10
8611,Male,Boomer,one_and_done,3,1,2025-09-21,2025-09-21
8612,Male,Boomer,one_and_done,1,1,2025-12-23,2025-12-23
8613,Male,Gen X,regular,1,16,2025-07-11,2026-05-22
8614,Female,Gen Z,regular,1,13,2025-08-14,2026-06-05
8615,Female,Millennial,one_and_done,1,1,2026-06-12,2026-06-12
8616,Male,Millennial,one_and_done,1,1,2026-06-22,2026-06-22
8617,Male,Millennial,regular,3,21,2025-08-01,2026-06-04
8618,Female,Millennial,occasional,2,6,2025-09-13,2026-06-12
8619,Male,Millennial,one_and_done,2,1,2026-02-24,2026-02-24
8620,Female,Gen X,occasional,3,5,2025-07-09,2026-01-15
8621,Male,Millennial,occasional,5,7,2025-07-03,2026-05-20
8622,Male,Millennial,one_and_done,5,1,2026-03-05,2026-03-05
8623,Female,Gen Z,occasional,1,4,2026-01-05,2026-02-27
8624,Male,Gen X,occasional,8,5,2025-07-25,2026-04-03
8625,Male,Millennial,one_and_done,1,1,2026-02-07,2026-02-07
8626,Female,Millennial,one_and_done,1,1,2026-03-01,2026-03-01
8627,Male,Gen Z,loyal,1,22,2025-07-01,2026-05-28
8628,Male,Millennial,occasional,6,7,2025-07-07,2026-04-17
8629,Female,Gen Z,one_and_done,1,1,2025-09-16,2025-09-16
8630,Male,Millennial,one_and_done,1,1,2025-10-12,2025-10-12
8631,Female,Millennial,occasional,2,6,2025-07-17,2026-05-15
8632,Male,Gen Z,one_and_done,6,1,2025-07-24,2025-07-24
8633,Male,Millennial,one_and_done,2,1,2026-05-22,2026-05-22
8634,Male,Millennial,one_and_done,1,1,2025-07-05,2025-07-05
8635,Male,Millennial,regular,1,21,2025-07-07,2026-05-23
8636,Male,Millennial,occasional,1,7,2025-09-26,2026-04-14
8637,Male,Millennial,one_and_done,2,1,2026-03-05,2026-03-05
8638,Male,Millennial,one_and_done,8,1,2025-09-27,2025-09-27
8639,Male,Boomer,one_and_done,1,1,2025-09-30,2025-09-30
8640,Male,Millennial,one_and_done,1,1,2025-09-02,2025-09-02
8641,Male,Millennial,regular,1,21,2025-07-08,2026-06-02
8642,Male,Gen Z,one_and_done,1,1,2026-04-30,2026-04-30
8643,Female,Millennial,occasional,1,6,2025-07-04,2026-04-02
8644,Male,Millennial,occasional,4,7,2025-08-08,2026-06-14
8645,Male,Gen X,regular,1,16,2025-06-30,2026-06-09
8646,Female,Gen Z,regular,2,13,2025-07-17,2026-05-29
8647,Male,Millennial,regular,2,21,2025-07-30,2026-06-06
8648,Male,Millennial,occasional,1,7,2025-07-17,2026-05-08
8649,Male,Millennial,one_and_done,2,1,2026-01-09,2026-01-09
8650,Male,Millennial,one_and_done,1,1,2026-04-30,2026-04-30
8651,Female,Gen Z,occasional,3,4,2025-10-05,2026-03-23
8652,Male,Millennial,one_and_done,1,1,2026-04-01,2026-04-01
8653,Male,Gen Z,one_and_done,1,1,2026-05-16,2026-05-16
8654,Male,Millennial,loyal,1,30,2025-07-01,2026-06-11
8655,Male,Millennial,regular,4,21,2025-07-15,2026-06-06
8656,Male,Millennial,occasional,6,7,2025-09-28,2026-06-13
8657,Male,Gen X,one_and_done,3,1,2026-04-26,2026-04-26
8658,Male,Gen X,regular,1,16,2025-07-01,2026-06-19
8659,Male,Gen X,one_and_done,1,1,2025-08-23,2025-08-23
8660,Male,Gen Z,occasional,1,5,2025-11-07,2026-06-22
8661,Male,Millennial,one_and_done,10,1,2026-02-21,2026-02-21
8662,Female,Gen X,regular,6,15,2025-07-20,2026-06-12
8663,Female,Boomer,occasional,8,3,2025-11-27,2026-05-08
8664,Male,Gen Z,occasional,1,5,2025-09-16,2026-03-27
8665,Male,Gen X,regular,3,16,2025-07-10,2026-05-18
8666,Female,Millennial,one_and_done,1,1,2025-07-05,2025-07-05
8667,Male,Gen X,regular,1,16,2025-07-06,2026-06-23
8668,Female,Millennial,one_and_done,6,1,2026-01-13,2026-01-13
8669,Male,Millennial,regular,9,21,2025-07-02,2026-06-10
8670,Male,Gen Z,occasional,1,5,2025-07-10,2026-06-06
8671,Male,Gen Z,regular,1,15,2025-07-25,2026-06-10
8672,Female,Millennial,loyal,2,26,2025-07-07,2026-06-20
8673,Male,Gen Z,occasional,1,5,2025-11-06,2026-06-16
8674,Female,Gen Z,one_and_done,1,1,2026-05-15,2026-05-15
8675,Female,Gen Z,one_and_done,1,1,2026-04-23,2026-04-23
8676,Male,Gen X,one_and_done,1,1,2026-04-10,2026-04-10
8677,Female,Millennial,one_and_done,7,1,2025-08-30,2025-08-30
8678,Male,Millennial,one_and_done,1,1,2025-12-06,2025-12-06
8679,Female,Gen Z,regular,1,13,2025-07-06,2026-04-24
8680,Male,Millennial,occasional,1,7,2025-07-31,2026-05-10
8681,Male,Gen Z,regular,1,15,2025-07-04,2026-06-08
8682,Male,Millennial,one_and_done,7,1,2026-04-11,2026-04-11
8683,Male,Millennial,loyal,4,30,2025-07-04,2026-05-21
8684,Female,Millennial,one_and_done,8,1,2026-05-15,2026-05-15
8685,Female,Millennial,one_and_done,1,1,2025-07-06,2025-07-06
8686,Male,Gen X,loyal,1,24,2025-07-07,2026-06-03
8687,Male,Gen X,one_and_done,4,1,2025-11-09,2025-11-09
8688,Male,Millennial,regular,1,21,2025-07-04,2026-06-07
8689,Female,Millennial,one_and_done,1,1,2025-11-11,2025-11-11
8690,Male,Gen X,one_and_done,1,1,2025-08-27,2025-08-27
8691,Male,Millennial,regular,6,21,2025-09-20,2026-06-18
8692,Male,Gen Z,one_and_done,7,1,2025-08-13,2025-08-13
8693,Female,Boomer,regular,1,10,2025-08-15,2026-04-21
8694,Male,Millennial,loyal,4,30,2025-07-11,2026-04-18
8695,Female,Millennial,one_and_done,3,1,2026-03-30,2026-03-30
8696,Male,Millennial,regular,1,21,2025-07-04,2026-05-24
8697,Male,Gen X,one_and_done,1,1,2026-02-24,2026-02-24
8698,Male,Millennial,one_and_done,1,1,2025-08-05,2025-08-05
8699,Male,Millennial,regular,6,21,2025-07-25,2026-05-18
8700,Female,Gen X,regular,7,15,2025-07-15,2026-06-09
8701,Male,Gen Z,occasional,3,5,2025-08-09,2026-01-23
8702,Female,Millennial,occasional,1,6,2025-11-01,2026-05-12
8703,Male,Millennial,one_and_done,1,1,2026-01-14,2026-01-14
8704,Female,Gen X,regular,1,15,2025-07-24,2026-06-04
8705,Male,Millennial,occasional,1,7,2025-08-04,2026-05-19
8706,Male,Millennial,regular,2,21,2025-07-01,2026-06-18
8707,Female,Gen X,loyal,3,22,2025-07-23,2026-06-22
8708,Male,Millennial,occasional,1,7,2025-09-12,2026-03-22
8709,Male,Gen X,one_and_done,5,1,2025-08-06,2025-08-06
8710,Male,Millennial,one_and_done,1,1,2025-12-15,2025-12-15
8711,Female,Gen Z,one_and_done,3,1,2026-02-11,2026-02-11
8712,Male,Millennial,one_and_done,6,1,2025-11-21,2025-11-21
8713,Male,Gen X,one_and_done,1,1,2025-07-10,2025-07-10
8714,Male,Millennial,one_and_done,1,1,2025-07-16,2025-07-16
8715,Male,Boomer,one_and_done,1,1,2025-11-10,2025-11-10
8716,Male,Millennial,occasional,2,7,2025-07-08,2026-03-09
8717,Male,Millennial,loyal,1,30,2025-07-04,2026-06-13
8718,Male,Gen X,one_and_done,2,1,2025-08-27,2025-08-27
8719,Female,Gen Z,one_and_done,1,1,2026-01-27,2026-01-27
8720,Male,Gen X,one_and_done,5,1,2025-10-27,2025-10-27
8721,Male,Millennial,regular,10,21,2025-07-03,2026-06-19
8722,Male,Millennial,occasional,1,7,2025-07-01,2026-06-13
8723,Male,Gen X,one_and_done,6,1,2025-07-24,2025-07-24
8724,Male,Gen Z,occasional,8,5,2025-07-03,2026-03-14
8725,Male,Gen Z,regular,1,15,2025-07-19,2026-06-17
8726,Male,Millennial,one_and_done,1,1,2025-10-24,2025-10-24
8727,Female,Millennial,one_and_done,1,1,2025-11-13,2025-11-13
8728,Male,Gen Z,regular,1,15,2025-07-01,2026-06-10
8729,Male,Millennial,one_and_done,1,1,2026-01-02,2026-01-02
8730,Male,Gen X,loyal,1,24,2025-07-15,2026-06-16
8731,Male,Millennial,one_and_done,5,1,2026-02-25,2026-02-25
8732,Male,Millennial,occasional,1,7,2025-08-03,2026-06-11
8733,Female,Millennial,one_and_done,1,1,2026-02-19,2026-02-19
8734,Male,Millennial,occasional,1,7,2025-07-02,2026-04-07
8735,Male,Gen Z,regular,1,15,2025-07-13,2026-06-21
8736,Female,Gen X,occasional,1,5,2025-07-23,2026-03-04
8737,Male,Gen Z,regular,1,15,2025-07-07,2026-06-15
8738,Male,Boomer,one_and_done,1,1,2025-11-01,2025-11-01
8739,Male,Gen X,occasional,6,5,2025-09-25,2026-05-20
8740,Female,Gen Z,regular,1,13,2025-07-23,2026-06-20
8741,Male,Gen Z,occasional,4,5,2025-07-26,2026-05-18
8742,Male,Gen X,occasional,3,5,2025-11-08,2026-06-06
8743,Female,Millennial,loyal,4,26,2025-07-10,2026-06-16
8744,Male,Millennial,one_and_done,9,1,2025-10-07,2025-10-07
8745,Male,Millennial,regular,3,21,2025-07-15,2026-06-11
8746,Male,Millennial,one_and_done,2,1,2025-08-29,2025-08-29
8747,Male,Gen Z,regular,1,15,2025-08-14,2026-06-22
8748,Female,Gen X,regular,2,15,2025-07-20,2026-04-16
8749,Female,Millennial,one_and_done,1,1,2026-04-24,2026-04-24
8750,Female,Millennial,one_and_done,2,1,2025-11-15,2025-11-15
8751,Male,Millennial,one_and_done,1,1,2026-06-10,2026-06-10
8752,Male,Gen Z,one_and_done,5,1,2025-11-24,2025-11-24
8753,Male,Gen Z,regular,1,15,2025-07-08,2026-06-02
8754,Male,Gen X,one_and_done,2,1,2026-06-17,2026-06-17
8755,Male,Gen Z,one_and_done,5,1,2026-03-24,2026-03-24
8756,Male,Gen Z,regular,1,15,2025-07-08,2026-06-15
8757,Male,Millennial,one_and_done,7,1,2026-06-10,2026-06-10
8758,Male,Gen X,loyal,1,24,2025-07-03,2026-06-04
8759,Male,Millennial,occasional,2,7,2025-07-05,2026-06-05
8760,Male,Boomer,one_and_done,2,1,2025-11-16,2025-11-16
8761,Male,Millennial,occasional,8,7,2025-08-15,2026-06-13
8762,Male,Gen Z,regular,1,15,2025-07-25,2026-06-11
8763,Male,Gen Z,occasional,1,5,2025-07-15,2026-01-27
8764,Male,Gen Z,occasional,1,5,2025-07-08,2026-06-10
8765,Male,Millennial,one_and_done,2,1,2025-10-20,2025-10-20
8766,Male,Millennial,one_and_done,9,1,2026-02-17,2026-02-17
8767,Male,Millennial,occasional,6,7,2025-07-08,2026-05-09
8768,Female,Gen X,one_and_done,1,1,2025-07-15,2025-07-15
8769,Male,Millennial,occasional,1,7,2025-07-31,2026-05-19
8770,Female,Millennial,occasional,6,6,2025-11-03,2026-03-25
8771,Female,Millennial,occasional,6,6,2025-08-27,2026-06-12
8772,Female,Gen X,regular,2,15,2025-07-09,2026-06-23
8773,Female,Millennial,regular,4,18,2025-07-21,2026-05-13
8774,Male,Millennial,regular,3,21,2025-08-01,2026-06-17
8775,Male,Gen Z,regular,5,15,2025-08-09,2026-06-07
8776,Male,Millennial,occasional,5,7,2025-07-06,2026-05-26
8777,Female,Gen Z,occasional,1,4,2025-07-29,2026-06-18
8778,Male,Millennial,one_and_done,1,1,2026-04-22,2026-04-22
8779,Male,Gen X,regular,1,16,2025-07-01,2026-06-14
8780,Male,Gen Z,regular,2,15,2025-07-04,2026-04-20
8781,Female,Millennial,regular,1,18,2025-07-04,2026-06-10
8782,Male,Millennial,one_and_done,1,1,2025-10-04,2025-10-04
8783,Male,Gen Z,one_and_done,1,1,2025-11-01,2025-11-01
8784,Male,Millennial,occasional,1,7,2025-08-02,2026-06-11
8785,Female,Millennial,one_and_done,4,1,2025-08-09,2025-08-09
8786,Female,Gen Z,regular,8,13,2025-07-17,2026-06-13
8787,Male,Millennial,one_and_done,9,1,2025-11-29,2025-11-29
8788,Male,Gen Z,one_and_done,1,1,2025-07-11,2025-07-11
8789,Male,Millennial,one_and_done,3,1,2026-03-13,2026-03-13
8790,Female,Gen X,loyal,2,22,2025-07-25,2026-06-19
8791,Male,Boomer,one_and_done,9,1,2025-07-10,2025-07-10
8792,Male,Millennial,one_and_done,7,1,2026-04-14,2026-04-14
8793,Female,Millennial,regular,1,18,2025-07-19,2026-06-14
8794,Male,Gen Z,regular,3,15,2025-07-29,2026-04-08
8795,Male,Gen Z,occasional,2,5,2025-07-03,2026-04-18
8796,Male,Millennial,one_and_done,1,1,2026-06-16,2026-06-16
8797,Male,Millennial,occasional,3,7,2025-07-25,2026-06-16
8798,Male,Gen X,occasional,3,5,2025-08-17,2026-06-08
8799,Male,Gen Z,loyal,1,22,2025-07-16,2026-06-18
8800,Male,Millennial,one_and_done,2,1,2026-05-08,2026-05-08
8801,Male,Millennial,one_and_done,1,1,2026-03-28,2026-03-28
8802,Male,Gen X,one_and_done,7,1,2026-01-17,2026-01-17
8803,Male,Gen Z,loyal,1,22,2025-07-17,2026-06-21
8804,Male,Millennial,one_and_done,5,1,2026-05-22,2026-05-22
8805,Male,Millennial,occasional,1,7,2025-09-02,2026-05-17
8806,Female,Gen Z,loyal,1,19,2025-07-19,2026-05-31
8807,Male,Millennial,one_and_done,4,1,2025-07-04,2025-07-04
8808,Male,Millennial,occasional,1,7,2025-07-07,2026-06-05
8809,Male,Millennial,one_and_done,1,1,2025-12-11,2025-12-11
8810,Male,Gen Z,one_and_done,5,1,2025-10-27,2025-10-27
8811,Male,Millennial,one_and_done,2,1,2026-02-20,2026-02-20
8812,Male,Millennial,one_and_done,1,1,2026-06-22,2026-06-22
8813,Male,Gen Z,regular,2,15,2025-06-30,2026-05-27
8814,Female,Gen X,occasional,2,5,2025-12-02,2026-06-17
8815,Male,Millennial,one_and_done,3,1,2025-07-14,2025-07-14
8816,Female,Boomer,loyal,4,15,2025-09-09,2026-05-31
8817,Male,Boomer,regular,1,12,2025-07-19,2026-05-23
8818,Female,Millennial,regular,2,18,2025-07-05,2026-06-15
8819,Male,Gen Z,one_and_done,1,1,2025-08-29,2025-08-29
8820,Male,Gen Z,occasional,1,5,2025-08-15,2026-02-01
8821,Male,Millennial,regular,2,21,2025-07-09,2026-06-02
8822,Male,Gen X,loyal,7,24,2025-07-02,2026-05-23
8823,Male,Millennial,loyal,2,30,2025-07-16,2026-05-24
8824,Female,Millennial,occasional,3,6,2025-10-28,2026-05-22
8825,Male,Gen Z,regular,1,15,2025-07-30,2026-06-03
8826,Female,Gen X,one_and_done,1,1,2025-12-05,2025-12-05
8827,Male,Millennial,loyal,1,30,2025-06-30,2026-06-01
8828,Male,Gen X,regular,1,16,2025-08-20,2026-05-19
8829,Male,Boomer,one_and_done,1,1,2026-05-27,2026-05-27
8830,Male,Millennial,loyal,6,30,2025-07-03,2026-05-24
8831,Male,Millennial,regular,5,21,2025-06-30,2026-06-18
8832,Female,Millennial,one_and_done,1,1,2025-11-19,2025-11-19
8833,Male,Gen X,loyal,3,24,2025-07-19,2026-05-28
8834,Female,Millennial,occasional,7,6,2025-07-03,2026-04-26
8835,Female,Gen Z,one_and_done,1,1,2025-08-31,2025-08-31
8836,Male,Gen Z,occasional,1,5,2025-07-06,2026-05-30
8837,Female,Millennial,occasional,3,6,2025-08-19,2026-04-04
8838,Male,Millennial,one_and_done,1,1,2025-11-03,2025-11-03
8839,Female,Millennial,one_and_done,3,1,2025-08-25,2025-08-25
8840,Male,Millennial,one_and_done,4,1,2026-02-10,2026-02-10
8841,Male,Gen Z,one_and_done,3,1,2026-04-15,2026-04-15
8842,Female,Millennial,one_and_done,1,1,2025-09-26,2025-09-26
8843,Male,Gen X,one_and_done,1,1,2025-07-22,2025-07-22
8844,Male,Gen Z,occasional,1,5,2025-10-19,2026-06-10
8845,Female,Millennial,occasional,1,6,2025-07-25,2026-05-13
8846,Female,Gen Z,occasional,1,4,2025-07-17,2026-01-03
8847,Male,Gen Z,loyal,2,22,2025-07-02,2026-06-16
8848,Male,Millennial,regular,1,21,2025-07-11,2026-06-07
8849,Male,Millennial,occasional,1,7,2025-09-27,2026-02-06
8850,Female,Gen X,occasional,8,5,2025-08-22,2026-04-23
8851,Male,Gen X,one_and_done,2,1,2025-09-25,2025-09-25
8852,Male,Millennial,occasional,2,7,2025-07-03,2026-06-09
8853,Male,Gen Z,regular,3,15,2025-07-18,2026-06-20
8854,Male,Gen Z,occasional,1,5,2025-12-05,2026-03-17
8855,Male,Millennial,one_and_done,6,1,2025-09-05,2025-09-05
8856,Female,Gen X,one_and_done,1,1,2025-08-03,2025-08-03
8857,Female,Millennial,one_and_done,1,1,2025-12-23,2025-12-23
8858,Male,Gen X,one_and_done,7,1,2025-10-24,2025-10-24
8859,Male,Gen X,one_and_done,1,1,2026-05-29,2026-05-29
8860,Male,Millennial,loyal,2,30,2025-07-17,2026-06-20
8861,Female,Millennial,one_and_done,5,1,2025-10-03,2025-10-03
8862,Male,Gen Z,one_and_done,1,1,2025-10-12,2025-10-12
8863,Male,Gen Z,occasional,1,5,2025-09-13,2026-03-21
8864,Male,Gen Z,occasional,1,5,2025-09-08,2026-03-16
8865,Female,Millennial,regular,1,18,2025-07-18,2026-06-09
8866,Female,Millennial,one_and_done,1,1,2025-08-16,2025-08-16
8867,Female,Millennial,one_and_done,1,1,2025-10-22,2025-10-22
8868,Male,Gen X,one_and_done,9,1,2026-01-24,2026-01-24
8869,Female,Millennial,regular,3,18,2025-07-09,2026-06-12
8870,Male,Millennial,one_and_done,7,1,2026-03-01,2026-03-01
8871,Male,Millennial,one_and_done,1,1,2026-05-09,2026-05-09
8872,Male,Millennial,occasional,6,7,2025-07-26,2026-04-05
8873,Male,Millennial,occasional,3,7,2025-08-02,2026-06-10
8874,Male,Millennial,one_and_done,4,1,2025-08-23,2025-08-23
8875,Male,Gen X,one_and_done,3,1,2026-03-06,2026-03-06
8876,Female,Gen Z,loyal,2,19,2025-07-15,2026-06-11
8877,Female,Millennial,one_and_done,7,1,2025-07-05,2025-07-05
8878,Male,Millennial,one_and_done,1,1,2026-05-18,2026-05-18
8879,Female,Millennial,loyal,1,26,2025-07-02,2026-06-02
8880,Male,Millennial,one_and_done,6,1,2026-04-28,2026-04-28
8881,Male,Millennial,regular,3,21,2025-08-05,2026-06-16
8882,Female,Millennial,one_and_done,1,1,2025-10-22,2025-10-22
8883,Female,Gen Z,one_and_done,1,1,2026-02-19,2026-02-19
8884,Male,Gen X,occasional,2,5,2025-07-22,2026-05-25
8885,Female,Millennial,one_and_done,1,1,2026-02-02,2026-02-02
8886,Female,Millennial,regular,1,18,2025-07-20,2026-06-11
8887,Male,Millennial,regular,1,21,2025-07-05,2026-05-22
8888,Female,Gen X,loyal,1,22,2025-07-10,2026-05-30
8889,Male,Gen Z,regular,4,15,2025-07-02,2026-05-28
8890,Male,Boomer,occasional,8,4,2025-11-22,2026-04-16
8891,Male,Boomer,one_and_done,4,1,2026-04-22,2026-04-22
8892,Female,Millennial,one_and_done,1,1,2025-09-21,2025-09-21
8893,Female,Gen X,one_and_done,1,1,2026-03-11,2026-03-11
8894,Male,Gen Z,regular,2,15,2025-07-06,2026-06-18
8895,Male,Gen Z,one_and_done,2,1,2026-04-10,2026-04-10
8896,Male,Millennial,one_and_done,1,1,2025-08-10,2025-08-10
8897,Male,Millennial,loyal,1,30,2025-08-08,2026-06-23
8898,Female,Millennial,one_and_done,2,1,2026-01-27,2026-01-27
8899,Male,Gen Z,occasional,6,5,2025-09-25,2026-05-16
8900,Male,Millennial,one_and_done,7,1,2025-08-22,2025-08-22
8901,Male,Gen Z,occasional,2,5,2025-08-02,2025-12-20
8902,Female,Gen Z,one_and_done,8,1,2026-04-04,2026-04-04
8903,Female,Gen Z,one_and_done,1,1,2026-05-31,2026-05-31
8904,Male,Gen X,loyal,1,24,2025-07-18,2026-04-12
8905,Male,Millennial,regular,8,21,2025-09-19,2026-05-23
8906,Male,Gen Z,regular,1,15,2025-07-05,2026-04-18
8907,Female,Millennial,occasional,1,6,2025-07-05,2026-02-17
8908,Male,Millennial,one_and_done,2,1,2025-08-07,2025-08-07
8909,Male,Millennial,occasional,6,7,2025-07-26,2026-06-08
8910,Male,Gen X,regular,1,16,2025-07-04,2026-06-04
8911,Female,Gen X,occasional,1,5,2025-08-01,2026-06-17
8912,Male,Gen Z,one_and_done,2,1,2026-04-28,2026-04-28
8913,Male,Millennial,regular,1,21,2025-07-16,2026-05-06
8914,Female,Gen X,regular,1,15,2025-09-09,2026-06-06
8915,Male,Millennial,regular,4,21,2025-07-05,2026-06-07
8916,Male,Gen X,occasional,1,5,2025-07-05,2026-05-30
8917,Female,Millennial,one_and_done,1,1,2026-02-07,2026-02-07
8918,Female,Millennial,loyal,3,26,2025-07-15,2026-06-19
8919,Male,Millennial,one_and_done,1,1,2026-01-03,2026-01-03
8920,Female,Millennial,one_and_done,1,1,2026-06-20,2026-06-20
8921,Male,Millennial,one_and_done,2,1,2026-02-09,2026-02-09
8922,Male,Millennial,loyal,4,30,2025-07-04,2026-06-20
8923,Male,Millennial,regular,1,21,2025-07-11,2026-06-10
8924,Male,Gen Z,one_and_done,1,1,2025-08-07,2025-08-07
8925,Female,Gen Z,occasional,10,4,2025-11-20,2026-05-15
8926,Male,Boomer,regular,2,12,2025-07-28,2026-05-28
8927,Male,Millennial,regular,8,21,2025-07-10,2026-06-10
8928,Male,Millennial,regular,2,21,2025-08-01,2026-05-11
8929,Male,Millennial,regular,1,21,2025-07-04,2026-05-30
8930,Male,Millennial,one_and_done,4,1,2026-01-20,2026-01-20
8931,Male,Gen Z,loyal,1,22,2025-07-21,2026-05-28
8932,Female,Gen Z,one_and_done,5,1,2026-01-27,2026-01-27
8933,Male,Gen Z,one_and_done,4,1,2025-11-13,2025-11-13
8934,Female,Gen X,regular,1,15,2025-07-04,2026-05-29
8935,Male,Gen Z,one_and_done,1,1,2025-11-03,2025-11-03
8936,Male,Boomer,one_and_done,3,1,2026-03-27,2026-03-27
8937,Male,Gen X,occasional,6,5,2025-07-18,2026-01-23
8938,Female,Gen X,one_and_done,4,1,2026-01-30,2026-01-30
8939,Male,Boomer,loyal,2,17,2025-07-15,2026-06-14
8940,Female,Gen Z,regular,1,13,2025-07-26,2026-04-22
8941,Female,Gen Z,regular,1,13,2025-07-12,2026-06-10
8942,Female,Gen X,occasional,1,5,2025-12-28,2026-06-04
8943,Male,Gen Z,one_and_done,1,1,2026-03-28,2026-03-28
8944,Female,Millennial,occasional,3,6,2025-07-10,2026-03-20
8945,Male,Gen X,one_and_done,4,1,2025-09-23,2025-09-23
8946,Male,Gen Z,one_and_done,1,1,2026-04-09,2026-04-09
8947,Male,Boomer,one_and_done,6,1,2025-09-09,2025-09-09
8948,Male,Gen Z,one_and_done,7,1,2025-07-23,2025-07-23
8949,Female,Millennial,regular,2,18,2025-07-04,2026-05-30
8950,Male,Gen X,regular,6,16,2025-07-10,2026-04-29
8951,Male,Millennial,loyal,1,30,2025-07-02,2026-05-28
8952,Female,Millennial,occasional,1,6,2025-08-26,2026-03-10
8953,Male,Gen Z,one_and_done,6,1,2026-05-24,2026-05-24
8954,Female,Millennial,one_and_done,1,1,2026-02-18,2026-02-18
8955,Female,Millennial,one_and_done,9,1,2026-06-07,2026-06-07
8956,Male,Gen X,occasional,1,5,2025-07-04,2026-03-30
8957,Female,Gen Z,loyal,2,19,2025-07-02,2026-06-06
8958,Male,Millennial,regular,1,21,2025-07-25,2026-06-16
8959,Male,Boomer,occasional,8,4,2025-09-27,2026-05-08
8960,Female,Gen X,loyal,1,22,2025-07-24,2026-06-19
8961,Male,Millennial,one_and_done,2,1,2026-05-16,2026-05-16
8962,Male,Millennial,loyal,2,30,2025-07-02,2026-06-22
8963,Male,Millennial,regular,1,21,2025-07-03,2026-06-12
8964,Male,Millennial,one_and_done,8,1,2025-09-27,2025-09-27
8965,Female,Millennial,one_and_done,2,1,2026-06-08,2026-06-08
8966,Male,Millennial,one_and_done,2,1,2025-08-19,2025-08-19
8967,Male,Gen X,one_and_done,1,1,2025-12-04,2025-12-04
8968,Male,Millennial,regular,7,21,2025-07-09,2026-06-08
8969,Male,Gen X,one_and_done,1,1,2026-06-05,2026-06-05
8970,Female,Gen X,one_and_done,5,1,2025-10-12,2025-10-12
8971,Female,Gen Z,regular,1,13,2025-08-14,2026-05-28
8972,Female,Gen X,one_and_done,1,1,2025-10-27,2025-10-27
8973,Female,Millennial,one_and_done,1,1,2026-02-11,2026-02-11
8974,Male,Gen Z,one_and_done,1,1,2026-03-02,2026-03-02
8975,Male,Gen Z,one_and_done,6,1,2026-05-08,2026-05-08
8976,Male,Gen Z,occasional,2,5,2025-07-09,2026-02-13
8977,Female,Gen Z,occasional,1,4,2025-07-12,2026-05-09
8978,Male,Gen X,one_and_done,2,1,2025-09-13,2025-09-13
8979,Male,Millennial,one_and_done,1,1,2026-06-18,2026-06-18
8980,Male,Gen X,loyal,1,24,2025-07-09,2026-06-07
8981,Male,Gen X,one_and_done,3,1,2026-05-03,2026-05-03
8982,Male,Millennial,regular,1,21,2025-07-04,2026-05-28
8983,Male,Millennial,one_and_done,1,1,2026-03-19,2026-03-19
8984,Male,Millennial,one_and_done,1,1,2025-10-20,2025-10-20
8985,Male,Millennial,one_and_done,1,1,2025-07-10,2025-07-10
8986,Female,Gen Z,one_and_done,1,1,2025-08-02,2025-08-02
8987,Female,Millennial,one_and_done,2,1,2025-09-03,2025-09-03
8988,Male,Millennial,regular,5,21,2025-07-23,2026-05-19
8989,Female,Gen Z,occasional,2,4,2025-07-26,2026-01-10
8990,Female,Gen Z,occasional,2,4,2025-10-04,2026-05-03
8991,Male,Millennial,one_and_done,1,1,2025-09-11,2025-09-11
8992,Male,Gen Z,occasional,5,5,2025-08-28,2026-05-11
8993,Male,Millennial,one_and_done,3,1,2026-04-17,2026-04-17
8994,Male,Gen Z,one_and_done,1,1,2025-11-15,2025-11-15
8995,Male,Boomer,occasional,1,4,2025-07-17,2026-06-20
8996,Male,Gen X,occasional,5,5,2025-08-19,2026-06-02
8997,Female,Gen Z,occasional,9,4,2025-10-10,2026-01-25
8998,Female,Gen X,one_and_done,4,1,2025-07-26,2025-07-26
8999,Female,Gen Z,regular,1,13,2025-08-07,2026-04-24
9000,Male,Millennial,occasional,7,7,2025-07-06,2026-05-19
9001,Male,Gen Z,one_and_done,8,1,2026-04-06,2026-04-06
9002,Male,Gen X,one_and_done,2,1,2026-05-23,2026-05-23
9003,Female,Gen X,one_and_done,2,1,2026-03-30,2026-03-30
9004,Female,Millennial,one_and_done,5,1,2026-04-24,2026-04-24
9005,Female,Millennial,loyal,3,26,2025-06-30,2026-06-09
9006,Female,Millennial,one_and_done,1,1,2026-03-21,2026-03-21
9007,Male,Gen Z,occasional,4,5,2025-10-16,2026-01-21
9008,Male,Gen X,occasional,4,5,2025-07-18,2026-04-12
9009,Female,Gen Z,one_and_done,1,1,2026-05-15,2026-05-15
9010,Male,Gen X,occasional,1,5,2025-08-23,2026-04-24
9011,Male,Millennial,one_and_done,4,1,2025-12-10,2025-12-10
9012,Female,Gen Z,one_and_done,1,1,2025-08-16,2025-08-16
9013,Female,Millennial,one_and_done,3,1,2026-04-17,2026-04-17
9014,Male,Millennial,regular,6,21,2025-08-30,2026-06-22
9015,Female,Millennial,loyal,1,26,2025-06-30,2026-06-15
9016,Male,Millennial,one_and_done,7,1,2026-01-13,2026-01-13
9017,Female,Boomer,regular,2,10,2025-07-18,2026-05-19
9018,Male,Boomer,one_and_done,6,1,2026-02-14,2026-02-14
9019,Male,Millennial,one_and_done,7,1,2025-08-26,2025-08-26
9020,Male,Gen Z,occasional,7,5,2025-12-04,2026-04-29
9021,Male,Millennial,regular,3,21,2025-08-01,2026-06-19
9022,Female,Millennial,regular,1,18,2025-07-10,2026-06-12
9023,Female,Boomer,loyal,2,15,2025-07-20,2026-06-16
9024,Male,Millennial,one_and_done,4,1,2025-09-09,2025-09-09
9025,Female,Millennial,regular,2,18,2025-07-05,2026-06-18
9026,Male,Gen Z,one_and_done,1,1,2025-11-03,2025-11-03
9027,Female,Millennial,regular,1,18,2025-07-11,2026-06-10
9028,Male,Millennial,one_and_done,1,1,2026-04-29,2026-04-29
9029,Female,Millennial,regular,1,18,2025-08-14,2026-06-03
9030,Male,Millennial,loyal,1,30,2025-07-02,2026-06-15
9031,Female,Millennial,one_and_done,3,1,2026-01-24,2026-01-24
9032,Male,Gen X,one_and_done,5,1,2026-03-20,2026-03-20
9033,Male,Millennial,one_and_done,6,1,2025-12-10,2025-12-10
9034,Female,Gen X,one_and_done,1,1,2025-11-13,2025-11-13
9035,Female,Gen X,loyal,6,22,2025-07-04,2026-06-13
9036,Female,Gen Z,regular,1,13,2025-07-31,2026-06-12
9037,Female,Millennial,loyal,1,26,2025-07-23,2026-06-10
9038,Female,Boomer,one_and_done,2,1,2025-10-11,2025-10-11
9039,Male,Millennial,occasional,1,7,2025-07-31,2026-04-13
9040,Male,Gen Z,one_and_done,5,1,2026-06-15,2026-06-15
9041,Female,Boomer,one_and_done,1,1,2025-07-26,2025-07-26
9042,Male,Millennial,occasional,1,7,2025-07-09,2026-03-23
9043,Male,Gen Z,occasional,2,5,2025-10-01,2026-01-27
9044,Male,Millennial,one_and_done,3,1,2026-04-17,2026-04-17
9045,Female,Millennial,loyal,2,26,2025-07-12,2026-06-22
9046,Female,Millennial,one_and_done,1,1,2025-10-06,2025-10-06
9047,Male,Gen X,regular,1,16,2025-06-30,2026-06-09
9048,Male,Millennial,regular,6,21,2025-07-11,2026-05-26
9049,Male,Millennial,one_and_done,1,1,2026-05-17,2026-05-17
9050,Female,Millennial,one_and_done,1,1,2025-09-26,2025-09-26
9051,Male,Gen X,one_and_done,2,1,2026-04-28,2026-04-28
9052,Female,Gen Z,one_and_done,1,1,2026-03-30,2026-03-30
9053,Male,Millennial,regular,1,21,2025-08-03,2026-06-16
9054,Male,Millennial,one_and_done,1,1,2025-11-01,2025-11-01
9055,Female,Gen X,occasional,4,5,2025-09-17,2026-04-07
9056,Male,Millennial,occasional,1,7,2025-07-11,2026-05-10
9057,Female,Millennial,occasional,1,6,2025-07-08,2026-06-02
9058,Male,Gen X,one_and_done,1,1,2026-01-28,2026-01-28
9059,Male,Millennial,one_and_done,5,1,2026-03-08,2026-03-08
9060,Female,Millennial,one_and_done,4,1,2026-03-09,2026-03-09
9061,Male,Gen Z,regular,3,15,2025-07-05,2026-06-22
9062,Female,Millennial,one_and_done,3,1,2026-03-28,2026-03-28
9063,Female,Millennial,regular,5,18,2025-07-01,2026-06-08
9064,Female,Gen Z,occasional,5,4,2025-07-19,2026-03-15
9065,Male,Gen Z,one_and_done,1,1,2026-01-23,2026-01-23
9066,Male,Millennial,one_and_done,1,1,2025-11-23,2025-11-23
9067,Female,Millennial,regular,2,18,2025-07-06,2026-06-20
9068,Female,Millennial,one_and_done,1,1,2025-07-02,2025-07-02
9069,Male,Millennial,regular,2,21,2025-07-25,2026-06-20
9070,Male,Millennial,occasional,3,7,2025-07-18,2026-04-04
9071,Male,Boomer,regular,6,12,2025-08-03,2026-06-16
9072,Male,Millennial,occasional,2,7,2025-07-12,2026-05-01
9073,Female,Millennial,one_and_done,3,1,2026-05-17,2026-05-17
9074,Female,Millennial,occasional,3,6,2025-07-12,2026-05-26
9075,Female,Millennial,one_and_done,4,1,2026-02-17,2026-02-17
9076,Male,Millennial,one_and_done,1,1,2026-02-24,2026-02-24
9077,Female,Gen X,one_and_done,1,1,2026-03-25,2026-03-25
9078,Male,Gen X,one_and_done,7,1,2026-03-03,2026-03-03
9079,Male,Gen X,occasional,4,5,2025-07-04,2026-03-28
9080,Male,Gen Z,one_and_done,1,1,2026-02-05,2026-02-05
9081,Male,Millennial,regular,1,21,2025-07-05,2026-06-13
9082,Male,Millennial,loyal,1,30,2025-07-08,2026-06-09
9083,Female,Millennial,occasional,1,6,2025-07-11,2026-05-21
9084,Male,Gen Z,one_and_done,1,1,2025-12-05,2025-12-05
9085,Male,Millennial,one_and_done,3,1,2026-05-05,2026-05-05
9086,Female,Gen Z,one_and_done,2,1,2026-05-16,2026-05-16
9087,Female,Millennial,regular,1,18,2025-08-04,2026-05-18
9088,Male,Millennial,occasional,2,7,2025-08-11,2026-02-03
9089,Female,Gen X,regular,1,15,2025-07-01,2026-06-15
9090,Male,Millennial,occasional,8,7,2025-07-11,2026-04-29
9091,Female,Gen Z,one_and_done,1,1,2026-03-30,2026-03-30
9092,Female,Gen X,one_and_done,2,1,2025-11-28,2025-11-28
9093,Female,Gen Z,occasional,2,4,2025-11-05,2026-05-30
9094,Female,Gen Z,one_and_done,2,1,2025-12-16,2025-12-16
9095,Male,Gen X,regular,4,16,2025-07-06,2026-04-21
9096,Male,Gen X,one_and_done,1,1,2026-06-03,2026-06-03
9097,Male,Gen Z,loyal,8,22,2025-08-03,2026-06-23
9098,Female,Millennial,loyal,1,26,2025-07-03,2026-06-20
9099,Male,Millennial,one_and_done,1,1,2025-12-03,2025-12-03
9100,Male,Millennial,one_and_done,5,1,2026-04-11,2026-04-11
9101,Male,Gen Z,regular,1,15,2025-07-14,2026-06-03
9102,Male,Gen X,occasional,2,5,2025-07-24,2026-01-16
9103,Male,Millennial,regular,1,21,2025-07-03,2026-06-01
9104,Female,Millennial,one_and_done,1,1,2026-02-20,2026-02-20
9105,Male,Millennial,occasional,1,7,2025-08-12,2026-06-20
9106,Female,Millennial,occasional,1,6,2025-07-06,2026-06-13
9107,Male,Gen Z,one_and_done,1,1,2026-04-23,2026-04-23
9108,Male,Millennial,regular,4,21,2025-07-03,2026-06-10
9109,Male,Millennial,one_and_done,1,1,2026-04-14,2026-04-14
9110,Male,Millennial,loyal,1,30,2025-07-14,2026-06-12
9111,Male,Millennial,occasional,5,7,2025-09-12,2026-06-20
9112,Male,Gen X,one_and_done,1,1,2025-10-14,2025-10-14
9113,Male,Boomer,one_and_done,1,1,2026-05-09,2026-05-09
9114,Male,Gen X,loyal,1,24,2025-08-05,2026-06-17
9115,Male,Gen X,regular,5,16,2025-07-04,2026-05-31
9116,Female,Gen X,one_and_done,6,1,2025-08-28,2025-08-28
9117,Female,Gen X,loyal,7,22,2025-07-03,2026-06-10
9118,Female,Gen Z,loyal,6,19,2025-07-11,2026-06-09
9119,Female,Millennial,regular,1,18,2025-07-12,2026-06-22
9120,Female,Gen Z,one_and_done,1,1,2026-04-09,2026-04-09
9121,Female,Millennial,regular,5,18,2025-08-15,2026-06-18
9122,Female,Gen X,regular,2,15,2025-07-06,2026-06-22
9123,Female,Gen Z,occasional,4,4,2025-11-08,2026-05-19
9124,Male,Millennial,one_and_done,1,1,2026-03-24,2026-03-24
9125,Male,Millennial,one_and_done,1,1,2025-12-16,2025-12-16
9126,Female,Gen X,one_and_done,1,1,2026-03-20,2026-03-20
9127,Male,Millennial,regular,1,21,2025-07-18,2026-06-23
9128,Male,Gen Z,loyal,2,22,2025-07-01,2026-04-29
9129,Male,Gen X,one_and_done,1,1,2026-03-25,2026-03-25
9130,Female,Millennial,regular,1,18,2025-07-02,2026-06-12
9131,Male,Boomer,one_and_done,1,1,2025-11-28,2025-11-28
9132,Female,Millennial,occasional,2,6,2025-07-01,2026-06-17
9133,Female,Millennial,one_and_done,1,1,2025-10-28,2025-10-28
9134,Male,Millennial,one_and_done,1,1,2026-03-13,2026-03-13
9135,Male,Gen X,one_and_done,7,1,2025-07-02,2025-07-02
9136,Male,Millennial,one_and_done,7,1,2026-05-02,2026-05-02
9137,Female,Millennial,loyal,1,26,2025-07-25,2026-05-26
9138,Male,Gen X,loyal,3,24,2025-07-02,2026-05-07
9139,Male,Millennial,occasional,1,7,2025-07-11,2026-04-10
9140,Male,Millennial,regular,5,21,2025-07-18,2026-06-22
9141,Male,Millennial,one_and_done,1,1,2026-04-13,2026-04-13
9142,Male,Gen X,regular,7,16,2025-07-15,2026-06-10
9143,Female,Gen Z,regular,1,13,2025-07-05,2026-05-18
9144,Male,Gen Z,one_and_done,2,1,2025-11-30,2025-11-30
9145,Female,Gen Z,one_and_done,3,1,2026-06-04,2026-06-04
9146,Male,Millennial,occasional,3,7,2025-08-04,2026-03-22
9147,Female,Millennial,occasional,3,6,2025-07-16,2026-04-29
9148,Male,Boomer,one_and_done,1,1,2025-07-28,2025-07-28
9149,Male,Boomer,one_and_done,1,1,2026-01-17,2026-01-17
9150,Female,Millennial,occasional,1,6,2025-08-06,2026-06-18
9151,Female,Boomer,occasional,1,3,2025-10-20,2026-01-09
9152,Male,Gen X,one_and_done,1,1,2026-04-01,2026-04-01
9153,Female,Millennial,regular,3,18,2025-07-31,2026-06-03
9154,Male,Gen X,one_and_done,7,1,2025-10-27,2025-10-27
9155,Male,Millennial,regular,2,21,2025-07-07,2026-06-07
9156,Male,Millennial,occasional,1,7,2025-08-24,2026-05-05
9157,Male,Boomer,occasional,1,4,2025-07-07,2026-05-16
9158,Male,Millennial,regular,1,21,2025-08-22,2026-06-20
9159,Male,Millennial,one_and_done,5,1,2026-03-27,2026-03-27
9160,Male,Millennial,one_and_done,6,1,2026-05-04,2026-05-04
9161,Male,Gen X,one_and_done,7,1,2025-07-02,2025-07-02
9162,Male,Millennial,regular,2,21,2025-08-01,2026-06-19
9163,Female,Gen Z,regular,4,13,2025-07-11,2026-05-25
9164,Female,Gen Z,one_and_done,3,1,2025-09-23,2025-09-23
9165,Male,Gen X,loyal,8,24,2025-08-19,2026-06-03
9166,Female,Millennial,regular,2,18,2025-07-11,2026-06-11
9167,Male,Millennial,occasional,9,7,2025-07-04,2026-06-12
9168,Male,Gen Z,one_and_done,2,1,2025-08-04,2025-08-04
9169,Male,Millennial,one_and_done,7,1,2026-01-02,2026-01-02
9170,Male,Gen Z,one_and_done,2,1,2025-12-05,2025-12-05
9171,Male,Gen Z,loyal,9,22,2025-06-30,2026-05-26
9172,Male,Millennial,one_and_done,8,1,2026-04-10,2026-04-10
9173,Male,Gen X,occasional,4,5,2025-08-24,2026-05-28
9174,Female,Gen Z,occasional,1,4,2025-09-10,2026-01-27
9175,Male,Millennial,occasional,1,7,2025-06-30,2026-06-11
9176,Male,Gen X,loyal,3,24,2025-07-11,2026-06-15
9177,Female,Millennial,one_and_done,2,1,2025-10-13,2025-10-13
9178,Male,Millennial,one_and_done,1,1,2025-09-18,2025-09-18
9179,Male,Gen Z,one_and_done,1,1,2025-11-03,2025-11-03
9180,Female,Gen Z,regular,1,13,2025-07-11,2026-06-10
9181,Male,Gen Z,loyal,3,22,2025-07-11,2026-06-07
9182,Male,Gen X,occasional,4,5,2025-07-27,2025-11-06
9183,Male,Millennial,occasional,1,7,2025-08-22,2026-03-31
9184,Male,Gen X,one_and_done,1,1,2026-06-18,2026-06-18
9185,Male,Millennial,occasional,1,7,2025-07-29,2026-05-22
9186,Female,Boomer,regular,1,10,2025-08-27,2026-06-01
9187,Male,Millennial,loyal,1,30,2025-07-12,2026-06-15
9188,Female,Gen X,regular,2,15,2025-07-20,2026-05-27
9189,Male,Millennial,one_and_done,2,1,2026-06-23,2026-06-23
9190,Male,Millennial,one_and_done,1,1,2026-04-18,2026-04-18
9191,Male,Gen Z,regular,1,15,2025-07-20,2026-06-11
9192,Male,Millennial,regular,2,21,2025-08-18,2026-06-11
9193,Female,Millennial,one_and_done,3,1,2025-11-03,2025-11-03
9194,Female,Gen Z,one_and_done,1,1,2026-06-16,2026-06-16
9195,Male,Gen X,regular,1,16,2025-07-24,2026-05-14
9196,Male,Gen Z,regular,2,15,2025-09-04,2026-06-23
9197,Female,Gen X,occasional,1,5,2025-10-10,2026-06-17
9198,Male,Millennial,occasional,3,7,2025-07-26,2026-06-14
9199,Male,Boomer,regular,6,12,2025-07-17,2026-06-23
9200,Male,Millennial,regular,1,21,2025-07-12,2026-06-21
9201,Male,Boomer,one_and_done,2,1,2026-05-29,2026-05-29
9202,Female,Millennial,occasional,1,6,2025-07-06,2026-05-04
9203,Male,Millennial,occasional,3,7,2025-08-24,2026-06-04
9204,Male,Millennial,one_and_done,5,1,2025-11-30,2025-11-30
9205,Male,Millennial,occasional,1,7,2025-08-16,2026-04-18
9206,Female,Millennial,regular,1,18,2025-07-08,2026-06-23
9207,Female,Gen Z,occasional,6,4,2025-09-19,2026-04-27
9208,Male,Millennial,regular,1,21,2025-07-05,2026-06-20
9209,Female,Gen X,one_and_done,2,1,2025-09-04,2025-09-04
9210,Female,Gen X,regular,5,15,2025-08-15,2026-06-23
9211,Male,Gen Z,one_and_done,2,1,2026-04-01,2026-04-01
9212,Male,Millennial,occasional,6,7,2025-08-25,2026-06-07
9213,Male,Gen Z,one_and_done,1,1,2025-10-05,2025-10-05
9214,Male,Gen X,one_and_done,1,1,2026-03-23,2026-03-23
9215,Male,Millennial,occasional,1,7,2025-07-22,2026-06-06
9216,Female,Millennial,loyal,3,26,2025-07-12,2026-06-22
9217,Male,Millennial,occasional,1,7,2025-07-18,2026-06-12
9218,Male,Gen Z,one_and_done,3,1,2026-05-13,2026-05-13
9219,Male,Gen X,one_and_done,1,1,2026-01-02,2026-01-02
9220,Male,Boomer,occasional,1,4,2025-11-08,2026-06-12
9221,Female,Millennial,occasional,1,6,2025-09-16,2026-05-08
9222,Female,Millennial,loyal,3,26,2025-07-22,2026-05-17
9223,Female,Gen Z,regular,1,13,2025-07-12,2026-04-12
9224,Female,Millennial,one_and_done,4,1,2025-11-22,2025-11-22
9225,Male,Millennial,one_and_done,3,1,2025-10-11,2025-10-11
9226,Female,Boomer,one_and_done,4,1,2025-11-02,2025-11-02
9227,Male,Millennial,occasional,3,7,2025-08-23,2026-06-08
9228,Male,Gen Z,one_and_done,2,1,2025-07-31,2025-07-31
9229,Female,Gen Z,one_and_done,1,1,2025-10-31,2025-10-31
9230,Male,Gen Z,one_and_done,1,1,2026-04-17,2026-04-17
9231,Male,Gen Z,one_and_done,4,1,2026-04-03,2026-04-03
9232,Female,Millennial,loyal,1,26,2025-07-02,2026-06-07
9233,Male,Gen Z,regular,1,15,2025-07-04,2026-06-10
9234,Female,Millennial,one_and_done,1,1,2025-11-24,2025-11-24
9235,Male,Millennial,one_and_done,1,1,2026-01-29,2026-01-29
9236,Female,Gen Z,occasional,1,4,2025-07-22,2025-12-28
9237,Male,Millennial,occasional,2,7,2025-07-23,2026-02-21
9238,Male,Gen Z,one_and_done,4,1,2026-01-26,2026-01-26
9239,Male,Gen Z,one_and_done,1,1,2026-04-13,2026-04-13
9240,Male,Gen X,one_and_done,5,1,2025-11-20,2025-11-20
9241,Female,Gen X,regular,1,15,2025-07-16,2026-06-16
9242,Male,Millennial,one_and_done,8,1,2026-06-12,2026-06-12
9243,Female,Gen X,occasional,3,5,2025-08-14,2026-02-02
9244,Male,Millennial,one_and_done,1,1,2026-06-14,2026-06-14
9245,Male,Millennial,occasional,1,7,2025-07-29,2026-04-01
9246,Male,Millennial,one_and_done,3,1,2025-11-18,2025-11-18
9247,Male,Gen X,regular,2,16,2025-08-06,2026-05-21
9248,Male,Millennial,one_and_done,1,1,2025-11-04,2025-11-04
9249,Male,Gen Z,one_and_done,6,1,2026-03-27,2026-03-27
9250,Female,Millennial,one_and_done,1,1,2026-01-16,2026-01-16
9251,Female,Millennial,regular,10,18,2025-08-01,2026-06-18
9252,Male,Gen X,one_and_done,2,1,2025-07-04,2025-07-04
9253,Male,Gen X,occasional,1,5,2025-08-27,2026-06-12
9254,Male,Gen Z,occasional,1,5,2025-08-29,2026-05-19
9255,Male,Millennial,loyal,3,30,2025-07-10,2026-06-15
9256,Male,Millennial,regular,1,21,2025-08-02,2026-06-22
9257,Male,Millennial,loyal,2,30,2025-07-08,2026-06-12
9258,Male,Gen Z,regular,1,15,2025-07-26,2026-06-08
9259,Female,Gen Z,occasional,1,4,2025-07-25,2026-05-10
9260,Male,Gen X,occasional,3,5,2025-11-06,2026-04-09
9261,Female,Gen Z,loyal,6,19,2025-07-17,2026-06-20
9262,Male,Millennial,occasional,1,7,2025-07-01,2026-06-05
9263,Male,Gen Z,one_and_done,2,1,2026-04-19,2026-04-19
9264,Male,Millennial,one_and_done,1,1,2025-12-16,2025-12-16
9265,Male,Gen Z,one_and_done,1,1,2025-10-26,2025-10-26
9266,Female,Gen Z,one_and_done,2,1,2025-12-28,2025-12-28
9267,Female,Millennial,loyal,1,26,2025-07-06,2026-06-19
9268,Male,Millennial,one_and_done,1,1,2026-01-17,2026-01-17
9269,Male,Gen Z,one_and_done,1,1,2025-09-24,2025-09-24
9270,Male,Gen Z,regular,1,15,2025-06-30,2026-06-15
9271,Female,Millennial,one_and_done,1,1,2026-02-19,2026-02-19
9272,Male,Millennial,loyal,1,30,2025-07-17,2026-06-22
9273,Female,Gen X,one_and_done,3,1,2025-09-13,2025-09-13
9274,Male,Millennial,occasional,3,7,2025-09-18,2026-05-08
9275,Male,Boomer,loyal,1,17,2025-08-11,2026-05-21
9276,Female,Boomer,occasional,1,3,2025-11-05,2026-04-24
9277,Female,Millennial,one_and_done,3,1,2026-06-08,2026-06-08
9278,Male,Gen Z,regular,1,15,2025-07-04,2026-06-22
9279,Male,Gen X,one_and_done,4,1,2026-03-29,2026-03-29
9280,Male,Millennial,loyal,1,30,2025-07-15,2026-06-21
9281,Male,Gen Z,loyal,1,22,2025-07-09,2026-06-16
9282,Female,Millennial,loyal,6,26,2025-07-01,2026-06-23
9283,Male,Gen Z,one_and_done,1,1,2025-10-20,2025-10-20
9284,Male,Boomer,regular,8,12,2025-07-06,2026-06-19
9285,Female,Millennial,occasional,1,6,2025-08-22,2026-06-19
9286,Female,Millennial,regular,5,18,2025-07-29,2026-06-19
9287,Female,Millennial,loyal,3,26,2025-07-09,2026-06-14
9288,Male,Gen X,loyal,1,24,2025-07-20,2026-06-16
9289,Female,Millennial,one_and_done,6,1,2025-09-22,2025-09-22
9290,Male,Gen X,regular,1,16,2025-07-04,2026-06-03
9291,Male,Millennial,one_and_done,1,1,2025-09-10,2025-09-10
9292,Male,Millennial,regular,1,21,2025-07-26,2026-05-17
9293,Male,Millennial,occasional,8,7,2025-09-07,2026-04-28
9294,Male,Gen Z,occasional,8,5,2025-09-15,2026-06-06
9295,Male,Millennial,occasional,1,7,2025-08-19,2026-05-14
9296,Male,Millennial,occasional,3,7,2025-08-16,2026-06-03
9297,Female,Gen Z,regular,6,13,2025-08-01,2026-04-24
9298,Female,Millennial,occasional,1,6,2025-10-10,2026-05-20
9299,Female,Millennial,regular,3,18,2025-07-31,2026-06-04
9300,Male,Millennial,loyal,2,30,2025-07-09,2026-06-21
9301,Male,Millennial,one_and_done,1,1,2026-06-15,2026-06-15
9302,Male,Gen Z,regular,3,15,2025-07-30,2026-05-22
9303,Male,Gen Z,one_and_done,1,1,2026-04-17,2026-04-17
9304,Male,Gen Z,regular,2,15,2025-07-13,2026-06-19
9305,Male,Millennial,occasional,1,7,2025-07-03,2026-06-05
9306,Female,Millennial,regular,6,18,2025-07-03,2026-06-08
9307,Male,Gen Z,occasional,3,5,2025-07-12,2026-06-22
9308,Female,Gen X,regular,1,15,2025-07-26,2026-06-20
9309,Male,Gen X,one_and_done,3,1,2026-04-22,2026-04-22
9310,Male,Millennial,one_and_done,1,1,2026-01-16,2026-01-16
9311,Male,Millennial,regular,3,21,2025-07-02,2026-06-07
9312,Female,Gen Z,occasional,1,4,2025-10-19,2025-11-10
9313,Male,Gen X,regular,1,16,2025-06-30,2026-06-20
9314,Male,Gen Z,one_and_done,2,1,2025-12-25,2025-12-25
9315,Male,Millennial,one_and_done,8,1,2026-03-12,2026-03-12
9316,Male,Gen X,one_and_done,1,1,2025-12-08,2025-12-08
9317,Male,Millennial,loyal,1,30,2025-06-30,2026-06-19
9318,Female,Gen X,regular,1,15,2025-07-15,2026-06-05
9319,Female,Millennial,regular,3,18,2025-07-01,2026-06-08
9320,Female,Gen Z,one_and_done,6,1,2025-07-31,2025-07-31
9321,Female,Gen Z,occasional,1,4,2025-08-08,2025-10-12
9322,Female,Millennial,one_and_done,1,1,2025-11-17,2025-11-17
9323,Male,Gen X,one_and_done,2,1,2026-06-01,2026-06-01
9324,Male,Gen Z,one_and_done,1,1,2026-01-24,2026-01-24
9325,Male,Gen X,regular,1,16,2025-07-11,2026-06-08
9326,Male,Boomer,one_and_done,2,1,2025-12-29,2025-12-29
9327,Female,Gen X,occasional,1,5,2025-07-06,2026-03-07
9328,Male,Millennial,loyal,1,30,2025-07-02,2026-06-23
9329,Male,Millennial,occasional,1,7,2025-08-13,2026-05-15
9330,Male,Millennial,one_and_done,1,1,2026-04-14,2026-04-14
9331,Male,Boomer,occasional,1,4,2025-11-05,2026-04-28
9332,Female,Millennial,loyal,1,26,2025-07-09,2026-06-19
9333,Male,Millennial,loyal,10,30,2025-07-22,2026-06-15
9334,Male,Millennial,occasional,1,7,2025-07-25,2026-06-06
9335,Male,Millennial,one_and_done,1,1,2026-06-10,2026-06-10
9336,Male,Millennial,occasional,2,7,2025-07-17,2026-05-10
9337,Male,Gen Z,one_and_done,2,1,2026-01-22,2026-01-22
9338,Female,Millennial,one_and_done,6,1,2025-09-07,2025-09-07
9339,Female,Millennial,one_and_done,4,1,2025-10-22,2025-10-22
9340,Female,Millennial,loyal,4,26,2025-07-04,2026-06-10
9341,Male,Gen Z,loyal,8,22,2025-07-04,2026-06-14
9342,Male,Millennial,one_and_done,6,1,2025-11-23,2025-11-23
9343,Male,Millennial,one_and_done,1,1,2026-05-01,2026-05-01
9344,Male,Millennial,occasional,4,7,2025-09-22,2026-06-23
9345,Male,Gen X,occasional,2,5,2025-09-18,2026-02-23
9346,Male,Millennial,regular,5,21,2025-07-10,2026-06-18
9347,Male,Millennial,occasional,2,7,2025-07-29,2026-02-14
9348,Male,Gen X,regular,2,16,2025-08-04,2026-05-29
9349,Male,Gen X,regular,3,16,2025-07-03,2026-06-02
9350,Male,Gen Z,one_and_done,5,1,2025-10-04,2025-10-04
9351,Female,Gen X,one_and_done,2,1,2025-07-30,2025-07-30
9352,Female,Gen X,loyal,1,22,2025-06-30,2026-06-18
9353,Male,Boomer,regular,2,12,2025-08-09,2026-05-01
9354,Female,Millennial,one_and_done,8,1,2026-01-29,2026-01-29
9355,Male,Boomer,occasional,3,4,2025-08-22,2026-04-18
9356,Male,Gen Z,occasional,4,5,2025-09-28,2026-05-02
9357,Female,Boomer,one_and_done,1,1,2026-05-25,2026-05-25
9358,Female,Boomer,regular,2,10,2025-08-26,2026-05-12
9359,Male,Millennial,occasional,1,7,2025-06-30,2026-05-12
9360,Female,Gen Z,one_and_done,3,1,2026-05-27,2026-05-27
9361,Male,Millennial,loyal,1,30,2025-06-30,2026-06-13
9362,Male,Millennial,occasional,4,7,2025-08-05,2026-05-28
9363,Male,Gen Z,occasional,3,5,2025-08-15,2026-05-20
9364,Male,Gen Z,one_and_done,3,1,2025-08-10,2025-08-10
9365,Male,Gen Z,one_and_done,1,1,2026-02-05,2026-02-05
9366,Male,Gen Z,one_and_done,4,1,2025-12-13,2025-12-13
9367,Male,Millennial,one_and_done,3,1,2026-01-20,2026-01-20
9368,Male,Gen Z,one_and_done,1,1,2025-07-10,2025-07-10
9369,Male,Millennial,occasional,1,7,2025-07-12,2026-02-18
9370,Male,Millennial,one_and_done,1,1,2025-08-21,2025-08-21
9371,Male,Gen Z,one_and_done,1,1,2026-03-31,2026-03-31
9372,Female,Gen Z,regular,1,13,2025-07-24,2026-04-22
9373,Male,Millennial,regular,2,21,2025-07-05,2026-06-10
9374,Male,Gen Z,one_and_done,1,1,2025-12-29,2025-12-29
9375,Male,Gen Z,one_and_done,1,1,2026-02-10,2026-02-10
9376,Male,Gen Z,one_and_done,1,1,2026-06-15,2026-06-15
9377,Male,Boomer,regular,7,12,2025-07-31,2026-05-19
9378,Male,Millennial,occasional,1,7,2025-10-09,2026-06-02
9379,Male,Gen Z,occasional,4,5,2025-07-05,2026-05-30
9380,Female,Gen Z,occasional,1,4,2025-08-18,2026-04-12
9381,Male,Millennial,regular,3,21,2025-07-12,2026-06-22
9382,Male,Gen X,one_and_done,4,1,2025-09-26,2025-09-26
9383,Male,Millennial,one_and_done,1,1,2026-02-13,2026-02-13
9384,Female,Millennial,regular,1,18,2025-08-03,2026-06-15
9385,Female,Gen X,occasional,1,5,2025-10-02,2026-06-19
9386,Male,Gen Z,regular,3,15,2025-07-20,2026-06-04
9387,Female,Millennial,one_and_done,3,1,2026-02-10,2026-02-10
9388,Female,Gen Z,regular,3,13,2025-08-22,2026-06-22
9389,Male,Boomer,one_and_done,6,1,2026-01-03,2026-01-03
9390,Male,Gen Z,regular,1,15,2025-07-04,2026-06-17
9391,Male,Gen X,one_and_done,1,1,2026-05-23,2026-05-23
9392,Male,Millennial,regular,4,21,2025-07-14,2026-06-22
9393,Female,Millennial,one_and_done,7,1,2026-02-21,2026-02-21
9394,Male,Gen Z,one_and_done,1,1,2025-10-06,2025-10-06
9395,Male,Millennial,regular,1,21,2025-07-12,2026-06-20
9396,Male,Gen Z,one_and_done,7,1,2026-01-08,2026-01-08
9397,Male,Millennial,loyal,4,30,2025-07-02,2026-06-10
9398,Male,Boomer,one_and_done,3,1,2026-05-11,2026-05-11
9399,Male,Gen X,one_and_done,3,1,2026-05-11,2026-05-11
9400,Female,Millennial,loyal,6,26,2025-07-11,2026-06-07
9401,Male,Millennial,loyal,1,30,2025-07-05,2026-06-20
9402,Female,Millennial,loyal,2,26,2025-08-13,2026-06-23
9403,Female,Millennial,occasional,7,6,2025-07-18,2026-06-10
9404,Male,Millennial,occasional,1,7,2025-07-05,2026-06-18
9405,Male,Gen X,occasional,1,5,2025-07-12,2026-04-18
9406,Male,Gen Z,one_and_done,1,1,2025-07-27,2025-07-27
9407,Male,Millennial,one_and_done,3,1,2026-04-09,2026-04-09
9408,Male,Gen X,occasional,6,5,2025-11-01,2026-05-19
9409,Male,Gen Z,one_and_done,5,1,2025-10-04,2025-10-04
9410,Male,Gen Z,regular,1,15,2025-07-18,2026-05-25
9411,Male,Gen X,occasional,1,5,2025-08-20,2026-05-07
9412,Male,Millennial,one_and_done,2,1,2026-05-05,2026-05-05
9413,Female,Millennial,occasional,1,6,2025-07-08,2026-05-21
9414,Female,Millennial,one_and_done,1,1,2025-12-26,2025-12-26
9415,Female,Gen X,occasional,1,5,2025-07-04,2026-06-22
9416,Male,Millennial,occasional,2,7,2025-08-26,2026-01-22
9417,Female,Boomer,one_and_done,7,1,2026-02-09,2026-02-09
9418,Male,Millennial,occasional,5,7,2025-11-12,2026-05-27
9419,Male,Gen X,one_and_done,1,1,2025-10-10,2025-10-10
9420,Female,Millennial,regular,1,18,2025-07-18,2026-05-22
9421,Female,Millennial,loyal,1,26,2025-07-11,2026-05-30
9422,Male,Gen Z,one_and_done,1,1,2026-04-11,2026-04-11
9423,Female,Gen Z,regular,1,13,2025-07-10,2026-05-29
9424,Male,Gen X,one_and_done,4,1,2025-10-08,2025-10-08
9425,Male,Millennial,one_and_done,1,1,2025-07-01,2025-07-01
9426,Female,Millennial,regular,1,18,2025-07-12,2026-06-13
9427,Female,Gen Z,loyal,4,19,2025-07-04,2026-05-30
9428,Male,Millennial,regular,1,21,2025-07-10,2026-04-25
9429,Male,Gen X,one_and_done,4,1,2026-02-23,2026-02-23
9430,Male,Gen X,one_and_done,1,1,2025-10-25,2025-10-25
9431,Male,Gen Z,loyal,1,22,2025-07-04,2026-06-20
9432,Male,Gen X,regular,1,16,2025-07-19,2026-06-20
9433,Female,Millennial,one_and_done,2,1,2026-06-19,2026-06-19
9434,Female,Gen Z,regular,1,13,2025-07-28,2026-06-11
9435,Male,Gen Z,one_and_done,5,1,2026-05-31,2026-05-31
9436,Male,Gen Z,one_and_done,1,1,2025-12-27,2025-12-27
9437,Male,Boomer,regular,1,12,2025-08-22,2026-06-19
9438,Male,Gen Z,regular,2,15,2025-07-25,2026-05-26
9439,Female,Millennial,one_and_done,1,1,2026-02-04,2026-02-04
9440,Female,Millennial,regular,5,18,2025-07-12,2026-06-12
9441,Male,Gen X,one_and_done,4,1,2026-03-20,2026-03-20
9442,Male,Millennial,one_and_done,1,1,2026-01-09,2026-01-09
9443,Male,Millennial,one_and_done,1,1,2026-05-29,2026-05-29
9444,Male,Gen X,one_and_done,1,1,2025-12-06,2025-12-06
9445,Female,Millennial,occasional,2,6,2025-07-29,2026-05-22
9446,Male,Gen X,one_and_done,3,1,2025-10-23,2025-10-23
9447,Female,Gen X,one_and_done,7,1,2025-10-27,2025-10-27
9448,Male,Gen Z,regular,2,15,2025-07-25,2026-05-11
9449,Male,Millennial,loyal,1,30,2025-07-03,2026-06-20
9450,Male,Millennial,occasional,1,7,2025-10-08,2026-03-27
9451,Male,Millennial,occasional,1,7,2025-11-07,2026-04-08
9452,Male,Millennial,one_and_done,1,1,2026-05-24,2026-05-24
9453,Female,Boomer,one_and_done,2,1,2026-05-23,2026-05-23
9454,Male,Millennial,occasional,1,7,2025-07-03,2026-04-11
9455,Male,Gen Z,regular,1,15,2025-07-19,2026-04-24
9456,Male,Millennial,loyal,10,30,2025-07-05,2026-06-20
9457,Male,Gen X,one_and_done,1,1,2025-12-20,2025-12-20
9458,Female,Millennial,occasional,6,6,2025-09-11,2026-05-08
9459,Male,Millennial,one_and_done,4,1,2025-10-27,2025-10-27
9460,Female,Millennial,occasional,4,6,2025-11-01,2026-04-27
9461,Male,Boomer,regular,4,12,2025-07-11,2026-06-05
9462,Male,Millennial,one_and_done,1,1,2025-10-02,2025-10-02
9463,Male,Millennial,one_and_done,5,1,2025-06-30,2025-06-30
9464,Male,Boomer,one_and_done,1,1,2025-07-23,2025-07-23
9465,Male,Gen Z,one_and_done,1,1,2025-12-20,2025-12-20
9466,Female,Millennial,one_and_done,1,1,2026-04-22,2026-04-22
9467,Male,Gen Z,one_and_done,2,1,2026-05-23,2026-05-23
9468,Male,Millennial,one_and_done,5,1,2025-10-09,2025-10-09
9469,Male,Gen X,one_and_done,7,1,2026-03-21,2026-03-21
9470,Female,Millennial,loyal,7,26,2025-06-30,2026-06-13
9471,Male,Millennial,one_and_done,1,1,2025-07-05,2025-07-05
9472,Male,Millennial,regular,5,21,2025-07-10,2026-06-22
9473,Male,Gen X,one_and_done,2,1,2026-04-07,2026-04-07
9474,Male,Millennial,one_and_done,3,1,2026-03-06,2026-03-06
9475,Male,Millennial,occasional,1,7,2025-07-04,2026-03-20
9476,Female,Millennial,one_and_done,1,1,2025-12-15,2025-12-15
9477,Male,Millennial,one_and_done,1,1,2025-09-16,2025-09-16
9478,Female,Millennial,regular,9,18,2025-08-08,2026-06-17
9479,Male,Gen Z,one_and_done,8,1,2025-12-10,2025-12-10
9480,Male,Millennial,regular,1,21,2025-07-04,2026-06-05
9481,Male,Millennial,one_and_done,3,1,2026-02-13,2026-02-13
9482,Male,Millennial,one_and_done,1,1,2026-06-11,2026-06-11
9483,Female,Gen Z,loyal,1,19,2025-08-01,2026-06-21
9484,Male,Boomer,occasional,5,4,2025-10-19,2026-05-12
9485,Female,Gen Z,occasional,2,4,2025-12-23,2026-05-26
9486,Male,Millennial,occasional,2,7,2025-08-22,2026-06-02
9487,Male,Gen Z,one_and_done,1,1,2026-05-27,2026-05-27
9488,Female,Millennial,occasional,1,6,2025-09-19,2026-04-08
9489,Male,Millennial,occasional,1,7,2025-08-12,2026-06-06
9490,Male,Gen Z,regular,1,15,2025-07-04,2026-05-25
9491,Male,Millennial,occasional,1,7,2025-07-18,2026-05-10
9492,Female,Gen X,one_and_done,2,1,2025-09-26,2025-09-26
9493,Female,Gen Z,loyal,1,19,2025-07-11,2026-05-22
9494,Male,Millennial,one_and_done,2,1,2025-09-23,2025-09-23
9495,Female,Millennial,one_and_done,1,1,2026-06-02,2026-06-02
9496,Female,Millennial,regular,1,18,2025-07-12,2026-06-22
9497,Male,Millennial,regular,1,21,2025-07-10,2026-06-15
9498,Male,Gen Z,loyal,1,22,2025-07-07,2026-06-15
9499,Female,Gen X,regular,3,15,2025-07-04,2026-06-06
9500,Female,Millennial,loyal,1,26,2025-07-24,2026-06-19
9501,Male,Gen Z,one_and_done,5,1,2026-01-29,2026-01-29
9502,Male,Gen X,loyal,2,24,2025-07-22,2026-06-02
9503,Male,Millennial,one_and_done,1,1,2026-01-31,2026-01-31
9504,Male,Gen X,loyal,1,24,2025-07-06,2026-06-23
9505,Female,Gen X,one_and_done,4,1,2026-04-30,2026-04-30
9506,Female,Gen X,one_and_done,6,1,2025-11-29,2025-11-29
9507,Male,Gen X,loyal,1,24,2025-06-30,2026-06-16
9508,Female,Gen Z,regular,1,13,2025-07-11,2026-04-22
9509,Male,Gen Z,loyal,2,22,2025-07-09,2026-05-29
9510,Male,Gen Z,occasional,1,5,2025-07-28,2026-03-06
9511,Male,Gen Z,one_and_done,1,1,2025-12-04,2025-12-04
9512,Male,Gen Z,one_and_done,2,1,2025-07-16,2025-07-16
9513,Female,Boomer,one_and_done,2,1,2026-02-13,2026-02-13
9514,Female,Millennial,occasional,9,6,2025-08-23,2026-06-14
9515,Female,Boomer,regular,1,10,2025-07-05,2026-06-02
9516,Male,Millennial,one_and_done,8,1,2025-09-21,2025-09-21
9517,Male,Millennial,occasional,1,7,2025-08-03,2026-05-09
9518,Male,Millennial,one_and_done,8,1,2025-12-19,2025-12-19
9519,Female,Millennial,occasional,2,6,2025-07-09,2026-03-03
9520,Male,Gen Z,regular,1,15,2025-07-22,2026-06-02
9521,Female,Gen Z,occasional,1,4,2025-07-26,2026-02-20
9522,Male,Millennial,one_and_done,9,1,2025-07-18,2025-07-18
9523,Male,Gen Z,one_and_done,1,1,2026-02-05,2026-02-05
9524,Male,Gen X,regular,1,16,2025-07-07,2026-06-13
9525,Male,Millennial,one_and_done,5,1,2025-08-13,2025-08-13
9526,Male,Millennial,one_and_done,1,1,2026-06-08,2026-06-08
9527,Female,Gen Z,one_and_done,3,1,2025-09-15,2025-09-15
9528,Male,Boomer,occasional,1,4,2025-07-12,2025-12-07
9529,Male,Gen Z,one_and_done,3,1,2025-07-09,2025-07-09
9530,Male,Millennial,one_and_done,1,1,2026-02-25,2026-02-25
9531,Male,Millennial,occasional,1,7,2025-07-15,2026-02-14
9532,Male,Gen X,one_and_done,1,1,2025-11-20,2025-11-20
9533,Male,Gen X,one_and_done,2,1,2026-04-21,2026-04-21
9534,Male,Millennial,occasional,2,7,2025-11-09,2026-06-20
9535,Male,Millennial,occasional,1,7,2025-10-27,2026-03-04
9536,Male,Boomer,one_and_done,1,1,2025-09-17,2025-09-17
9537,Female,Millennial,regular,1,18,2025-07-05,2026-06-13
9538,Male,Gen Z,occasional,1,5,2025-07-15,2026-03-07
9539,Female,Gen Z,regular,3,13,2025-07-10,2026-03-20
9540,Female,Boomer,loyal,1,15,2025-06-30,2026-06-09
9541,Male,Gen Z,one_and_done,1,1,2026-03-02,2026-03-02
9542,Male,Millennial,one_and_done,3,1,2025-07-04,2025-07-04
9543,Female,Millennial,regular,1,18,2025-07-13,2026-04-29
9544,Female,Millennial,regular,4,18,2025-07-28,2026-06-18
9545,Male,Gen X,one_and_done,3,1,2025-09-28,2025-09-28
9546,Female,Millennial,one_and_done,1,1,2025-07-15,2025-07-15
9547,Male,Millennial,occasional,1,7,2025-08-22,2026-02-16
9548,Male,Gen Z,one_and_done,1,1,2025-09-08,2025-09-08
9549,Female,Gen X,one_and_done,1,1,2026-04-20,2026-04-20
9550,Male,Millennial,regular,5,21,2025-07-05,2026-05-11
9551,Male,Millennial,regular,2,21,2025-07-26,2026-06-22
9552,Male,Boomer,one_and_done,2,1,2025-09-13,2025-09-13
9553,Female,Gen Z,regular,1,13,2025-08-14,2026-05-30
9554,Female,Gen Z,loyal,2,19,2025-09-01,2026-06-17
9555,Female,Gen X,one_and_done,5,1,2026-03-02,2026-03-02
9556,Male,Gen X,one_and_done,1,1,2026-02-25,2026-02-25
9557,Male,Millennial,one_and_done,6,1,2025-09-13,2025-09-13
9558,Male,Gen X,loyal,1,24,2025-07-15,2026-05-13
9559,Male,Gen X,one_and_done,6,1,2025-07-24,2025-07-24
9560,Male,Millennial,one_and_done,3,1,2026-01-29,2026-01-29
9561,Male,Millennial,regular,5,21,2025-07-15,2026-06-22
9562,Male,Millennial,one_and_done,6,1,2026-06-11,2026-06-11
9563,Female,Gen Z,loyal,1,19,2025-08-18,2026-06-16
9564,Male,Millennial,one_and_done,2,1,2026-02-22,2026-02-22
9565,Female,Boomer,occasional,1,3,2026-01-04,2026-04-15
9566,Female,Gen Z,occasional,3,4,2025-06-30,2026-04-08
9567,Female,Gen Z,regular,4,13,2025-08-20,2026-06-20
9568,Female,Gen Z,regular,3,13,2025-08-18,2026-05-23
9569,Male,Gen Z,one_and_done,1,1,2026-06-04,2026-06-04
9570,Female,Gen X,one_and_done,1,1,2026-05-07,2026-05-07
9571,Male,Millennial,one_and_done,1,1,2025-12-27,2025-12-27
9572,Female,Gen Z,regular,1,13,2025-08-06,2026-06-11
9573,Male,Millennial,occasional,1,7,2025-10-31,2026-06-05
9574,Male,Gen X,occasional,7,5,2025-08-15,2025-10-29
9575,Male,Millennial,one_and_done,7,1,2026-02-08,2026-02-08
9576,Male,Gen Z,regular,1,15,2025-08-07,2026-05-29
9577,Male,Millennial,one_and_done,1,1,2026-05-28,2026-05-28
9578,Male,Gen Z,one_and_done,2,1,2025-08-08,2025-08-08
9579,Female,Gen X,one_and_done,1,1,2026-06-04,2026-06-04
9580,Male,Millennial,regular,1,21,2025-07-02,2026-06-06
9581,Male,Millennial,occasional,4,7,2025-07-04,2026-06-20
9582,Male,Millennial,regular,1,21,2025-07-23,2026-06-15
9583,Male,Gen Z,occasional,8,5,2025-11-21,2026-06-23
9584,Male,Gen Z,regular,6,15,2025-07-19,2026-05-30
9585,Female,Boomer,one_and_done,1,1,2026-05-28,2026-05-28
9586,Male,Millennial,one_and_done,3,1,2026-05-13,2026-05-13
9587,Female,Gen X,one_and_done,1,1,2026-05-19,2026-05-19
9588,Male,Millennial,one_and_done,5,1,2026-01-24,2026-01-24
9589,Male,Gen X,occasional,1,5,2025-11-27,2026-06-22
9590,Male,Gen Z,one_and_done,1,1,2026-06-20,2026-06-20
9591,Male,Millennial,one_and_done,2,1,2025-08-07,2025-08-07
9592,Female,Millennial,loyal,3,26,2025-07-04,2026-06-09
9593,Female,Gen X,occasional,3,5,2025-09-06,2026-06-21
9594,Male,Millennial,occasional,1,7,2025-07-16,2026-05-28
9595,Male,Gen Z,regular,2,15,2025-07-23,2026-06-18
9596,Male,Gen X,regular,4,16,2025-07-23,2026-06-22
9597,Male,Gen X,one_and_done,2,1,2026-05-21,2026-05-21
9598,Male,Gen Z,one_and_done,2,1,2026-06-09,2026-06-09
9599,Female,Millennial,one_and_done,6,1,2025-06-30,2025-06-30
9600,Male,Millennial,occasional,3,7,2025-07-24,2026-05-21
9601,Male,Gen X,one_and_done,1,1,2025-11-20,2025-11-20
9602,Male,Millennial,regular,1,21,2025-08-14,2026-06-08
9603,Female,Millennial,regular,1,18,2025-07-19,2026-04-16
9604,Male,Gen Z,one_and_done,3,1,2025-06-30,2025-06-30
9605,Male,Gen Z,occasional,1,5,2025-08-03,2026-05-25
9606,Male,Gen Z,one_and_done,3,1,2026-04-25,2026-04-25
9607,Female,Millennial,occasional,1,6,2025-09-08,2026-05-11
9608,Male,Millennial,regular,9,21,2025-07-29,2026-06-20
9609,Male,Millennial,regular,4,21,2025-07-19,2026-06-08
9610,Male,Millennial,one_and_done,1,1,2026-01-29,2026-01-29
9611,Female,Millennial,one_and_done,2,1,2025-10-03,2025-10-03
9612,Male,Gen Z,one_and_done,1,1,2025-12-05,2025-12-05
9613,Female,Millennial,one_and_done,1,1,2026-01-06,2026-01-06
9614,Female,Gen Z,occasional,2,4,2025-07-29,2025-12-16
9615,Female,Millennial,occasional,3,6,2025-08-12,2026-05-04
9616,Female,Boomer,loyal,7,15,2025-07-09,2026-06-01
9617,Male,Millennial,occasional,3,7,2025-08-06,2026-02-25
9618,Female,Millennial,occasional,1,6,2025-08-09,2026-05-03
9619,Male,Gen Z,one_and_done,10,1,2026-02-23,2026-02-23
9620,Female,Gen X,occasional,1,5,2025-09-05,2026-03-18
9621,Female,Millennial,occasional,1,6,2025-07-05,2026-02-12
9622,Female,Gen Z,regular,4,13,2025-07-24,2026-05-31
9623,Female,Gen Z,loyal,1,19,2025-07-26,2026-06-10
9624,Female,Gen Z,one_and_done,1,1,2025-12-24,2025-12-24
9625,Male,Millennial,one_and_done,1,1,2025-12-27,2025-12-27
9626,Male,Gen Z,one_and_done,7,1,2026-01-10,2026-01-10
9627,Male,Gen X,one_and_done,2,1,2026-04-17,2026-04-17
9628,Male,Millennial,one_and_done,1,1,2026-04-05,2026-04-05
9629,Female,Gen X,one_and_done,6,1,2026-04-12,2026-04-12
9630,Male,Boomer,one_and_done,1,1,2026-01-14,2026-01-14
9631,Female,Millennial,loyal,4,26,2025-07-02,2026-05-29
9632,Female,Millennial,one_and_done,5,1,2026-05-24,2026-05-24
9633,Male,Gen X,one_and_done,5,1,2026-02-10,2026-02-10
9634,Male,Millennial,one_and_done,1,1,2026-02-28,2026-02-28
9635,Male,Millennial,one_and_done,1,1,2026-03-28,2026-03-28
9636,Male,Millennial,one_and_done,4,1,2026-01-13,2026-01-13
9637,Male,Gen Z,occasional,4,5,2025-07-12,2026-03-05
9638,Male,Millennial,regular,1,21,2025-07-26,2026-06-18
9639,Male,Millennial,occasional,1,7,2025-07-03,2026-06-06
9640,Female,Gen Z,one_and_done,2,1,2025-12-18,2025-12-18
9641,Male,Millennial,regular,2,21,2025-07-24,2026-06-21
9642,Male,Millennial,occasional,3,7,2025-08-06,2026-06-19
9643,Male,Millennial,one_and_done,2,1,2025-12-15,2025-12-15
9644,Female,Millennial,regular,9,18,2025-07-07,2026-06-23
9645,Female,Millennial,occasional,1,6,2025-07-17,2026-05-13
9646,Male,Gen X,one_and_done,1,1,2026-02-23,2026-02-23
9647,Female,Millennial,one_and_done,1,1,2025-10-26,2025-10-26
9648,Male,Millennial,regular,4,21,2025-07-04,2026-06-19
9649,Female,Gen Z,occasional,4,4,2025-07-29,2026-01-13
9650,Male,Millennial,one_and_done,1,1,2025-08-08,2025-08-08
9651,Female,Millennial,one_and_done,2,1,2025-08-30,2025-08-30
9652,Male,Gen X,regular,3,16,2025-07-08,2026-04-28
9653,Male,Gen X,regular,3,16,2025-07-27,2026-06-13
9654,Female,Gen Z,regular,3,13,2025-06-30,2026-06-05
9655,Male,Millennial,one_and_done,2,1,2026-01-15,2026-01-15
9656,Male,Boomer,regular,1,12,2025-07-04,2026-05-22
9657,Male,Gen X,regular,1,16,2025-06-30,2026-05-01
9658,Female,Millennial,loyal,1,26,2025-07-31,2026-06-16
9659,Male,Millennial,regular,1,21,2025-07-14,2026-04-16
9660,Male,Millennial,occasional,9,7,2025-10-08,2026-05-11
9661,Male,Millennial,regular,1,21,2025-07-03,2026-05-15
9662,Female,Millennial,loyal,1,26,2025-07-05,2026-06-09
9663,Male,Gen Z,regular,1,15,2025-07-14,2026-05-30
9664,Male,Millennial,loyal,2,30,2025-07-04,2026-06-18
9665,Male,Millennial,regular,1,21,2025-07-12,2026-06-20
9666,Male,Gen Z,one_and_done,1,1,2025-10-20,2025-10-20
9667,Female,Boomer,loyal,1,15,2025-07-05,2026-06-17
9668,Male,Gen Z,occasional,4,5,2025-07-04,2025-12-24
9669,Male,Boomer,one_and_done,1,1,2025-08-29,2025-08-29
9670,Male,Millennial,one_and_done,3,1,2026-06-20,2026-06-20
9671,Male,Millennial,one_and_done,1,1,2026-01-29,2026-01-29
9672,Male,Gen Z,one_and_done,6,1,2026-04-10,2026-04-10
9673,Male,Gen X,one_and_done,1,1,2025-07-23,2025-07-23
9674,Female,Gen Z,regular,7,13,2025-07-05,2026-06-07
9675,Male,Gen X,one_and_done,1,1,2026-01-26,2026-01-26
9676,Female,Gen Z,occasional,1,4,2025-07-05,2026-05-18
9677,Female,Boomer,occasional,2,3,2026-01-09,2026-05-27
9678,Male,Millennial,occasional,5,7,2025-07-11,2026-06-22
9679,Male,Gen Z,regular,1,15,2025-07-19,2026-06-04
9680,Female,Gen X,regular,1,15,2025-07-24,2026-06-11
9681,Male,Gen Z,one_and_done,1,1,2026-06-08,2026-06-08
9682,Male,Gen X,one_and_done,1,1,2025-08-02,2025-08-02
9683,Female,Millennial,occasional,1,6,2025-07-13,2026-05-31
9684,Male,Millennial,loyal,1,30,2025-07-18,2026-06-23
9685,Male,Gen X,regular,1,16,2025-07-21,2026-06-10
9686,Male,Millennial,one_and_done,2,1,2026-02-12,2026-02-12
9687,Male,Millennial,regular,1,21,2025-07-04,2026-06-19
9688,Female,Gen Z,one_and_done,1,1,2026-06-01,2026-06-01
9689,Female,Gen Z,regular,1,13,2025-07-07,2026-06-10
9690,Male,Millennial,occasional,5,7,2025-07-24,2026-06-20
9691,Male,Gen X,regular,1,16,2025-07-23,2026-06-10
9692,Female,Gen Z,regular,5,13,2025-07-04,2026-06-16
9693,Male,Millennial,one_and_done,1,1,2026-04-27,2026-04-27
9694,Male,Gen Z,one_and_done,6,1,2025-12-11,2025-12-11
9695,Male,Millennial,one_and_done,1,1,2025-10-02,2025-10-02
9696,Male,Millennial,regular,1,21,2025-07-04,2026-06-23
9697,Male,Gen Z,loyal,2,22,2025-08-17,2026-06-22
9698,Male,Millennial,one_and_done,1,1,2025-12-21,2025-12-21
9699,Male,Millennial,one_and_done,2,1,2026-05-01,2026-05-01
9700,Male,Millennial,one_and_done,1,1,2026-05-25,2026-05-25
9701,Female,Gen Z,one_and_done,2,1,2025-12-04,2025-12-04
9702,Female,Millennial,one_and_done,4,1,2026-03-16,2026-03-16
9703,Female,Millennial,regular,2,18,2025-07-15,2026-06-22
9704,Female,Millennial,occasional,1,6,2025-07-26,2026-06-22
9705,Male,Millennial,one_and_done,6,1,2025-07-13,2025-07-13
9706,Female,Boomer,loyal,3,15,2025-07-18,2026-05-07
9707,Male,Gen X,one_and_done,1,1,2026-02-20,2026-02-20
9708,Female,Millennial,loyal,5,26,2025-07-07,2026-06-12
9709,Male,Gen X,occasional,1,5,2025-10-16,2026-06-11
9710,Male,Millennial,regular,1,21,2025-07-28,2026-06-23
9711,Male,Gen Z,occasional,3,5,2025-08-02,2026-03-27
9712,Female,Gen X,one_and_done,7,1,2026-01-05,2026-01-05
9713,Male,Boomer,regular,6,12,2025-07-14,2026-06-23
9714,Male,Millennial,one_and_done,1,1,2026-06-20,2026-06-20
9715,Female,Millennial,regular,1,18,2025-07-29,2026-05-18
9716,Female,Millennial,one_and_done,3,1,2026-03-12,2026-03-12
9717,Male,Millennial,one_and_done,3,1,2026-03-13,2026-03-13
9718,Male,Gen Z,regular,7,15,2025-09-05,2026-06-05
9719,Male,Gen X,regular,1,16,2025-07-23,2026-05-21
9720,Male,Boomer,loyal,1,17,2025-07-03,2026-05-29
9721,Male,Millennial,regular,1,21,2025-07-19,2026-06-12
9722,Male,Gen Z,regular,1,15,2025-07-15,2026-06-09
9723,Male,Gen X,one_and_done,1,1,2025-08-31,2025-08-31
9724,Male,Millennial,one_and_done,1,1,2025-07-27,2025-07-27
9725,Male,Gen Z,one_and_done,1,1,2025-09-04,2025-09-04
9726,Male,Millennial,one_and_done,1,1,2025-11-22,2025-11-22
9727,Male,Millennial,occasional,2,7,2025-09-22,2026-02-09
9728,Female,Millennial,one_and_done,5,1,2025-08-15,2025-08-15
9729,Female,Millennial,occasional,1,6,2025-08-16,2026-05-18
9730,Female,Millennial,occasional,1,6,2025-08-11,2026-06-11
9731,Female,Gen X,one_and_done,1,1,2025-07-21,2025-07-21
9732,Male,Gen X,regular,4,16,2025-07-08,2026-06-22
9733,Female,Millennial,one_and_done,1,1,2025-12-25,2025-12-25
9734,Female,Gen Z,occasional,1,4,2025-08-25,2026-02-25
9735,Female,Millennial,one_and_done,5,1,2026-01-23,2026-01-23
9736,Female,Millennial,regular,1,18,2025-07-09,2026-05-31
9737,Male,Millennial,regular,3,21,2025-08-26,2026-06-05
9738,Female,Gen X,regular,1,15,2025-07-25,2026-04-13
9739,Female,Gen Z,one_and_done,1,1,2025-11-12,2025-11-12
9740,Female,Gen X,occasional,1,5,2025-10-05,2026-06-06
9741,Male,Millennial,one_and_done,1,1,2026-04-21,2026-04-21
9742,Female,Boomer,one_and_done,3,1,2025-11-15,2025-11-15
9743,Male,Millennial,one_and_done,1,1,2025-08-10,2025-08-10
9744,Female,Millennial,regular,2,18,2025-07-01,2026-05-01
9745,Male,Millennial,one_and_done,6,1,2025-07-17,2025-07-17
9746,Male,Boomer,loyal,1,17,2025-08-03,2026-05-27
9747,Female,Gen X,loyal,2,22,2025-07-12,2026-06-17
9748,Male,Boomer,one_and_done,2,1,2026-05-01,2026-05-01
9749,Male,Millennial,occasional,1,7,2025-07-21,2026-06-05
9750,Female,Gen Z,one_and_done,1,1,2026-02-19,2026-02-19
9751,Male,Gen X,regular,8,16,2025-08-02,2026-06-15
9752,Female,Millennial,one_and_done,4,1,2026-04-02,2026-04-02
9753,Female,Boomer,occasional,6,3,2025-08-20,2026-05-29
9754,Male,Millennial,one_and_done,3,1,2025-10-07,2025-10-07
9755,Male,Millennial,one_and_done,2,1,2026-03-28,2026-03-28
9756,Male,Gen X,occasional,1,5,2025-07-28,2026-04-28
9757,Male,Gen X,one_and_done,4,1,2026-02-13,2026-02-13
9758,Male,Millennial,occasional,1,7,2025-07-24,2026-05-01
9759,Male,Gen X,one_and_done,1,1,2026-03-14,2026-03-14
9760,Male,Millennial,loyal,6,30,2025-07-13,2026-06-19
9761,Female,Gen X,one_and_done,2,1,2026-01-13,2026-01-13
9762,Female,Millennial,loyal,1,26,2025-07-09,2026-06-14
9763,Male,Gen Z,occasional,1,5,2025-08-17,2026-05-23
9764,Male,Gen X,one_and_done,1,1,2026-03-28,2026-03-28
9765,Female,Millennial,occasional,2,6,2025-09-15,2026-06-08
9766,Male,Gen X,loyal,1,24,2025-07-07,2026-05-23
9767,Male,Millennial,one_and_done,3,1,2025-07-12,2025-07-12
9768,Female,Gen Z,occasional,2,4,2025-07-18,2026-03-29
9769,Male,Gen Z,one_and_done,1,1,2026-03-20,2026-03-20
9770,Female,Millennial,one_and_done,1,1,2025-10-12,2025-10-12
9771,Female,Boomer,loyal,1,15,2025-08-05,2026-06-20
9772,Male,Millennial,loyal,1,30,2025-07-04,2026-06-23
9773,Male,Gen X,one_and_done,1,1,2025-08-16,2025-08-16
9774,Male,Gen Z,one_and_done,6,1,2025-07-13,2025-07-13
9775,Male,Gen Z,regular,4,15,2025-07-19,2026-06-21
9776,Female,Gen Z,regular,1,13,2025-07-03,2026-06-19
9777,Male,Millennial,one_and_done,4,1,2025-11-07,2025-11-07
9778,Male,Millennial,regular,2,21,2025-07-19,2026-06-18
9779,Female,Gen X,one_and_done,8,1,2026-03-02,2026-03-02
9780,Female,Gen X,regular,5,15,2025-07-06,2026-06-10
9781,Male,Millennial,one_and_done,3,1,2026-03-07,2026-03-07
9782,Female,Gen Z,occasional,1,4,2025-09-17,2026-06-10
9783,Male,Gen Z,one_and_done,1,1,2025-09-22,2025-09-22
9784,Male,Boomer,occasional,6,4,2025-08-11,2026-06-09
9785,Male,Millennial,occasional,1,7,2025-07-05,2026-05-24
9786,Male,Millennial,regular,1,21,2025-07-04,2026-06-09
9787,Male,Millennial,one_and_done,1,1,2026-05-05,2026-05-05
9788,Male,Millennial,regular,5,21,2025-08-10,2026-06-22
9789,Female,Gen Z,loyal,3,19,2025-07-02,2026-05-23
9790,Male,Millennial,occasional,4,7,2025-09-30,2026-05-23
9791,Male,Millennial,loyal,1,30,2025-06-30,2026-06-16
9792,Female,Millennial,one_and_done,10,1,2026-06-12,2026-06-12
9793,Female,Millennial,occasional,1,6,2025-07-03,2026-05-10
9794,Male,Millennial,regular,1,21,2025-07-17,2026-06-10
9795,Female,Boomer,one_and_done,2,1,2025-11-21,2025-11-21
9796,Male,Gen Z,one_and_done,1,1,2026-01-01,2026-01-01
9797,Male,Gen X,occasional,1,5,2025-09-04,2026-05-04
9798,Female,Gen X,one_and_done,2,1,2026-03-06,2026-03-06
9799,Female,Gen Z,loyal,2,19,2025-08-16,2026-05-20
9800,Male,Millennial,regular,1,21,2025-07-05,2026-06-09
9801,Female,Millennial,one_and_done,4,1,2026-01-26,2026-01-26
9802,Male,Millennial,one_and_done,1,1,2025-09-27,2025-09-27
9803,Female,Gen Z,loyal,1,19,2025-07-09,2026-05-27
9804,Male,Millennial,regular,4,21,2025-07-08,2026-06-19
9805,Male,Millennial,regular,5,21,2025-07-10,2026-04-29
9806,Male,Gen Z,one_and_done,3,1,2026-03-22,2026-03-22
9807,Male,Gen Z,occasional,8,5,2025-07-05,2026-02-21
9808,Male,Millennial,regular,7,21,2025-07-14,2026-05-25
9809,Male,Millennial,regular,4,21,2025-07-10,2026-06-20
9810,Female,Millennial,loyal,1,26,2025-07-18,2026-06-14
9811,Female,Boomer,one_and_done,6,1,2026-05-15,2026-05-15
9812,Male,Millennial,one_and_done,1,1,2026-04-10,2026-04-10
9813,Male,Millennial,occasional,1,7,2025-08-03,2026-01-20
9814,Male,Boomer,occasional,7,4,2026-01-10,2026-04-14
9815,Male,Gen Z,one_and_done,1,1,2025-07-24,2025-07-24
9816,Female,Millennial,occasional,1,6,2025-08-02,2026-05-22
9817,Male,Boomer,one_and_done,3,1,2025-12-31,2025-12-31
9818,Male,Gen Z,one_and_done,1,1,2025-09-17,2025-09-17
9819,Male,Millennial,occasional,5,7,2025-08-11,2026-03-29
9820,Male,Gen Z,one_and_done,5,1,2026-05-24,2026-05-24
9821,Male,Millennial,loyal,9,30,2025-07-25,2026-05-22
9822,Female,Millennial,one_and_done,2,1,2026-03-31,2026-03-31
9823,Male,Gen Z,loyal,5,22,2025-07-09,2026-05-29
9824,Male,Millennial,occasional,1,7,2025-08-11,2026-05-17
9825,Male,Gen Z,regular,1,15,2025-07-13,2026-06-11
9826,Female,Millennial,one_and_done,9,1,2026-04-09,2026-04-09
9827,Male,Gen Z,regular,1,15,2025-07-30,2026-06-18
9828,Female,Gen Z,occasional,2,4,2025-12-10,2026-06-13
9829,Female,Millennial,regular,1,18,2025-07-19,2026-06-21
9830,Female,Millennial,regular,1,18,2025-07-08,2026-06-23
9831,Male,Gen Z,one_and_done,1,1,2026-03-07,2026-03-07
9832,Male,Gen X,one_and_done,1,1,2025-12-21,2025-12-21
9833,Male,Millennial,regular,1,21,2025-08-11,2026-06-22
9834,Male,Gen X,occasional,3,5,2025-11-30,2026-06-20
9835,Male,Gen Z,one_and_done,1,1,2026-06-05,2026-06-05
9836,Male,Gen Z,regular,8,15,2025-08-02,2026-06-15
9837,Male,Gen Z,regular,4,15,2025-07-19,2026-06-10
9838,Female,Gen X,loyal,2,22,2025-07-05,2026-06-18
9839,Male,Gen X,one_and_done,5,1,2025-10-01,2025-10-01
9840,Male,Millennial,one_and_done,1,1,2025-07-11,2025-07-11
9841,Male,Boomer,one_and_done,8,1,2025-11-27,2025-11-27
9842,Male,Gen Z,occasional,1,5,2026-01-21,2026-05-31
9843,Male,Gen X,one_and_done,5,1,2026-06-15,2026-06-15
9844,Male,Millennial,one_and_done,1,1,2026-04-04,2026-04-04
9845,Female,Millennial,loyal,1,26,2025-08-09,2026-06-17
9846,Male,Gen X,regular,2,16,2025-07-28,2026-05-29
9847,Male,Gen X,one_and_done,2,1,2025-08-26,2025-08-26
9848,Male,Gen X,one_and_done,1,1,2025-10-05,2025-10-05
9849,Male,Millennial,occasional,2,7,2025-07-22,2026-05-04
9850,Male,Gen X,regular,2,16,2025-07-12,2026-06-23
9851,Male,Millennial,one_and_done,1,1,2026-04-17,2026-04-17
9852,Female,Gen Z,regular,1,13,2025-07-21,2026-05-29
9853,Male,Millennial,one_and_done,7,1,2025-08-15,2025-08-15
9854,Male,Millennial,regular,1,21,2025-07-18,2026-05-28
9855,Female,Gen X,one_and_done,8,1,2025-11-26,2025-11-26
9856,Female,Millennial,one_and_done,1,1,2026-01-10,2026-01-10
9857,Female,Boomer,one_and_done,1,1,2026-05-29,2026-05-29
9858,Male,Millennial,one_and_done,2,1,2026-05-13,2026-05-13
9859,Male,Millennial,one_and_done,2,1,2025-11-18,2025-11-18
9860,Male,Millennial,occasional,1,7,2025-07-13,2026-04-16
9861,Female,Gen Z,one_and_done,1,1,2026-06-21,2026-06-21
9862,Female,Gen Z,one_and_done,3,1,2025-10-16,2025-10-16
9863,Male,Millennial,loyal,1,30,2025-07-03,2026-06-22
9864,Male,Boomer,one_and_done,6,1,2025-07-17,2025-07-17
9865,Male,Gen X,regular,2,16,2025-07-03,2026-06-17
9866,Male,Millennial,occasional,4,7,2025-08-07,2026-06-12
9867,Male,Millennial,one_and_done,2,1,2026-05-05,2026-05-05
9868,Female,Gen X,one_and_done,7,1,2025-12-12,2025-12-12
9869,Male,Gen X,occasional,4,5,2025-07-09,2026-06-14
9870,Male,Gen Z,one_and_done,2,1,2026-04-29,2026-04-29
9871,Male,Millennial,occasional,6,7,2025-07-04,2026-06-15
9872,Male,Gen Z,occasional,3,5,2025-08-14,2026-04-09
9873,Female,Gen X,occasional,4,5,2025-07-11,2026-04-27
9874,Male,Gen Z,one_and_done,1,1,2026-02-26,2026-02-26
9875,Male,Gen X,one_and_done,3,1,2026-04-02,2026-04-02
9876,Female,Gen Z,occasional,1,4,2025-09-12,2026-01-13
9877,Female,Millennial,regular,4,18,2025-07-26,2026-06-12
9878,Male,Gen X,one_and_done,1,1,2025-09-28,2025-09-28
9879,Female,Gen Z,one_and_done,3,1,2026-03-22,2026-03-22
9880,Male,Gen Z,regular,1,15,2025-07-19,2026-06-02
9881,Female,Millennial,regular,2,18,2025-07-12,2026-06-21
9882,Male,Boomer,one_and_done,1,1,2026-05-13,2026-05-13
9883,Female,Gen Z,occasional,8,4,2025-07-18,2026-05-12
9884,Male,Millennial,one_and_done,1,1,2025-08-12,2025-08-12
9885,Female,Gen Z,one_and_done,5,1,2026-01-27,2026-01-27
9886,Female,Gen Z,occasional,2,4,2025-10-06,2026-02-20
9887,Male,Millennial,occasional,4,7,2025-08-20,2026-05-03
9888,Male,Millennial,occasional,7,7,2025-11-14,2026-06-21
9889,Female,Gen Z,one_and_done,1,1,2025-09-26,2025-09-26
9890,Female,Gen Z,one_and_done,2,1,2025-11-23,2025-11-23
9891,Male,Gen Z,one_and_done,5,1,2025-09-20,2025-09-20
9892,Female,Boomer,loyal,7,15,2025-06-30,2026-06-06
9893,Male,Millennial,one_and_done,1,1,2025-08-03,2025-08-03
9894,Male,Gen Z,occasional,5,5,2025-08-21,2026-05-26
9895,Female,Millennial,one_and_done,2,1,2025-11-12,2025-11-12
9896,Male,Gen Z,one_and_done,1,1,2025-07-02,2025-07-02
9897,Male,Gen Z,occasional,3,5,2025-07-21,2025-12-02
9898,Female,Millennial,one_and_done,2,1,2025-08-26,2025-08-26
9899,Male,Gen Z,one_and_done,1,1,2026-02-01,2026-02-01
9900,Male,Gen X,one_and_done,6,1,2026-01-23,2026-01-23
9901,Male,Millennial,one_and_done,2,1,2026-02-11,2026-02-11
9902,Male,Millennial,one_and_done,1,1,2026-05-02,2026-05-02
9903,Male,Millennial,regular,2,21,2025-07-11,2026-05-31
9904,Male,Millennial,loyal,2,30,2025-07-08,2026-06-19
9905,Male,Gen Z,one_and_done,1,1,2025-09-28,2025-09-28
9906,Male,Millennial,one_and_done,4,1,2026-03-30,2026-03-30
9907,Male,Millennial,one_and_done,1,1,2025-09-21,2025-09-21
9908,Male,Gen X,one_and_done,3,1,2025-07-18,2025-07-18
9909,Male,Gen Z,regular,2,15,2025-09-14,2026-05-30
9910,Male,Gen Z,one_and_done,6,1,2025-08-05,2025-08-05
9911,Male,Millennial,occasional,1,7,2025-07-19,2026-03-18
9912,Male,Gen Z,loyal,5,22,2025-07-20,2026-06-17
9913,Male,Millennial,one_and_done,1,1,2025-11-21,2025-11-21
9914,Female,Millennial,one_and_done,4,1,2026-06-05,2026-06-05
9915,Male,Boomer,occasional,2,4,2026-01-24,2026-06-04
9916,Male,Millennial,occasional,1,7,2025-07-26,2026-05-12
9917,Male,Boomer,loyal,1,17,2025-07-09,2026-06-03
9918,Male,Gen Z,one_and_done,1,1,2025-10-26,2025-10-26
9919,Male,Millennial,occasional,3,7,2025-07-03,2026-04-02
9920,Male,Millennial,loyal,1,30,2025-07-04,2026-06-15
9921,Female,Millennial,one_and_done,5,1,2026-05-21,2026-05-21
9922,Male,Gen Z,occasional,1,5,2025-12-10,2026-06-02
9923,Male,Gen X,occasional,1,5,2025-08-24,2026-06-09
9924,Male,Millennial,loyal,1,30,2025-07-05,2026-06-19
9925,Male,Millennial,one_and_done,4,1,2025-09-12,2025-09-12
9926,Female,Gen Z,one_and_done,1,1,2026-02-22,2026-02-22
9927,Male,Gen Z,one_and_done,3,1,2025-09-17,2025-09-17
9928,Male,Gen X,one_and_done,5,1,2026-06-01,2026-06-01
9929,Male,Millennial,one_and_done,1,1,2026-04-23,2026-04-23
9930,Female,Gen Z,occasional,6,4,2025-07-08,2026-06-08
9931,Female,Millennial,regular,5,18,2025-07-20,2026-06-13
9932,Male,Boomer,one_and_done,1,1,2025-10-07,2025-10-07
9933,Male,Millennial,one_and_done,9,1,2026-02-05,2026-02-05
9934,Female,Millennial,occasional,1,6,2025-07-10,2026-06-19
9935,Male,Millennial,occasional,6,7,2025-07-28,2026-06-22
9936,Male,Millennial,one_and_done,2,1,2025-11-18,2025-11-18
9937,Female,Millennial,loyal,1,26,2025-07-16,2026-06-19
9938,Male,Millennial,one_and_done,1,1,2026-02-16,2026-02-16
9939,Male,Gen Z,one_and_done,1,1,2026-05-16,2026-05-16
9940,Female,Gen Z,one_and_done,1,1,2026-01-09,2026-01-09
9941,Male,Gen Z,loyal,1,22,2025-07-11,2026-06-17
9942,Male,Boomer,occasional,1,4,2025-07-29,2026-02-27
9943,Male,Gen Z,one_and_done,2,1,2025-12-25,2025-12-25
9944,Male,Millennial,regular,1,21,2025-07-05,2026-06-23
9945,Female,Millennial,regular,1,18,2025-07-15,2026-06-22
9946,Female,Millennial,one_and_done,4,1,2025-10-06,2025-10-06
9947,Female,Millennial,regular,5,18,2025-09-27,2026-04-28
9948,Female,Millennial,occasional,1,6,2025-09-04,2026-05-30
9949,Male,Gen X,occasional,1,5,2025-10-20,2026-04-21
9950,Female,Gen X,one_and_done,5,1,2025-12-03,2025-12-03
9951,Male,Millennial,occasional,6,7,2025-12-02,2026-06-23
9952,Male,Millennial,one_and_done,7,1,2025-10-09,2025-10-09
9953,Male,Gen Z,one_and_done,1,1,2025-11-29,2025-11-29
9954,Female,Millennial,regular,1,18,2025-08-07,2026-06-19
9955,Female,Gen Z,one_and_done,1,1,2025-09-11,2025-09-11
9956,Male,Millennial,occasional,1,7,2025-07-18,2026-06-13
9957,Female,Gen Z,one_and_done,1,1,2026-05-08,2026-05-08
9958,Male,Gen Z,one_and_done,1,1,2026-01-24,2026-01-24
9959,Male,Gen X,occasional,1,5,2025-07-12,2026-01-12
9960,Male,Gen Z,one_and_done,3,1,2025-07-27,2025-07-27
9961,Male,Boomer,regular,2,12,2025-07-23,2026-05-08
9962,Male,Gen X,one_and_done,7,1,2025-10-29,2025-10-29
9963,Female,Gen X,occasional,1,5,2025-07-15,2026-06-23
9964,Male,Gen X,one_and_done,1,1,2026-05-15,2026-05-15
9965,Male,Millennial,regular,3,21,2025-07-03,2026-06-19
9966,Female,Millennial,one_and_done,3,1,2025-08-22,2025-08-22
9967,Male,Millennial,one_and_done,1,1,2025-11-21,2025-11-21
9968,Female,Millennial,regular,6,18,2025-07-05,2026-06-11
9969,Male,Gen X,occasional,1,5,2025-06-30,2026-06-13
9970,Female,Millennial,one_and_done,3,1,2026-04-19,2026-04-19
9971,Female,Gen X,occasional,1,5,2025-07-03,2026-05-29
9972,Female,Millennial,one_and_done,1,1,2026-03-07,2026-03-07
9973,Male,Millennial,one_and_done,1,1,2025-07-15,2025-07-15
9974,Male,Gen X,regular,6,16,2025-07-20,2026-06-19
9975,Male,Millennial,one_and_done,3,1,2026-02-15,2026-02-15
9976,Male,Gen X,one_and_done,1,1,2026-01-12,2026-01-12
9977,Male,Boomer,one_and_done,2,1,2026-03-28,2026-03-28
9978,Female,Millennial,one_and_done,1,1,2026-06-14,2026-06-14
9979,Female,Millennial,loyal,1,26,2025-07-08,2026-05-29
9980,Male,Millennial,one_and_done,1,1,2025-11-27,2025-11-27
9981,Female,Millennial,regular,1,18,2025-07-01,2026-05-20
9982,Male,Gen X,loyal,1,24,2025-07-11,2026-06-18
9983,Male,Gen Z,one_and_done,1,1,2026-05-26,2026-05-26
9984,Male,Millennial,regular,7,21,2025-07-04,2026-05-21
9985,Female,Boomer,one_and_done,5,1,2025-12-13,2025-12-13
9986,Female,Boomer,occasional,1,3,2026-04-12,2026-06-10
9987,Male,Millennial,regular,3,21,2025-07-11,2026-06-02
9988,Male,Gen X,one_and_done,2,1,2026-01-06,2026-01-06
9989,Male,Gen Z,occasional,1,5,2025-07-30,2026-05-01
9990,Male,Gen X,loyal,3,24,2025-07-03,2026-06-22
9991,Female,Millennial,one_and_done,4,1,2025-08-11,2025-08-11
9992,Female,Gen X,one_and_done,2,1,2026-06-19,2026-06-19
9993,Male,Millennial,regular,1,21,2025-07-09,2026-04-22
9994,Female,Millennial,one_and_done,6,1,2025-08-31,2025-08-31
9995,Male,Gen Z,occasional,7,5,2025-08-28,2026-01-18
9996,Male,Gen X,one_and_done,1,1,2025-11-08,2025-11-08
9997,Male,Gen Z,one_and_done,1,1,2026-05-23,2026-05-23
9998,Male,Gen X,one_and_done,6,1,2025-11-09,2025-11-09
9999,Male,Millennial,one_and_done,1,1,2025-09-26,2025-09-26
10000,Female,Gen Z,loyal,2,19,2025-07-09,2026-06-13
10001,Male,Gen X,loyal,1,24,2025-07-14,2026-04-23
10002,Male,Gen X,regular,2,16,2025-07-20,2026-06-20
10003,Female,Boomer,regular,1,10,2025-08-01,2026-04-15
10004,Female,Gen Z,one_and_done,3,1,2025-08-11,2025-08-11
10005,Female,Millennial,regular,3,18,2025-08-17,2026-06-06
10006,Male,Millennial,regular,1,21,2025-07-02,2026-06-11
10007,Female,Millennial,regular,1,18,2025-07-22,2026-06-19
10008,Female,Millennial,occasional,2,6,2025-07-12,2026-06-11
10009,Female,Gen Z,occasional,2,4,2025-12-14,2026-04-09
10010,Male,Millennial,loyal,6,30,2025-08-07,2026-06-06
10011,Female,Millennial,regular,3,18,2025-07-07,2026-06-17
10012,Female,Boomer,occasional,1,3,2025-12-13,2026-05-02
10013,Female,Millennial,one_and_done,1,1,2025-09-02,2025-09-02
10014,Female,Gen Z,regular,2,13,2025-07-08,2026-06-21
10015,Male,Gen X,occasional,2,5,2025-10-03,2026-05-01
10016,Female,Millennial,loyal,6,26,2025-07-14,2026-06-05
10017,Female,Gen Z,one_and_done,1,1,2026-04-21,2026-04-21
10018,Female,Boomer,loyal,2,15,2025-07-14,2026-06-15
10019,Male,Millennial,loyal,2,30,2025-07-04,2026-05-12
10020,Male,Gen Z,occasional,2,5,2025-10-02,2026-03-12
10021,Male,Millennial,one_and_done,1,1,2025-12-02,2025-12-02
10022,Female,Millennial,one_and_done,1,1,2026-03-19,2026-03-19
10023,Male,Gen X,regular,6,16,2025-07-06,2026-04-17
10024,Male,Millennial,one_and_done,1,1,2025-07-13,2025-07-13
10025,Male,Millennial,occasional,1,7,2025-11-11,2026-05-10
10026,Male,Millennial,one_and_done,1,1,2026-05-18,2026-05-18
10027,Male,Gen Z,loyal,1,22,2025-07-01,2026-06-20
10028,Female,Millennial,occasional,1,6,2025-11-23,2026-05-18
10029,Female,Millennial,one_and_done,1,1,2025-10-22,2025-10-22
10030,Female,Gen Z,regular,1,13,2025-08-04,2026-05-21
10031,Male,Gen Z,one_and_done,1,1,2026-05-12,2026-05-12
10032,Male,Gen Z,one_and_done,4,1,2026-05-12,2026-05-12
10033,Male,Millennial,one_and_done,1,1,2026-04-26,2026-04-26
10034,Female,Millennial,one_and_done,3,1,2025-09-27,2025-09-27
10035,Male,Boomer,loyal,2,17,2025-08-21,2026-05-27
10036,Male,Millennial,regular,1,21,2025-07-09,2026-06-18
10037,Male,Millennial,loyal,1,30,2025-07-01,2026-06-16
10038,Female,Gen X,regular,1,15,2025-07-12,2026-06-23
10039,Male,Millennial,one_and_done,1,1,2026-04-22,2026-04-22
10040,Male,Millennial,one_and_done,1,1,2026-01-15,2026-01-15
10041,Female,Gen Z,occasional,3,4,2025-07-31,2026-06-20
10042,Male,Boomer,regular,1,12,2025-07-19,2026-03-05
10043,Female,Millennial,one_and_done,1,1,2025-12-16,2025-12-16
10044,Male,Millennial,one_and_done,1,1,2026-06-20,2026-06-20
10045,Female,Millennial,one_and_done,1,1,2026-03-07,2026-03-07
10046,Male,Millennial,one_and_done,3,1,2025-12-12,2025-12-12
10047,Male,Millennial,occasional,4,7,2025-09-29,2026-05-05
10048,Female,Millennial,occasional,2,6,2025-10-03,2026-05-15
10049,Female,Gen X,one_and_done,1,1,2025-08-02,2025-08-02
10050,Male,Millennial,one_and_done,3,1,2025-11-15,2025-11-15
10051,Male,Gen Z,one_and_done,1,1,2025-11-17,2025-11-17
10052,Male,Millennial,one_and_done,2,1,2026-02-20,2026-02-20
10053,Male,Millennial,occasional,1,7,2025-08-22,2026-05-03
10054,Female,Gen Z,one_and_done,4,1,2025-08-23,2025-08-23
10055,Male,Gen X,one_and_done,3,1,2025-07-04,2025-07-04
10056,Male,Millennial,loyal,1,30,2025-06-30,2026-06-18
10057,Female,Gen Z,one_and_done,6,1,2025-09-22,2025-09-22
10058,Male,Millennial,one_and_done,2,1,2025-08-31,2025-08-31
10059,Female,Millennial,one_and_done,2,1,2025-11-12,2025-11-12
10060,Male,Millennial,one_and_done,1,1,2025-06-30,2025-06-30
10061,Male,Gen X,one_and_done,1,1,2026-04-17,2026-04-17
10062,Female,Millennial,one_and_done,2,1,2025-07-22,2025-07-22
10063,Male,Millennial,one_and_done,6,1,2025-12-18,2025-12-18
10064,Female,Millennial,regular,2,18,2025-07-05,2026-06-05
10065,Male,Gen X,loyal,1,24,2025-07-04,2026-05-08
10066,Female,Millennial,occasional,1,6,2025-08-03,2026-05-19
10067,Male,Gen Z,one_and_done,2,1,2025-07-04,2025-07-04
10068,Male,Millennial,one_and_done,1,1,2026-06-19,2026-06-19
10069,Male,Gen X,regular,3,16,2025-07-11,2026-06-07
10070,Female,Millennial,occasional,1,6,2025-07-20,2026-06-04
10071,Male,Millennial,occasional,1,7,2025-07-13,2026-03-26
10072,Male,Gen Z,one_and_done,1,1,2026-04-10,2026-04-10
10073,Male,Millennial,occasional,2,7,2025-08-08,2026-06-08
10074,Male,Millennial,one_and_done,3,1,2026-04-22,2026-04-22
10075,Female,Millennial,one_and_done,5,1,2025-09-30,2025-09-30
10076,Male,Millennial,occasional,1,7,2025-08-15,2026-02-20
10077,Male,Gen Z,one_and_done,1,1,2025-08-21,2025-08-21
10078,Female,Gen X,one_and_done,3,1,2026-02-21,2026-02-21
10079,Male,Gen X,one_and_done,1,1,2026-03-20,2026-03-20
10080,Male,Millennial,one_and_done,1,1,2025-07-14,2025-07-14
10081,Male,Millennial,one_and_done,4,1,2026-02-18,2026-02-18
10082,Female,Boomer,one_and_done,3,1,2026-02-06,2026-02-06
10083,Male,Millennial,loyal,2,30,2025-07-04,2026-06-21
10084,Male,Gen X,one_and_done,6,1,2026-05-31,2026-05-31
10085,Male,Millennial,one_and_done,1,1,2025-12-25,2025-12-25
10086,Female,Millennial,loyal,1,26,2025-07-10,2026-05-26
10087,Female,Millennial,one_and_done,4,1,2025-08-20,2025-08-20
10088,Female,Millennial,occasional,9,6,2025-08-16,2026-03-06
10089,Male,Gen X,one_and_done,1,1,2026-01-17,2026-01-17
10090,Male,Millennial,one_and_done,6,1,2026-04-18,2026-04-18
10091,Male,Gen Z,occasional,1,5,2025-08-04,2026-06-09
10092,Male,Gen X,one_and_done,1,1,2026-03-26,2026-03-26
10093,Male,Millennial,occasional,1,7,2025-09-30,2026-04-29
10094,Male,Gen X,one_and_done,1,1,2026-05-16,2026-05-16
10095,Male,Boomer,occasional,1,4,2025-10-02,2026-01-16
10096,Male,Millennial,one_and_done,2,1,2025-10-20,2025-10-20
10097,Female,Gen X,loyal,5,22,2025-07-11,2026-06-19
10098,Female,Millennial,one_and_done,6,1,2025-11-15,2025-11-15
10099,Male,Millennial,loyal,2,30,2025-07-14,2026-06-10
10100,Female,Gen X,one_and_done,2,1,2026-06-19,2026-06-19
10101,Female,Millennial,one_and_done,1,1,2025-11-30,2025-11-30
10102,Male,Millennial,one_and_done,8,1,2025-12-06,2025-12-06
10103,Female,Gen Z,one_and_done,1,1,2025-10-10,2025-10-10
10104,Male,Gen X,occasional,2,5,2025-07-05,2026-03-27
10105,Female,Millennial,occasional,1,6,2025-07-08,2026-04-13
10106,Male,Millennial,occasional,2,7,2025-08-01,2026-05-14
10107,Male,Millennial,regular,2,21,2025-07-02,2026-06-15
10108,Male,Gen Z,loyal,8,22,2025-08-25,2026-06-16
10109,Female,Millennial,one_and_done,1,1,2026-04-02,2026-04-02
10110,Male,Gen X,loyal,4,24,2025-07-11,2026-06-19
10111,Female,Gen Z,one_and_done,1,1,2025-10-04,2025-10-04
10112,Male,Gen Z,one_and_done,4,1,2025-08-27,2025-08-27
10113,Male,Millennial,one_and_done,7,1,2025-09-17,2025-09-17
10114,Male,Millennial,occasional,1,7,2025-07-11,2025-12-12
10115,Male,Boomer,one_and_done,1,1,2026-01-05,2026-01-05
10116,Male,Gen Z,regular,1,15,2025-07-15,2026-06-18
10117,Male,Millennial,occasional,6,7,2025-07-11,2026-04-23
10118,Male,Millennial,one_and_done,1,1,2025-11-12,2025-11-12
10119,Male,Millennial,one_and_done,3,1,2025-12-19,2025-12-19
10120,Female,Gen X,one_and_done,1,1,2026-04-25,2026-04-25
10121,Male,Boomer,regular,1,12,2025-08-01,2026-05-10
10122,Male,Millennial,regular,1,21,2025-07-11,2026-06-19
10123,Male,Boomer,one_and_done,3,1,2026-03-02,2026-03-02
10124,Male,Millennial,regular,1,21,2025-07-04,2026-04-24
10125,Male,Millennial,occasional,2,7,2025-07-13,2026-01-28
10126,Female,Millennial,occasional,1,6,2025-07-05,2026-06-16
10127,Female,Gen Z,one_and_done,6,1,2025-10-05,2025-10-05
10128,Male,Millennial,one_and_done,1,1,2026-04-21,2026-04-21
10129,Female,Millennial,occasional,1,6,2025-08-03,2026-06-01
10130,Male,Gen Z,occasional,8,5,2025-08-03,2026-03-19
10131,Male,Millennial,one_and_done,1,1,2025-11-21,2025-11-21
10132,Female,Millennial,one_and_done,1,1,2026-02-27,2026-02-27
10133,Male,Millennial,occasional,1,7,2025-07-20,2026-06-04
10134,Female,Gen Z,occasional,3,4,2025-07-18,2026-03-21
10135,Female,Millennial,occasional,2,6,2025-07-11,2026-05-01
10136,Male,Gen Z,loyal,1,22,2025-06-30,2026-06-09
10137,Female,Millennial,one_and_done,1,1,2025-10-17,2025-10-17
10138,Male,Millennial,one_and_done,1,1,2025-08-15,2025-08-15
10139,Female,Millennial,occasional,3,6,2025-08-16,2026-04-23
10140,Male,Millennial,occasional,1,7,2025-08-04,2026-06-20
10141,Male,Boomer,regular,1,12,2025-07-10,2026-05-23
10142,Male,Gen Z,occasional,4,5,2025-10-01,2026-06-04
10143,Female,Gen X,occasional,1,5,2025-08-09,2026-05-29
10144,Female,Millennial,regular,1,18,2025-08-12,2026-04-28
10145,Male,Millennial,one_and_done,1,1,2025-10-29,2025-10-29
10146,Female,Gen X,regular,8,15,2025-07-14,2026-06-18
10147,Male,Boomer,regular,1,12,2025-09-27,2026-06-23
10148,Female,Gen X,one_and_done,1,1,2026-02-23,2026-02-23
10149,Male,Millennial,regular,1,21,2025-07-03,2026-05-28
10150,Female,Boomer,regular,5,10,2025-08-30,2026-06-13
10151,Female,Millennial,loyal,1,26,2025-06-30,2026-06-11
10152,Male,Millennial,one_and_done,2,1,2026-03-26,2026-03-26
10153,Male,Gen X,one_and_done,4,1,2025-07-26,2025-07-26
10154,Male,Gen X,regular,3,16,2025-07-02,2026-06-17
10155,Female,Millennial,occasional,1,6,2025-08-20,2026-01-23
10156,Male,Millennial,occasional,1,7,2025-09-04,2026-04-05
10157,Male,Millennial,one_and_done,2,1,2025-08-16,2025-08-16
10158,Male,Millennial,regular,5,21,2025-07-21,2026-05-23
10159,Female,Millennial,regular,1,18,2025-07-24,2026-06-18
10160,Male,Millennial,one_and_done,1,1,2025-09-05,2025-09-05
10161,Male,Millennial,one_and_done,2,1,2026-01-03,2026-01-03
10162,Male,Gen Z,one_and_done,9,1,2025-11-19,2025-11-19
10163,Male,Millennial,regular,2,21,2025-07-08,2026-06-08
10164,Male,Millennial,one_and_done,7,1,2025-07-04,2025-07-04
10165,Male,Boomer,one_and_done,1,1,2026-02-09,2026-02-09
10166,Male,Boomer,regular,1,12,2025-07-29,2026-05-29
10167,Male,Boomer,one_and_done,3,1,2025-07-25,2025-07-25
10168,Female,Gen Z,one_and_done,7,1,2026-02-03,2026-02-03
10169,Male,Gen Z,one_and_done,4,1,2025-09-10,2025-09-10
10170,Male,Gen Z,one_and_done,2,1,2025-08-05,2025-08-05
10171,Female,Gen Z,regular,2,13,2025-07-08,2026-06-02
10172,Male,Millennial,one_and_done,5,1,2026-04-16,2026-04-16
10173,Female,Millennial,occasional,1,6,2025-07-29,2026-03-02
10174,Female,Gen X,regular,10,15,2025-10-14,2026-05-22
10175,Male,Gen X,one_and_done,1,1,2026-02-13,2026-02-13
10176,Male,Millennial,one_and_done,1,1,2026-04-21,2026-04-21
10177,Male,Millennial,regular,3,21,2025-07-01,2026-06-04
10178,Male,Millennial,one_and_done,8,1,2025-10-02,2025-10-02
10179,Male,Millennial,one_and_done,3,1,2025-11-29,2025-11-29
10180,Male,Gen Z,loyal,1,22,2025-07-01,2026-06-19
10181,Female,Millennial,occasional,3,6,2025-09-26,2026-06-16
10182,Male,Gen Z,regular,5,15,2025-07-05,2026-06-09
10183,Female,Gen Z,one_and_done,5,1,2026-05-25,2026-05-25
10184,Male,Gen Z,one_and_done,1,1,2025-07-22,2025-07-22
10185,Male,Gen X,loyal,1,24,2025-07-19,2026-06-16
10186,Male,Gen X,one_and_done,1,1,2026-02-12,2026-02-12
10187,Male,Boomer,one_and_done,4,1,2026-03-27,2026-03-27
10188,Male,Millennial,loyal,1,30,2025-07-04,2026-06-23
10189,Female,Millennial,occasional,1,6,2025-09-27,2026-06-12
10190,Male,Millennial,one_and_done,1,1,2026-01-18,2026-01-18
10191,Male,Millennial,one_and_done,6,1,2026-05-29,2026-05-29
10192,Male,Gen X,occasional,1,5,2025-08-06,2025-12-22
10193,Female,Gen X,loyal,2,22,2025-08-03,2026-06-21
10194,Male,Millennial,regular,6,21,2025-07-20,2026-06-04
10195,Male,Millennial,one_and_done,1,1,2026-02-07,2026-02-07
10196,Female,Gen Z,regular,1,13,2025-07-10,2026-05-25
10197,Male,Gen Z,one_and_done,8,1,2025-07-11,2025-07-11
10198,Female,Gen X,regular,3,15,2025-07-08,2026-06-21
10199,Female,Millennial,one_and_done,1,1,2025-09-24,2025-09-24
10200,Male,Boomer,loyal,3,17,2025-07-15,2026-05-31
10201,Male,Millennial,occasional,2,7,2025-08-18,2026-06-23
10202,Female,Gen X,occasional,1,5,2025-07-13,2026-03-13
10203,Male,Gen Z,one_and_done,5,1,2026-06-17,2026-06-17
10204,Female,Millennial,one_and_done,6,1,2026-01-24,2026-01-24
10205,Female,Millennial,one_and_done,2,1,2025-09-28,2025-09-28
10206,Male,Gen Z,one_and_done,2,1,2025-08-07,2025-08-07
10207,Female,Millennial,one_and_done,1,1,2026-04-30,2026-04-30
10208,Female,Gen X,one_and_done,3,1,2026-03-18,2026-03-18
10209,Male,Gen Z,one_and_done,1,1,2026-01-19,2026-01-19
10210,Female,Millennial,one_and_done,1,1,2026-03-27,2026-03-27
10211,Male,Gen Z,one_and_done,1,1,2025-10-11,2025-10-11
10212,Male,Boomer,one_and_done,1,1,2025-12-05,2025-12-05
10213,Female,Millennial,occasional,1,6,2025-08-12,2026-04-09
10214,Male,Millennial,regular,1,21,2025-07-04,2026-05-29
10215,Female,Millennial,one_and_done,3,1,2026-04-01,2026-04-01
10216,Male,Gen X,one_and_done,7,1,2026-01-23,2026-01-23
10217,Female,Millennial,regular,1,18,2025-08-08,2026-06-12
10218,Male,Millennial,loyal,1,30,2025-07-07,2026-06-21
10219,Male,Millennial,occasional,1,7,2025-08-16,2026-05-23
10220,Male,Gen X,one_and_done,1,1,2025-10-11,2025-10-11
10221,Male,Gen Z,regular,3,15,2025-07-15,2026-06-03
10222,Female,Millennial,occasional,5,6,2025-08-27,2026-06-09
10223,Male,Millennial,occasional,1,7,2025-08-13,2026-05-23
10224,Female,Millennial,one_and_done,2,1,2025-10-30,2025-10-30
10225,Male,Millennial,occasional,9,7,2025-12-03,2026-04-30
10226,Male,Gen Z,one_and_done,4,1,2026-06-01,2026-06-01
10227,Male,Gen Z,regular,3,15,2025-07-04,2026-06-23
10228,Female,Millennial,one_and_done,3,1,2025-09-01,2025-09-01
10229,Male,Gen X,regular,1,16,2025-07-29,2026-06-17
10230,Female,Gen Z,one_and_done,1,1,2026-06-22,2026-06-22
10231,Male,Millennial,occasional,1,7,2025-08-22,2026-06-14
10232,Male,Millennial,one_and_done,1,1,2025-07-18,2025-07-18
10233,Male,Millennial,one_and_done,1,1,2025-07-16,2025-07-16
10234,Male,Millennial,occasional,3,7,2025-08-29,2026-05-10
10235,Female,Millennial,one_and_done,2,1,2025-08-09,2025-08-09
10236,Male,Millennial,occasional,1,7,2025-08-08,2026-05-30
10237,Female,Gen Z,one_and_done,1,1,2025-10-14,2025-10-14
10238,Female,Boomer,occasional,1,3,2025-08-08,2026-05-22
10239,Male,Millennial,one_and_done,1,1,2026-05-06,2026-05-06
10240,Female,Gen X,one_and_done,1,1,2026-02-03,2026-02-03
10241,Female,Gen X,one_and_done,3,1,2025-07-04,2025-07-04
10242,Male,Gen Z,one_and_done,4,1,2025-09-20,2025-09-20
10243,Male,Millennial,occasional,1,7,2025-08-21,2026-05-06
10244,Male,Millennial,one_and_done,1,1,2026-04-29,2026-04-29
10245,Female,Gen Z,one_and_done,1,1,2025-11-06,2025-11-06
10246,Female,Millennial,one_and_done,1,1,2025-10-04,2025-10-04
10247,Male,Gen X,occasional,1,5,2025-12-24,2026-06-19
10248,Male,Gen X,regular,1,16,2025-08-12,2026-06-18
10249,Female,Millennial,regular,2,18,2025-09-02,2026-06-01
10250,Male,Millennial,one_and_done,1,1,2025-07-22,2025-07-22
10251,Male,Gen Z,one_and_done,1,1,2025-09-30,2025-09-30
10252,Male,Gen Z,occasional,1,5,2025-09-04,2026-06-07
10253,Male,Millennial,regular,1,21,2025-07-16,2026-04-23
10254,Female,Millennial,occasional,2,6,2025-07-25,2026-02-03
10255,Female,Boomer,regular,2,10,2025-07-06,2026-06-08
10256,Male,Gen Z,occasional,1,5,2025-08-15,2026-04-24
10257,Female,Boomer,regular,2,10,2025-07-05,2026-06-04
10258,Male,Gen Z,occasional,4,5,2025-08-16,2026-05-10
10259,Male,Millennial,occasional,2,7,2025-09-12,2026-06-06
10260,Male,Gen Z,regular,1,15,2025-07-16,2026-06-23
10261,Male,Boomer,regular,1,12,2025-07-16,2026-06-02
10262,Male,Millennial,one_and_done,4,1,2025-11-04,2025-11-04
10263,Male,Millennial,regular,4,21,2025-08-07,2026-06-19
10264,Female,Gen Z,one_and_done,4,1,2025-10-27,2025-10-27
10265,Female,Millennial,one_and_done,6,1,2026-04-16,2026-04-16
10266,Male,Gen Z,one_and_done,4,1,2025-09-20,2025-09-20
10267,Female,Millennial,occasional,2,6,2025-07-20,2026-06-07
10268,Male,Millennial,regular,1,21,2025-08-08,2026-06-21
10269,Female,Millennial,one_and_done,6,1,2026-01-12,2026-01-12
10270,Female,Millennial,one_and_done,5,1,2025-10-18,2025-10-18
10271,Female,Gen Z,one_and_done,1,1,2026-06-03,2026-06-03
10272,Male,Millennial,one_and_done,3,1,2025-08-09,2025-08-09
10273,Male,Gen Z,regular,1,15,2025-07-10,2026-05-25
10274,Male,Gen X,one_and_done,1,1,2026-03-14,2026-03-14
10275,Female,Millennial,one_and_done,9,1,2026-06-08,2026-06-08
10276,Male,Gen Z,occasional,3,5,2025-07-11,2026-06-01
10277,Male,Millennial,one_and_done,6,1,2025-08-15,2025-08-15
10278,Female,Gen Z,regular,1,13,2025-07-11,2026-06-23
10279,Female,Gen Z,one_and_done,1,1,2025-08-22,2025-08-22
10280,Male,Gen X,one_and_done,8,1,2026-04-09,2026-04-09
10281,Male,Millennial,one_and_done,1,1,2026-03-14,2026-03-14
10282,Male,Gen Z,one_and_done,5,1,2026-03-19,2026-03-19
10283,Male,Gen Z,one_and_done,6,1,2026-04-02,2026-04-02
10284,Male,Millennial,one_and_done,2,1,2025-07-15,2025-07-15
10285,Female,Millennial,loyal,2,26,2025-07-02,2026-06-19
10286,Male,Millennial,regular,1,21,2025-07-07,2026-05-29
10287,Female,Millennial,occasional,3,6,2025-09-11,2026-06-19
10288,Male,Millennial,one_and_done,8,1,2026-02-26,2026-02-26
10289,Male,Gen Z,one_and_done,1,1,2025-10-07,2025-10-07
10290,Male,Gen X,one_and_done,4,1,2025-08-14,2025-08-14
10291,Male,Millennial,regular,2,21,2025-07-04,2026-05-22
10292,Male,Gen Z,one_and_done,5,1,2026-04-24,2026-04-24
10293,Female,Millennial,loyal,2,26,2025-07-06,2026-06-20
10294,Female,Gen Z,one_and_done,1,1,2026-03-10,2026-03-10
10295,Female,Millennial,regular,1,18,2025-06-30,2026-05-21
10296,Female,Gen X,one_and_done,1,1,2025-07-05,2025-07-05
10297,Male,Gen Z,occasional,1,5,2025-12-27,2026-06-10
10298,Female,Gen Z,one_and_done,4,1,2025-07-20,2025-07-20
10299,Female,Millennial,regular,2,18,2025-07-18,2026-06-22
10300,Female,Millennial,regular,1,18,2025-07-07,2026-06-20
10301,Male,Gen Z,regular,4,15,2025-07-18,2026-06-19
10302,Male,Gen Z,one_and_done,1,1,2026-03-23,2026-03-23
10303,Male,Millennial,one_and_done,1,1,2026-06-15,2026-06-15
10304,Male,Gen Z,one_and_done,3,1,2025-10-22,2025-10-22
10305,Female,Gen Z,loyal,6,19,2025-07-19,2026-06-15
10306,Female,Millennial,regular,3,18,2025-07-04,2026-05-09
10307,Male,Millennial,occasional,1,7,2025-07-16,2026-06-08
10308,Male,Gen Z,one_and_done,1,1,2025-10-08,2025-10-08
10309,Male,Millennial,one_and_done,2,1,2026-05-17,2026-05-17
10310,Male,Gen Z,one_and_done,2,1,2026-04-24,2026-04-24
10311,Male,Gen X,one_and_done,1,1,2026-03-05,2026-03-05
10312,Male,Gen X,one_and_done,1,1,2026-01-19,2026-01-19
10313,Female,Gen X,one_and_done,2,1,2025-08-06,2025-08-06
10314,Male,Millennial,occasional,1,7,2025-09-16,2026-05-11
10315,Female,Millennial,regular,1,18,2025-09-13,2026-06-19
10316,Male,Millennial,occasional,1,7,2025-07-03,2026-06-07
10317,Female,Gen Z,loyal,1,19,2025-08-13,2026-06-03
10318,Male,Millennial,regular,1,21,2025-07-08,2026-06-09
10319,Female,Millennial,one_and_done,5,1,2026-03-21,2026-03-21
10320,Male,Millennial,occasional,2,7,2025-08-11,2026-06-18
10321,Female,Gen Z,one_and_done,6,1,2025-11-09,2025-11-09
10322,Male,Gen X,one_and_done,1,1,2026-06-22,2026-06-22
10323,Male,Millennial,one_and_done,1,1,2026-03-07,2026-03-07
10324,Male,Gen Z,one_and_done,1,1,2025-07-10,2025-07-10
10325,Male,Millennial,regular,4,21,2025-07-28,2026-06-09
10326,Female,Gen Z,occasional,2,4,2025-07-16,2026-05-24
10327,Male,Gen X,occasional,2,5,2025-07-08,2026-01-16
10328,Female,Gen Z,one_and_done,6,1,2026-02-21,2026-02-21
10329,Male,Gen Z,one_and_done,1,1,2025-09-25,2025-09-25
10330,Female,Millennial,one_and_done,2,1,2026-05-05,2026-05-05
10331,Female,Gen X,occasional,1,5,2025-07-21,2026-06-10
10332,Male,Gen Z,occasional,1,5,2025-10-15,2026-03-30
10333,Female,Gen Z,occasional,6,4,2026-03-10,2026-06-18
10334,Male,Boomer,one_and_done,3,1,2025-12-20,2025-12-20
10335,Male,Millennial,one_and_done,6,1,2026-03-30,2026-03-30
10336,Male,Millennial,one_and_done,1,1,2025-09-23,2025-09-23
10337,Male,Gen Z,one_and_done,1,1,2026-06-19,2026-06-19
10338,Male,Gen Z,occasional,2,5,2025-07-15,2026-05-07
10339,Male,Millennial,one_and_done,2,1,2025-10-28,2025-10-28
10340,Male,Millennial,one_and_done,1,1,2026-04-20,2026-04-20
10341,Male,Gen Z,one_and_done,7,1,2026-04-03,2026-04-03
10342,Male,Gen Z,one_and_done,1,1,2026-03-05,2026-03-05
10343,Male,Millennial,one_and_done,1,1,2025-08-22,2025-08-22
10344,Female,Millennial,occasional,4,6,2025-07-27,2026-03-01
10345,Male,Gen Z,regular,2,15,2025-07-23,2026-06-10
10346,Male,Gen Z,occasional,1,5,2025-09-08,2026-03-29
10347,Female,Gen X,one_and_done,1,1,2026-05-07,2026-05-07
10348,Male,Gen X,regular,4,16,2025-07-01,2026-06-18
10349,Female,Gen X,one_and_done,1,1,2025-08-31,2025-08-31
10350,Female,Gen X,one_and_done,4,1,2026-02-24,2026-02-24
10351,Female,Gen X,one_and_done,4,1,2025-07-15,2025-07-15
10352,Male,Gen Z,one_and_done,7,1,2026-04-11,2026-04-11
10353,Male,Gen Z,loyal,5,22,2025-08-21,2026-06-13
10354,Female,Gen Z,one_and_done,6,1,2026-01-05,2026-01-05
10355,Female,Millennial,occasional,1,6,2025-08-27,2025-12-11
10356,Male,Millennial,one_and_done,5,1,2026-02-27,2026-02-27
10357,Male,Millennial,one_and_done,1,1,2025-10-22,2025-10-22
10358,Female,Millennial,regular,2,18,2025-07-26,2026-05-10
10359,Male,Gen Z,regular,1,15,2025-08-01,2026-06-15
10360,Male,Gen Z,one_and_done,1,1,2025-12-26,2025-12-26
10361,Female,Gen X,one_and_done,7,1,2025-11-06,2025-11-06
10362,Male,Millennial,one_and_done,1,1,2025-11-13,2025-11-13
10363,Female,Millennial,regular,3,18,2025-08-11,2026-06-15
10364,Female,Millennial,regular,1,18,2025-07-05,2026-05-29
10365,Male,Gen X,one_and_done,1,1,2025-07-27,2025-07-27
10366,Male,Millennial,one_and_done,1,1,2025-07-27,2025-07-27
10367,Male,Gen Z,one_and_done,1,1,2025-12-11,2025-12-11
10368,Male,Gen Z,one_and_done,6,1,2026-03-15,2026-03-15
10369,Male,Millennial,one_and_done,5,1,2025-08-06,2025-08-06
10370,Male,Boomer,regular,1,12,2025-07-03,2026-05-28
10371,Female,Gen Z,occasional,6,4,2025-08-06,2026-06-14
10372,Male,Gen Z,occasional,1,5,2025-08-12,2026-06-04
10373,Female,Gen Z,one_and_done,1,1,2025-08-13,2025-08-13
10374,Female,Gen Z,occasional,1,4,2025-08-16,2026-03-14
10375,Female,Millennial,regular,1,18,2025-08-01,2026-06-20
10376,Female,Millennial,loyal,1,26,2025-07-10,2026-06-04
10377,Female,Gen Z,one_and_done,7,1,2026-04-20,2026-04-20
10378,Male,Millennial,occasional,8,7,2025-08-15,2026-06-22
10379,Female,Gen Z,loyal,1,19,2025-08-09,2026-06-20
10380,Female,Gen X,occasional,8,5,2025-09-14,2026-06-22
10381,Male,Gen Z,occasional,1,5,2025-07-26,2026-06-05
10382,Male,Gen X,occasional,1,5,2025-11-29,2026-05-07
10383,Female,Millennial,occasional,3,6,2025-08-09,2026-03-09
10384,Female,Gen X,occasional,3,5,2025-07-14,2026-06-18
10385,Female,Gen X,one_and_done,7,1,2025-10-27,2025-10-27
10386,Male,Gen Z,occasional,2,5,2025-07-23,2026-04-16
10387,Male,Gen Z,occasional,2,5,2025-07-02,2026-02-10
10388,Male,Millennial,one_and_done,1,1,2025-08-18,2025-08-18
10389,Female,Gen Z,occasional,4,4,2025-09-11,2026-06-20
10390,Female,Gen X,occasional,3,5,2025-09-11,2026-04-22
10391,Female,Gen Z,regular,4,13,2025-07-04,2026-06-15
10392,Male,Millennial,regular,2,21,2025-07-06,2026-05-19
10393,Female,Millennial,regular,1,18,2025-07-19,2026-06-23
10394,Female,Boomer,one_and_done,4,1,2025-12-26,2025-12-26
10395,Male,Gen X,occasional,1,5,2026-02-15,2026-05-17
10396,Male,Millennial,one_and_done,1,1,2025-07-26,2025-07-26
10397,Female,Millennial,one_and_done,4,1,2026-06-10,2026-06-10
10398,Male,Gen X,occasional,1,5,2025-11-13,2026-06-07
10399,Male,Gen X,one_and_done,1,1,2026-02-06,2026-02-06
10400,Male,Gen X,one_and_done,1,1,2026-05-18,2026-05-18
10401,Male,Boomer,occasional,1,4,2025-10-10,2026-02-17
10402,Male,Millennial,occasional,2,7,2025-08-14,2026-05-15
10403,Male,Millennial,one_and_done,1,1,2025-08-21,2025-08-21
10404,Female,Millennial,regular,3,18,2025-07-01,2026-06-18
10405,Female,Gen Z,one_and_done,2,1,2025-09-11,2025-09-11
10406,Male,Gen Z,loyal,4,22,2025-07-04,2026-06-09
10407,Female,Gen Z,one_and_done,1,1,2026-03-17,2026-03-17
10408,Male,Gen Z,one_and_done,1,1,2026-02-22,2026-02-22
10409,Male,Millennial,one_and_done,1,1,2025-08-10,2025-08-10
10410,Male,Gen X,one_and_done,1,1,2025-08-30,2025-08-30
10411,Male,Gen X,occasional,1,5,2025-09-14,2026-02-07
10412,Male,Millennial,occasional,2,7,2025-11-28,2026-03-26
10413,Female,Boomer,one_and_done,5,1,2026-03-21,2026-03-21
10414,Male,Gen Z,one_and_done,1,1,2025-11-12,2025-11-12
10415,Female,Millennial,occasional,2,6,2025-08-23,2026-04-30
10416,Male,Millennial,occasional,3,7,2025-07-06,2026-03-22
10417,Male,Millennial,loyal,1,30,2025-07-11,2026-06-02
10418,Male,Gen X,one_and_done,1,1,2026-06-13,2026-06-13
10419,Male,Gen Z,occasional,1,5,2025-08-29,2026-04-22
10420,Female,Millennial,occasional,5,6,2025-10-22,2026-06-06
10421,Male,Gen X,one_and_done,1,1,2026-01-10,2026-01-10
10422,Male,Millennial,occasional,1,7,2025-09-25,2026-06-22
10423,Male,Millennial,occasional,6,7,2025-09-26,2026-05-17
10424,Male,Millennial,one_and_done,2,1,2026-01-10,2026-01-10
10425,Male,Millennial,one_and_done,2,1,2026-05-10,2026-05-10
10426,Female,Gen Z,regular,1,13,2025-08-07,2026-06-01
10427,Male,Millennial,regular,5,21,2025-07-10,2026-06-08
10428,Female,Gen X,one_and_done,2,1,2025-08-10,2025-08-10
10429,Female,Gen X,one_and_done,5,1,2026-02-15,2026-02-15
10430,Male,Millennial,one_and_done,4,1,2025-11-03,2025-11-03
10431,Male,Gen Z,regular,2,15,2025-09-21,2026-06-19
10432,Male,Gen X,one_and_done,1,1,2026-05-15,2026-05-15
10433,Male,Gen X,one_and_done,1,1,2025-12-16,2025-12-16
10434,Female,Boomer,loyal,1,15,2025-07-04,2026-06-04
10435,Female,Gen X,occasional,2,5,2025-10-25,2026-04-18
10436,Male,Boomer,one_and_done,4,1,2025-12-05,2025-12-05
10437,Female,Millennial,loyal,4,26,2025-07-08,2026-06-18
10438,Male,Gen X,one_and_done,6,1,2026-02-14,2026-02-14
10439,Male,Gen Z,regular,1,15,2025-10-21,2026-06-20
10440,Male,Gen Z,loyal,2,22,2025-06-30,2026-06-02
10441,Male,Gen X,one_and_done,1,1,2026-01-01,2026-01-01
10442,Female,Millennial,occasional,1,6,2025-08-19,2026-05-15
10443,Female,Gen Z,occasional,8,4,2025-09-01,2025-12-06
10444,Female,Millennial,one_and_done,1,1,2026-02-12,2026-02-12
10445,Female,Millennial,loyal,1,26,2025-07-11,2026-06-10
10446,Male,Millennial,occasional,5,7,2025-09-16,2026-06-19
10447,Male,Boomer,occasional,7,4,2025-07-24,2026-02-11
10448,Male,Gen Z,regular,5,15,2025-09-03,2026-06-23
10449,Female,Gen Z,one_and_done,1,1,2026-06-12,2026-06-12
10450,Male,Gen X,regular,1,16,2025-07-19,2026-04-22
10451,Male,Millennial,regular,2,21,2025-07-15,2026-06-15
10452,Male,Gen Z,loyal,1,22,2025-07-18,2026-06-09
10453,Female,Millennial,one_and_done,3,1,2026-03-11,2026-03-11
10454,Male,Millennial,one_and_done,1,1,2026-01-14,2026-01-14
10455,Male,Gen Z,one_and_done,1,1,2026-05-27,2026-05-27
10456,Female,Millennial,loyal,1,26,2025-06-30,2026-06-19
10457,Male,Millennial,one_and_done,1,1,2026-02-08,2026-02-08
10458,Female,Millennial,one_and_done,6,1,2025-10-02,2025-10-02
10459,Male,Gen Z,occasional,1,5,2025-09-22,2026-06-13
10460,Male,Gen Z,one_and_done,1,1,2025-11-30,2025-11-30
10461,Female,Millennial,loyal,1,26,2025-06-30,2026-06-06
10462,Female,Millennial,occasional,4,6,2026-01-23,2026-05-17
10463,Female,Boomer,regular,1,10,2025-07-24,2026-06-04
10464,Female,Gen X,occasional,1,5,2025-07-03,2026-02-14
10465,Male,Gen X,regular,1,16,2025-07-05,2026-04-28
10466,Male,Millennial,one_and_done,1,1,2026-06-10,2026-06-10
10467,Female,Gen Z,loyal,6,19,2025-07-08,2026-06-02
10468,Male,Gen Z,regular,2,15,2025-07-26,2026-06-16
10469,Male,Millennial,regular,1,21,2025-07-25,2026-06-02
10470,Male,Millennial,regular,1,21,2025-07-08,2026-06-15
10471,Male,Gen Z,occasional,1,5,2025-07-28,2026-05-28
10472,Female,Millennial,one_and_done,2,1,2026-05-22,2026-05-22
10473,Female,Millennial,one_and_done,1,1,2025-12-05,2025-12-05
10474,Male,Millennial,one_and_done,2,1,2026-05-27,2026-05-27
10475,Male,Gen Z,one_and_done,2,1,2026-02-11,2026-02-11
10476,Male,Gen X,one_and_done,1,1,2026-03-22,2026-03-22
10477,Male,Millennial,regular,1,21,2025-08-01,2026-06-09
10478,Male,Gen Z,occasional,1,5,2025-07-19,2026-04-26
10479,Male,Gen Z,loyal,1,22,2025-07-01,2026-06-15
10480,Male,Gen X,occasional,1,5,2025-07-11,2026-05-26
10481,Female,Gen X,one_and_done,1,1,2025-10-09,2025-10-09
10482,Male,Boomer,occasional,2,4,2026-03-18,2026-06-19
10483,Male,Millennial,occasional,2,7,2025-07-04,2026-06-16
10484,Female,Gen Z,one_and_done,1,1,2025-07-28,2025-07-28
10485,Male,Gen X,occasional,5,5,2025-07-21,2026-05-13
10486,Male,Gen Z,occasional,1,5,2025-11-01,2026-05-07
10487,Female,Millennial,regular,1,18,2025-07-16,2026-05-31
10488,Male,Millennial,regular,2,21,2025-07-01,2026-06-14
10489,Male,Millennial,one_and_done,5,1,2025-07-03,2025-07-03
10490,Male,Gen Z,loyal,4,22,2025-07-25,2026-06-23
10491,Male,Millennial,occasional,1,7,2025-07-13,2026-06-23
10492,Male,Millennial,one_and_done,3,1,2026-01-12,2026-01-12
10493,Female,Millennial,one_and_done,5,1,2025-11-16,2025-11-16
10494,Male,Gen Z,regular,1,15,2025-07-07,2026-06-21
10495,Male,Millennial,loyal,2,30,2025-07-06,2026-06-21
10496,Male,Gen X,occasional,1,5,2025-07-17,2026-05-22
10497,Male,Gen X,one_and_done,1,1,2026-03-01,2026-03-01
10498,Male,Gen X,one_and_done,8,1,2025-12-22,2025-12-22
10499,Male,Millennial,one_and_done,4,1,2025-09-26,2025-09-26
10500,Male,Millennial,one_and_done,6,1,2025-10-15,2025-10-15
10501,Male,Boomer,one_and_done,1,1,2025-12-18,2025-12-18
10502,Female,Gen Z,occasional,1,4,2025-07-17,2026-03-13
10503,Male,Millennial,regular,1,21,2025-08-09,2026-06-22
10504,Female,Millennial,occasional,1,6,2025-08-18,2026-05-25
10505,Male,Gen X,one_and_done,6,1,2026-04-26,2026-04-26
10506,Female,Millennial,one_and_done,1,1,2025-08-01,2025-08-01
10507,Female,Millennial,one_and_done,6,1,2025-12-23,2025-12-23
10508,Male,Gen Z,one_and_done,4,1,2026-01-16,2026-01-16
10509,Male,Gen X,one_and_done,3,1,2026-02-20,2026-02-20
10510,Male,Gen Z,one_and_done,7,1,2025-07-19,2025-07-19
10511,Male,Millennial,occasional,1,7,2025-08-04,2026-06-15
10512,Male,Millennial,one_and_done,1,1,2025-08-06,2025-08-06
10513,Male,Gen X,one_and_done,7,1,2026-03-21,2026-03-21
10514,Male,Millennial,one_and_done,1,1,2025-09-12,2025-09-12
10515,Male,Gen X,one_and_done,1,1,2025-07-26,2025-07-26
10516,Male,Gen Z,occasional,5,5,2025-08-14,2026-06-23
10517,Male,Millennial,one_and_done,1,1,2026-02-18,2026-02-18
10518,Male,Millennial,loyal,6,30,2025-07-26,2026-06-12
10519,Male,Boomer,loyal,1,17,2025-07-27,2026-06-20
10520,Male,Millennial,one_and_done,1,1,2026-03-20,2026-03-20
10521,Male,Millennial,one_and_done,1,1,2025-12-18,2025-12-18
10522,Male,Millennial,loyal,4,30,2025-07-18,2026-06-19
10523,Male,Millennial,occasional,1,7,2025-07-09,2026-04-11
10524,Male,Millennial,one_and_done,1,1,2026-03-03,2026-03-03
10525,Female,Millennial,one_and_done,1,1,2025-09-03,2025-09-03
10526,Male,Gen Z,regular,5,15,2025-07-03,2026-05-25
10527,Male,Gen Z,regular,4,15,2025-07-19,2026-06-12
10528,Male,Millennial,one_and_done,5,1,2026-06-05,2026-06-05
10529,Female,Millennial,one_and_done,4,1,2026-05-15,2026-05-15
10530,Male,Gen Z,occasional,1,5,2025-08-23,2026-06-13
10531,Male,Millennial,regular,5,21,2025-07-10,2026-06-19
10532,Male,Millennial,one_and_done,1,1,2026-04-07,2026-04-07
10533,Male,Millennial,one_and_done,1,1,2026-05-20,2026-05-20
10534,Female,Gen X,regular,1,15,2025-07-20,2026-05-10
10535,Female,Gen X,one_and_done,1,1,2026-03-29,2026-03-29
10536,Male,Gen X,regular,7,16,2025-07-07,2026-05-15
10537,Female,Gen Z,one_and_done,1,1,2026-05-20,2026-05-20
10538,Male,Gen X,one_and_done,1,1,2026-01-25,2026-01-25
10539,Male,Boomer,one_and_done,7,1,2026-04-18,2026-04-18
10540,Female,Gen Z,occasional,1,4,2025-12-21,2026-05-16
10541,Female,Gen X,one_and_done,1,1,2026-05-25,2026-05-25
10542,Female,Gen X,one_and_done,4,1,2025-09-10,2025-09-10
10543,Male,Millennial,one_and_done,5,1,2025-10-17,2025-10-17
10544,Female,Gen X,regular,2,15,2025-07-11,2026-05-18
10545,Male,Millennial,one_and_done,1,1,2026-01-11,2026-01-11
10546,Female,Gen Z,one_and_done,1,1,2026-06-05,2026-06-05
10547,Male,Gen X,one_and_done,1,1,2025-09-15,2025-09-15
10548,Male,Gen X,one_and_done,4,1,2025-11-20,2025-11-20
10549,Male,Millennial,one_and_done,1,1,2025-11-07,2025-11-07
10550,Male,Millennial,occasional,1,7,2025-07-18,2026-06-13
10551,Male,Gen Z,occasional,1,5,2025-09-11,2026-04-27
10552,Male,Millennial,loyal,1,30,2025-07-02,2026-06-23
10553,Male,Gen X,one_and_done,2,1,2026-06-19,2026-06-19
10554,Female,Gen X,regular,1,15,2025-07-05,2026-06-17
10555,Female,Gen Z,one_and_done,3,1,2026-03-18,2026-03-18
10556,Male,Millennial,regular,1,21,2025-07-06,2026-06-08
10557,Male,Millennial,occasional,3,7,2025-07-25,2026-06-18
10558,Male,Boomer,regular,2,12,2025-07-11,2026-06-12
10559,Female,Millennial,one_and_done,1,1,2025-10-25,2025-10-25
10560,Male,Millennial,one_and_done,6,1,2025-12-11,2025-12-11
10561,Male,Millennial,regular,1,21,2025-08-16,2026-06-06
10562,Female,Millennial,one_and_done,1,1,2025-11-22,2025-11-22
10563,Male,Boomer,regular,1,12,2025-07-17,2026-06-19
10564,Male,Millennial,loyal,1,30,2025-08-16,2026-06-18
10565,Male,Gen X,one_and_done,4,1,2026-04-04,2026-04-04
10566,Male,Millennial,one_and_done,1,1,2026-06-22,2026-06-22
10567,Female,Millennial,one_and_done,2,1,2026-06-23,2026-06-23
10568,Female,Millennial,one_and_done,1,1,2026-02-16,2026-02-16
10569,Male,Millennial,regular,1,21,2025-07-01,2026-06-23
10570,Male,Gen X,one_and_done,2,1,2025-07-25,2025-07-25
10571,Male,Gen Z,one_and_done,3,1,2026-06-06,2026-06-06
10572,Male,Millennial,one_and_done,1,1,2026-01-02,2026-01-02
10573,Male,Millennial,regular,1,21,2025-07-27,2026-06-18
10574,Male,Gen X,occasional,4,5,2025-07-04,2026-06-11
10575,Female,Gen Z,one_and_done,1,1,2025-09-29,2025-09-29
10576,Female,Boomer,one_and_done,1,1,2025-08-11,2025-08-11
10577,Male,Gen Z,one_and_done,1,1,2026-05-17,2026-05-17
10578,Female,Millennial,regular,10,18,2025-07-07,2026-05-19
10579,Male,Boomer,one_and_done,2,1,2025-07-03,2025-07-03
10580,Female,Gen X,one_and_done,1,1,2026-05-13,2026-05-13
10581,Male,Millennial,one_and_done,6,1,2026-06-01,2026-06-01
10582,Male,Millennial,loyal,1,30,2025-07-19,2026-05-26
10583,Female,Millennial,one_and_done,1,1,2025-09-27,2025-09-27
10584,Male,Millennial,one_and_done,4,1,2025-10-25,2025-10-25
10585,Male,Gen Z,regular,1,15,2025-08-13,2026-06-15
10586,Male,Gen Z,one_and_done,1,1,2025-12-27,2025-12-27
10587,Female,Millennial,occasional,1,6,2025-08-01,2026-03-18
10588,Male,Gen X,one_and_done,5,1,2026-03-28,2026-03-28
10589,Male,Gen X,one_and_done,2,1,2025-11-21,2025-11-21
10590,Female,Boomer,occasional,1,3,2026-02-24,2026-06-02
10591,Female,Millennial,regular,1,18,2025-07-14,2026-06-21
10592,Male,Millennial,loyal,2,30,2025-07-12,2026-06-14
10593,Female,Millennial,one_and_done,6,1,2026-02-01,2026-02-01
10594,Male,Gen X,one_and_done,1,1,2026-06-17,2026-06-17
10595,Female,Gen Z,one_and_done,1,1,2026-02-05,2026-02-05
10596,Male,Gen X,regular,6,16,2025-07-18,2026-06-12
10597,Male,Millennial,one_and_done,1,1,2025-07-07,2025-07-07
10598,Female,Gen Z,one_and_done,5,1,2026-05-01,2026-05-01
10599,Male,Millennial,loyal,1,30,2025-07-06,2026-06-19
10600,Female,Millennial,loyal,1,26,2025-07-05,2026-06-09
10601,Female,Boomer,occasional,5,3,2026-01-04,2026-06-20
10602,Female,Millennial,regular,5,18,2025-07-05,2026-06-12
10603,Male,Gen X,one_and_done,2,1,2026-03-02,2026-03-02
10604,Male,Millennial,one_and_done,5,1,2025-11-13,2025-11-13
10605,Female,Millennial,regular,1,18,2025-07-24,2026-05-13
10606,Female,Millennial,one_and_done,1,1,2025-08-05,2025-08-05
10607,Female,Millennial,one_and_done,1,1,2026-01-24,2026-01-24
10608,Male,Millennial,one_and_done,4,1,2025-08-01,2025-08-01
10609,Female,Millennial,occasional,2,6,2025-08-16,2026-06-09
10610,Male,Gen X,one_and_done,1,1,2025-10-05,2025-10-05
10611,Female,Millennial,occasional,4,6,2025-07-26,2026-05-18
10612,Male,Gen Z,regular,10,15,2025-07-04,2026-05-29
10613,Female,Gen X,loyal,1,22,2025-07-13,2026-06-21
10614,Male,Millennial,one_and_done,2,1,2025-12-19,2025-12-19
10615,Male,Gen X,occasional,1,5,2025-07-22,2026-06-09
10616,Female,Millennial,regular,3,18,2025-07-09,2026-06-20
10617,Male,Boomer,occasional,1,4,2025-10-17,2026-02-14
10618,Male,Gen X,regular,9,16,2025-07-30,2026-05-27
10619,Male,Millennial,one_and_done,1,1,2025-07-04,2025-07-04
10620,Male,Millennial,one_and_done,1,1,2026-01-09,2026-01-09
10621,Male,Gen X,occasional,9,5,2025-09-28,2026-05-04
10622,Male,Gen X,one_and_done,1,1,2026-03-24,2026-03-24
10623,Female,Millennial,regular,2,18,2025-07-06,2026-06-10
10624,Female,Gen X,loyal,1,22,2025-07-08,2026-06-18
10625,Male,Millennial,one_and_done,2,1,2026-06-02,2026-06-02
10626,Male,Millennial,one_and_done,3,1,2025-10-21,2025-10-21
10627,Female,Gen X,one_and_done,1,1,2026-02-27,2026-02-27
10628,Male,Millennial,regular,3,21,2025-07-31,2026-06-21
10629,Male,Gen X,regular,4,16,2025-06-30,2026-04-30
10630,Male,Millennial,one_and_done,5,1,2026-01-29,2026-01-29
10631,Male,Millennial,one_and_done,2,1,2026-03-16,2026-03-16
10632,Female,Boomer,occasional,4,3,2025-11-23,2026-06-17
10633,Male,Gen Z,occasional,1,5,2025-10-14,2026-05-21
10634,Female,Millennial,one_and_done,4,1,2025-10-11,2025-10-11
10635,Male,Boomer,occasional,1,4,2025-07-20,2026-06-12
10636,Male,Millennial,one_and_done,1,1,2026-05-29,2026-05-29
10637,Male,Gen X,one_and_done,5,1,2025-08-07,2025-08-07
10638,Female,Millennial,one_and_done,3,1,2025-09-20,2025-09-20
10639,Male,Millennial,regular,1,21,2025-07-04,2026-05-30
10640,Male,Millennial,one_and_done,1,1,2026-04-03,2026-04-03
10641,Male,Millennial,one_and_done,3,1,2025-11-15,2025-11-15
10642,Female,Millennial,one_and_done,1,1,2025-07-19,2025-07-19
10643,Male,Gen X,occasional,5,5,2025-09-05,2026-02-28
10644,Male,Millennial,one_and_done,4,1,2026-05-07,2026-05-07
10645,Male,Gen Z,loyal,1,22,2025-07-07,2026-06-20
10646,Male,Millennial,occasional,1,7,2025-09-12,2026-03-14
10647,Female,Millennial,occasional,4,6,2025-08-16,2026-05-21
10648,Male,Gen Z,regular,5,15,2025-08-22,2026-06-05
10649,Male,Millennial,occasional,5,7,2025-08-25,2026-05-22
10650,Male,Gen Z,one_and_done,4,1,2026-01-18,2026-01-18
10651,Male,Millennial,one_and_done,1,1,2025-10-18,2025-10-18
10652,Male,Millennial,occasional,2,7,2025-09-06,2026-05-31
10653,Male,Gen Z,one_and_done,1,1,2026-01-01,2026-01-01
10654,Female,Gen Z,one_and_done,3,1,2026-04-30,2026-04-30
10655,Male,Boomer,regular,2,12,2025-07-24,2026-05-30
10656,Male,Millennial,loyal,3,30,2025-07-15,2026-06-23
10657,Male,Millennial,loyal,6,30,2025-07-17,2026-06-09
10658,Male,Gen X,regular,4,16,2025-07-03,2026-06-15
10659,Male,Gen X,one_and_done,1,1,2026-03-20,2026-03-20
10660,Male,Gen Z,one_and_done,1,1,2026-02-14,2026-02-14
10661,Male,Gen Z,loyal,1,22,2025-07-26,2026-06-20
10662,Female,Gen Z,regular,2,13,2025-07-03,2026-06-19
10663,Male,Gen Z,one_and_done,2,1,2026-05-14,2026-05-14
10664,Female,Gen X,regular,9,15,2025-07-23,2026-06-07
10665,Male,Gen X,loyal,1,24,2025-07-15,2026-06-18
10666,Male,Millennial,one_and_done,4,1,2025-12-20,2025-12-20
10667,Male,Millennial,occasional,1,7,2025-07-26,2026-06-21
10668,Male,Millennial,regular,1,21,2025-07-18,2026-06-13
10669,Male,Millennial,one_and_done,5,1,2026-05-07,2026-05-07
10670,Male,Gen X,one_and_done,2,1,2025-09-10,2025-09-10
10671,Male,Millennial,loyal,2,30,2025-07-08,2026-06-19
10672,Female,Gen Z,loyal,5,19,2025-07-25,2026-06-07
10673,Female,Millennial,regular,3,18,2025-08-11,2026-06-19
10674,Male,Boomer,regular,1,12,2025-07-05,2026-06-13
10675,Male,Gen Z,occasional,1,5,2025-10-06,2026-03-20
10676,Male,Millennial,regular,1,21,2025-07-03,2026-06-15
10677,Male,Millennial,occasional,1,7,2025-08-24,2026-03-28
10678,Female,Millennial,one_and_done,1,1,2026-04-01,2026-04-01
10679,Female,Millennial,regular,6,18,2025-07-16,2026-06-22
10680,Male,Millennial,loyal,5,30,2025-07-04,2026-06-15
10681,Male,Gen Z,one_and_done,4,1,2025-08-31,2025-08-31
10682,Male,Millennial,one_and_done,8,1,2025-12-30,2025-12-30
10683,Male,Millennial,one_and_done,2,1,2025-10-23,2025-10-23
10684,Male,Gen Z,one_and_done,6,1,2026-01-08,2026-01-08
10685,Male,Millennial,loyal,1,30,2025-07-18,2026-05-19
10686,Female,Millennial,regular,1,18,2025-07-28,2026-05-17
10687,Male,Millennial,regular,1,21,2025-07-04,2026-04-20
10688,Male,Gen X,occasional,1,5,2025-11-21,2026-04-19
10689,Male,Millennial,one_and_done,2,1,2026-05-24,2026-05-24
10690,Male,Gen Z,occasional,1,5,2025-08-06,2026-03-17
10691,Female,Millennial,one_and_done,3,1,2026-02-05,2026-02-05
10692,Male,Gen Z,occasional,1,5,2025-09-17,2026-03-15
10693,Male,Millennial,one_and_done,4,1,2026-04-29,2026-04-29
10694,Female,Millennial,loyal,3,26,2025-07-11,2026-06-20
10695,Male,Gen Z,occasional,4,5,2025-08-26,2026-05-23
10696,Male,Millennial,one_and_done,4,1,2025-11-15,2025-11-15
10697,Male,Gen Z,loyal,1,22,2025-07-05,2026-06-20
10698,Male,Boomer,occasional,1,4,2025-09-08,2025-12-26
10699,Male,Gen Z,loyal,1,22,2025-08-20,2026-06-20
10700,Male,Millennial,occasional,10,7,2025-07-14,2026-04-28
10701,Male,Gen Z,one_and_done,1,1,2026-03-25,2026-03-25
10702,Male,Boomer,one_and_done,4,1,2026-05-04,2026-05-04
10703,Female,Millennial,one_and_done,6,1,2025-11-26,2025-11-26
10704,Male,Millennial,occasional,1,7,2025-09-18,2026-05-30
10705,Male,Gen X,loyal,1,24,2025-07-02,2026-06-12
10706,Male,Gen Z,occasional,1,5,2025-09-12,2026-04-08
10707,Female,Gen X,regular,1,15,2025-07-10,2026-06-14
10708,Male,Boomer,regular,1,12,2025-08-04,2026-06-04
10709,Male,Millennial,regular,4,21,2025-07-08,2026-06-16
10710,Male,Gen Z,regular,8,15,2025-07-08,2026-06-16
10711,Male,Gen Z,occasional,5,5,2025-07-31,2025-12-01
10712,Male,Millennial,one_and_done,1,1,2026-04-29,2026-04-29
10713,Male,Millennial,occasional,1,7,2025-07-18,2026-05-15
10714,Male,Boomer,occasional,1,4,2025-12-08,2026-05-29
10715,Male,Millennial,occasional,4,7,2025-10-04,2026-06-21
10716,Male,Gen X,one_and_done,9,1,2026-01-23,2026-01-23
10717,Male,Gen X,occasional,4,5,2025-08-28,2026-04-30
10718,Male,Millennial,one_and_done,1,1,2026-02-11,2026-02-11
10719,Female,Millennial,loyal,1,26,2025-07-09,2026-06-23
10720,Female,Gen Z,one_and_done,1,1,2025-11-04,2025-11-04
10721,Male,Gen Z,occasional,4,5,2026-01-04,2026-05-09
10722,Male,Millennial,one_and_done,1,1,2025-08-23,2025-08-23
10723,Male,Gen Z,regular,2,15,2025-07-04,2026-06-19
10724,Male,Millennial,occasional,8,7,2025-08-08,2026-04-13
10725,Male,Millennial,one_and_done,2,1,2025-09-27,2025-09-27
10726,Male,Gen X,occasional,1,5,2025-08-10,2026-05-29
10727,Female,Gen Z,one_and_done,2,1,2026-04-02,2026-04-02
10728,Female,Millennial,regular,1,18,2025-07-16,2026-06-12
10729,Male,Boomer,regular,2,12,2025-07-12,2026-05-28
10730,Male,Millennial,occasional,8,7,2025-07-01,2026-06-06
10731,Male,Millennial,regular,1,21,2025-07-17,2026-05-05
10732,Male,Gen X,regular,1,16,2025-08-31,2026-05-26
10733,Male,Gen X,one_and_done,1,1,2025-07-21,2025-07-21
10734,Male,Boomer,occasional,1,4,2025-08-09,2026-06-14
10735,Male,Millennial,one_and_done,1,1,2026-03-30,2026-03-30
10736,Male,Millennial,one_and_done,8,1,2025-11-23,2025-11-23
10737,Male,Gen X,regular,1,16,2025-08-29,2026-05-30
10738,Male,Millennial,regular,1,21,2025-07-15,2026-06-08
10739,Male,Gen Z,loyal,1,22,2025-07-22,2026-05-09
10740,Male,Millennial,one_and_done,1,1,2026-05-31,2026-05-31
10741,Female,Millennial,one_and_done,1,1,2026-05-30,2026-05-30
10742,Male,Gen Z,occasional,5,5,2025-06-30,2026-02-23
10743,Male,Gen Z,occasional,10,5,2025-08-10,2026-05-01
10744,Female,Millennial,one_and_done,6,1,2026-05-08,2026-05-08
10745,Male,Gen X,one_and_done,1,1,2026-01-24,2026-01-24
10746,Male,Gen Z,one_and_done,3,1,2025-08-08,2025-08-08
10747,Male,Millennial,one_and_done,1,1,2025-10-02,2025-10-02
10748,Male,Gen X,regular,1,16,2025-07-12,2026-06-03
10749,Female,Gen Z,one_and_done,4,1,2026-01-23,2026-01-23
10750,Female,Millennial,regular,1,18,2025-06-30,2026-05-28
10751,Female,Gen Z,regular,1,13,2025-07-11,2026-06-12
10752,Male,Millennial,occasional,2,7,2025-10-20,2026-03-21
10753,Male,Millennial,loyal,2,30,2025-07-16,2026-05-31
10754,Female,Millennial,one_and_done,1,1,2025-07-22,2025-07-22
10755,Male,Gen X,occasional,1,5,2025-10-03,2026-06-19
10756,Male,Gen Z,one_and_done,1,1,2025-11-03,2025-11-03
10757,Male,Millennial,one_and_done,1,1,2026-03-05,2026-03-05
10758,Male,Boomer,regular,1,12,2025-06-30,2026-05-25
10759,Male,Millennial,one_and_done,3,1,2026-04-02,2026-04-02
10760,Male,Gen Z,one_and_done,7,1,2025-11-21,2025-11-21
10761,Male,Gen X,regular,1,16,2025-07-01,2026-06-19
10762,Male,Gen Z,one_and_done,1,1,2026-01-03,2026-01-03
10763,Male,Gen Z,occasional,1,5,2025-07-06,2026-04-01
10764,Female,Millennial,one_and_done,1,1,2025-12-29,2025-12-29
10765,Male,Millennial,loyal,1,30,2025-07-13,2026-06-12
10766,Female,Millennial,one_and_done,1,1,2026-05-09,2026-05-09
10767,Male,Boomer,occasional,1,4,2025-12-29,2026-05-18
10768,Male,Gen Z,one_and_done,2,1,2026-03-02,2026-03-02
10769,Male,Millennial,occasional,9,7,2025-07-16,2026-04-09
10770,Female,Gen Z,one_and_done,1,1,2026-06-13,2026-06-13
10771,Female,Millennial,regular,5,18,2025-07-04,2026-06-18
10772,Male,Millennial,loyal,2,30,2025-07-01,2026-06-17
10773,Male,Gen X,one_and_done,1,1,2026-01-13,2026-01-13
10774,Female,Millennial,regular,7,18,2025-08-02,2026-06-13
10775,Female,Millennial,one_and_done,4,1,2025-10-10,2025-10-10
10776,Male,Gen Z,one_and_done,2,1,2026-03-19,2026-03-19
10777,Female,Millennial,regular,1,18,2025-07-20,2026-06-10
10778,Male,Millennial,occasional,3,7,2025-10-18,2026-06-18
10779,Male,Gen Z,one_and_done,4,1,2026-02-01,2026-02-01
10780,Male,Gen Z,one_and_done,1,1,2025-10-02,2025-10-02
10781,Female,Millennial,one_and_done,4,1,2025-07-31,2025-07-31
10782,Male,Gen X,occasional,2,5,2025-08-11,2026-06-01
10783,Male,Millennial,one_and_done,1,1,2026-01-01,2026-01-01
10784,Female,Gen Z,regular,1,13,2025-07-10,2026-06-17
10785,Male,Gen X,loyal,10,24,2025-07-02,2026-06-16
10786,Male,Millennial,one_and_done,1,1,2025-07-17,2025-07-17
10787,Male,Boomer,one_and_done,1,1,2026-01-22,2026-01-22
10788,Female,Gen X,one_and_done,1,1,2026-06-01,2026-06-01
10789,Male,Millennial,one_and_done,4,1,2026-05-26,2026-05-26
10790,Male,Millennial,one_and_done,7,1,2026-05-30,2026-05-30
10791,Female,Millennial,regular,1,18,2025-07-19,2026-05-17
10792,Male,Millennial,regular,1,21,2025-07-05,2026-05-18
10793,Female,Millennial,occasional,1,6,2025-09-09,2026-06-21
10794,Male,Millennial,one_and_done,1,1,2025-07-26,2025-07-26
10795,Male,Gen Z,loyal,1,22,2025-08-31,2026-06-19
10796,Female,Gen X,regular,1,15,2025-07-14,2026-06-18
10797,Male,Gen Z,one_and_done,1,1,2026-01-13,2026-01-13
10798,Female,Gen X,one_and_done,1,1,2026-06-12,2026-06-12
10799,Female,Millennial,occasional,5,6,2025-08-01,2026-05-01
10800,Male,Millennial,occasional,1,7,2025-07-26,2026-06-07
10801,Male,Millennial,one_and_done,1,1,2025-09-13,2025-09-13
10802,Female,Gen X,regular,4,15,2025-08-04,2026-05-17
10803,Male,Gen X,one_and_done,1,1,2026-05-06,2026-05-06
10804,Female,Gen X,regular,1,15,2025-08-01,2026-06-09
10805,Male,Gen Z,one_and_done,7,1,2025-09-08,2025-09-08
10806,Female,Millennial,one_and_done,2,1,2026-04-11,2026-04-11
10807,Male,Millennial,one_and_done,1,1,2026-02-09,2026-02-09
10808,Male,Millennial,one_and_done,1,1,2025-07-29,2025-07-29
10809,Male,Millennial,regular,1,21,2025-08-11,2026-06-23
10810,Male,Gen Z,regular,2,15,2025-07-05,2026-06-09
10811,Male,Millennial,one_and_done,3,1,2026-03-09,2026-03-09
10812,Male,Gen X,one_and_done,1,1,2025-12-29,2025-12-29
10813,Female,Millennial,occasional,1,6,2025-08-07,2026-05-29
10814,Female,Gen Z,one_and_done,3,1,2026-06-09,2026-06-09
10815,Male,Millennial,one_and_done,1,1,2026-03-20,2026-03-20
10816,Male,Gen X,regular,9,16,2025-07-01,2026-05-19
10817,Male,Gen Z,one_and_done,1,1,2025-12-26,2025-12-26
10818,Female,Millennial,one_and_done,1,1,2025-07-14,2025-07-14
10819,Female,Millennial,regular,4,18,2025-07-03,2026-06-23
10820,Male,Gen Z,regular,1,15,2025-07-22,2026-06-07
10821,Male,Gen Z,one_and_done,6,1,2026-05-04,2026-05-04
10822,Female,Boomer,regular,1,10,2025-07-13,2026-05-12
10823,Female,Boomer,loyal,2,15,2025-07-28,2026-06-01
10824,Male,Millennial,one_and_done,1,1,2026-04-19,2026-04-19
10825,Male,Millennial,regular,1,21,2025-07-13,2026-06-20
10826,Male,Millennial,one_and_done,1,1,2025-08-03,2025-08-03
10827,Male,Gen Z,regular,1,15,2025-07-03,2026-06-20
10828,Male,Gen X,one_and_done,2,1,2025-09-12,2025-09-12
10829,Female,Gen X,occasional,3,5,2025-09-26,2026-05-26
10830,Male,Gen X,one_and_done,1,1,2025-08-11,2025-08-11
10831,Male,Gen X,occasional,9,5,2025-08-24,2026-02-14
10832,Male,Millennial,one_and_done,1,1,2025-08-26,2025-08-26
10833,Female,Millennial,occasional,2,6,2025-07-17,2026-05-03
10834,Male,Gen X,regular,2,16,2025-07-19,2026-05-25
10835,Male,Millennial,one_and_done,5,1,2025-07-28,2025-07-28
10836,Male,Millennial,one_and_done,6,1,2025-12-12,2025-12-12
10837,Male,Millennial,one_and_done,2,1,2025-08-08,2025-08-08
10838,Male,Gen X,one_and_done,5,1,2026-05-08,2026-05-08
10839,Male,Gen X,one_and_done,7,1,2025-07-25,2025-07-25
10840,Male,Millennial,one_and_done,1,1,2025-11-07,2025-11-07
10841,Female,Gen Z,one_and_done,1,1,2026-01-21,2026-01-21
10842,Female,Millennial,occasional,2,6,2025-07-07,2026-05-26
10843,Male,Gen X,one_and_done,3,1,2026-03-09,2026-03-09
10844,Female,Millennial,occasional,1,6,2025-07-01,2026-05-13
10845,Male,Boomer,occasional,2,4,2025-08-29,2026-04-23
10846,Male,Millennial,regular,2,21,2025-07-02,2026-06-10
10847,Female,Millennial,occasional,1,6,2025-10-30,2026-02-02
10848,Male,Gen X,one_and_done,2,1,2025-11-27,2025-11-27
10849,Male,Gen X,one_and_done,3,1,2026-06-07,2026-06-07
10850,Male,Gen Z,one_and_done,2,1,2025-12-12,2025-12-12
10851,Male,Gen Z,regular,3,15,2025-07-08,2026-06-10
10852,Male,Gen Z,occasional,3,5,2025-07-15,2026-05-09
10853,Male,Gen X,loyal,1,24,2025-07-11,2026-06-11
10854,Male,Gen X,one_and_done,10,1,2025-09-19,2025-09-19
10855,Male,Millennial,loyal,1,30,2025-07-11,2026-06-19
10856,Male,Millennial,regular,1,21,2025-07-13,2026-06-16
10857,Male,Gen X,loyal,1,24,2025-06-30,2026-06-18
10858,Male,Millennial,regular,1,21,2025-06-30,2026-06-23
10859,Male,Gen X,one_and_done,7,1,2025-09-30,2025-09-30
10860,Male,Gen X,one_and_done,1,1,2025-12-29,2025-12-29
10861,Male,Boomer,occasional,2,4,2025-07-03,2025-08-15
10862,Female,Gen X,occasional,2,5,2025-07-02,2026-04-10
10863,Male,Millennial,regular,5,21,2025-07-11,2026-06-21
10864,Male,Gen X,occasional,1,5,2025-08-29,2026-06-15
10865,Male,Millennial,one_and_done,5,1,2025-08-18,2025-08-18
10866,Male,Millennial,regular,6,21,2025-07-05,2026-06-16
10867,Female,Millennial,occasional,6,6,2025-07-24,2026-06-14
10868,Male,Millennial,occasional,3,7,2025-08-26,2026-02-06
10869,Male,Millennial,occasional,1,7,2025-07-05,2026-06-11
10870,Female,Millennial,occasional,1,6,2025-09-09,2026-06-13
10871,Male,Gen Z,one_and_done,7,1,2025-09-23,2025-09-23
10872,Male,Millennial,regular,3,21,2025-07-09,2026-06-23
10873,Male,Millennial,occasional,6,7,2025-08-13,2026-06-08
10874,Male,Millennial,occasional,1,7,2025-08-10,2026-03-30
10875,Male,Gen Z,loyal,3,22,2025-07-27,2026-05-13
10876,Male,Millennial,loyal,1,30,2025-07-02,2026-06-11
10877,Female,Millennial,one_and_done,3,1,2026-02-22,2026-02-22
10878,Male,Millennial,one_and_done,2,1,2026-06-21,2026-06-21
10879,Male,Boomer,one_and_done,3,1,2026-01-05,2026-01-05
10880,Female,Gen Z,occasional,4,4,2025-07-12,2026-03-23
10881,Male,Millennial,one_and_done,1,1,2026-06-05,2026-06-05
10882,Female,Millennial,loyal,6,26,2025-07-08,2026-06-09
10883,Female,Gen X,one_and_done,1,1,2025-10-29,2025-10-29
10884,Male,Gen Z,occasional,1,5,2025-09-10,2026-06-05
10885,Male,Millennial,loyal,4,30,2025-07-01,2026-06-20
10886,Female,Gen Z,one_and_done,3,1,2025-07-05,2025-07-05
10887,Male,Gen Z,one_and_done,1,1,2026-05-10,2026-05-10
10888,Male,Gen Z,one_and_done,1,1,2026-05-28,2026-05-28
10889,Male,Millennial,regular,1,21,2025-07-19,2026-06-19
10890,Male,Gen Z,one_and_done,1,1,2026-01-14,2026-01-14
10891,Male,Millennial,one_and_done,10,1,2026-06-13,2026-06-13
10892,Male,Millennial,regular,8,21,2025-07-31,2026-06-09
10893,Male,Millennial,regular,1,21,2025-07-08,2026-06-11
10894,Male,Millennial,regular,4,21,2025-07-05,2026-06-15
10895,Female,Millennial,regular,1,18,2025-07-12,2026-06-11
10896,Male,Gen Z,occasional,1,5,2025-08-06,2026-05-29
10897,Female,Millennial,one_and_done,2,1,2026-05-13,2026-05-13
10898,Female,Millennial,loyal,1,26,2025-07-09,2026-06-04
10899,Female,Gen X,one_and_done,1,1,2026-01-23,2026-01-23
10900,Male,Millennial,regular,1,21,2025-07-06,2026-04-30
10901,Male,Millennial,occasional,1,7,2025-07-13,2026-06-12
10902,Male,Millennial,one_and_done,1,1,2026-04-18,2026-04-18
10903,Male,Gen X,regular,1,16,2025-07-12,2026-06-08
10904,Male,Millennial,one_and_done,4,1,2026-02-20,2026-02-20
10905,Male,Gen X,regular,5,16,2025-08-29,2026-06-10
10906,Male,Gen X,occasional,1,5,2025-07-10,2026-03-29
10907,Male,Boomer,occasional,3,4,2025-11-12,2026-06-16
10908,Female,Millennial,regular,4,18,2025-07-16,2026-05-11
10909,Female,Millennial,occasional,10,6,2025-07-24,2026-05-03
10910,Male,Millennial,regular,1,21,2025-07-16,2026-05-31
10911,Female,Gen X,regular,5,15,2025-07-04,2026-05-17
10912,Male,Millennial,loyal,4,30,2025-07-03,2026-06-12
10913,Male,Millennial,one_and_done,3,1,2026-03-22,2026-03-22
10914,Male,Gen Z,one_and_done,1,1,2026-04-04,2026-04-04
10915,Male,Millennial,one_and_done,1,1,2025-12-30,2025-12-30
10916,Female,Gen X,regular,5,15,2025-07-11,2026-06-06
10917,Male,Millennial,loyal,2,30,2025-07-02,2026-06-08
10918,Male,Millennial,occasional,5,7,2025-07-04,2026-05-04
10919,Male,Millennial,one_and_done,8,1,2025-07-05,2025-07-05
10920,Female,Gen X,one_and_done,4,1,2025-09-01,2025-09-01
10921,Female,Gen Z,one_and_done,5,1,2026-04-08,2026-04-08
10922,Male,Millennial,one_and_done,1,1,2025-11-07,2025-11-07
10923,Female,Millennial,one_and_done,1,1,2026-01-30,2026-01-30
10924,Male,Gen X,one_and_done,5,1,2025-07-23,2025-07-23
10925,Male,Millennial,one_and_done,3,1,2025-11-13,2025-11-13
10926,Male,Millennial,one_and_done,1,1,2026-04-11,2026-04-11
10927,Female,Millennial,one_and_done,1,1,2026-03-19,2026-03-19
10928,Female,Boomer,regular,1,10,2025-07-12,2026-06-11
10929,Female,Gen Z,one_and_done,10,1,2025-08-20,2025-08-20
10930,Female,Millennial,occasional,2,6,2025-10-16,2026-06-12
10931,Male,Gen X,regular,8,16,2025-08-26,2026-06-21
10932,Male,Gen Z,regular,1,15,2025-08-27,2026-06-23
10933,Male,Millennial,occasional,5,7,2025-10-31,2026-06-03
10934,Male,Gen X,occasional,7,5,2025-07-11,2026-06-08
10935,Male,Gen Z,occasional,6,5,2025-08-23,2026-05-23
10936,Female,Gen X,one_and_done,4,1,2026-03-28,2026-03-28
10937,Male,Millennial,one_and_done,4,1,2026-05-04,2026-05-04
10938,Female,Millennial,occasional,1,6,2025-10-22,2026-06-19
10939,Female,Millennial,one_and_done,1,1,2025-08-21,2025-08-21
10940,Male,Millennial,one_and_done,2,1,2026-06-01,2026-06-01
10941,Male,Millennial,occasional,1,7,2025-10-04,2026-06-18
10942,Female,Millennial,occasional,2,6,2025-07-11,2026-01-09
10943,Male,Millennial,occasional,7,7,2025-07-12,2026-04-14
10944,Male,Gen Z,occasional,1,5,2025-08-24,2026-01-23
10945,Female,Millennial,loyal,2,26,2025-07-09,2026-06-19
10946,Male,Millennial,one_and_done,1,1,2025-10-07,2025-10-07
10947,Male,Millennial,regular,2,21,2025-07-21,2026-06-18
10948,Female,Gen X,one_and_done,2,1,2025-08-31,2025-08-31
10949,Male,Millennial,occasional,5,7,2025-07-13,2026-06-14
10950,Female,Millennial,occasional,1,6,2025-08-03,2026-05-18
10951,Male,Gen Z,one_and_done,1,1,2025-10-18,2025-10-18
10952,Male,Gen X,occasional,6,5,2025-09-16,2026-04-03
10953,Female,Gen X,loyal,2,22,2025-07-03,2026-05-23
10954,Female,Millennial,occasional,1,6,2025-08-05,2026-06-18
10955,Male,Millennial,occasional,1,7,2025-08-30,2026-04-19
10956,Male,Millennial,regular,2,21,2025-07-02,2026-05-14
10957,Male,Millennial,occasional,1,7,2025-07-04,2026-06-23
10958,Female,Millennial,occasional,4,6,2025-07-16,2026-05-11
10959,Female,Millennial,loyal,1,26,2025-07-02,2026-06-13
10960,Male,Millennial,occasional,2,7,2025-10-18,2026-06-18
10961,Male,Millennial,loyal,4,30,2025-07-01,2026-06-15
10962,Male,Gen Z,one_and_done,9,1,2026-06-13,2026-06-13
10963,Male,Gen Z,loyal,1,22,2025-08-25,2026-06-02
10964,Male,Millennial,occasional,1,7,2025-08-14,2026-05-12
10965,Female,Boomer,one_and_done,1,1,2025-09-27,2025-09-27
10966,Male,Boomer,one_and_done,2,1,2025-08-03,2025-08-03
10967,Female,Millennial,occasional,4,6,2025-09-24,2026-06-05
10968,Male,Gen Z,occasional,9,5,2025-06-30,2026-06-19
10969,Male,Millennial,one_and_done,3,1,2026-01-02,2026-01-02
10970,Male,Millennial,regular,3,21,2025-07-30,2026-05-17
10971,Male,Gen Z,regular,1,15,2025-07-20,2026-05-27
10972,Male,Millennial,regular,7,21,2025-07-30,2026-06-22
10973,Female,Millennial,one_and_done,3,1,2025-09-29,2025-09-29
10974,Male,Millennial,one_and_done,1,1,2026-05-21,2026-05-21
10975,Male,Millennial,one_and_done,1,1,2025-12-22,2025-12-22
10976,Male,Gen Z,occasional,7,5,2025-07-10,2026-05-22
10977,Male,Millennial,regular,1,21,2025-07-01,2026-06-23
10978,Male,Millennial,occasional,2,7,2025-10-14,2026-06-21
10979,Male,Millennial,occasional,4,7,2025-07-21,2026-05-08
10980,Female,Millennial,occasional,1,6,2025-12-19,2026-05-18
10981,Female,Gen Z,one_and_done,1,1,2026-02-26,2026-02-26
10982,Male,Gen Z,one_and_done,3,1,2026-03-05,2026-03-05
10983,Female,Millennial,one_and_done,2,1,2026-04-27,2026-04-27
10984,Male,Gen X,loyal,2,24,2025-07-03,2026-06-18
10985,Female,Millennial,one_and_done,6,1,2025-10-27,2025-10-27
10986,Female,Gen Z,occasional,6,4,2025-08-18,2026-02-05
10987,Female,Millennial,one_and_done,1,1,2026-05-22,2026-05-22
10988,Male,Gen Z,loyal,6,22,2025-07-09,2026-06-11
10989,Female,Millennial,one_and_done,2,1,2026-03-18,2026-03-18
10990,Female,Gen Z,occasional,1,4,2025-07-08,2026-04-18
10991,Female,Millennial,loyal,7,26,2025-07-09,2026-05-31
10992,Male,Boomer,occasional,7,4,2025-08-12,2026-06-23
10993,Female,Millennial,occasional,1,6,2025-10-05,2026-04-08
10994,Male,Millennial,one_and_done,1,1,2025-10-24,2025-10-24
10995,Male,Millennial,one_and_done,2,1,2025-10-28,2025-10-28
10996,Female,Boomer,regular,8,10,2025-07-04,2026-06-12
10997,Male,Gen X,regular,3,16,2025-07-03,2026-05-27
10998,Male,Gen X,occasional,4,5,2025-08-12,2026-01-25
10999,Female,Millennial,occasional,9,6,2025-07-05,2026-06-06
11000,Female,Gen Z,one_and_done,2,1,2025-07-01,2025-07-01
11001,Male,Gen Z,regular,3,15,2025-08-09,2026-05-28
11002,Male,Gen X,one_and_done,3,1,2026-02-20,2026-02-20
11003,Male,Boomer,occasional,7,4,2025-08-25,2026-02-07
11004,Female,Boomer,one_and_done,1,1,2025-10-19,2025-10-19
11005,Male,Boomer,regular,1,12,2025-08-05,2026-05-27
11006,Male,Millennial,one_and_done,2,1,2025-08-02,2025-08-02
11007,Female,Gen X,one_and_done,1,1,2026-05-23,2026-05-23
11008,Male,Millennial,one_and_done,3,1,2025-07-11,2025-07-11
11009,Male,Gen Z,occasional,1,5,2025-09-02,2026-05-21
11010,Male,Gen Z,one_and_done,1,1,2026-04-10,2026-04-10
11011,Male,Boomer,one_and_done,4,1,2026-01-16,2026-01-16
11012,Female,Gen Z,one_and_done,1,1,2025-08-13,2025-08-13
11013,Male,Gen Z,one_and_done,1,1,2025-08-09,2025-08-09
11014,Male,Millennial,loyal,6,30,2025-07-26,2026-06-17
11015,Male,Millennial,occasional,1,7,2025-08-08,2026-04-01
11016,Female,Millennial,one_and_done,1,1,2026-01-20,2026-01-20
11017,Female,Gen Z,regular,1,13,2025-07-23,2026-06-06
11018,Female,Boomer,one_and_done,1,1,2025-08-22,2025-08-22
11019,Female,Gen Z,occasional,2,4,2025-08-01,2026-04-30
11020,Male,Gen X,one_and_done,1,1,2026-05-15,2026-05-15
11021,Male,Gen X,occasional,1,5,2025-07-23,2026-05-26
11022,Female,Boomer,one_and_done,2,1,2026-04-18,2026-04-18
11023,Male,Gen X,loyal,6,24,2025-07-18,2026-06-18
11024,Female,Millennial,occasional,1,6,2025-09-10,2026-05-18
11025,Male,Boomer,regular,1,12,2025-07-03,2026-06-07
11026,Male,Gen Z,loyal,2,22,2025-07-12,2026-05-17
11027,Female,Gen Z,one_and_done,1,1,2026-01-14,2026-01-14
11028,Male,Gen X,occasional,1,5,2025-07-15,2026-02-15
11029,Female,Gen Z,occasional,7,4,2025-08-13,2026-02-02
11030,Male,Gen X,regular,1,16,2025-08-12,2026-06-10
11031,Male,Boomer,regular,1,12,2025-10-26,2026-06-04
11032,Male,Gen Z,regular,1,15,2025-07-07,2026-06-23
11033,Male,Gen X,loyal,6,24,2025-06-30,2026-05-09
11034,Male,Millennial,occasional,6,7,2025-08-20,2026-06-17
11035,Male,Millennial,one_and_done,10,1,2025-12-18,2025-12-18
11036,Female,Millennial,occasional,1,6,2025-08-30,2026-01-17
11037,Female,Millennial,loyal,2,26,2025-07-01,2026-06-18
11038,Female,Millennial,one_and_done,2,1,2026-04-19,2026-04-19
11039,Male,Millennial,one_and_done,4,1,2025-07-03,2025-07-03
11040,Male,Millennial,regular,1,21,2025-07-04,2026-06-13
11041,Male,Millennial,regular,1,21,2025-08-10,2026-06-19
11042,Female,Gen X,regular,2,15,2025-07-01,2026-05-01
11043,Male,Millennial,one_and_done,4,1,2025-09-15,2025-09-15
11044,Male,Gen X,one_and_done,1,1,2026-01-16,2026-01-16
11045,Male,Boomer,occasional,2,4,2025-07-05,2026-02-20
11046,Male,Millennial,one_and_done,1,1,2026-03-10,2026-03-10
11047,Female,Gen X,occasional,5,5,2025-09-18,2026-01-06
11048,Male,Gen Z,one_and_done,1,1,2025-07-13,2025-07-13
11049,Male,Gen X,occasional,3,5,2025-07-10,2026-02-11
11050,Male,Gen Z,regular,1,15,2025-07-05,2026-06-12
11051,Female,Millennial,occasional,1,6,2025-07-27,2026-03-17
11052,Male,Millennial,one_and_done,2,1,2026-01-10,2026-01-10
11053,Male,Gen Z,one_and_done,5,1,2025-07-20,2025-07-20
11054,Female,Gen Z,occasional,3,4,2025-07-26,2026-05-06
11055,Female,Gen Z,loyal,1,19,2025-07-19,2026-06-08
11056,Male,Millennial,loyal,3,30,2025-07-04,2026-06-21
11057,Male,Gen X,occasional,1,5,2025-08-22,2026-03-09
11058,Male,Millennial,one_and_done,2,1,2026-04-11,2026-04-11
11059,Male,Gen Z,one_and_done,1,1,2025-09-29,2025-09-29
11060,Male,Millennial,one_and_done,1,1,2025-11-21,2025-11-21
11061,Female,Gen X,one_and_done,4,1,2025-11-14,2025-11-14
11062,Female,Millennial,loyal,1,26,2025-08-01,2026-06-20
11063,Female,Millennial,occasional,2,6,2025-08-26,2026-06-07
11064,Male,Millennial,occasional,3,7,2025-07-22,2026-06-22
11065,Male,Millennial,regular,2,21,2025-07-08,2026-06-09
11066,Female,Gen Z,regular,1,13,2025-08-02,2026-06-08
11067,Male,Millennial,one_and_done,2,1,2026-04-08,2026-04-08
11068,Male,Millennial,one_and_done,2,1,2025-11-01,2025-11-01
11069,Male,Gen Z,one_and_done,3,1,2026-03-25,2026-03-25
11070,Male,Millennial,one_and_done,2,1,2025-12-02,2025-12-02
11071,Male,Millennial,one_and_done,1,1,2025-10-28,2025-10-28
11072,Male,Boomer,regular,2,12,2025-07-06,2026-06-11
11073,Male,Gen Z,one_and_done,2,1,2025-08-14,2025-08-14
11074,Male,Gen Z,one_and_done,1,1,2025-11-17,2025-11-17
11075,Male,Millennial,occasional,6,7,2025-07-14,2026-04-20
11076,Male,Gen Z,one_and_done,5,1,2025-08-12,2025-08-12
11077,Female,Gen Z,one_and_done,1,1,2025-09-21,2025-09-21
11078,Male,Gen Z,loyal,1,22,2025-08-08,2026-06-08
11079,Female,Boomer,occasional,1,3,2025-08-26,2026-05-26
11080,Female,Gen X,occasional,2,5,2025-08-19,2026-03-27
11081,Male,Millennial,regular,1,21,2025-07-07,2026-05-05
11082,Male,Gen Z,one_and_done,2,1,2026-05-14,2026-05-14
11083,Male,Millennial,loyal,1,30,2025-07-19,2026-06-21
11084,Female,Boomer,occasional,1,3,2025-11-15,2026-04-03
11085,Male,Gen Z,loyal,1,22,2025-07-18,2026-06-19
11086,Male,Millennial,regular,1,21,2025-08-05,2026-05-25
11087,Female,Boomer,one_and_done,1,1,2025-07-12,2025-07-12
11088,Female,Millennial,one_and_done,1,1,2025-10-10,2025-10-10
11089,Female,Gen Z,loyal,1,19,2025-07-21,2026-06-19
11090,Male,Gen X,loyal,2,24,2025-07-14,2026-06-20
11091,Female,Gen X,loyal,8,22,2025-08-13,2026-06-23
11092,Female,Millennial,regular,1,18,2025-07-03,2026-06-18
11093,Male,Boomer,occasional,1,4,2025-07-13,2026-01-30
11094,Male,Gen X,occasional,4,5,2026-01-14,2026-06-10
11095,Male,Millennial,one_and_done,1,1,2026-04-06,2026-04-06
11096,Female,Millennial,one_and_done,1,1,2026-04-11,2026-04-11
11097,Male,Millennial,one_and_done,1,1,2025-07-22,2025-07-22
11098,Male,Boomer,one_and_done,1,1,2026-06-10,2026-06-10
11099,Male,Millennial,one_and_done,4,1,2025-12-03,2025-12-03
11100,Male,Millennial,occasional,1,7,2025-08-09,2026-05-26
11101,Male,Gen X,one_and_done,4,1,2025-08-04,2025-08-04
11102,Male,Millennial,one_and_done,1,1,2026-04-17,2026-04-17
11103,Male,Millennial,loyal,1,30,2025-07-18,2026-06-08
11104,Male,Gen Z,occasional,1,5,2025-07-05,2026-04-01
11105,Male,Gen X,one_and_done,1,1,2026-01-25,2026-01-25
11106,Male,Gen Z,regular,1,15,2025-07-17,2026-06-05
11107,Female,Gen Z,one_and_done,1,1,2025-12-05,2025-12-05
11108,Male,Millennial,regular,1,21,2025-07-01,2026-06-07
11109,Male,Gen Z,occasional,5,5,2025-08-11,2026-06-23
11110,Female,Gen Z,one_and_done,4,1,2026-01-02,2026-01-02
11111,Female,Gen Z,regular,1,13,2025-08-15,2026-06-07
11112,Male,Millennial,one_and_done,1,1,2026-02-14,2026-02-14
11113,Female,Millennial,loyal,7,26,2025-08-02,2026-06-23
11114,Male,Millennial,occasional,3,7,2025-09-15,2026-06-09
11115,Female,Millennial,one_and_done,5,1,2025-10-04,2025-10-04
11116,Male,Gen Z,loyal,1,22,2025-07-13,2026-06-19
11117,Male,Gen X,regular,2,16,2025-08-13,2026-05-19
11118,Female,Millennial,regular,5,18,2025-07-24,2026-06-20
11119,Female,Boomer,one_and_done,2,1,2025-12-28,2025-12-28
11120,Female,Gen X,one_and_done,1,1,2026-02-26,2026-02-26
11121,Male,Millennial,one_and_done,2,1,2025-12-29,2025-12-29
11122,Male,Millennial,one_and_done,8,1,2026-02-22,2026-02-22
11123,Male,Gen Z,one_and_done,4,1,2025-09-13,2025-09-13
11124,Female,Millennial,loyal,1,26,2025-06-30,2026-06-02
11125,Male,Millennial,occasional,1,7,2025-10-15,2026-06-11
11126,Female,Boomer,one_and_done,1,1,2026-03-11,2026-03-11
11127,Male,Millennial,one_and_done,1,1,2025-08-16,2025-08-16
11128,Male,Millennial,one_and_done,2,1,2025-10-02,2025-10-02
11129,Female,Millennial,occasional,1,6,2025-09-21,2026-06-11
11130,Male,Millennial,regular,3,21,2025-07-25,2026-06-15
11131,Male,Millennial,loyal,2,30,2025-06-30,2026-06-09
11132,Female,Millennial,one_and_done,1,1,2025-10-07,2025-10-07
11133,Male,Millennial,regular,10,21,2025-07-10,2026-06-17
11134,Male,Millennial,regular,1,21,2025-07-18,2026-05-27
11135,Male,Gen Z,regular,2,15,2025-07-06,2026-06-03
11136,Male,Millennial,loyal,1,30,2025-08-12,2026-06-22
11137,Male,Boomer,one_and_done,3,1,2025-08-03,2025-08-03
11138,Male,Millennial,one_and_done,1,1,2026-04-02,2026-04-02
11139,Male,Millennial,regular,2,21,2025-07-19,2026-05-16
11140,Female,Boomer,one_and_done,9,1,2025-08-29,2025-08-29
11141,Male,Millennial,occasional,4,7,2025-07-11,2026-06-12
11142,Male,Millennial,occasional,2,7,2025-10-03,2026-06-05
11143,Male,Millennial,regular,1,21,2025-08-22,2026-06-02
11144,Male,Millennial,one_and_done,1,1,2025-08-07,2025-08-07
11145,Male,Millennial,regular,1,21,2025-07-02,2026-06-22
11146,Male,Gen X,one_and_done,1,1,2025-11-29,2025-11-29
11147,Male,Gen Z,loyal,4,22,2025-07-21,2026-06-19
11148,Male,Millennial,occasional,2,7,2025-09-05,2026-05-18
11149,Female,Gen X,regular,3,15,2025-07-03,2026-06-10
11150,Male,Millennial,one_and_done,1,1,2026-06-13,2026-06-13
11151,Female,Gen Z,occasional,3,4,2025-07-07,2026-05-15
11152,Male,Millennial,one_and_done,1,1,2026-01-14,2026-01-14
11153,Female,Millennial,occasional,1,6,2025-07-11,2026-05-13
11154,Male,Gen Z,one_and_done,1,1,2025-10-19,2025-10-19
11155,Female,Gen Z,one_and_done,4,1,2026-04-20,2026-04-20
11156,Male,Gen Z,regular,5,15,2025-08-06,2026-06-18
11157,Male,Gen Z,occasional,3,5,2025-08-13,2026-04-16
11158,Male,Millennial,one_and_done,1,1,2025-10-11,2025-10-11
11159,Male,Gen X,one_and_done,1,1,2025-10-02,2025-10-02
11160,Female,Boomer,occasional,2,3,2025-10-25,2026-04-08
11161,Female,Millennial,one_and_done,1,1,2026-02-18,2026-02-18
11162,Male,Gen X,one_and_done,1,1,2025-08-03,2025-08-03
11163,Female,Millennial,loyal,1,26,2025-07-18,2026-06-20
11164,Male,Millennial,one_and_done,2,1,2025-11-17,2025-11-17
11165,Male,Millennial,one_and_done,8,1,2026-06-05,2026-06-05
11166,Female,Millennial,regular,1,18,2025-07-06,2026-06-17
11167,Male,Gen X,loyal,4,24,2025-07-18,2026-06-04
11168,Female,Millennial,loyal,1,26,2025-07-23,2026-06-11
11169,Male,Gen Z,one_and_done,1,1,2026-02-08,2026-02-08
11170,Female,Millennial,one_and_done,1,1,2025-07-03,2025-07-03
11171,Male,Millennial,regular,1,21,2025-07-05,2026-05-23
11172,Male,Millennial,one_and_done,1,1,2026-02-26,2026-02-26
11173,Male,Millennial,one_and_done,3,1,2025-07-12,2025-07-12
11174,Male,Gen X,regular,4,16,2025-07-30,2026-06-16
11175,Male,Millennial,one_and_done,3,1,2026-01-19,2026-01-19
11176,Male,Boomer,occasional,1,4,2025-08-12,2026-03-15
11177,Female,Gen Z,one_and_done,2,1,2026-04-23,2026-04-23
11178,Male,Millennial,one_and_done,1,1,2026-02-26,2026-02-26
11179,Male,Millennial,occasional,1,7,2025-07-24,2026-06-19
11180,Male,Boomer,one_and_done,1,1,2026-06-21,2026-06-21
11181,Male,Millennial,loyal,1,30,2025-07-15,2026-06-15
11182,Male,Millennial,loyal,2,30,2025-07-18,2026-06-14
11183,Female,Millennial,occasional,1,6,2025-09-20,2026-06-14
11184,Male,Millennial,one_and_done,2,1,2026-04-07,2026-04-07
11185,Male,Millennial,one_and_done,1,1,2026-02-05,2026-02-05
11186,Male,Gen Z,one_and_done,1,1,2025-09-24,2025-09-24
11187,Male,Gen X,regular,2,16,2025-07-12,2026-06-18
11188,Male,Gen X,occasional,1,5,2026-01-19,2026-05-22
11189,Female,Gen X,loyal,1,22,2025-07-08,2026-06-04
11190,Male,Gen Z,one_and_done,3,1,2025-07-04,2025-07-04
11191,Male,Boomer,regular,1,12,2025-08-05,2026-06-15
11192,Male,Gen X,one_and_done,2,1,2026-01-23,2026-01-23
11193,Female,Gen Z,one_and_done,1,1,2026-01-22,2026-01-22
11194,Male,Gen Z,one_and_done,2,1,2026-03-21,2026-03-21
11195,Male,Gen Z,occasional,3,5,2025-07-15,2026-04-20
11196,Male,Millennial,occasional,1,7,2025-07-05,2026-06-20
11197,Male,Boomer,loyal,1,17,2025-06-30,2026-05-17
11198,Female,Millennial,occasional,3,6,2025-07-11,2026-02-04
11199,Male,Millennial,one_and_done,1,1,2026-01-02,2026-01-02
11200,Male,Millennial,regular,1,21,2025-07-04,2026-06-19
11201,Male,Millennial,regular,2,21,2025-07-18,2026-06-09
11202,Male,Gen Z,occasional,1,5,2025-08-18,2026-04-06
11203,Female,Millennial,loyal,4,26,2025-07-02,2026-05-30
11204,Male,Millennial,regular,1,21,2025-07-30,2026-06-14
11205,Male,Millennial,one_and_done,7,1,2025-07-11,2025-07-11
11206,Male,Gen X,regular,1,16,2025-07-11,2026-05-16
11207,Male,Gen X,one_and_done,3,1,2026-02-12,2026-02-12
11208,Male,Millennial,one_and_done,3,1,2025-07-10,2025-07-10
11209,Female,Millennial,one_and_done,1,1,2025-10-06,2025-10-06
11210,Male,Millennial,occasional,4,7,2025-09-03,2026-03-28
11211,Male,Gen Z,regular,2,15,2025-07-11,2026-05-21
11212,Male,Gen Z,occasional,2,5,2025-07-17,2026-04-22
11213,Male,Millennial,one_and_done,10,1,2025-12-21,2025-12-21
11214,Female,Millennial,occasional,6,6,2025-08-28,2026-05-30
11215,Male,Gen X,occasional,6,5,2025-08-01,2025-12-26
11216,Male,Gen Z,one_and_done,1,1,2026-05-14,2026-05-14
11217,Female,Gen X,one_and_done,8,1,2025-09-23,2025-09-23
11218,Male,Millennial,one_and_done,10,1,2025-10-23,2025-10-23
11219,Male,Millennial,occasional,2,7,2025-07-17,2026-04-06
11220,Female,Millennial,one_and_done,1,1,2026-04-07,2026-04-07
11221,Female,Gen X,regular,1,15,2025-09-18,2026-06-23
11222,Male,Gen X,one_and_done,1,1,2026-02-15,2026-02-15
11223,Male,Gen X,loyal,2,24,2025-07-01,2026-06-13
11224,Female,Millennial,one_and_done,1,1,2026-03-31,2026-03-31
11225,Male,Millennial,regular,1,21,2025-07-01,2026-06-12
11226,Male,Millennial,one_and_done,4,1,2026-04-19,2026-04-19
11227,Male,Gen Z,one_and_done,2,1,2025-11-07,2025-11-07
11228,Male,Gen Z,one_and_done,1,1,2025-12-26,2025-12-26
11229,Male,Millennial,one_and_done,1,1,2025-12-16,2025-12-16
11230,Male,Millennial,loyal,5,30,2025-07-01,2026-06-21
11231,Male,Gen Z,one_and_done,1,1,2026-02-24,2026-02-24
11232,Female,Gen Z,loyal,3,19,2025-07-04,2026-05-14
11233,Male,Millennial,one_and_done,1,1,2025-10-15,2025-10-15
11234,Male,Gen X,occasional,7,5,2025-08-15,2026-05-09
11235,Female,Millennial,regular,1,18,2025-07-18,2026-05-31
11236,Female,Gen Z,regular,1,13,2025-07-04,2026-06-22
11237,Female,Millennial,regular,4,18,2025-07-05,2026-06-12
11238,Female,Millennial,one_and_done,1,1,2025-07-28,2025-07-28
11239,Male,Gen X,occasional,1,5,2025-08-04,2026-04-06
11240,Male,Gen Z,loyal,5,22,2025-07-06,2026-06-17
11241,Female,Millennial,regular,1,18,2025-07-24,2026-06-02
11242,Male,Gen Z,one_and_done,3,1,2025-12-08,2025-12-08
11243,Female,Gen Z,one_and_done,4,1,2026-04-15,2026-04-15
11244,Male,Millennial,one_and_done,1,1,2026-05-15,2026-05-15
11245,Male,Gen Z,one_and_done,5,1,2025-09-13,2025-09-13
11246,Male,Gen Z,occasional,1,5,2025-11-30,2026-06-19
11247,Female,Millennial,one_and_done,7,1,2026-01-19,2026-01-19
11248,Male,Millennial,one_and_done,1,1,2025-12-24,2025-12-24
11249,Female,Millennial,one_and_done,1,1,2026-04-13,2026-04-13
11250,Male,Boomer,regular,1,12,2025-07-08,2026-05-31
11251,Male,Gen X,regular,3,16,2025-07-11,2026-06-21
11252,Female,Millennial,occasional,1,6,2025-07-30,2026-03-19
11253,Male,Millennial,regular,5,21,2025-07-11,2026-05-02
11254,Female,Boomer,regular,1,10,2025-10-16,2026-05-27
11255,Male,Gen X,one_and_done,1,1,2025-09-06,2025-09-06
11256,Male,Gen X,regular,6,16,2025-07-02,2026-06-07
11257,Male,Gen X,one_and_done,3,1,2025-08-05,2025-08-05
11258,Male,Gen Z,regular,2,15,2025-08-20,2026-06-20
11259,Male,Millennial,regular,1,21,2025-07-13,2026-06-03
11260,Female,Gen Z,occasional,1,4,2025-07-18,2026-05-14
11261,Male,Boomer,loyal,1,17,2025-07-03,2026-05-22
11262,Male,Millennial,regular,2,21,2025-08-01,2026-05-25
11263,Male,Gen Z,one_and_done,1,1,2025-07-21,2025-07-21
11264,Female,Boomer,one_and_done,1,1,2026-04-14,2026-04-14
11265,Male,Millennial,one_and_done,6,1,2025-09-30,2025-09-30
11266,Male,Gen X,regular,1,16,2025-08-02,2026-05-28
11267,Female,Millennial,one_and_done,2,1,2025-11-21,2025-11-21
11268,Female,Gen Z,one_and_done,5,1,2026-06-22,2026-06-22
11269,Male,Gen Z,one_and_done,1,1,2026-01-27,2026-01-27
11270,Male,Gen X,loyal,1,24,2025-07-12,2026-06-03
11271,Female,Millennial,one_and_done,1,1,2025-12-30,2025-12-30
11272,Female,Gen X,regular,1,15,2025-07-03,2026-06-10
11273,Male,Millennial,one_and_done,1,1,2026-01-19,2026-01-19
11274,Male,Gen X,regular,2,16,2025-08-30,2026-05-23
11275,Male,Gen Z,one_and_done,2,1,2025-10-09,2025-10-09
11276,Female,Gen X,occasional,1,5,2025-09-19,2026-04-03
11277,Female,Gen X,one_and_done,3,1,2026-01-13,2026-01-13
11278,Male,Boomer,one_and_done,3,1,2025-10-18,2025-10-18
11279,Male,Gen X,occasional,1,5,2025-09-10,2026-06-13
11280,Male,Millennial,occasional,2,7,2025-07-25,2026-06-21
11281,Male,Millennial,occasional,4,7,2025-08-08,2026-06-22
11282,Female,Millennial,occasional,1,6,2025-07-01,2025-12-26
11283,Male,Millennial,one_and_done,1,1,2025-07-20,2025-07-20
11284,Male,Gen Z,loyal,1,22,2025-07-04,2026-06-19
11285,Female,Millennial,one_and_done,2,1,2025-12-06,2025-12-06
11286,Male,Millennial,one_and_done,6,1,2025-11-22,2025-11-22
11287,Male,Millennial,one_and_done,2,1,2026-05-24,2026-05-24
11288,Male,Boomer,one_and_done,3,1,2026-06-20,2026-06-20
11289,Female,Millennial,regular,1,18,2025-09-01,2026-06-22
11290,Female,Millennial,regular,3,18,2025-07-07,2026-06-19
11291,Male,Millennial,one_and_done,1,1,2025-09-11,2025-09-11
11292,Male,Gen Z,loyal,2,22,2025-07-01,2026-04-30
11293,Female,Millennial,one_and_done,1,1,2026-05-24,2026-05-24
11294,Male,Millennial,one_and_done,1,1,2026-02-09,2026-02-09
11295,Female,Gen Z,occasional,1,4,2025-08-06,2026-04-07
11296,Female,Gen X,occasional,1,5,2025-07-25,2026-06-11
11297,Male,Gen X,occasional,2,5,2025-07-12,2026-05-03
11298,Male,Millennial,loyal,1,30,2025-07-07,2026-06-13
11299,Female,Gen Z,one_and_done,5,1,2026-04-16,2026-04-16
11300,Male,Gen Z,regular,1,15,2025-09-01,2026-06-13
11301,Male,Gen Z,one_and_done,3,1,2025-08-09,2025-08-09
11302,Male,Millennial,loyal,9,30,2025-07-15,2026-06-16
11303,Male,Gen X,one_and_done,1,1,2025-11-06,2025-11-06
11304,Female,Millennial,regular,5,18,2025-07-12,2026-06-07
11305,Male,Millennial,one_and_done,9,1,2026-04-26,2026-04-26
11306,Male,Millennial,occasional,6,7,2025-09-02,2026-06-22
11307,Male,Millennial,regular,1,21,2025-07-02,2026-06-09
11308,Male,Gen Z,one_and_done,1,1,2025-12-24,2025-12-24
11309,Female,Gen X,regular,6,15,2025-08-08,2026-06-01
11310,Male,Millennial,loyal,1,30,2025-07-05,2026-06-02
11311,Female,Gen Z,one_and_done,1,1,2025-08-25,2025-08-25
11312,Female,Millennial,regular,1,18,2025-07-24,2026-06-21
11313,Male,Gen Z,loyal,1,22,2025-07-23,2026-06-17
11314,Male,Gen Z,occasional,5,5,2025-07-07,2026-06-08
11315,Male,Millennial,occasional,1,7,2025-08-01,2026-06-23
11316,Male,Gen X,occasional,3,5,2025-10-02,2026-06-09
11317,Male,Millennial,one_and_done,2,1,2025-08-04,2025-08-04
11318,Female,Millennial,occasional,7,6,2025-11-07,2026-03-09
11319,Male,Gen X,occasional,1,5,2025-08-04,2026-06-20
11320,Male,Millennial,loyal,3,30,2025-07-08,2026-06-19
11321,Female,Gen Z,one_and_done,2,1,2026-01-16,2026-01-16
11322,Male,Gen Z,loyal,1,22,2025-09-03,2026-06-21
11323,Female,Millennial,occasional,1,6,2025-08-16,2026-05-19
11324,Male,Boomer,loyal,1,17,2025-07-11,2026-05-29
11325,Male,Gen Z,loyal,1,22,2025-07-07,2026-05-19
11326,Female,Millennial,regular,1,18,2025-07-21,2026-06-01
11327,Male,Gen Z,one_and_done,2,1,2026-04-03,2026-04-03
11328,Male,Millennial,one_and_done,1,1,2025-07-26,2025-07-26
11329,Male,Millennial,one_and_done,2,1,2026-06-10,2026-06-10
11330,Female,Gen Z,one_and_done,1,1,2026-06-05,2026-06-05
11331,Male,Gen X,one_and_done,1,1,2026-06-01,2026-06-01
11332,Male,Millennial,loyal,2,30,2025-06-30,2026-05-15
11333,Male,Gen X,loyal,1,24,2025-07-08,2026-06-22
11334,Female,Millennial,one_and_done,8,1,2025-07-03,2025-07-03
11335,Male,Millennial,regular,5,21,2025-07-21,2026-05-29
11336,Male,Millennial,one_and_done,3,1,2026-02-13,2026-02-13
11337,Female,Gen Z,occasional,8,4,2025-08-20,2026-05-02
11338,Female,Millennial,regular,1,18,2025-07-06,2026-05-29
11339,Male,Boomer,one_and_done,1,1,2026-02-19,2026-02-19
11340,Female,Gen Z,one_and_done,1,1,2026-03-03,2026-03-03
11341,Female,Gen X,one_and_done,2,1,2026-05-31,2026-05-31
11342,Male,Gen Z,regular,2,15,2025-08-04,2026-05-27
11343,Male,Millennial,occasional,1,7,2025-08-08,2026-04-30
11344,Male,Gen Z,one_and_done,1,1,2025-07-08,2025-07-08
11345,Female,Gen Z,loyal,2,19,2025-08-21,2026-06-23
11346,Male,Gen Z,occasional,1,5,2025-09-17,2026-03-13
11347,Female,Millennial,regular,3,18,2025-07-23,2026-06-20
11348,Male,Gen Z,regular,3,15,2025-07-02,2026-05-24
11349,Female,Millennial,loyal,2,26,2025-07-06,2026-06-16
11350,Female,Millennial,regular,8,18,2025-07-06,2026-06-02
11351,Female,Gen Z,occasional,2,4,2025-08-19,2026-02-15
11352,Male,Gen Z,one_and_done,1,1,2026-03-28,2026-03-28
11353,Male,Millennial,one_and_done,4,1,2025-12-07,2025-12-07
11354,Female,Gen X,one_and_done,1,1,2026-05-16,2026-05-16
11355,Female,Gen Z,one_and_done,1,1,2026-04-19,2026-04-19
11356,Female,Gen X,loyal,1,22,2025-07-04,2026-06-21
11357,Female,Millennial,one_and_done,4,1,2025-11-15,2025-11-15
11358,Male,Millennial,occasional,9,7,2025-07-07,2026-06-18
11359,Male,Gen Z,regular,4,15,2025-07-07,2026-06-06
11360,Male,Gen X,regular,1,16,2025-08-15,2026-05-31
11361,Male,Millennial,regular,2,21,2025-07-10,2026-06-20
11362,Male,Gen Z,regular,1,15,2025-06-30,2026-04-29
11363,Female,Millennial,one_and_done,8,1,2025-09-05,2025-09-05
11364,Female,Millennial,one_and_done,6,1,2026-03-25,2026-03-25
11365,Male,Gen X,occasional,1,5,2025-11-22,2026-06-08
11366,Female,Gen Z,one_and_done,1,1,2025-12-04,2025-12-04
11367,Male,Gen X,one_and_done,5,1,2025-09-13,2025-09-13
11368,Male,Millennial,regular,7,21,2025-07-15,2026-06-06
11369,Female,Millennial,one_and_done,1,1,2026-03-20,2026-03-20
11370,Male,Gen X,regular,1,16,2025-08-04,2026-06-14
11371,Female,Gen Z,regular,3,13,2025-07-04,2026-06-22
11372,Female,Millennial,one_and_done,8,1,2026-03-28,2026-03-28
11373,Female,Gen X,one_and_done,1,1,2025-09-30,2025-09-30
11374,Male,Boomer,occasional,5,4,2025-07-29,2026-05-01
11375,Female,Millennial,one_and_done,1,1,2025-09-30,2025-09-30
11376,Male,Boomer,one_and_done,3,1,2026-05-04,2026-05-04
11377,Male,Millennial,one_and_done,2,1,2026-06-03,2026-06-03
11378,Male,Millennial,occasional,1,7,2025-07-17,2026-04-27
11379,Male,Gen X,occasional,4,5,2025-11-02,2026-06-06
11380,Male,Gen Z,loyal,1,22,2025-07-10,2026-06-19
11381,Male,Millennial,occasional,3,7,2025-08-16,2026-06-23
11382,Male,Boomer,occasional,4,4,2025-08-08,2026-05-22
11383,Male,Gen Z,one_and_done,7,1,2025-10-23,2025-10-23
11384,Male,Gen X,one_and_done,7,1,2026-05-01,2026-05-01
11385,Male,Millennial,one_and_done,1,1,2026-02-14,2026-02-14
11386,Male,Millennial,one_and_done,1,1,2026-05-28,2026-05-28
11387,Male,Gen Z,regular,2,15,2025-07-25,2026-06-15
11388,Male,Millennial,occasional,2,7,2025-07-06,2026-06-20
11389,Male,Millennial,occasional,5,7,2025-07-04,2026-06-06
11390,Male,Gen Z,one_and_done,1,1,2025-11-01,2025-11-01
11391,Male,Gen Z,regular,1,15,2025-06-30,2026-06-12
11392,Female,Millennial,regular,1,18,2025-08-20,2026-06-11
11393,Male,Gen Z,regular,3,15,2025-07-08,2026-06-05
11394,Male,Millennial,occasional,2,7,2025-08-08,2026-06-12
11395,Male,Millennial,regular,3,21,2025-07-10,2026-06-16
11396,Female,Gen Z,occasional,9,4,2025-09-15,2026-06-16
11397,Female,Millennial,one_and_done,2,1,2026-03-28,2026-03-28
11398,Male,Gen Z,regular,1,15,2025-08-03,2026-06-23
11399,Female,Millennial,one_and_done,1,1,2025-09-27,2025-09-27
11400,Male,Millennial,regular,2,21,2025-07-02,2026-06-19
11401,Female,Gen X,regular,1,15,2025-08-16,2026-05-24
11402,Male,Gen Z,one_and_done,1,1,2025-09-22,2025-09-22
11403,Female,Boomer,regular,4,10,2025-07-12,2026-06-20
11404,Male,Millennial,loyal,1,30,2025-07-03,2026-06-23
11405,Male,Millennial,loyal,1,30,2025-07-08,2026-06-17
11406,Female,Millennial,one_and_done,5,1,2025-10-29,2025-10-29
11407,Male,Millennial,one_and_done,3,1,2025-12-17,2025-12-17
11408,Female,Millennial,occasional,1,6,2025-09-11,2026-06-12
11409,Male,Gen Z,one_and_done,5,1,2025-08-06,2025-08-06
11410,Female,Gen X,one_and_done,4,1,2025-12-17,2025-12-17
11411,Female,Millennial,regular,1,18,2025-07-03,2026-06-14
11412,Male,Gen X,one_and_done,2,1,2026-02-25,2026-02-25
11413,Female,Millennial,regular,1,18,2025-07-08,2026-05-23
11414,Female,Millennial,one_and_done,8,1,2026-04-25,2026-04-25
11415,Female,Millennial,occasional,1,6,2025-09-02,2026-05-30
11416,Male,Gen Z,one_and_done,3,1,2026-02-26,2026-02-26
11417,Male,Gen Z,regular,1,15,2025-07-25,2026-05-25
11418,Male,Millennial,one_and_done,5,1,2025-08-28,2025-08-28
11419,Male,Boomer,one_and_done,1,1,2025-11-16,2025-11-16
11420,Male,Gen X,one_and_done,3,1,2025-12-05,2025-12-05
11421,Male,Millennial,occasional,7,7,2025-09-17,2026-05-21
11422,Female,Boomer,occasional,6,3,2025-10-05,2025-11-15
11423,Male,Millennial,one_and_done,7,1,2026-06-05,2026-06-05
11424,Male,Boomer,one_and_done,1,1,2025-09-10,2025-09-10
11425,Female,Boomer,one_and_done,9,1,2026-03-13,2026-03-13
11426,Male,Millennial,one_and_done,3,1,2025-09-19,2025-09-19
11427,Male,Gen Z,regular,1,15,2025-07-15,2026-06-02
11428,Male,Boomer,occasional,3,4,2025-07-19,2026-06-13
11429,Male,Gen Z,one_and_done,1,1,2025-11-19,2025-11-19
11430,Male,Millennial,one_and_done,1,1,2025-10-31,2025-10-31
11431,Male,Gen Z,occasional,1,5,2025-06-30,2026-02-02
11432,Female,Gen X,one_and_done,1,1,2025-08-13,2025-08-13
11433,Male,Gen Z,loyal,1,22,2025-07-03,2026-06-06
11434,Male,Millennial,one_and_done,1,1,2026-01-01,2026-01-01
11435,Male,Millennial,regular,8,21,2025-07-17,2026-05-04
11436,Female,Millennial,occasional,1,6,2025-09-18,2026-05-20
11437,Female,Gen Z,one_and_done,1,1,2026-05-29,2026-05-29
11438,Male,Gen Z,one_and_done,2,1,2026-02-22,2026-02-22
11439,Female,Gen Z,occasional,1,4,2025-08-11,2026-06-01
11440,Female,Gen Z,regular,2,13,2025-07-10,2026-06-14
11441,Male,Millennial,one_and_done,3,1,2025-09-12,2025-09-12
11442,Female,Gen Z,one_and_done,1,1,2025-08-08,2025-08-08
11443,Male,Millennial,one_and_done,5,1,2026-06-17,2026-06-17
11444,Male,Millennial,one_and_done,4,1,2026-05-03,2026-05-03
11445,Female,Gen Z,one_and_done,2,1,2025-12-19,2025-12-19
11446,Male,Gen Z,loyal,3,22,2025-07-11,2026-06-20
11447,Male,Millennial,one_and_done,1,1,2025-09-24,2025-09-24
11448,Male,Gen X,regular,6,16,2025-07-03,2026-06-18
11449,Female,Gen Z,loyal,1,19,2025-07-31,2026-05-24
11450,Male,Boomer,one_and_done,8,1,2025-09-14,2025-09-14
11451,Male,Gen Z,one_and_done,1,1,2026-05-10,2026-05-10
11452,Male,Gen Z,one_and_done,1,1,2026-03-07,2026-03-07
11453,Male,Gen Z,regular,1,15,2025-07-11,2026-06-18
11454,Female,Gen Z,one_and_done,1,1,2025-12-20,2025-12-20
11455,Male,Boomer,one_and_done,4,1,2026-05-02,2026-05-02
11456,Male,Gen X,regular,6,16,2025-07-09,2026-06-23
11457,Female,Gen X,loyal,1,22,2025-07-04,2026-05-22
11458,Male,Gen Z,one_and_done,1,1,2026-01-18,2026-01-18
11459,Female,Gen Z,regular,1,13,2025-08-17,2026-06-18
11460,Male,Gen X,regular,1,16,2025-07-15,2026-05-25
11461,Male,Gen Z,regular,1,15,2025-07-01,2026-04-01
11462,Female,Gen X,one_and_done,1,1,2026-04-17,2026-04-17
11463,Male,Millennial,occasional,2,7,2025-08-09,2026-06-08
11464,Female,Gen X,occasional,3,5,2025-07-21,2026-06-15
11465,Male,Millennial,regular,2,21,2025-07-07,2026-06-19
11466,Male,Gen X,one_and_done,4,1,2025-07-15,2025-07-15
11467,Male,Gen Z,one_and_done,1,1,2026-03-16,2026-03-16
11468,Male,Millennial,occasional,2,7,2025-08-02,2026-06-19
11469,Male,Millennial,one_and_done,7,1,2026-02-15,2026-02-15
11470,Male,Millennial,one_and_done,3,1,2026-03-11,2026-03-11
11471,Male,Boomer,occasional,1,4,2025-07-29,2026-04-04
11472,Male,Millennial,regular,1,21,2025-07-04,2026-05-30
11473,Male,Gen Z,one_and_done,1,1,2025-11-22,2025-11-22
11474,Male,Gen Z,one_and_done,1,1,2026-03-14,2026-03-14
11475,Female,Millennial,one_and_done,2,1,2026-02-26,2026-02-26
11476,Male,Gen X,regular,1,16,2025-07-24,2026-06-12
11477,Female,Boomer,one_and_done,1,1,2026-01-26,2026-01-26
11478,Male,Millennial,loyal,1,30,2025-07-02,2026-06-22
11479,Male,Gen Z,one_and_done,1,1,2025-12-06,2025-12-06
11480,Female,Millennial,one_and_done,3,1,2025-11-14,2025-11-14
11481,Female,Gen X,loyal,1,22,2025-07-13,2026-06-01
11482,Female,Boomer,occasional,1,3,2025-07-15,2026-06-03
11483,Male,Gen Z,occasional,2,5,2025-07-06,2026-05-31
11484,Female,Gen Z,occasional,7,4,2025-07-04,2026-03-26
11485,Female,Gen Z,regular,3,13,2025-09-01,2026-05-06
11486,Male,Millennial,regular,2,21,2025-07-07,2026-06-13
11487,Male,Millennial,one_and_done,1,1,2025-12-09,2025-12-09
11488,Female,Gen Z,one_and_done,2,1,2026-02-19,2026-02-19
11489,Female,Millennial,occasional,3,6,2025-09-13,2026-06-15
11490,Male,Millennial,occasional,1,7,2025-08-06,2026-06-16
11491,Male,Millennial,regular,1,21,2025-07-24,2026-05-21
11492,Male,Millennial,regular,1,21,2025-08-02,2026-06-23
11493,Male,Gen Z,one_and_done,1,1,2026-04-18,2026-04-18
11494,Female,Gen Z,occasional,2,4,2025-11-24,2026-04-13
11495,Male,Gen X,one_and_done,3,1,2025-07-10,2025-07-10
11496,Male,Millennial,regular,4,21,2025-07-07,2026-06-16
11497,Male,Gen X,one_and_done,4,1,2025-07-29,2025-07-29
11498,Male,Millennial,occasional,1,7,2025-08-15,2026-06-20
11499,Male,Gen Z,one_and_done,1,1,2025-11-01,2025-11-01
11500,Male,Millennial,loyal,1,30,2025-07-03,2026-05-12
11501,Female,Millennial,regular,10,18,2025-07-03,2026-05-06
11502,Male,Millennial,occasional,1,7,2025-08-04,2026-05-21
11503,Female,Gen Z,regular,1,13,2025-07-14,2026-02-13
11504,Male,Boomer,one_and_done,7,1,2026-03-19,2026-03-19
11505,Male,Millennial,loyal,6,30,2025-07-03,2026-06-22
11506,Male,Gen Z,one_and_done,2,1,2025-09-20,2025-09-20
11507,Male,Gen X,one_and_done,7,1,2025-11-03,2025-11-03
11508,Female,Gen X,regular,1,15,2025-07-17,2026-06-18
11509,Male,Gen Z,loyal,9,22,2025-07-01,2026-06-13
11510,Male,Millennial,one_and_done,1,1,2025-12-26,2025-12-26
11511,Male,Millennial,one_and_done,7,1,2025-07-03,2025-07-03
11512,Female,Boomer,one_and_done,1,1,2026-05-20,2026-05-20
11513,Female,Gen Z,one_and_done,7,1,2026-05-26,2026-05-26
11514,Male,Millennial,loyal,3,30,2025-07-18,2026-06-20
11515,Male,Millennial,occasional,1,7,2025-07-10,2026-03-08
11516,Male,Millennial,one_and_done,1,1,2025-12-20,2025-12-20
11517,Male,Millennial,occasional,4,7,2025-08-03,2026-04-26
11518,Male,Millennial,one_and_done,1,1,2025-10-20,2025-10-20
11519,Female,Millennial,regular,1,18,2025-07-09,2026-06-21
11520,Male,Gen Z,regular,9,15,2025-08-30,2026-06-19
11521,Male,Gen X,one_and_done,1,1,2025-11-06,2025-11-06
11522,Male,Millennial,one_and_done,6,1,2025-09-01,2025-09-01
11523,Male,Millennial,one_and_done,1,1,2026-03-08,2026-03-08
11524,Female,Gen X,loyal,2,22,2025-07-05,2026-06-12
11525,Male,Gen Z,one_and_done,7,1,2026-03-27,2026-03-27
11526,Male,Millennial,loyal,1,30,2025-07-26,2026-06-16
11527,Male,Boomer,one_and_done,1,1,2025-07-11,2025-07-11
11528,Female,Boomer,occasional,3,3,2025-10-06,2026-05-30
11529,Male,Millennial,one_and_done,1,1,2025-12-15,2025-12-15
11530,Male,Gen X,one_and_done,2,1,2025-12-28,2025-12-28
11531,Male,Gen Z,loyal,1,22,2025-07-03,2026-06-23
11532,Male,Millennial,one_and_done,1,1,2025-09-17,2025-09-17
11533,Male,Millennial,regular,4,21,2025-06-30,2026-06-17
11534,Male,Millennial,one_and_done,4,1,2025-11-21,2025-11-21
11535,Male,Millennial,occasional,1,7,2025-07-15,2026-03-27
11536,Female,Gen Z,occasional,1,4,2025-11-26,2026-04-23
11537,Male,Gen X,one_and_done,2,1,2025-09-28,2025-09-28
11538,Male,Millennial,one_and_done,1,1,2025-08-04,2025-08-04
11539,Female,Gen X,one_and_done,1,1,2025-08-11,2025-08-11
11540,Female,Millennial,occasional,3,6,2025-06-30,2026-05-04
11541,Male,Millennial,one_and_done,1,1,2026-06-18,2026-06-18
11542,Male,Gen Z,regular,1,15,2025-07-03,2026-05-25
11543,Male,Millennial,occasional,6,7,2025-07-09,2026-05-16
11544,Male,Millennial,loyal,1,30,2025-07-11,2026-06-14
11545,Female,Millennial,occasional,1,6,2025-08-07,2026-05-15
11546,Male,Millennial,one_and_done,1,1,2025-07-05,2025-07-05
11547,Male,Millennial,regular,1,21,2025-07-18,2026-06-15
11548,Male,Gen Z,one_and_done,2,1,2025-11-22,2025-11-22
11549,Male,Gen X,one_and_done,5,1,2025-07-18,2025-07-18
11550,Male,Boomer,one_and_done,1,1,2026-04-24,2026-04-24
11551,Male,Millennial,loyal,1,30,2025-06-30,2026-06-20
11552,Male,Millennial,occasional,4,7,2025-12-10,2026-05-08
11553,Male,Gen X,occasional,1,5,2025-10-01,2026-06-12
11554,Male,Gen Z,one_and_done,3,1,2026-06-07,2026-06-07
11555,Female,Boomer,regular,3,10,2025-07-14,2026-06-05
11556,Male,Millennial,occasional,1,7,2025-07-19,2026-06-22
11557,Female,Gen X,regular,4,15,2025-07-01,2026-05-30
11558,Female,Boomer,occasional,1,3,2025-08-27,2025-11-27
11559,Male,Millennial,one_and_done,1,1,2025-08-01,2025-08-01
11560,Male,Gen X,one_and_done,1,1,2026-05-14,2026-05-14
11561,Male,Boomer,occasional,3,4,2025-09-26,2026-06-13
11562,Female,Millennial,one_and_done,2,1,2025-09-11,2025-09-11
11563,Male,Gen Z,one_and_done,1,1,2025-10-05,2025-10-05
11564,Female,Millennial,one_and_done,3,1,2026-05-15,2026-05-15
11565,Male,Millennial,occasional,1,7,2025-07-30,2026-06-15
11566,Female,Millennial,one_and_done,5,1,2025-07-02,2025-07-02
11567,Female,Boomer,one_and_done,3,1,2026-03-18,2026-03-18
11568,Female,Millennial,loyal,1,26,2025-07-07,2026-06-12
11569,Female,Millennial,loyal,3,26,2025-07-13,2026-06-22
11570,Male,Millennial,regular,1,21,2025-07-30,2026-06-12
11571,Male,Millennial,one_and_done,1,1,2025-07-16,2025-07-16
11572,Male,Gen X,one_and_done,1,1,2026-05-13,2026-05-13
11573,Female,Millennial,occasional,2,6,2025-07-29,2026-06-20
11574,Female,Millennial,regular,1,18,2025-07-04,2026-06-19
11575,Male,Millennial,regular,1,21,2025-07-31,2026-06-09
11576,Male,Gen X,regular,1,16,2025-07-15,2026-05-27
11577,Male,Millennial,one_and_done,3,1,2026-02-21,2026-02-21
11578,Male,Millennial,one_and_done,6,1,2026-02-12,2026-02-12
11579,Male,Millennial,occasional,1,7,2025-08-08,2026-02-12
11580,Male,Millennial,one_and_done,5,1,2025-10-22,2025-10-22
11581,Female,Millennial,one_and_done,1,1,2025-11-09,2025-11-09
11582,Male,Gen X,regular,1,16,2025-07-14,2026-05-12
11583,Male,Gen X,regular,5,16,2025-07-19,2026-05-07
11584,Male,Millennial,regular,2,21,2025-08-09,2026-06-19
11585,Male,Gen Z,one_and_done,8,1,2025-07-28,2025-07-28
11586,Male,Boomer,one_and_done,2,1,2025-10-09,2025-10-09
11587,Male,Millennial,regular,3,21,2025-07-04,2026-05-24
11588,Female,Millennial,one_and_done,1,1,2025-08-07,2025-08-07
11589,Male,Boomer,one_and_done,1,1,2025-12-26,2025-12-26
11590,Male,Gen Z,regular,4,15,2025-07-11,2026-05-09
11591,Male,Millennial,occasional,2,7,2025-07-24,2026-04-20
11592,Male,Gen X,one_and_done,4,1,2025-07-23,2025-07-23
11593,Male,Gen Z,occasional,1,5,2025-07-11,2026-02-25
11594,Male,Gen X,one_and_done,2,1,2025-11-16,2025-11-16
11595,Male,Millennial,one_and_done,3,1,2025-09-09,2025-09-09
11596,Female,Boomer,regular,3,10,2025-07-07,2026-06-04
11597,Female,Millennial,occasional,1,6,2025-07-06,2026-02-07
11598,Female,Gen Z,one_and_done,2,1,2026-02-19,2026-02-19
11599,Female,Millennial,occasional,10,6,2025-07-26,2026-04-30
11600,Male,Gen Z,occasional,2,5,2025-07-03,2026-02-09
11601,Female,Gen Z,one_and_done,5,1,2026-01-13,2026-01-13
11602,Female,Gen Z,one_and_done,2,1,2026-02-05,2026-02-05
11603,Male,Boomer,loyal,1,17,2025-08-01,2026-05-31
11604,Male,Gen X,one_and_done,5,1,2026-05-27,2026-05-27
11605,Female,Gen X,one_and_done,1,1,2026-03-23,2026-03-23
11606,Male,Gen Z,one_and_done,8,1,2026-04-25,2026-04-25
11607,Male,Gen Z,one_and_done,5,1,2025-07-12,2025-07-12
11608,Female,Millennial,one_and_done,1,1,2026-02-13,2026-02-13
11609,Female,Gen Z,one_and_done,3,1,2026-01-04,2026-01-04
11610,Male,Boomer,occasional,2,4,2025-10-17,2026-06-08
11611,Male,Gen X,one_and_done,2,1,2025-08-03,2025-08-03
11612,Male,Millennial,occasional,1,7,2025-07-09,2026-05-09
11613,Male,Gen Z,regular,6,15,2025-07-09,2026-06-19
11614,Female,Millennial,one_and_done,1,1,2025-12-08,2025-12-08
11615,Female,Millennial,one_and_done,1,1,2025-12-10,2025-12-10
11616,Male,Gen X,occasional,6,5,2025-10-18,2026-05-07
11617,Female,Millennial,occasional,1,6,2025-10-10,2026-04-28
11618,Female,Boomer,one_and_done,1,1,2025-07-09,2025-07-09
11619,Male,Gen X,regular,2,16,2025-07-10,2026-04-25
11620,Male,Millennial,one_and_done,1,1,2026-06-10,2026-06-10
11621,Female,Gen Z,loyal,2,19,2025-07-15,2026-06-20
11622,Male,Gen X,one_and_done,1,1,2026-01-03,2026-01-03
11623,Male,Gen X,one_and_done,1,1,2025-09-13,2025-09-13
11624,Female,Millennial,occasional,1,6,2025-09-29,2026-06-17
11625,Male,Gen X,one_and_done,2,1,2026-06-07,2026-06-07
11626,Male,Gen X,one_and_done,1,1,2025-10-03,2025-10-03
11627,Male,Gen X,one_and_done,1,1,2026-05-02,2026-05-02
11628,Male,Millennial,one_and_done,2,1,2025-12-30,2025-12-30
11629,Male,Millennial,occasional,4,7,2025-07-22,2026-04-06
11630,Female,Gen Z,one_and_done,1,1,2026-02-18,2026-02-18
11631,Male,Boomer,loyal,5,17,2025-07-16,2026-06-19
11632,Male,Millennial,one_and_done,1,1,2026-06-05,2026-06-05
11633,Male,Millennial,occasional,4,7,2025-08-22,2026-04-05
11634,Male,Millennial,occasional,1,7,2025-07-17,2026-06-21
11635,Male,Millennial,one_and_done,1,1,2025-07-01,2025-07-01
11636,Male,Millennial,one_and_done,3,1,2026-03-09,2026-03-09
11637,Male,Gen Z,regular,1,15,2025-06-30,2026-06-12
11638,Male,Millennial,one_and_done,3,1,2025-08-28,2025-08-28
11639,Male,Millennial,occasional,5,7,2025-08-23,2026-05-09
11640,Male,Millennial,one_and_done,7,1,2026-06-05,2026-06-05
11641,Male,Gen X,regular,2,16,2025-07-24,2026-06-18
11642,Male,Millennial,occasional,1,7,2025-08-31,2026-06-23
11643,Male,Boomer,one_and_done,1,1,2026-04-01,2026-04-01
11644,Male,Millennial,one_and_done,1,1,2026-01-23,2026-01-23
11645,Male,Gen Z,loyal,4,22,2025-07-04,2026-06-08
11646,Male,Gen X,loyal,6,24,2025-06-30,2026-06-19
11647,Male,Gen X,one_and_done,7,1,2025-10-20,2025-10-20
11648,Male,Gen Z,one_and_done,1,1,2025-08-03,2025-08-03
11649,Male,Millennial,occasional,1,7,2025-11-23,2026-04-26
11650,Female,Boomer,one_and_done,1,1,2025-07-11,2025-07-11
11651,Male,Millennial,one_and_done,3,1,2025-09-03,2025-09-03
11652,Male,Gen X,one_and_done,4,1,2026-05-11,2026-05-11
11653,Female,Millennial,regular,2,18,2025-07-26,2026-06-23
11654,Female,Gen X,occasional,1,5,2025-09-19,2026-06-22
11655,Male,Boomer,one_and_done,1,1,2025-10-09,2025-10-09
11656,Female,Gen Z,regular,1,13,2025-07-03,2026-03-18
11657,Male,Millennial,one_and_done,1,1,2026-03-27,2026-03-27
11658,Female,Gen Z,loyal,4,19,2025-07-23,2026-06-18
11659,Female,Millennial,one_and_done,1,1,2025-07-26,2025-07-26
11660,Male,Gen Z,regular,1,15,2025-07-10,2026-03-24
11661,Female,Millennial,one_and_done,1,1,2026-06-01,2026-06-01
11662,Female,Millennial,one_and_done,1,1,2026-01-14,2026-01-14
11663,Male,Gen Z,occasional,2,5,2025-07-01,2026-05-29
11664,Female,Millennial,regular,1,18,2025-07-17,2026-06-02
11665,Male,Gen X,one_and_done,1,1,2026-01-14,2026-01-14
11666,Male,Millennial,regular,1,21,2025-07-07,2026-06-16
11667,Female,Gen X,regular,1,15,2025-07-28,2026-06-22
11668,Male,Millennial,one_and_done,1,1,2026-04-30,2026-04-30
11669,Female,Millennial,one_and_done,1,1,2026-06-11,2026-06-11
11670,Male,Gen X,occasional,2,5,2025-08-15,2026-06-13
11671,Male,Gen X,regular,1,16,2025-07-01,2026-06-21
11672,Female,Millennial,regular,1,18,2025-07-20,2026-06-09
11673,Male,Gen Z,regular,3,15,2025-07-24,2026-06-08
11674,Female,Boomer,one_and_done,2,1,2025-07-04,2025-07-04
11675,Female,Millennial,occasional,1,6,2025-07-04,2026-04-01
11676,Female,Millennial,one_and_done,2,1,2026-05-31,2026-05-31
11677,Male,Gen Z,one_and_done,6,1,2025-07-09,2025-07-09
11678,Male,Millennial,one_and_done,1,1,2026-04-25,2026-04-25
11679,Male,Gen X,occasional,5,5,2025-09-10,2026-06-17
11680,Male,Millennial,one_and_done,1,1,2025-12-31,2025-12-31
11681,Male,Gen Z,one_and_done,1,1,2025-11-07,2025-11-07
11682,Male,Gen X,one_and_done,3,1,2026-04-15,2026-04-15
11683,Male,Millennial,one_and_done,4,1,2025-09-28,2025-09-28
11684,Female,Gen Z,one_and_done,4,1,2025-11-05,2025-11-05
11685,Male,Gen X,regular,1,16,2025-07-01,2026-06-11
11686,Female,Millennial,one_and_done,1,1,2025-12-27,2025-12-27
11687,Male,Gen Z,one_and_done,1,1,2025-08-13,2025-08-13
11688,Male,Millennial,one_and_done,2,1,2025-11-28,2025-11-28
11689,Male,Gen Z,occasional,1,5,2026-01-26,2026-05-03
11690,Male,Boomer,one_and_done,1,1,2025-12-06,2025-12-06
11691,Male,Millennial,loyal,4,30,2025-07-22,2026-06-14
11692,Male,Boomer,one_and_done,2,1,2025-11-02,2025-11-02
11693,Male,Millennial,regular,5,21,2025-07-31,2026-06-22
11694,Male,Millennial,occasional,1,7,2025-07-05,2026-06-03
11695,Male,Gen X,regular,1,16,2025-07-14,2026-05-08
11696,Female,Gen X,one_and_done,1,1,2026-04-24,2026-04-24
11697,Female,Millennial,one_and_done,1,1,2025-10-17,2025-10-17
11698,Male,Boomer,one_and_done,8,1,2025-11-03,2025-11-03
11699,Male,Gen Z,one_and_done,1,1,2026-05-14,2026-05-14
11700,Male,Gen Z,one_and_done,2,1,2025-10-01,2025-10-01
11701,Male,Millennial,occasional,3,7,2025-08-03,2026-02-28
11702,Female,Gen Z,occasional,5,4,2025-07-17,2026-06-08
11703,Female,Millennial,one_and_done,1,1,2026-04-17,2026-04-17
11704,Male,Millennial,regular,1,21,2025-07-17,2026-04-24
11705,Female,Millennial,occasional,1,6,2025-07-09,2026-05-20
11706,Female,Millennial,occasional,3,6,2025-11-21,2026-06-10
11707,Male,Gen Z,occasional,3,5,2025-11-22,2026-05-06
11708,Male,Millennial,one_and_done,1,1,2025-09-26,2025-09-26
11709,Male,Gen X,one_and_done,1,1,2026-05-05,2026-05-05
11710,Male,Millennial,one_and_done,2,1,2026-06-13,2026-06-13
11711,Male,Boomer,occasional,4,4,2025-07-04,2026-05-01
11712,Male,Millennial,regular,5,21,2025-07-04,2026-06-20
11713,Male,Millennial,one_and_done,1,1,2026-03-15,2026-03-15
11714,Male,Millennial,one_and_done,1,1,2025-09-13,2025-09-13
11715,Female,Millennial,occasional,1,6,2025-07-29,2026-05-01
11716,Male,Gen Z,one_and_done,1,1,2026-06-02,2026-06-02
11717,Male,Millennial,occasional,2,7,2025-08-19,2026-06-15
11718,Male,Gen X,one_and_done,1,1,2025-12-29,2025-12-29
11719,Male,Boomer,one_and_done,4,1,2025-08-15,2025-08-15
11720,Female,Millennial,one_and_done,1,1,2026-03-25,2026-03-25
11721,Male,Gen Z,loyal,1,22,2025-07-07,2026-06-13
11722,Female,Gen Z,one_and_done,3,1,2026-05-14,2026-05-14
11723,Male,Gen Z,regular,3,15,2025-07-07,2026-04-22
11724,Female,Millennial,one_and_done,2,1,2026-04-10,2026-04-10
11725,Male,Gen Z,one_and_done,1,1,2025-12-09,2025-12-09
11726,Male,Millennial,one_and_done,1,1,2025-10-08,2025-10-08
11727,Male,Millennial,regular,1,21,2025-07-11,2026-06-19
11728,Male,Millennial,regular,5,21,2025-08-05,2026-06-19
11729,Male,Millennial,loyal,1,30,2025-07-05,2026-06-11
11730,Male,Millennial,loyal,2,30,2025-07-02,2026-06-12
11731,Male,Gen X,one_and_done,4,1,2025-07-05,2025-07-05
11732,Male,Gen X,regular,7,16,2025-07-05,2026-06-18
11733,Female,Millennial,loyal,4,26,2025-08-14,2026-05-26
11734,Male,Gen Z,one_and_done,4,1,2026-05-12,2026-05-12
11735,Male,Millennial,occasional,2,7,2025-08-30,2026-06-22
11736,Male,Millennial,occasional,1,7,2025-07-01,2026-03-18
11737,Male,Millennial,regular,1,21,2025-07-02,2026-05-25
11738,Female,Gen Z,one_and_done,9,1,2025-07-17,2025-07-17
11739,Male,Gen Z,one_and_done,1,1,2025-11-22,2025-11-22
11740,Female,Gen X,one_and_done,3,1,2025-08-19,2025-08-19
11741,Female,Gen X,one_and_done,1,1,2026-03-29,2026-03-29
11742,Male,Gen Z,one_and_done,1,1,2026-03-30,2026-03-30
11743,Male,Gen Z,one_and_done,2,1,2025-12-26,2025-12-26
11744,Female,Millennial,occasional,1,6,2025-07-14,2026-04-15
11745,Female,Millennial,one_and_done,4,1,2025-11-02,2025-11-02
11746,Female,Millennial,occasional,1,6,2025-07-05,2026-05-25
11747,Male,Gen Z,occasional,4,5,2025-07-18,2026-03-30
11748,Female,Gen Z,occasional,3,4,2025-08-05,2025-11-25
11749,Female,Boomer,occasional,1,3,2025-10-16,2026-06-03
11750,Male,Millennial,occasional,2,7,2025-08-29,2026-06-04
11751,Male,Millennial,one_and_done,1,1,2025-07-08,2025-07-08
11752,Female,Millennial,regular,1,18,2025-07-06,2026-04-30
11753,Female,Millennial,one_and_done,2,1,2026-03-28,2026-03-28
11754,Male,Gen Z,one_and_done,1,1,2025-09-25,2025-09-25
11755,Female,Millennial,one_and_done,1,1,2026-06-02,2026-06-02
11756,Male,Millennial,one_and_done,1,1,2026-03-17,2026-03-17
11757,Male,Millennial,loyal,4,30,2025-07-24,2026-06-05
11758,Female,Millennial,regular,1,18,2025-07-08,2026-06-22
11759,Male,Millennial,one_and_done,5,1,2026-04-21,2026-04-21
11760,Male,Gen Z,regular,2,15,2025-08-14,2026-05-19
11761,Male,Millennial,one_and_done,3,1,2025-09-27,2025-09-27
11762,Female,Gen X,one_and_done,1,1,2026-03-01,2026-03-01
11763,Female,Gen X,regular,1,15,2025-07-04,2026-06-12
11764,Male,Gen Z,occasional,6,5,2025-07-07,2026-03-17
11765,Male,Millennial,one_and_done,1,1,2026-02-20,2026-02-20
11766,Female,Millennial,one_and_done,1,1,2025-07-10,2025-07-10
11767,Male,Millennial,regular,1,21,2025-07-03,2026-06-06
11768,Male,Millennial,one_and_done,6,1,2026-02-27,2026-02-27
11769,Male,Gen X,occasional,1,5,2025-09-03,2026-06-19
11770,Male,Millennial,occasional,3,7,2025-07-07,2026-04-26
11771,Male,Gen Z,occasional,1,5,2025-10-29,2026-06-12
11772,Male,Boomer,one_and_done,1,1,2026-04-16,2026-04-16
11773,Male,Millennial,regular,1,21,2025-06-30,2026-06-18
11774,Female,Millennial,loyal,5,26,2025-07-05,2026-06-06
11775,Female,Millennial,one_and_done,2,1,2026-06-01,2026-06-01
11776,Female,Gen Z,one_and_done,6,1,2026-02-07,2026-02-07
11777,Female,Millennial,one_and_done,6,1,2026-05-15,2026-05-15
11778,Female,Gen Z,one_and_done,2,1,2026-05-15,2026-05-15
11779,Male,Gen Z,one_and_done,2,1,2026-06-09,2026-06-09
11780,Female,Millennial,regular,1,18,2025-07-23,2026-06-20
11781,Male,Boomer,regular,1,12,2025-08-14,2026-06-15
11782,Male,Boomer,regular,1,12,2025-07-04,2026-05-28
11783,Male,Millennial,regular,4,21,2025-07-24,2026-06-14
11784,Male,Millennial,regular,10,21,2025-07-06,2026-06-12
11785,Female,Boomer,loyal,3,15,2025-06-30,2026-06-11
11786,Male,Gen Z,occasional,1,5,2025-07-14,2026-05-02
11787,Male,Gen Z,one_and_done,6,1,2026-05-29,2026-05-29
11788,Female,Gen X,one_and_done,7,1,2026-02-14,2026-02-14
11789,Female,Gen X,occasional,1,5,2025-08-01,2026-06-15
11790,Male,Millennial,one_and_done,2,1,2026-03-14,2026-03-14
11791,Male,Gen Z,one_and_done,1,1,2025-08-17,2025-08-17
11792,Female,Millennial,one_and_done,3,1,2026-01-03,2026-01-03
11793,Female,Millennial,one_and_done,1,1,2026-01-05,2026-01-05
11794,Male,Millennial,one_and_done,6,1,2025-12-08,2025-12-08
11795,Female,Millennial,regular,3,18,2025-07-12,2026-06-21
11796,Male,Millennial,regular,1,21,2025-07-01,2026-06-01
11797,Male,Millennial,one_and_done,1,1,2025-11-19,2025-11-19
11798,Male,Millennial,one_and_done,1,1,2026-04-01,2026-04-01
11799,Male,Millennial,occasional,1,7,2025-08-02,2026-05-02
11800,Male,Millennial,one_and_done,1,1,2025-11-07,2025-11-07
11801,Female,Gen X,occasional,1,5,2025-08-13,2026-04-10
11802,Female,Millennial,regular,2,18,2025-07-04,2026-05-13
11803,Male,Millennial,one_and_done,1,1,2025-11-19,2025-11-19
11804,Male,Gen X,occasional,7,5,2025-09-25,2026-04-12
11805,Female,Gen X,occasional,1,5,2025-08-02,2026-02-06
11806,Female,Gen X,one_and_done,5,1,2026-03-07,2026-03-07
11807,Male,Gen Z,occasional,1,5,2025-07-15,2026-06-05
11808,Male,Gen X,regular,1,16,2025-07-25,2026-06-05
11809,Male,Millennial,one_and_done,3,1,2025-09-11,2025-09-11
11810,Male,Gen Z,one_and_done,1,1,2025-07-14,2025-07-14
11811,Male,Millennial,occasional,1,7,2025-11-07,2026-04-07
11812,Male,Gen Z,regular,1,15,2025-07-15,2026-06-16
11813,Female,Millennial,occasional,1,6,2025-08-08,2026-05-14
11814,Female,Millennial,occasional,1,6,2025-07-07,2026-03-24
11815,Male,Gen Z,one_and_done,1,1,2025-09-15,2025-09-15
11816,Male,Millennial,one_and_done,1,1,2025-08-30,2025-08-30
11817,Male,Boomer,regular,3,12,2025-07-11,2026-06-23
11818,Female,Millennial,one_and_done,2,1,2026-04-28,2026-04-28
11819,Female,Millennial,one_and_done,3,1,2025-07-01,2025-07-01
11820,Male,Gen Z,one_and_done,1,1,2025-09-04,2025-09-04
11821,Female,Millennial,occasional,5,6,2026-02-06,2026-05-16
11822,Female,Gen Z,one_and_done,1,1,2026-05-14,2026-05-14
11823,Male,Gen X,one_and_done,4,1,2025-11-24,2025-11-24
11824,Male,Gen X,regular,8,16,2025-07-11,2026-05-24
11825,Male,Gen X,regular,1,16,2025-07-18,2026-06-14
11826,Male,Gen X,one_and_done,2,1,2025-12-11,2025-12-11
11827,Male,Millennial,regular,1,21,2025-07-17,2026-06-21
11828,Male,Millennial,regular,1,21,2025-08-05,2026-06-21
11829,Male,Boomer,regular,1,12,2025-07-09,2026-05-27
11830,Male,Millennial,regular,1,21,2025-07-18,2026-06-20
11831,Male,Gen X,regular,10,16,2025-07-23,2026-04-02
11832,Male,Boomer,one_and_done,6,1,2026-05-03,2026-05-03
11833,Male,Boomer,one_and_done,1,1,2026-04-09,2026-04-09
11834,Male,Millennial,one_and_done,8,1,2025-08-08,2025-08-08
11835,Female,Millennial,one_and_done,4,1,2025-10-17,2025-10-17
11836,Male,Boomer,one_and_done,2,1,2025-09-18,2025-09-18
11837,Female,Millennial,one_and_done,1,1,2025-07-15,2025-07-15
11838,Female,Millennial,one_and_done,2,1,2025-09-14,2025-09-14
11839,Male,Boomer,one_and_done,1,1,2026-02-06,2026-02-06
11840,Female,Millennial,regular,6,18,2025-07-07,2026-05-30
11841,Male,Millennial,one_and_done,1,1,2026-03-09,2026-03-09
11842,Male,Gen Z,occasional,4,5,2025-09-23,2026-05-22
11843,Male,Millennial,regular,1,21,2025-07-06,2026-06-18
11844,Male,Millennial,one_and_done,5,1,2026-06-15,2026-06-15
11845,Male,Gen X,regular,1,16,2025-08-03,2026-05-24
11846,Female,Millennial,one_and_done,2,1,2025-08-09,2025-08-09
11847,Male,Gen X,occasional,1,5,2025-06-30,2026-04-02
11848,Female,Millennial,occasional,1,6,2025-07-15,2026-06-11
11849,Female,Gen Z,one_and_done,1,1,2025-07-06,2025-07-06
11850,Male,Boomer,one_and_done,2,1,2025-10-02,2025-10-02
11851,Female,Gen X,occasional,4,5,2025-09-07,2026-04-30
11852,Male,Millennial,occasional,2,7,2025-08-23,2026-06-04
11853,Male,Boomer,one_and_done,6,1,2025-08-08,2025-08-08
11854,Female,Gen Z,occasional,3,4,2025-09-30,2026-02-15
11855,Male,Millennial,loyal,3,30,2025-07-08,2026-06-23
11856,Male,Gen X,occasional,1,5,2025-08-05,2026-05-04
11857,Male,Gen Z,one_and_done,4,1,2026-01-23,2026-01-23
11858,Female,Gen Z,occasional,3,4,2025-08-05,2026-06-01
11859,Male,Millennial,one_and_done,2,1,2025-10-20,2025-10-20
11860,Male,Millennial,one_and_done,2,1,2026-03-09,2026-03-09
11861,Male,Gen X,regular,1,16,2025-07-12,2026-05-12
11862,Male,Millennial,one_and_done,1,1,2025-08-12,2025-08-12
11863,Female,Boomer,one_and_done,7,1,2025-07-18,2025-07-18
11864,Male,Gen Z,occasional,5,5,2025-08-17,2025-11-04
11865,Male,Millennial,one_and_done,8,1,2025-09-14,2025-09-14
11866,Male,Gen X,loyal,3,24,2025-07-10,2026-06-04
11867,Female,Millennial,one_and_done,2,1,2025-07-08,2025-07-08
11868,Female,Millennial,one_and_done,1,1,2025-10-03,2025-10-03
11869,Male,Millennial,loyal,1,30,2025-07-03,2026-06-12
11870,Female,Millennial,regular,1,18,2025-07-03,2026-04-03
11871,Female,Millennial,occasional,1,6,2025-07-15,2026-06-16
11872,Female,Millennial,one_and_done,2,1,2026-04-08,2026-04-08
11873,Male,Gen X,one_and_done,4,1,2025-07-29,2025-07-29
11874,Male,Millennial,one_and_done,1,1,2025-11-14,2025-11-14
11875,Female,Millennial,one_and_done,1,1,2026-01-08,2026-01-08
11876,Male,Gen Z,one_and_done,2,1,2025-09-19,2025-09-19
11877,Male,Boomer,occasional,1,4,2025-07-12,2026-04-01
11878,Male,Gen Z,occasional,1,5,2025-07-31,2026-03-22
11879,Male,Millennial,one_and_done,1,1,2026-04-21,2026-04-21
11880,Female,Millennial,one_and_done,5,1,2025-08-16,2025-08-16
11881,Male,Boomer,loyal,1,17,2025-07-11,2026-06-23
11882,Female,Millennial,one_and_done,1,1,2025-08-22,2025-08-22
11883,Male,Gen Z,regular,4,15,2025-07-06,2026-06-02
11884,Male,Millennial,occasional,1,7,2025-08-25,2026-05-09
11885,Female,Millennial,one_and_done,5,1,2026-05-30,2026-05-30
11886,Female,Gen Z,one_and_done,1,1,2026-04-08,2026-04-08
11887,Male,Gen Z,loyal,1,22,2025-09-13,2026-06-09
11888,Female,Millennial,one_and_done,2,1,2026-04-09,2026-04-09
11889,Male,Millennial,occasional,2,7,2025-08-24,2026-03-28
11890,Female,Gen X,regular,5,15,2025-07-12,2026-06-18
11891,Male,Millennial,one_and_done,6,1,2026-05-02,2026-05-02
11892,Female,Millennial,one_and_done,2,1,2025-11-10,2025-11-10
11893,Female,Millennial,one_and_done,1,1,2026-02-11,2026-02-11
11894,Male,Gen X,one_and_done,4,1,2025-08-16,2025-08-16
11895,Male,Gen Z,regular,1,15,2025-07-04,2026-06-05
11896,Male,Gen Z,occasional,1,5,2025-11-17,2026-05-27
11897,Male,Millennial,one_and_done,1,1,2025-11-03,2025-11-03
11898,Male,Gen Z,one_and_done,2,1,2025-10-31,2025-10-31
11899,Male,Millennial,occasional,1,7,2025-08-27,2026-06-12
11900,Female,Gen X,regular,1,15,2025-09-12,2026-06-12
11901,Female,Boomer,occasional,1,3,2025-07-29,2026-05-16
11902,Male,Millennial,occasional,1,7,2025-08-14,2026-06-05
11903,Male,Gen Z,one_and_done,3,1,2025-12-16,2025-12-16
11904,Female,Gen Z,one_and_done,1,1,2025-08-30,2025-08-30
11905,Male,Gen Z,loyal,5,22,2025-08-15,2026-06-18
11906,Female,Boomer,occasional,6,3,2025-10-11,2026-02-21
11907,Male,Gen Z,occasional,6,5,2025-08-29,2026-04-04
11908,Male,Millennial,one_and_done,1,1,2026-02-23,2026-02-23
11909,Female,Gen X,regular,2,15,2025-09-08,2026-06-02
11910,Female,Gen X,one_and_done,1,1,2025-07-25,2025-07-25
11911,Male,Boomer,one_and_done,1,1,2026-05-02,2026-05-02
11912,Male,Gen X,one_and_done,1,1,2025-12-31,2025-12-31
11913,Female,Gen Z,occasional,1,4,2025-09-13,2026-02-04
11914,Female,Millennial,occasional,4,6,2025-08-09,2026-06-22
11915,Female,Millennial,loyal,2,26,2025-07-02,2026-06-07
11916,Male,Gen Z,occasional,1,5,2025-08-05,2026-04-14
11917,Female,Millennial,regular,7,18,2025-07-04,2026-06-20
11918,Female,Millennial,one_and_done,1,1,2026-04-12,2026-04-12
11919,Male,Millennial,regular,4,21,2025-07-01,2026-05-30
11920,Female,Millennial,occasional,1,6,2025-08-30,2026-06-04
11921,Female,Millennial,regular,1,18,2025-07-12,2026-06-19
11922,Male,Millennial,loyal,1,30,2025-07-04,2026-06-12
11923,Male,Gen Z,one_and_done,3,1,2025-12-26,2025-12-26
11924,Male,Boomer,one_and_done,1,1,2025-08-27,2025-08-27
11925,Male,Gen X,one_and_done,1,1,2025-12-05,2025-12-05
11926,Male,Millennial,regular,1,21,2025-08-09,2026-05-24
11927,Male,Millennial,regular,2,21,2025-07-26,2026-06-22
11928,Female,Millennial,one_and_done,1,1,2026-06-02,2026-06-02
11929,Male,Gen X,one_and_done,4,1,2026-03-20,2026-03-20
11930,Female,Boomer,one_and_done,1,1,2026-03-28,2026-03-28
11931,Male,Gen Z,occasional,1,5,2025-07-16,2026-02-27
11932,Male,Gen X,regular,1,16,2025-06-30,2026-04-10
11933,Male,Gen Z,one_and_done,1,1,2025-09-19,2025-09-19
11934,Female,Millennial,occasional,2,6,2025-07-03,2026-04-25
11935,Male,Gen Z,regular,4,15,2025-07-15,2026-04-03
11936,Male,Millennial,one_and_done,5,1,2025-12-11,2025-12-11
11937,Female,Millennial,one_and_done,4,1,2026-04-29,2026-04-29
11938,Male,Millennial,occasional,1,7,2025-09-07,2026-04-04
11939,Male,Millennial,occasional,1,7,2025-07-20,2026-05-18
11940,Female,Gen X,occasional,1,5,2025-09-28,2026-04-22
11941,Male,Gen X,loyal,1,24,2025-07-01,2026-06-15
11942,Female,Boomer,occasional,4,3,2025-07-20,2026-04-11
11943,Male,Gen X,occasional,7,5,2025-07-16,2026-03-15
11944,Male,Gen Z,occasional,1,5,2025-09-19,2026-01-21
11945,Female,Gen Z,regular,7,13,2025-10-02,2026-06-03
11946,Female,Millennial,one_and_done,7,1,2026-05-23,2026-05-23
11947,Male,Millennial,one_and_done,5,1,2026-04-09,2026-04-09
11948,Male,Millennial,loyal,1,30,2025-06-30,2026-06-15
11949,Male,Millennial,one_and_done,5,1,2025-10-16,2025-10-16
11950,Female,Millennial,regular,1,18,2025-07-20,2026-06-20
11951,Female,Millennial,loyal,1,26,2025-07-06,2026-06-11
11952,Male,Millennial,regular,1,21,2025-07-03,2026-05-29
11953,Male,Millennial,one_and_done,3,1,2026-06-05,2026-06-05
11954,Male,Gen Z,regular,6,15,2025-07-10,2026-06-04
11955,Female,Millennial,one_and_done,2,1,2025-09-30,2025-09-30
11956,Male,Gen X,regular,1,16,2025-07-26,2026-06-09
11957,Male,Gen Z,one_and_done,2,1,2026-06-06,2026-06-06
11958,Male,Millennial,occasional,4,7,2025-08-06,2026-06-15
11959,Female,Gen Z,one_and_done,1,1,2025-07-21,2025-07-21
11960,Male,Millennial,one_and_done,9,1,2025-07-19,2025-07-19
11961,Male,Gen X,one_and_done,1,1,2025-08-01,2025-08-01
11962,Male,Millennial,regular,1,21,2025-08-09,2026-05-24
11963,Female,Millennial,occasional,4,6,2025-08-15,2026-05-05
11964,Female,Gen Z,one_and_done,1,1,2026-02-28,2026-02-28
11965,Male,Millennial,occasional,2,7,2025-10-19,2026-05-01
11966,Male,Gen Z,occasional,1,5,2025-09-12,2026-04-05
11967,Female,Millennial,one_and_done,3,1,2026-04-07,2026-04-07
11968,Male,Millennial,one_and_done,1,1,2026-06-01,2026-06-01
11969,Male,Millennial,regular,5,21,2025-07-28,2026-06-16
11970,Female,Gen Z,regular,3,13,2025-10-03,2026-05-30
11971,Male,Millennial,one_and_done,2,1,2025-10-20,2025-10-20
11972,Female,Gen Z,regular,1,13,2025-06-30,2026-05-29
11973,Female,Boomer,regular,6,10,2025-08-30,2026-06-05
11974,Male,Millennial,one_and_done,4,1,2025-07-31,2025-07-31
11975,Male,Millennial,one_and_done,1,1,2025-12-12,2025-12-12
11976,Female,Gen Z,regular,3,13,2025-07-11,2026-06-19
11977,Female,Millennial,one_and_done,2,1,2026-05-03,2026-05-03
11978,Female,Gen X,regular,1,15,2025-07-01,2026-05-30
11979,Female,Gen Z,regular,2,13,2025-07-03,2026-06-06
11980,Female,Millennial,one_and_done,6,1,2026-03-18,2026-03-18
11981,Male,Gen Z,occasional,1,5,2025-11-11,2026-04-06
11982,Male,Millennial,regular,1,21,2025-07-13,2026-05-28
11983,Female,Gen Z,regular,1,13,2025-06-30,2026-05-30
11984,Male,Boomer,regular,6,12,2025-07-03,2026-05-27
11985,Male,Gen X,loyal,1,24,2025-07-07,2026-05-17
11986,Male,Millennial,occasional,1,7,2025-07-28,2026-06-17
11987,Male,Gen Z,one_and_done,1,1,2025-11-12,2025-11-12
11988,Male,Millennial,loyal,4,30,2025-07-02,2026-06-20
11989,Male,Millennial,loyal,2,30,2025-07-11,2026-06-09
11990,Male,Gen Z,regular,6,15,2025-07-08,2026-04-18
11991,Male,Millennial,regular,1,21,2025-07-03,2026-06-21
11992,Male,Gen Z,one_and_done,1,1,2025-10-31,2025-10-31
11993,Male,Millennial,regular,3,21,2025-07-18,2026-06-23
11994,Male,Millennial,one_and_done,1,1,2025-07-24,2025-07-24
11995,Male,Gen X,one_and_done,6,1,2025-12-17,2025-12-17
11996,Female,Millennial,one_and_done,5,1,2025-10-10,2025-10-10
11997,Male,Gen Z,one_and_done,2,1,2025-12-05,2025-12-05
11998,Male,Millennial,occasional,1,7,2025-08-30,2026-05-02
11999,Male,Gen X,occasional,1,5,2025-10-24,2026-06-19
12000,Female,Gen X,one_and_done,3,1,2025-11-07,2025-11-07
12001,Male,Gen Z,occasional,1,5,2025-07-04,2026-04-25
12002,Female,Gen Z,one_and_done,5,1,2025-12-15,2025-12-15
12003,Male,Millennial,regular,1,21,2025-06-30,2026-06-01
12004,Female,Millennial,regular,1,18,2025-09-11,2026-06-19
12005,Female,Gen X,one_and_done,1,1,2025-12-13,2025-12-13
12006,Male,Gen X,regular,2,16,2025-08-23,2026-06-23
12007,Male,Millennial,one_and_done,1,1,2026-02-06,2026-02-06
12008,Male,Millennial,occasional,1,7,2025-11-17,2026-06-14
12009,Male,Gen Z,one_and_done,2,1,2026-04-08,2026-04-08
12010,Male,Gen X,regular,2,16,2025-07-11,2026-06-18
12011,Male,Millennial,occasional,3,7,2025-07-24,2026-06-07
12012,Female,Gen X,occasional,1,5,2025-09-20,2026-04-22
12013,Male,Millennial,one_and_done,7,1,2026-05-02,2026-05-02
12014,Female,Gen Z,one_and_done,3,1,2025-12-15,2025-12-15
12015,Male,Millennial,occasional,1,7,2025-07-29,2026-03-28
12016,Male,Gen Z,regular,5,15,2025-07-03,2026-06-18
12017,Female,Millennial,regular,1,18,2025-07-31,2026-06-17
12018,Male,Gen Z,occasional,3,5,2025-08-27,2026-05-27
12019,Male,Millennial,occasional,3,7,2025-07-12,2026-06-01
12020,Male,Gen Z,one_and_done,4,1,2026-05-15,2026-05-15
12021,Female,Millennial,occasional,2,6,2025-07-22,2026-04-25
12022,Female,Millennial,occasional,1,6,2025-07-08,2026-06-03
12023,Male,Millennial,one_and_done,2,1,2026-01-01,2026-01-01
12024,Male,Gen X,regular,3,16,2025-06-30,2026-05-10
12025,Male,Millennial,regular,5,21,2025-07-17,2026-06-22
12026,Male,Millennial,one_and_done,1,1,2026-01-03,2026-01-03
12027,Male,Millennial,one_and_done,1,1,2025-11-02,2025-11-02
12028,Male,Millennial,one_and_done,2,1,2026-06-09,2026-06-09
12029,Male,Gen X,loyal,3,24,2025-07-06,2026-05-21
12030,Male,Boomer,one_and_done,3,1,2025-11-24,2025-11-24
12031,Female,Gen X,one_and_done,5,1,2025-07-22,2025-07-22
12032,Female,Gen Z,regular,2,13,2025-08-08,2026-04-17
12033,Male,Gen Z,one_and_done,3,1,2025-11-05,2025-11-05
12034,Male,Gen X,one_and_done,1,1,2025-11-01,2025-11-01
12035,Male,Millennial,one_and_done,1,1,2026-03-14,2026-03-14
12036,Male,Gen Z,occasional,5,5,2025-07-25,2026-05-28
12037,Male,Gen X,occasional,2,5,2025-09-10,2026-03-16
12038,Male,Gen Z,occasional,8,5,2025-08-28,2026-03-30
12039,Female,Gen Z,regular,7,13,2025-08-13,2026-06-12
12040,Male,Millennial,occasional,1,7,2025-07-26,2026-04-14
12041,Female,Gen Z,one_and_done,1,1,2025-11-14,2025-11-14
12042,Male,Millennial,one_and_done,1,1,2025-10-25,2025-10-25
12043,Male,Gen Z,loyal,1,22,2025-07-11,2026-05-26
12044,Female,Millennial,one_and_done,4,1,2025-11-03,2025-11-03
12045,Male,Gen Z,occasional,1,5,2025-07-27,2026-03-27
12046,Male,Millennial,one_and_done,4,1,2025-10-17,2025-10-17
12047,Female,Gen X,occasional,1,5,2025-07-13,2026-06-08
12048,Female,Gen X,occasional,1,5,2025-08-09,2026-02-26
12049,Male,Millennial,one_and_done,1,1,2025-10-06,2025-10-06
12050,Female,Millennial,occasional,1,6,2025-08-21,2026-06-09
12051,Male,Millennial,occasional,1,7,2025-08-12,2026-06-04
12052,Male,Gen Z,loyal,1,22,2025-07-08,2026-05-27
12053,Male,Boomer,one_and_done,1,1,2025-10-25,2025-10-25
12054,Female,Millennial,one_and_done,1,1,2026-06-14,2026-06-14
12055,Male,Gen Z,one_and_done,1,1,2026-01-02,2026-01-02
12056,Male,Millennial,one_and_done,1,1,2025-07-14,2025-07-14
12057,Female,Millennial,loyal,4,26,2025-07-02,2026-06-21
12058,Male,Millennial,occasional,1,7,2025-10-07,2026-06-10
12059,Male,Gen Z,loyal,1,22,2025-07-01,2026-06-20
12060,Male,Millennial,loyal,1,30,2025-07-09,2026-06-19
12061,Male,Millennial,occasional,1,7,2025-07-11,2026-05-09
12062,Male,Gen Z,occasional,3,5,2026-01-05,2026-06-07
12063,Male,Gen Z,occasional,1,5,2025-07-27,2026-06-10
12064,Male,Boomer,occasional,7,4,2025-07-12,2026-05-30
12065,Female,Millennial,occasional,1,6,2025-08-04,2026-05-05
12066,Male,Gen Z,regular,1,15,2025-07-06,2026-05-01
12067,Male,Gen Z,loyal,6,22,2025-07-14,2026-06-15
12068,Male,Gen X,one_and_done,2,1,2025-09-23,2025-09-23
12069,Female,Gen Z,one_and_done,2,1,2026-03-14,2026-03-14
12070,Female,Gen Z,occasional,1,4,2025-09-17,2026-04-11
12071,Male,Millennial,loyal,1,30,2025-07-28,2026-06-11
12072,Male,Gen X,one_and_done,1,1,2025-08-01,2025-08-01
12073,Male,Gen X,one_and_done,1,1,2026-03-28,2026-03-28
12074,Female,Gen Z,occasional,8,4,2025-09-20,2026-06-12
12075,Female,Boomer,loyal,1,15,2025-07-11,2026-06-07
12076,Male,Gen Z,one_and_done,1,1,2026-06-09,2026-06-09
12077,Male,Gen Z,one_and_done,1,1,2025-10-23,2025-10-23
12078,Female,Millennial,occasional,1,6,2025-10-29,2026-04-12
12079,Male,Millennial,regular,2,21,2025-07-04,2026-06-20
12080,Male,Gen Z,one_and_done,1,1,2025-07-18,2025-07-18
12081,Male,Millennial,regular,1,21,2025-09-04,2026-06-23
12082,Male,Gen X,one_and_done,1,1,2025-07-31,2025-07-31
12083,Male,Millennial,occasional,2,7,2025-07-11,2026-05-01
12084,Female,Millennial,regular,8,18,2025-08-02,2026-06-21
12085,Male,Millennial,one_and_done,1,1,2025-11-30,2025-11-30
12086,Female,Millennial,occasional,4,6,2025-11-15,2026-06-11
12087,Male,Boomer,regular,1,12,2025-06-30,2026-06-05
12088,Female,Gen X,occasional,1,5,2025-12-28,2026-05-13
12089,Male,Millennial,occasional,8,7,2025-07-27,2026-03-21
12090,Male,Millennial,regular,4,21,2025-08-01,2026-06-15
12091,Female,Millennial,occasional,1,6,2025-07-05,2026-05-13
12092,Female,Millennial,one_and_done,2,1,2025-07-24,2025-07-24
12093,Male,Millennial,one_and_done,1,1,2025-07-05,2025-07-05
12094,Female,Gen Z,occasional,1,4,2025-07-29,2026-05-16
12095,Female,Gen Z,loyal,1,19,2025-07-14,2026-06-19
12096,Female,Gen Z,regular,1,13,2025-07-13,2026-06-19
12097,Male,Gen Z,regular,2,15,2025-06-30,2026-06-19
12098,Male,Millennial,one_and_done,6,1,2025-12-03,2025-12-03
12099,Male,Millennial,loyal,3,30,2025-07-28,2026-06-20
12100,Male,Gen X,loyal,2,24,2025-07-26,2026-06-11
12101,Male,Millennial,one_and_done,2,1,2026-03-19,2026-03-19
12102,Female,Gen Z,one_and_done,1,1,2025-10-01,2025-10-01
12103,Female,Gen X,loyal,1,22,2025-07-08,2026-06-23
12104,Female,Gen X,one_and_done,3,1,2026-06-22,2026-06-22
12105,Male,Gen Z,occasional,1,5,2025-07-23,2026-02-01
12106,Male,Millennial,one_and_done,4,1,2025-08-29,2025-08-29
12107,Male,Millennial,one_and_done,2,1,2025-11-12,2025-11-12
12108,Female,Millennial,occasional,2,6,2025-09-12,2026-06-06
12109,Male,Gen Z,one_and_done,7,1,2026-06-04,2026-06-04
12110,Female,Millennial,one_and_done,1,1,2025-08-13,2025-08-13
12111,Male,Millennial,occasional,1,7,2025-07-19,2026-05-24
12112,Male,Gen Z,occasional,3,5,2025-07-03,2026-03-01
12113,Male,Millennial,occasional,3,7,2025-07-01,2026-03-10
12114,Male,Gen Z,one_and_done,2,1,2026-03-29,2026-03-29
12115,Female,Gen Z,occasional,3,4,2025-07-26,2026-04-28
12116,Male,Gen Z,one_and_done,10,1,2026-02-28,2026-02-28
12117,Female,Millennial,one_and_done,2,1,2025-07-15,2025-07-15
12118,Male,Millennial,regular,1,21,2025-07-10,2026-06-06
12119,Female,Gen Z,regular,5,13,2025-07-13,2026-05-11
12120,Male,Millennial,occasional,1,7,2025-07-25,2026-06-20
12121,Male,Millennial,one_and_done,6,1,2026-06-14,2026-06-14
12122,Female,Millennial,one_and_done,1,1,2026-05-18,2026-05-18
12123,Male,Millennial,regular,7,21,2025-07-19,2026-06-20
12124,Female,Millennial,occasional,1,6,2025-07-10,2026-06-21
12125,Male,Millennial,one_and_done,4,1,2026-06-09,2026-06-09
12126,Male,Gen X,one_and_done,1,1,2025-09-06,2025-09-06
12127,Male,Millennial,one_and_done,1,1,2026-04-26,2026-04-26
12128,Male,Millennial,one_and_done,1,1,2025-10-22,2025-10-22
12129,Female,Millennial,regular,1,18,2025-07-03,2026-06-12
12130,Male,Millennial,one_and_done,1,1,2025-07-03,2025-07-03
12131,Male,Millennial,occasional,1,7,2025-07-15,2026-02-18
12132,Female,Millennial,regular,7,18,2025-07-05,2026-06-20
12133,Male,Gen Z,one_and_done,1,1,2026-02-17,2026-02-17
12134,Male,Gen Z,loyal,1,22,2025-08-01,2026-06-18
12135,Male,Boomer,occasional,1,4,2025-09-17,2026-06-08
12136,Male,Millennial,occasional,4,7,2025-09-09,2026-06-04
12137,Female,Gen Z,loyal,3,19,2025-07-06,2026-06-13
12138,Male,Millennial,one_and_done,2,1,2025-08-07,2025-08-07
12139,Female,Boomer,one_and_done,3,1,2025-08-04,2025-08-04
12140,Female,Gen X,one_and_done,1,1,2025-07-11,2025-07-11
12141,Male,Gen Z,occasional,2,5,2025-07-15,2026-04-20
12142,Male,Millennial,one_and_done,2,1,2025-12-09,2025-12-09
12143,Female,Boomer,one_and_done,1,1,2025-10-18,2025-10-18
12144,Female,Gen X,one_and_done,1,1,2026-05-16,2026-05-16
12145,Female,Gen X,one_and_done,2,1,2025-11-29,2025-11-29
12146,Female,Boomer,one_and_done,1,1,2025-10-03,2025-10-03
12147,Female,Gen X,loyal,6,22,2025-07-11,2026-06-22
12148,Female,Millennial,one_and_done,2,1,2026-02-07,2026-02-07
12149,Male,Boomer,one_and_done,1,1,2025-11-24,2025-11-24
12150,Male,Millennial,one_and_done,4,1,2026-04-09,2026-04-09
12151,Female,Millennial,occasional,1,6,2025-06-30,2026-06-20
12152,Female,Gen Z,occasional,1,4,2025-07-30,2026-06-18
12153,Male,Millennial,one_and_done,6,1,2026-06-16,2026-06-16
12154,Female,Gen Z,occasional,1,4,2025-10-10,2026-06-16
12155,Female,Millennial,occasional,1,6,2025-09-05,2026-04-24
12156,Male,Millennial,one_and_done,5,1,2025-11-02,2025-11-02
12157,Male,Millennial,regular,2,21,2025-07-16,2026-06-22
12158,Female,Millennial,occasional,6,6,2025-07-25,2026-05-21
12159,Female,Millennial,regular,1,18,2025-08-15,2026-06-14
12160,Female,Millennial,one_and_done,1,1,2025-12-29,2025-12-29
12161,Female,Gen Z,one_and_done,5,1,2025-08-02,2025-08-02
12162,Male,Millennial,one_and_done,6,1,2026-01-09,2026-01-09
12163,Male,Millennial,one_and_done,1,1,2026-03-21,2026-03-21
12164,Female,Millennial,occasional,1,6,2025-09-26,2026-03-22
12165,Female,Gen Z,occasional,8,4,2025-07-06,2026-05-21
12166,Female,Gen Z,occasional,3,4,2025-12-14,2026-05-22
12167,Male,Millennial,one_and_done,1,1,2026-03-11,2026-03-11
12168,Male,Millennial,regular,5,21,2025-07-22,2026-06-22
12169,Male,Gen Z,occasional,1,5,2026-03-04,2026-06-19
12170,Male,Millennial,one_and_done,5,1,2026-01-26,2026-01-26
12171,Male,Gen X,regular,1,16,2025-07-03,2026-06-05
12172,Male,Millennial,one_and_done,4,1,2025-12-27,2025-12-27
12173,Male,Millennial,one_and_done,3,1,2025-12-12,2025-12-12
12174,Male,Millennial,regular,1,21,2025-07-12,2026-06-20
12175,Male,Millennial,loyal,1,30,2025-07-08,2026-05-28
12176,Male,Gen Z,one_and_done,1,1,2026-03-14,2026-03-14
12177,Male,Millennial,occasional,1,7,2025-08-13,2026-05-13
12178,Male,Gen X,one_and_done,2,1,2025-08-31,2025-08-31
12179,Female,Boomer,one_and_done,2,1,2025-10-07,2025-10-07
12180,Female,Gen X,one_and_done,4,1,2025-11-23,2025-11-23
12181,Female,Millennial,one_and_done,1,1,2025-07-05,2025-07-05
12182,Male,Gen X,one_and_done,2,1,2025-11-30,2025-11-30
12183,Female,Gen Z,occasional,1,4,2025-07-04,2026-06-17
12184,Male,Millennial,regular,4,21,2025-07-29,2026-06-11
12185,Male,Gen X,one_and_done,1,1,2026-01-14,2026-01-14
12186,Female,Millennial,occasional,4,6,2025-09-05,2026-06-19
12187,Male,Millennial,occasional,1,7,2025-11-13,2026-06-09
12188,Female,Millennial,occasional,1,6,2025-10-08,2026-06-22
12189,Male,Millennial,occasional,1,7,2025-09-04,2026-05-02
12190,Female,Millennial,occasional,8,6,2025-11-07,2026-05-06
12191,Male,Millennial,one_and_done,1,1,2026-02-19,2026-02-19
12192,Female,Gen X,one_and_done,1,1,2026-03-07,2026-03-07
12193,Male,Millennial,occasional,2,7,2025-09-05,2026-06-12
12194,Male,Millennial,one_and_done,4,1,2026-06-16,2026-06-16
12195,Male,Gen X,regular,2,16,2025-08-01,2026-05-29
12196,Female,Millennial,occasional,1,6,2025-07-19,2026-03-17
12197,Female,Gen X,regular,4,15,2025-07-03,2026-03-30
12198,Male,Boomer,occasional,1,4,2025-07-25,2026-06-23
12199,Male,Gen X,occasional,4,5,2025-07-08,2026-05-29
12200,Male,Gen X,occasional,5,5,2025-06-30,2026-05-14
12201,Male,Millennial,occasional,3,7,2025-09-24,2026-03-20
12202,Female,Millennial,one_and_done,1,1,2026-04-08,2026-04-08
12203,Female,Millennial,regular,1,18,2025-07-12,2026-05-22
12204,Male,Gen Z,loyal,1,22,2025-07-04,2026-06-20
12205,Male,Millennial,one_and_done,1,1,2026-01-16,2026-01-16
12206,Male,Boomer,one_and_done,1,1,2025-11-16,2025-11-16
12207,Male,Millennial,regular,1,21,2025-07-04,2026-06-17
12208,Male,Millennial,occasional,1,7,2025-08-24,2026-05-24
12209,Male,Gen X,loyal,7,24,2025-07-21,2026-05-23
12210,Female,Millennial,occasional,4,6,2025-12-26,2026-06-10
12211,Female,Millennial,one_and_done,2,1,2026-02-21,2026-02-21
12212,Female,Millennial,occasional,1,6,2025-10-21,2026-06-13
12213,Male,Gen Z,regular,8,15,2025-07-04,2026-06-11
12214,Female,Millennial,occasional,1,6,2025-07-18,2026-04-02
12215,Female,Boomer,occasional,1,3,2025-07-06,2026-05-09
12216,Male,Gen X,occasional,1,5,2025-12-08,2026-05-21
12217,Male,Millennial,occasional,1,7,2025-08-16,2026-06-20
12218,Female,Gen X,one_and_done,4,1,2026-01-23,2026-01-23
12219,Female,Gen X,regular,1,15,2025-07-22,2026-04-15
12220,Male,Millennial,occasional,1,7,2025-08-06,2026-05-04
12221,Male,Millennial,one_and_done,2,1,2025-08-18,2025-08-18
12222,Male,Millennial,one_and_done,1,1,2026-02-07,2026-02-07
12223,Male,Gen Z,regular,1,15,2025-08-11,2026-05-27
12224,Male,Millennial,one_and_done,2,1,2025-12-30,2025-12-30
12225,Male,Millennial,one_and_done,1,1,2026-04-25,2026-04-25
12226,Male,Millennial,loyal,2,30,2025-07-13,2026-06-07
12227,Male,Gen Z,regular,1,15,2025-07-17,2026-06-21
12228,Male,Gen Z,loyal,4,22,2025-07-11,2026-06-19
12229,Male,Millennial,regular,5,21,2025-07-20,2026-06-20
12230,Male,Gen X,one_and_done,3,1,2026-04-29,2026-04-29
12231,Male,Millennial,one_and_done,2,1,2025-12-26,2025-12-26
12232,Female,Gen Z,regular,1,13,2025-07-11,2026-06-14
12233,Male,Boomer,one_and_done,1,1,2025-07-31,2025-07-31
12234,Male,Boomer,one_and_done,2,1,2025-10-22,2025-10-22
12235,Male,Millennial,occasional,5,7,2025-09-08,2026-06-01
12236,Female,Millennial,one_and_done,4,1,2026-06-21,2026-06-21
12237,Female,Millennial,regular,1,18,2025-07-08,2026-05-16
12238,Female,Boomer,one_and_done,1,1,2025-08-14,2025-08-14
12239,Male,Gen X,one_and_done,1,1,2025-11-12,2025-11-12
12240,Male,Millennial,regular,2,21,2025-09-03,2026-06-18
12241,Female,Millennial,loyal,4,26,2025-07-16,2026-06-23
12242,Male,Millennial,one_and_done,4,1,2026-01-10,2026-01-10
12243,Male,Millennial,one_and_done,2,1,2025-11-26,2025-11-26
12244,Male,Millennial,regular,1,21,2025-07-18,2026-06-21
12245,Female,Millennial,one_and_done,5,1,2026-03-09,2026-03-09
12246,Male,Gen Z,occasional,1,5,2025-07-10,2026-06-16
12247,Male,Millennial,one_and_done,5,1,2025-07-17,2025-07-17
12248,Male,Millennial,regular,1,21,2025-07-02,2026-05-28
12249,Female,Gen Z,one_and_done,1,1,2026-06-20,2026-06-20
12250,Female,Gen X,one_and_done,1,1,2025-08-13,2025-08-13
12251,Female,Gen Z,one_and_done,2,1,2026-01-12,2026-01-12
12252,Male,Millennial,occasional,1,7,2025-08-17,2026-06-13
12253,Female,Gen Z,one_and_done,3,1,2026-05-01,2026-05-01
12254,Male,Millennial,occasional,1,7,2025-09-03,2026-05-08
12255,Female,Millennial,occasional,2,6,2025-10-30,2026-06-05
12256,Female,Millennial,occasional,1,6,2025-09-29,2026-02-21
12257,Female,Gen X,loyal,1,22,2025-07-11,2026-05-16
12258,Male,Gen Z,regular,1,15,2025-07-02,2026-06-03
12259,Male,Millennial,one_and_done,1,1,2026-01-09,2026-01-09
12260,Female,Millennial,regular,1,18,2025-07-08,2026-06-13
12261,Female,Millennial,occasional,1,6,2025-08-09,2026-06-19
12262,Male,Millennial,regular,5,21,2025-07-01,2026-06-16
12263,Male,Gen X,one_and_done,1,1,2026-05-11,2026-05-11
12264,Female,Millennial,regular,7,18,2025-07-18,2026-05-29
12265,Female,Millennial,one_and_done,2,1,2026-03-03,2026-03-03
12266,Male,Millennial,regular,5,21,2025-07-04,2026-06-11
12267,Female,Millennial,occasional,2,6,2025-12-12,2026-06-15
12268,Male,Millennial,occasional,1,7,2026-01-28,2026-04-17
12269,Female,Millennial,one_and_done,8,1,2025-09-13,2025-09-13
12270,Male,Millennial,one_and_done,1,1,2025-09-03,2025-09-03
12271,Male,Gen Z,one_and_done,8,1,2026-03-27,2026-03-27
12272,Male,Millennial,occasional,1,7,2025-07-31,2026-06-21
12273,Male,Millennial,regular,1,21,2025-08-16,2026-05-23
12274,Male,Millennial,one_and_done,2,1,2026-03-08,2026-03-08
12275,Male,Millennial,regular,1,21,2025-07-19,2026-06-23
12276,Male,Millennial,one_and_done,2,1,2025-10-07,2025-10-07
12277,Female,Gen Z,regular,5,13,2025-07-17,2026-05-13
12278,Male,Millennial,regular,1,21,2025-07-27,2026-05-16
12279,Male,Gen Z,regular,1,15,2025-07-05,2026-06-02
12280,Male,Millennial,occasional,1,7,2025-07-23,2026-05-10
12281,Male,Gen Z,occasional,1,5,2025-07-29,2026-05-30
12282,Female,Gen Z,one_and_done,1,1,2026-01-31,2026-01-31
12283,Female,Gen Z,occasional,2,4,2025-08-02,2026-04-28
12284,Male,Gen Z,one_and_done,3,1,2026-03-15,2026-03-15
12285,Male,Millennial,one_and_done,3,1,2026-05-08,2026-05-08
12286,Female,Millennial,occasional,8,6,2025-09-06,2026-05-24
12287,Female,Millennial,regular,2,18,2025-07-10,2026-06-16
12288,Male,Millennial,one_and_done,5,1,2025-12-17,2025-12-17
12289,Male,Millennial,loyal,1,30,2025-07-02,2026-06-06
12290,Male,Gen Z,one_and_done,2,1,2026-01-27,2026-01-27
12291,Female,Millennial,one_and_done,4,1,2026-03-31,2026-03-31
12292,Male,Millennial,one_and_done,1,1,2025-11-29,2025-11-29
12293,Male,Gen X,loyal,1,24,2025-07-13,2026-06-06
12294,Male,Millennial,one_and_done,1,1,2026-02-18,2026-02-18
12295,Male,Gen Z,one_and_done,3,1,2026-04-03,2026-04-03
12296,Female,Millennial,loyal,2,26,2025-06-30,2026-06-03
12297,Female,Boomer,one_and_done,1,1,2026-04-22,2026-04-22
12298,Male,Gen X,loyal,1,24,2025-07-11,2026-06-22
12299,Male,Gen Z,one_and_done,1,1,2025-07-25,2025-07-25
12300,Male,Millennial,regular,2,21,2025-07-12,2026-06-11
12301,Female,Millennial,loyal,6,26,2025-07-12,2026-06-19
12302,Male,Gen Z,regular,1,15,2025-07-05,2026-05-28
12303,Male,Gen Z,one_and_done,1,1,2026-06-06,2026-06-06
12304,Male,Millennial,regular,7,21,2025-07-31,2026-06-04
12305,Female,Gen X,loyal,1,22,2025-07-04,2026-05-29
12306,Female,Millennial,occasional,5,6,2025-09-18,2026-05-01
12307,Male,Gen X,occasional,1,5,2025-08-21,2026-06-20
12308,Female,Millennial,one_and_done,4,1,2026-05-26,2026-05-26
12309,Male,Gen Z,one_and_done,1,1,2026-02-09,2026-02-09
12310,Female,Gen Z,one_and_done,10,1,2025-08-06,2025-08-06
12311,Female,Millennial,one_and_done,1,1,2026-03-09,2026-03-09
12312,Male,Boomer,one_and_done,1,1,2025-12-23,2025-12-23
12313,Male,Millennial,one_and_done,1,1,2026-01-05,2026-01-05
12314,Female,Millennial,one_and_done,1,1,2026-01-23,2026-01-23
12315,Female,Gen Z,occasional,1,4,2025-07-23,2026-02-24
12316,Male,Millennial,loyal,1,30,2025-08-05,2026-06-19
12317,Male,Gen Z,occasional,5,5,2025-08-18,2026-06-17
12318,Male,Gen X,occasional,1,5,2025-07-01,2026-06-18
12319,Male,Gen Z,one_and_done,5,1,2025-12-20,2025-12-20
12320,Male,Gen Z,occasional,5,5,2025-09-12,2026-05-21
12321,Female,Gen Z,occasional,7,4,2025-07-02,2025-12-27
12322,Male,Gen X,one_and_done,2,1,2025-12-17,2025-12-17
12323,Male,Millennial,occasional,1,7,2025-08-07,2026-03-29
12324,Male,Millennial,one_and_done,7,1,2026-06-19,2026-06-19
12325,Male,Millennial,occasional,6,7,2025-09-03,2026-05-01
12326,Male,Boomer,regular,1,12,2025-07-16,2026-06-10
12327,Male,Millennial,occasional,5,7,2025-09-13,2026-03-22
12328,Female,Millennial,one_and_done,1,1,2026-03-14,2026-03-14
12329,Male,Millennial,loyal,1,30,2025-07-30,2026-05-15
12330,Female,Gen X,occasional,1,5,2025-10-04,2026-06-12
12331,Female,Millennial,occasional,1,6,2025-08-09,2026-02-13
12332,Female,Gen X,one_and_done,1,1,2026-03-05,2026-03-05
12333,Female,Boomer,regular,1,10,2025-06-30,2026-05-14
12334,Male,Millennial,one_and_done,9,1,2025-11-08,2025-11-08
12335,Female,Gen Z,one_and_done,4,1,2026-01-05,2026-01-05
12336,Male,Millennial,occasional,1,7,2025-07-29,2026-06-11
12337,Female,Millennial,loyal,1,26,2025-07-26,2026-06-17
12338,Male,Millennial,one_and_done,2,1,2026-04-02,2026-04-02
12339,Female,Gen Z,regular,1,13,2025-06-30,2026-06-07
12340,Female,Gen Z,one_and_done,10,1,2026-03-02,2026-03-02
12341,Male,Gen X,occasional,6,5,2025-07-29,2026-06-12
12342,Female,Millennial,loyal,1,26,2025-06-30,2026-06-13
12343,Male,Gen Z,loyal,4,22,2025-07-11,2026-06-21
12344,Female,Millennial,occasional,2,6,2025-07-03,2026-01-19
12345,Male,Millennial,one_and_done,1,1,2025-07-12,2025-07-12
12346,Male,Millennial,one_and_done,3,1,2026-03-28,2026-03-28
12347,Female,Millennial,one_and_done,5,1,2026-03-29,2026-03-29
12348,Male,Millennial,loyal,1,30,2025-07-02,2026-06-04
12349,Male,Gen Z,regular,2,15,2025-07-03,2026-06-03
12350,Male,Gen X,occasional,7,5,2025-09-07,2026-06-14
12351,Male,Gen Z,loyal,2,22,2025-07-13,2026-05-28
12352,Male,Millennial,one_and_done,2,1,2025-08-22,2025-08-22
12353,Male,Millennial,one_and_done,8,1,2026-01-22,2026-01-22
12354,Female,Millennial,loyal,3,26,2025-07-20,2026-06-03
12355,Female,Boomer,one_and_done,1,1,2025-07-06,2025-07-06
12356,Male,Gen X,occasional,1,5,2025-08-12,2026-04-08
12357,Female,Gen X,one_and_done,10,1,2025-09-18,2025-09-18
12358,Male,Millennial,regular,6,21,2025-07-05,2026-06-23
12359,Female,Millennial,regular,5,18,2025-07-15,2026-06-21
12360,Female,Millennial,occasional,1,6,2025-08-25,2026-06-22
12361,Male,Gen Z,regular,1,15,2025-10-03,2026-06-16
12362,Female,Gen Z,one_and_done,1,1,2026-04-13,2026-04-13
12363,Female,Millennial,one_and_done,1,1,2026-02-23,2026-02-23
12364,Male,Millennial,one_and_done,1,1,2026-03-08,2026-03-08
12365,Male,Gen X,one_and_done,3,1,2026-05-23,2026-05-23
12366,Male,Gen Z,one_and_done,1,1,2025-09-02,2025-09-02
12367,Male,Gen Z,regular,1,15,2025-09-19,2026-05-31
12368,Female,Gen Z,loyal,1,19,2025-07-21,2026-06-18
12369,Male,Boomer,one_and_done,3,1,2026-02-12,2026-02-12
12370,Male,Millennial,regular,10,21,2025-07-04,2026-06-11
12371,Male,Gen Z,loyal,2,22,2025-07-02,2026-06-11
12372,Male,Gen Z,occasional,1,5,2025-08-13,2026-04-20
12373,Female,Gen X,occasional,1,5,2025-10-03,2026-01-26
12374,Female,Millennial,loyal,2,26,2025-07-04,2026-06-17
12375,Male,Gen X,one_and_done,1,1,2026-05-21,2026-05-21
12376,Female,Gen Z,occasional,5,4,2025-12-18,2026-06-05
12377,Male,Gen Z,regular,1,15,2025-07-12,2026-05-18
12378,Male,Millennial,loyal,9,30,2025-07-11,2026-06-22
12379,Male,Gen Z,one_and_done,2,1,2025-08-07,2025-08-07
12380,Male,Millennial,one_and_done,5,1,2025-08-02,2025-08-02
12381,Male,Millennial,one_and_done,1,1,2025-12-27,2025-12-27
12382,Female,Boomer,occasional,1,3,2025-09-11,2026-02-11
12383,Male,Gen X,one_and_done,8,1,2025-09-02,2025-09-02
12384,Female,Millennial,occasional,1,6,2025-07-11,2026-06-23
12385,Female,Gen Z,loyal,7,19,2025-07-17,2026-04-25
12386,Male,Millennial,one_and_done,1,1,2025-12-23,2025-12-23
12387,Female,Millennial,one_and_done,4,1,2025-10-28,2025-10-28
12388,Male,Millennial,occasional,1,7,2025-08-04,2026-06-10
12389,Female,Millennial,one_and_done,1,1,2025-11-17,2025-11-17
12390,Male,Millennial,occasional,1,7,2025-09-12,2026-04-30
12391,Female,Gen Z,one_and_done,9,1,2025-08-11,2025-08-11
12392,Male,Millennial,one_and_done,5,1,2025-08-15,2025-08-15
12393,Male,Millennial,occasional,1,7,2025-10-28,2026-06-20
12394,Male,Millennial,one_and_done,1,1,2025-12-24,2025-12-24
12395,Male,Gen X,occasional,1,5,2025-07-27,2026-01-10
12396,Male,Millennial,regular,1,21,2025-07-15,2026-06-14
12397,Male,Millennial,one_and_done,6,1,2025-08-29,2025-08-29
12398,Male,Millennial,loyal,1,30,2025-07-04,2026-06-17
12399,Male,Gen X,regular,1,16,2025-07-22,2026-06-22
12400,Female,Gen X,occasional,2,5,2025-09-20,2026-06-16
12401,Female,Gen Z,one_and_done,4,1,2026-01-29,2026-01-29
12402,Male,Gen Z,one_and_done,3,1,2025-08-21,2025-08-21
12403,Male,Millennial,regular,5,21,2025-07-04,2026-06-19
12404,Male,Millennial,regular,1,21,2025-07-09,2026-05-14
12405,Male,Millennial,one_and_done,1,1,2025-11-15,2025-11-15
12406,Male,Millennial,one_and_done,1,1,2025-11-21,2025-11-21
12407,Male,Boomer,regular,9,12,2025-11-14,2026-06-11
12408,Male,Boomer,loyal,1,17,2025-07-07,2026-05-24
12409,Male,Millennial,occasional,6,7,2025-07-14,2026-05-27
12410,Male,Millennial,regular,1,21,2025-08-02,2026-06-21
12411,Female,Gen Z,one_and_done,1,1,2025-09-09,2025-09-09
12412,Female,Gen Z,occasional,1,4,2025-07-30,2026-06-10
12413,Male,Millennial,regular,5,21,2025-07-14,2026-06-10
12414,Female,Millennial,regular,1,18,2025-07-24,2026-06-11
12415,Female,Gen Z,one_and_done,2,1,2026-04-19,2026-04-19
12416,Male,Millennial,one_and_done,2,1,2026-03-19,2026-03-19
12417,Male,Millennial,regular,1,21,2025-07-12,2026-06-22
12418,Male,Gen Z,one_and_done,1,1,2026-06-11,2026-06-11
12419,Male,Millennial,one_and_done,1,1,2026-04-08,2026-04-08
12420,Female,Millennial,regular,1,18,2025-07-19,2026-06-11
12421,Male,Gen Z,regular,2,15,2025-07-03,2026-06-05
12422,Male,Gen Z,occasional,1,5,2025-08-26,2026-06-01
12423,Male,Gen Z,occasional,1,5,2025-07-12,2026-04-06
12424,Female,Gen X,one_and_done,1,1,2025-12-03,2025-12-03
12425,Male,Gen X,one_and_done,3,1,2026-04-17,2026-04-17
12426,Male,Millennial,one_and_done,1,1,2026-06-20,2026-06-20
12427,Male,Gen Z,occasional,3,5,2025-06-30,2026-06-19
12428,Male,Boomer,occasional,1,4,2025-07-25,2026-04-11
12429,Male,Gen Z,one_and_done,1,1,2026-06-09,2026-06-09
12430,Male,Millennial,one_and_done,3,1,2025-07-08,2025-07-08
12431,Female,Gen Z,occasional,8,4,2025-10-12,2026-06-05
12432,Female,Gen X,one_and_done,2,1,2026-03-17,2026-03-17
12433,Female,Boomer,regular,6,10,2025-08-18,2026-05-11
12434,Female,Gen X,one_and_done,2,1,2025-10-12,2025-10-12
12435,Female,Millennial,loyal,6,26,2025-07-12,2026-06-03
12436,Male,Gen Z,regular,5,15,2025-07-17,2026-06-02
12437,Female,Gen Z,one_and_done,1,1,2026-03-27,2026-03-27
12438,Female,Gen X,loyal,1,22,2025-08-03,2026-06-21
12439,Male,Gen Z,regular,6,15,2025-07-15,2026-05-09
12440,Male,Gen Z,occasional,1,5,2025-07-03,2026-04-20
12441,Male,Boomer,one_and_done,2,1,2026-02-27,2026-02-27
12442,Female,Millennial,one_and_done,1,1,2025-11-03,2025-11-03
12443,Female,Gen Z,loyal,1,19,2025-07-01,2026-05-12
12444,Male,Millennial,regular,1,21,2025-07-05,2026-06-16
12445,Female,Boomer,loyal,9,15,2025-07-12,2026-05-25
12446,Male,Gen Z,regular,2,15,2025-08-09,2026-06-07
12447,Male,Millennial,occasional,1,7,2025-09-04,2026-06-09
12448,Male,Gen Z,regular,1,15,2025-07-15,2026-05-13
12449,Female,Gen X,one_and_done,4,1,2025-09-02,2025-09-02
12450,Male,Gen Z,loyal,4,22,2025-07-05,2026-06-10
12451,Female,Millennial,occasional,1,6,2025-08-09,2026-04-13
12452,Female,Millennial,occasional,6,6,2025-07-22,2026-04-30
12453,Female,Millennial,one_and_done,2,1,2026-05-01,2026-05-01
12454,Male,Millennial,occasional,3,7,2025-07-15,2026-02-03
12455,Male,Millennial,one_and_done,1,1,2025-12-27,2025-12-27
12456,Male,Millennial,occasional,3,7,2025-09-19,2026-05-15
12457,Male,Millennial,occasional,10,7,2025-08-10,2026-03-14
12458,Male,Gen X,one_and_done,2,1,2025-10-10,2025-10-10
12459,Male,Millennial,occasional,2,7,2025-07-06,2026-04-11
12460,Male,Millennial,one_and_done,1,1,2025-09-05,2025-09-05
12461,Male,Gen X,one_and_done,5,1,2026-02-01,2026-02-01
12462,Male,Millennial,one_and_done,1,1,2025-07-07,2025-07-07
12463,Female,Millennial,one_and_done,2,1,2026-01-17,2026-01-17
12464,Female,Gen X,regular,5,15,2025-08-02,2026-06-21
12465,Male,Millennial,one_and_done,4,1,2026-02-28,2026-02-28
12466,Male,Gen Z,one_and_done,3,1,2025-12-15,2025-12-15
12467,Male,Millennial,one_and_done,1,1,2026-01-26,2026-01-26
12468,Male,Millennial,one_and_done,1,1,2025-07-24,2025-07-24
12469,Male,Gen Z,regular,4,15,2025-07-10,2026-06-08
12470,Male,Gen X,occasional,7,5,2025-08-25,2026-05-17
12471,Female,Millennial,loyal,7,26,2025-07-18,2026-06-19
12472,Female,Gen Z,regular,1,13,2025-07-17,2026-05-05
12473,Male,Gen Z,one_and_done,1,1,2025-08-11,2025-08-11
12474,Male,Millennial,one_and_done,1,1,2026-02-14,2026-02-14
12475,Male,Millennial,occasional,2,7,2025-07-22,2026-06-20
12476,Male,Millennial,one_and_done,1,1,2025-08-23,2025-08-23
12477,Male,Millennial,one_and_done,1,1,2026-01-08,2026-01-08
12478,Female,Millennial,one_and_done,1,1,2025-08-27,2025-08-27
12479,Male,Millennial,one_and_done,1,1,2026-06-23,2026-06-23
12480,Male,Gen Z,loyal,1,22,2025-07-01,2026-06-02
12481,Male,Boomer,occasional,1,4,2025-10-07,2026-06-13
12482,Male,Millennial,one_and_done,9,1,2025-11-29,2025-11-29
12483,Female,Millennial,loyal,1,26,2025-07-03,2026-06-08
12484,Male,Gen Z,one_and_done,2,1,2025-09-26,2025-09-26
12485,Male,Gen X,loyal,1,24,2025-07-08,2026-06-17
12486,Male,Gen X,regular,1,16,2025-07-12,2026-06-08
12487,Male,Millennial,one_and_done,1,1,2025-11-12,2025-11-12
12488,Male,Millennial,occasional,1,7,2025-08-09,2026-06-05
12489,Male,Gen X,one_and_done,1,1,2026-01-06,2026-01-06
12490,Male,Gen Z,occasional,10,5,2025-12-29,2026-05-19
12491,Female,Gen X,one_and_done,1,1,2025-07-11,2025-07-11
12492,Female,Gen Z,one_and_done,1,1,2025-12-24,2025-12-24
12493,Female,Gen Z,occasional,3,4,2025-10-25,2026-05-01
12494,Male,Millennial,one_and_done,1,1,2026-06-11,2026-06-11
12495,Male,Millennial,occasional,2,7,2025-08-22,2026-04-07
12496,Female,Millennial,occasional,2,6,2025-11-13,2026-04-25
12497,Male,Millennial,one_and_done,1,1,2026-06-20,2026-06-20
12498,Female,Gen Z,one_and_done,2,1,2026-01-26,2026-01-26
12499,Female,Millennial,loyal,1,26,2025-07-16,2026-06-22
12500,Male,Millennial,one_and_done,1,1,2026-06-04,2026-06-04
12501,Female,Gen Z,one_and_done,1,1,2025-11-02,2025-11-02
12502,Male,Millennial,loyal,2,30,2025-07-04,2026-06-08
12503,Male,Gen Z,occasional,2,5,2025-08-26,2026-05-18
12504,Male,Millennial,one_and_done,1,1,2025-07-18,2025-07-18
12505,Male,Millennial,regular,3,21,2025-07-13,2026-05-27
12506,Male,Millennial,one_and_done,1,1,2026-03-11,2026-03-11
12507,Male,Gen X,one_and_done,2,1,2025-10-07,2025-10-07
12508,Male,Gen Z,one_and_done,1,1,2026-06-05,2026-06-05
12509,Male,Gen X,one_and_done,2,1,2026-01-31,2026-01-31
12510,Male,Boomer,one_and_done,4,1,2025-08-30,2025-08-30
12511,Male,Millennial,loyal,1,30,2025-07-05,2026-06-23
12512,Male,Gen Z,one_and_done,2,1,2025-10-22,2025-10-22
12513,Male,Gen Z,occasional,7,5,2025-07-25,2026-04-29
12514,Male,Gen X,one_and_done,1,1,2026-01-02,2026-01-02
12515,Male,Millennial,one_and_done,2,1,2026-01-11,2026-01-11
12516,Female,Millennial,one_and_done,1,1,2025-12-07,2025-12-07
12517,Female,Millennial,one_and_done,5,1,2026-01-12,2026-01-12
12518,Female,Millennial,regular,6,18,2025-07-01,2026-06-20
12519,Female,Gen X,regular,5,15,2025-07-04,2026-06-05
12520,Male,Gen Z,regular,6,15,2025-07-25,2026-05-08
12521,Female,Millennial,one_and_done,1,1,2026-02-06,2026-02-06
12522,Male,Millennial,occasional,1,7,2025-07-05,2026-06-18
12523,Male,Gen X,one_and_done,1,1,2026-03-02,2026-03-02
12524,Male,Gen Z,occasional,4,5,2025-08-23,2026-06-02
12525,Male,Millennial,one_and_done,1,1,2025-11-14,2025-11-14
12526,Male,Gen X,one_and_done,3,1,2026-06-10,2026-06-10
12527,Male,Gen X,regular,5,16,2025-07-31,2026-06-14
12528,Male,Millennial,one_and_done,5,1,2025-07-14,2025-07-14
12529,Male,Millennial,loyal,1,30,2025-07-13,2026-06-15
12530,Male,Gen Z,one_and_done,1,1,2025-07-20,2025-07-20
12531,Female,Millennial,one_and_done,4,1,2026-02-06,2026-02-06
12532,Male,Boomer,one_and_done,1,1,2025-10-20,2025-10-20
12533,Male,Millennial,regular,1,21,2025-07-12,2026-06-06
12534,Male,Millennial,occasional,1,7,2025-08-16,2026-04-04
12535,Male,Millennial,one_and_done,1,1,2026-05-04,2026-05-04
12536,Male,Millennial,regular,2,21,2025-07-18,2026-06-21
12537,Female,Gen X,regular,2,15,2025-07-30,2026-06-14
12538,Male,Millennial,regular,2,21,2025-07-12,2026-06-18
12539,Male,Millennial,one_and_done,1,1,2026-01-06,2026-01-06
12540,Male,Gen Z,occasional,1,5,2025-09-11,2026-06-04
12541,Male,Gen X,one_and_done,2,1,2025-07-04,2025-07-04
12542,Female,Gen Z,regular,3,13,2025-07-12,2026-06-04
12543,Male,Millennial,occasional,1,7,2025-09-04,2026-02-28
12544,Male,Millennial,one_and_done,10,1,2026-04-18,2026-04-18
12545,Female,Millennial,occasional,1,6,2025-07-17,2026-04-10
12546,Male,Millennial,regular,1,21,2025-07-12,2026-06-18
12547,Male,Gen X,loyal,3,24,2025-07-19,2026-06-15
12548,Male,Gen Z,one_and_done,3,1,2025-11-17,2025-11-17
12549,Female,Gen Z,occasional,1,4,2025-09-07,2026-04-22
12550,Female,Millennial,one_and_done,1,1,2026-03-03,2026-03-03
12551,Female,Millennial,regular,4,18,2025-07-02,2026-06-17
12552,Female,Millennial,one_and_done,1,1,2025-12-03,2025-12-03
12553,Female,Millennial,regular,2,18,2025-07-30,2026-05-28
12554,Female,Gen X,occasional,1,5,2025-10-19,2026-06-11
12555,Male,Gen Z,one_and_done,4,1,2025-09-08,2025-09-08
12556,Male,Gen X,loyal,1,24,2025-07-25,2026-06-10
12557,Male,Millennial,occasional,1,7,2025-07-11,2026-06-09
12558,Female,Millennial,one_and_done,1,1,2026-04-22,2026-04-22
12559,Male,Gen Z,loyal,2,22,2025-07-06,2026-05-15
12560,Male,Gen X,one_and_done,2,1,2026-02-08,2026-02-08
12561,Female,Millennial,one_and_done,1,1,2025-10-21,2025-10-21
12562,Male,Millennial,one_and_done,6,1,2025-08-18,2025-08-18
12563,Male,Boomer,regular,1,12,2025-07-10,2026-05-17
12564,Female,Gen X,one_and_done,6,1,2025-10-29,2025-10-29
12565,Male,Millennial,one_and_done,1,1,2026-04-21,2026-04-21
12566,Male,Gen X,occasional,5,5,2025-09-26,2026-06-04
12567,Male,Gen Z,one_and_done,1,1,2026-02-06,2026-02-06
12568,Female,Millennial,one_and_done,1,1,2026-06-10,2026-06-10
12569,Male,Millennial,one_and_done,2,1,2026-03-12,2026-03-12
12570,Female,Millennial,one_and_done,1,1,2025-11-10,2025-11-10
12571,Female,Boomer,loyal,1,15,2025-07-28,2026-06-19
12572,Male,Gen X,regular,1,16,2025-07-29,2026-06-22
12573,Female,Millennial,regular,3,18,2025-08-05,2026-06-17
12574,Female,Millennial,one_and_done,4,1,2025-11-14,2025-11-14
12575,Male,Millennial,occasional,2,7,2025-08-15,2026-05-10
12576,Female,Gen Z,loyal,2,19,2025-08-23,2026-06-02
12577,Female,Gen X,occasional,1,5,2025-06-30,2026-02-17
12578,Male,Gen Z,one_and_done,6,1,2025-08-19,2025-08-19
12579,Male,Millennial,occasional,5,7,2025-08-10,2026-06-17
12580,Male,Gen Z,one_and_done,1,1,2026-04-03,2026-04-03
12581,Male,Gen X,one_and_done,1,1,2025-07-09,2025-07-09
12582,Male,Gen X,occasional,4,5,2025-07-22,2026-06-20
12583,Female,Millennial,one_and_done,1,1,2026-01-21,2026-01-21
12584,Male,Gen Z,regular,5,15,2025-07-09,2026-06-13
12585,Female,Gen Z,loyal,1,19,2025-07-26,2026-06-23
12586,Female,Millennial,one_and_done,2,1,2025-10-11,2025-10-11
12587,Female,Gen Z,one_and_done,1,1,2025-12-19,2025-12-19
12588,Male,Millennial,one_and_done,1,1,2025-07-26,2025-07-26
12589,Female,Millennial,one_and_done,2,1,2026-05-26,2026-05-26
12590,Female,Gen Z,one_and_done,1,1,2025-07-20,2025-07-20
12591,Female,Gen Z,occasional,1,4,2026-01-06,2026-03-12
12592,Male,Gen Z,one_and_done,2,1,2026-01-16,2026-01-16
12593,Male,Millennial,one_and_done,4,1,2025-08-27,2025-08-27
12594,Male,Gen Z,regular,6,15,2025-09-16,2026-05-24
12595,Female,Gen X,one_and_done,1,1,2025-08-21,2025-08-21
12596,Male,Millennial,regular,3,21,2025-07-01,2026-06-12
12597,Female,Gen Z,one_and_done,3,1,2025-08-16,2025-08-16
12598,Female,Millennial,occasional,1,6,2025-10-03,2026-06-06
12599,Male,Gen X,one_and_done,1,1,2026-01-07,2026-01-07
12600,Male,Gen X,one_and_done,1,1,2025-07-19,2025-07-19
12601,Male,Gen Z,one_and_done,1,1,2026-03-13,2026-03-13
12602,Male,Millennial,one_and_done,3,1,2026-01-27,2026-01-27
12603,Female,Gen X,one_and_done,1,1,2025-11-22,2025-11-22
12604,Male,Gen Z,occasional,1,5,2025-07-06,2026-01-10
12605,Male,Boomer,occasional,1,4,2025-08-23,2026-05-23
12606,Male,Gen X,regular,1,16,2025-07-09,2026-06-12
12607,Male,Millennial,one_and_done,1,1,2025-07-26,2025-07-26
12608,Male,Boomer,one_and_done,4,1,2025-07-09,2025-07-09
12609,Female,Gen Z,one_and_done,5,1,2026-05-01,2026-05-01
12610,Male,Millennial,occasional,3,7,2025-07-24,2026-02-03
12611,Male,Gen X,one_and_done,1,1,2026-01-29,2026-01-29
12612,Male,Millennial,one_and_done,1,1,2026-03-26,2026-03-26
12613,Female,Gen X,loyal,1,22,2025-06-30,2026-06-17
12614,Male,Gen Z,regular,1,15,2025-07-15,2026-06-20
12615,Male,Millennial,one_and_done,1,1,2026-03-20,2026-03-20
12616,Female,Millennial,occasional,5,6,2025-07-04,2026-05-15
12617,Male,Gen Z,occasional,1,5,2025-10-28,2026-01-08
12618,Female,Millennial,regular,1,18,2025-07-23,2026-04-30
12619,Male,Millennial,regular,1,21,2025-07-11,2026-06-03
12620,Female,Boomer,regular,9,10,2025-07-19,2026-06-16
12621,Male,Gen Z,occasional,1,5,2025-07-28,2026-03-04
12622,Male,Millennial,occasional,1,7,2025-10-09,2026-06-12
12623,Female,Millennial,regular,4,18,2025-06-30,2026-05-13
12624,Male,Millennial,one_and_done,2,1,2025-09-30,2025-09-30
12625,Female,Millennial,occasional,2,6,2025-07-14,2026-05-09
12626,Male,Millennial,occasional,1,7,2025-09-02,2026-03-04
12627,Male,Gen Z,one_and_done,3,1,2025-07-30,2025-07-30
12628,Male,Gen Z,regular,1,15,2025-07-05,2026-06-05
12629,Female,Millennial,loyal,3,26,2025-07-08,2026-06-06
12630,Female,Gen Z,one_and_done,1,1,2025-11-21,2025-11-21
12631,Male,Gen X,one_and_done,1,1,2025-08-03,2025-08-03
12632,Male,Millennial,one_and_done,1,1,2025-12-26,2025-12-26
12633,Male,Gen X,one_and_done,5,1,2025-10-29,2025-10-29
12634,Male,Gen Z,regular,7,15,2025-07-01,2026-06-15
12635,Male,Gen Z,one_and_done,5,1,2025-08-18,2025-08-18
12636,Female,Millennial,one_and_done,2,1,2025-07-10,2025-07-10
12637,Male,Gen Z,one_and_done,2,1,2025-12-20,2025-12-20
12638,Male,Gen X,occasional,1,5,2025-08-06,2026-06-19
12639,Female,Gen X,occasional,3,5,2025-08-31,2026-01-28
12640,Male,Gen Z,regular,1,15,2025-08-25,2026-06-18
12641,Male,Gen Z,regular,4,15,2025-07-16,2026-06-13
12642,Male,Millennial,loyal,1,30,2025-07-05,2026-06-15
12643,Male,Gen Z,occasional,4,5,2025-11-25,2026-05-31
12644,Male,Millennial,occasional,7,7,2025-09-12,2026-06-18
12645,Male,Gen X,one_and_done,1,1,2026-01-24,2026-01-24
12646,Male,Boomer,regular,1,12,2025-07-13,2026-05-13
12647,Male,Millennial,one_and_done,1,1,2026-06-07,2026-06-07
12648,Male,Millennial,one_and_done,2,1,2025-07-03,2025-07-03
12649,Male,Millennial,regular,1,21,2025-07-10,2026-06-18
12650,Male,Gen X,occasional,2,5,2025-07-11,2026-05-28
12651,Female,Millennial,loyal,3,26,2025-07-12,2026-05-22
12652,Male,Millennial,occasional,7,7,2025-08-12,2026-06-12
12653,Female,Millennial,occasional,5,6,2025-08-06,2026-05-28
12654,Male,Gen X,one_and_done,5,1,2025-11-29,2025-11-29
12655,Male,Millennial,regular,2,21,2025-07-04,2026-06-13
12656,Female,Gen X,one_and_done,3,1,2026-04-30,2026-04-30
12657,Female,Gen X,one_and_done,2,1,2025-11-12,2025-11-12
12658,Female,Gen Z,one_and_done,1,1,2025-11-09,2025-11-09
12659,Male,Gen X,regular,1,16,2025-09-13,2026-06-19
12660,Female,Millennial,occasional,1,6,2025-08-26,2025-12-25
12661,Female,Gen Z,one_and_done,1,1,2025-09-20,2025-09-20
12662,Male,Millennial,one_and_done,5,1,2026-06-17,2026-06-17
12663,Male,Millennial,regular,2,21,2025-08-23,2026-06-05
12664,Male,Boomer,regular,1,12,2025-09-09,2026-04-18
12665,Male,Boomer,occasional,1,4,2025-12-09,2026-05-22
12666,Male,Millennial,regular,3,21,2025-07-23,2026-06-20
12667,Female,Millennial,occasional,2,6,2025-08-13,2026-04-08
12668,Female,Millennial,one_and_done,3,1,2025-11-18,2025-11-18
12669,Male,Gen X,regular,5,16,2025-07-04,2026-06-16
12670,Male,Gen Z,occasional,7,5,2025-07-29,2026-06-03
12671,Male,Boomer,one_and_done,3,1,2026-06-15,2026-06-15
12672,Male,Gen X,one_and_done,1,1,2025-10-18,2025-10-18
12673,Male,Millennial,loyal,3,30,2025-07-02,2026-06-11
12674,Male,Gen X,occasional,1,5,2025-11-29,2026-06-21
12675,Male,Gen Z,regular,1,15,2025-07-07,2026-06-02
12676,Male,Millennial,one_and_done,4,1,2026-04-02,2026-04-02
12677,Male,Gen Z,one_and_done,3,1,2026-02-10,2026-02-10
12678,Male,Millennial,one_and_done,1,1,2025-07-24,2025-07-24
12679,Female,Millennial,one_and_done,2,1,2025-08-27,2025-08-27
12680,Male,Millennial,loyal,1,30,2025-07-01,2026-06-22
12681,Male,Millennial,one_and_done,4,1,2025-09-15,2025-09-15
12682,Male,Gen Z,one_and_done,3,1,2025-07-29,2025-07-29
12683,Male,Millennial,loyal,5,30,2025-07-21,2026-05-31
12684,Male,Gen Z,regular,8,15,2025-07-20,2026-05-30
12685,Male,Millennial,regular,4,21,2025-07-15,2026-06-23
12686,Male,Gen Z,regular,1,15,2025-07-24,2026-06-09
12687,Male,Millennial,one_and_done,1,1,2026-04-03,2026-04-03
12688,Female,Millennial,occasional,1,6,2025-08-09,2026-02-12
12689,Female,Gen Z,occasional,1,4,2026-01-07,2026-06-06
12690,Male,Gen X,regular,2,16,2025-07-24,2026-06-17
12691,Male,Gen X,one_and_done,1,1,2026-04-23,2026-04-23
12692,Male,Millennial,one_and_done,1,1,2025-08-15,2025-08-15
12693,Male,Gen Z,loyal,6,22,2025-07-14,2026-05-30
12694,Female,Gen Z,occasional,3,4,2025-07-09,2026-05-25
12695,Male,Gen Z,one_and_done,4,1,2025-12-10,2025-12-10
12696,Female,Gen X,one_and_done,1,1,2026-06-14,2026-06-14
12697,Male,Gen X,one_and_done,3,1,2025-09-19,2025-09-19
12698,Male,Gen X,occasional,1,5,2025-09-18,2026-06-18
12699,Male,Gen X,occasional,1,5,2025-10-24,2026-04-24
12700,Female,Gen Z,one_and_done,6,1,2025-09-15,2025-09-15
12701,Female,Gen X,one_and_done,4,1,2026-04-26,2026-04-26
12702,Male,Millennial,regular,5,21,2025-07-08,2026-06-18
12703,Male,Gen Z,one_and_done,6,1,2025-08-14,2025-08-14
12704,Female,Gen X,regular,2,15,2025-07-10,2026-06-06
12705,Male,Millennial,one_and_done,4,1,2025-10-16,2025-10-16
12706,Male,Gen Z,regular,1,15,2025-07-23,2026-05-15
12707,Female,Millennial,one_and_done,1,1,2026-01-13,2026-01-13
12708,Male,Gen X,loyal,3,24,2025-07-06,2026-06-23
12709,Male,Gen Z,loyal,3,22,2025-07-15,2026-05-10
12710,Female,Gen Z,one_and_done,4,1,2026-01-09,2026-01-09
12711,Male,Boomer,loyal,1,17,2025-07-23,2026-06-13
12712,Male,Millennial,regular,5,21,2025-07-03,2026-06-09
12713,Female,Millennial,one_and_done,5,1,2026-03-26,2026-03-26
12714,Male,Gen X,regular,5,16,2025-08-04,2026-06-18
12715,Male,Millennial,occasional,2,7,2025-10-15,2026-06-18
12716,Female,Millennial,occasional,4,6,2025-07-02,2026-02-13
12717,Female,Millennial,one_and_done,3,1,2025-08-02,2025-08-02
12718,Male,Millennial,one_and_done,2,1,2025-11-15,2025-11-15
12719,Female,Millennial,regular,6,18,2025-07-01,2026-06-14
12720,Male,Millennial,occasional,1,7,2025-07-16,2026-05-28
12721,Male,Millennial,occasional,4,7,2025-07-27,2026-06-12
12722,Male,Millennial,regular,4,21,2025-07-11,2026-06-13
12723,Male,Gen X,regular,7,16,2025-07-23,2026-06-22
12724,Male,Gen X,regular,1,16,2025-07-27,2026-06-05
12725,Male,Millennial,loyal,5,30,2025-07-01,2026-06-10
12726,Male,Gen Z,one_and_done,3,1,2025-10-20,2025-10-20
12727,Male,Gen Z,regular,10,15,2025-07-12,2026-04-21
12728,Male,Gen Z,one_and_done,1,1,2025-07-03,2025-07-03
12729,Female,Millennial,one_and_done,1,1,2026-03-15,2026-03-15
12730,Female,Millennial,one_and_done,4,1,2026-06-07,2026-06-07
12731,Male,Gen X,loyal,3,24,2025-08-21,2026-06-19
12732,Male,Gen Z,loyal,1,22,2025-07-12,2026-06-16
12733,Male,Millennial,occasional,2,7,2025-08-11,2026-06-12
12734,Male,Millennial,occasional,5,7,2025-08-22,2026-03-04
12735,Male,Millennial,one_and_done,2,1,2026-02-11,2026-02-11
12736,Female,Gen X,occasional,1,5,2025-10-23,2026-06-05
12737,Male,Millennial,occasional,1,7,2025-07-02,2026-05-12
12738,Male,Millennial,occasional,3,7,2025-07-25,2026-05-30
12739,Male,Millennial,one_and_done,9,1,2026-05-01,2026-05-01
12740,Male,Gen Z,regular,1,15,2025-07-07,2026-05-09
12741,Male,Millennial,regular,3,21,2025-07-12,2026-05-04
12742,Female,Millennial,regular,1,18,2025-07-04,2026-05-16
12743,Male,Millennial,regular,1,21,2025-07-11,2026-06-19
12744,Male,Millennial,regular,1,21,2025-07-05,2026-05-23
12745,Male,Gen X,one_and_done,2,1,2026-05-25,2026-05-25
12746,Male,Millennial,loyal,1,30,2025-07-04,2026-06-21
12747,Female,Millennial,one_and_done,1,1,2026-01-16,2026-01-16
12748,Male,Millennial,one_and_done,4,1,2026-03-07,2026-03-07
12749,Male,Millennial,regular,1,21,2025-08-15,2026-06-19
12750,Male,Millennial,loyal,8,30,2025-07-20,2026-06-11
12751,Male,Millennial,one_and_done,1,1,2025-07-28,2025-07-28
12752,Male,Millennial,occasional,1,7,2025-08-07,2026-02-14
12753,Male,Millennial,loyal,2,30,2025-07-04,2026-06-16
12754,Female,Boomer,regular,1,10,2025-07-25,2026-06-23
12755,Female,Gen X,one_and_done,3,1,2026-03-29,2026-03-29
12756,Male,Millennial,regular,1,21,2025-07-10,2026-06-06
12757,Female,Millennial,occasional,1,6,2025-07-09,2026-06-15
12758,Male,Gen Z,one_and_done,5,1,2025-07-31,2025-07-31
12759,Female,Millennial,occasional,1,6,2025-07-11,2026-04-06
12760,Female,Millennial,one_and_done,2,1,2026-04-15,2026-04-15
12761,Male,Gen Z,one_and_done,3,1,2025-12-29,2025-12-29
12762,Male,Millennial,one_and_done,1,1,2025-12-05,2025-12-05
12763,Female,Gen Z,one_and_done,1,1,2026-01-08,2026-01-08
12764,Male,Gen X,regular,6,16,2025-06-30,2026-05-15
12765,Male,Millennial,one_and_done,2,1,2025-12-12,2025-12-12
12766,Male,Gen Z,occasional,4,5,2025-10-14,2026-05-29
12767,Male,Gen Z,one_and_done,1,1,2026-06-13,2026-06-13
12768,Male,Millennial,one_and_done,4,1,2025-11-28,2025-11-28
12769,Male,Millennial,occasional,1,7,2025-10-05,2026-04-30
12770,Male,Gen X,occasional,2,5,2025-12-15,2026-06-19
12771,Male,Gen X,loyal,1,24,2025-07-08,2026-06-21
12772,Male,Millennial,one_and_done,1,1,2025-08-18,2025-08-18
12773,Male,Gen X,regular,1,16,2025-07-01,2026-06-10
12774,Female,Boomer,regular,5,10,2025-09-09,2026-05-19
12775,Female,Millennial,one_and_done,8,1,2025-11-07,2025-11-07
12776,Female,Millennial,occasional,3,6,2025-12-12,2026-04-16
12777,Male,Gen X,regular,1,16,2025-07-14,2026-06-05
12778,Male,Gen X,loyal,1,24,2025-07-11,2026-05-19
12779,Male,Gen Z,regular,7,15,2025-07-19,2026-06-01
12780,Male,Boomer,loyal,4,17,2025-07-14,2026-06-09
12781,Male,Gen X,loyal,1,24,2025-07-01,2026-06-18
12782,Male,Millennial,one_and_done,1,1,2026-05-16,2026-05-16
12783,Male,Millennial,regular,8,21,2025-07-21,2026-06-21
12784,Male,Millennial,one_and_done,1,1,2026-03-20,2026-03-20
12785,Male,Millennial,occasional,1,7,2025-11-14,2026-06-22
12786,Female,Millennial,regular,4,18,2025-08-05,2026-05-29
12787,Male,Millennial,one_and_done,1,1,2026-04-23,2026-04-23
12788,Male,Millennial,one_and_done,1,1,2026-06-08,2026-06-08
12789,Male,Millennial,one_and_done,5,1,2026-06-09,2026-06-09
12790,Male,Millennial,one_and_done,2,1,2025-10-26,2025-10-26
12791,Male,Millennial,one_and_done,8,1,2026-01-30,2026-01-30
12792,Female,Millennial,one_and_done,1,1,2026-03-13,2026-03-13
12793,Male,Gen Z,regular,1,15,2025-08-04,2026-06-16
12794,Male,Millennial,occasional,1,7,2025-09-09,2026-03-09
12795,Female,Millennial,one_and_done,1,1,2025-09-10,2025-09-10
12796,Male,Millennial,one_and_done,1,1,2026-05-13,2026-05-13
12797,Female,Boomer,occasional,1,3,2025-07-24,2026-01-24
12798,Male,Millennial,one_and_done,1,1,2025-07-19,2025-07-19
12799,Male,Millennial,regular,1,21,2025-07-02,2026-06-23
12800,Male,Gen Z,one_and_done,4,1,2026-05-22,2026-05-22
12801,Female,Millennial,one_and_done,5,1,2025-08-09,2025-08-09
12802,Male,Millennial,occasional,1,7,2025-07-07,2026-05-30
12803,Male,Millennial,one_and_done,3,1,2025-10-18,2025-10-18
12804,Male,Gen Z,regular,1,15,2025-07-10,2026-05-29
12805,Female,Millennial,regular,3,18,2025-08-06,2026-06-09
12806,Male,Gen Z,one_and_done,1,1,2026-03-07,2026-03-07
12807,Male,Gen Z,occasional,1,5,2025-09-08,2026-06-05
12808,Male,Millennial,regular,1,21,2025-07-03,2026-06-20
12809,Female,Gen Z,regular,4,13,2025-07-07,2026-06-15
12810,Female,Millennial,one_and_done,1,1,2026-05-24,2026-05-24
12811,Male,Millennial,occasional,1,7,2025-09-09,2026-06-01
12812,Male,Gen X,occasional,1,5,2025-09-25,2026-01-12
12813,Male,Boomer,one_and_done,1,1,2025-12-23,2025-12-23
12814,Male,Boomer,one_and_done,1,1,2025-12-28,2025-12-28
12815,Male,Millennial,one_and_done,10,1,2026-03-25,2026-03-25
12816,Female,Gen Z,loyal,5,19,2025-08-03,2026-05-26
12817,Female,Boomer,one_and_done,1,1,2025-07-06,2025-07-06
12818,Female,Millennial,one_and_done,2,1,2026-04-29,2026-04-29
12819,Male,Millennial,occasional,3,7,2025-09-20,2026-06-14
12820,Female,Gen X,occasional,3,5,2025-08-30,2026-06-19
12821,Male,Boomer,one_and_done,1,1,2026-02-24,2026-02-24
12822,Male,Gen X,regular,4,16,2025-07-14,2026-06-10
12823,Male,Gen Z,regular,8,15,2025-07-22,2026-05-29
12824,Female,Millennial,regular,1,18,2025-07-10,2026-06-08
12825,Female,Gen Z,regular,3,13,2025-07-01,2026-05-30
12826,Male,Millennial,one_and_done,1,1,2025-12-05,2025-12-05
12827,Male,Millennial,one_and_done,1,1,2025-07-31,2025-07-31
12828,Male,Gen Z,occasional,2,5,2025-07-05,2026-04-06
12829,Male,Millennial,occasional,1,7,2025-07-23,2026-06-18
12830,Male,Gen Z,occasional,3,5,2025-08-27,2026-06-16
12831,Male,Gen X,one_and_done,5,1,2025-11-11,2025-11-11
12832,Female,Gen X,occasional,1,5,2025-08-16,2026-06-23
12833,Female,Millennial,one_and_done,2,1,2025-09-25,2025-09-25
12834,Male,Millennial,regular,1,21,2025-07-07,2026-06-17
12835,Male,Gen Z,regular,10,15,2025-07-25,2026-06-17
12836,Female,Millennial,regular,1,18,2025-07-19,2026-06-13
12837,Female,Gen X,one_and_done,1,1,2025-10-18,2025-10-18
12838,Female,Millennial,loyal,1,26,2025-07-25,2026-06-22
12839,Female,Millennial,occasional,3,6,2025-07-18,2026-03-17
12840,Male,Gen X,one_and_done,7,1,2026-03-28,2026-03-28
12841,Male,Gen Z,one_and_done,1,1,2025-10-31,2025-10-31
12842,Male,Millennial,occasional,3,7,2025-08-23,2026-05-17
12843,Female,Millennial,one_and_done,6,1,2026-05-07,2026-05-07
12844,Female,Millennial,occasional,4,6,2025-10-02,2026-06-13
12845,Female,Gen Z,one_and_done,1,1,2025-11-28,2025-11-28
12846,Female,Gen Z,one_and_done,1,1,2026-03-27,2026-03-27
12847,Male,Millennial,one_and_done,1,1,2026-03-08,2026-03-08
12848,Male,Millennial,one_and_done,1,1,2026-02-10,2026-02-10
12849,Male,Gen X,one_and_done,1,1,2025-11-17,2025-11-17
12850,Female,Millennial,regular,1,18,2025-07-04,2026-06-15
12851,Female,Millennial,one_and_done,4,1,2025-07-12,2025-07-12
12852,Female,Gen Z,one_and_done,1,1,2026-01-06,2026-01-06
12853,Male,Boomer,one_and_done,3,1,2025-10-11,2025-10-11
12854,Female,Millennial,regular,1,18,2025-07-21,2026-06-18
12855,Female,Millennial,one_and_done,6,1,2026-05-30,2026-05-30
12856,Male,Millennial,loyal,1,30,2025-07-06,2026-06-23
12857,Female,Gen X,occasional,9,5,2025-07-08,2026-04-20
12858,Male,Millennial,loyal,1,30,2025-07-19,2026-06-23
12859,Male,Millennial,one_and_done,1,1,2026-02-18,2026-02-18
12860,Female,Boomer,one_and_done,1,1,2025-09-27,2025-09-27
12861,Male,Gen Z,one_and_done,1,1,2025-08-24,2025-08-24
12862,Female,Gen Z,one_and_done,5,1,2025-11-20,2025-11-20
12863,Male,Gen Z,one_and_done,1,1,2026-01-16,2026-01-16
12864,Male,Millennial,regular,1,21,2025-08-05,2026-06-20
12865,Male,Millennial,one_and_done,1,1,2025-09-18,2025-09-18
12866,Male,Millennial,one_and_done,9,1,2026-01-23,2026-01-23
12867,Male,Millennial,one_and_done,1,1,2025-07-07,2025-07-07
12868,Female,Millennial,occasional,1,6,2025-07-28,2026-03-24
12869,Female,Millennial,one_and_done,1,1,2026-04-02,2026-04-02
12870,Male,Millennial,occasional,1,7,2025-07-08,2026-03-24
12871,Male,Boomer,one_and_done,3,1,2026-03-15,2026-03-15
12872,Female,Gen Z,occasional,1,4,2025-07-18,2026-06-02
12873,Female,Millennial,loyal,7,26,2025-07-11,2026-06-22
12874,Male,Gen X,occasional,4,5,2025-09-04,2026-06-06
12875,Male,Millennial,occasional,1,7,2025-09-02,2026-06-03
12876,Female,Gen X,occasional,9,5,2025-07-18,2026-05-10
12877,Male,Millennial,loyal,3,30,2025-07-08,2026-06-21
12878,Female,Gen Z,occasional,5,4,2025-07-04,2025-08-23
12879,Female,Millennial,one_and_done,3,1,2026-01-01,2026-01-01
12880,Male,Gen X,one_and_done,2,1,2025-10-13,2025-10-13
12881,Male,Gen Z,occasional,1,5,2025-08-07,2026-05-09
12882,Male,Gen Z,one_and_done,5,1,2026-05-20,2026-05-20
12883,Male,Millennial,loyal,5,30,2025-07-31,2026-06-16
12884,Female,Gen X,one_and_done,1,1,2026-03-13,2026-03-13
12885,Male,Gen Z,regular,2,15,2025-07-25,2026-05-31
12886,Female,Gen Z,regular,1,13,2025-07-06,2026-06-20
12887,Male,Gen Z,one_and_done,1,1,2026-01-19,2026-01-19
12888,Female,Millennial,occasional,2,6,2025-08-02,2026-05-25
12889,Female,Gen Z,regular,3,13,2025-09-04,2026-06-08
12890,Female,Gen X,occasional,1,5,2025-10-17,2026-03-21
12891,Female,Millennial,occasional,1,6,2025-08-22,2026-06-18
12892,Male,Boomer,one_and_done,3,1,2025-07-19,2025-07-19
12893,Female,Millennial,regular,1,18,2025-07-22,2026-06-19
12894,Male,Gen X,regular,1,16,2025-07-14,2026-04-25
12895,Male,Millennial,one_and_done,2,1,2026-03-25,2026-03-25
12896,Male,Gen X,regular,5,16,2025-07-11,2026-04-16
12897,Female,Gen Z,regular,7,13,2025-08-22,2026-05-13
12898,Male,Millennial,one_and_done,1,1,2025-11-27,2025-11-27
12899,Female,Gen Z,one_and_done,2,1,2026-04-14,2026-04-14
12900,Male,Millennial,one_and_done,3,1,2025-11-05,2025-11-05
12901,Female,Millennial,loyal,1,26,2025-07-03,2026-06-12
12902,Male,Millennial,one_and_done,3,1,2026-02-20,2026-02-20
12903,Male,Millennial,one_and_done,1,1,2026-02-20,2026-02-20
12904,Male,Millennial,occasional,2,7,2025-08-26,2026-06-01
12905,Male,Gen Z,one_and_done,1,1,2026-06-08,2026-06-08
12906,Male,Millennial,one_and_done,3,1,2026-02-12,2026-02-12
12907,Female,Gen X,loyal,2,22,2025-07-13,2026-06-19
12908,Female,Boomer,one_and_done,4,1,2026-06-18,2026-06-18
12909,Female,Gen Z,one_and_done,7,1,2025-09-14,2025-09-14
12910,Female,Millennial,occasional,1,6,2025-07-12,2026-05-28
12911,Male,Gen Z,one_and_done,1,1,2026-01-10,2026-01-10
12912,Male,Millennial,occasional,1,7,2025-10-16,2026-06-05
12913,Female,Millennial,occasional,1,6,2025-08-15,2026-05-09
12914,Male,Millennial,one_and_done,1,1,2026-01-25,2026-01-25
12915,Female,Gen Z,one_and_done,5,1,2026-06-19,2026-06-19
12916,Male,Millennial,one_and_done,3,1,2026-01-27,2026-01-27
12917,Male,Millennial,one_and_done,1,1,2025-12-19,2025-12-19
12918,Male,Gen Z,one_and_done,1,1,2025-10-08,2025-10-08
12919,Male,Gen Z,one_and_done,1,1,2025-07-23,2025-07-23
12920,Male,Gen X,one_and_done,5,1,2025-08-10,2025-08-10
12921,Male,Gen Z,one_and_done,2,1,2025-07-03,2025-07-03
12922,Male,Gen Z,regular,1,15,2025-08-31,2026-05-04
12923,Male,Gen X,occasional,5,5,2025-12-03,2026-06-21
12924,Male,Gen Z,one_and_done,10,1,2026-05-09,2026-05-09
12925,Male,Gen X,regular,2,16,2025-07-17,2026-06-05
12926,Male,Millennial,one_and_done,5,1,2025-08-07,2025-08-07
12927,Female,Gen X,one_and_done,3,1,2025-11-14,2025-11-14
12928,Male,Gen Z,regular,1,15,2025-08-23,2026-06-11
12929,Female,Gen X,occasional,6,5,2025-07-11,2026-05-06
12930,Female,Gen X,regular,3,15,2025-07-07,2026-06-17
12931,Male,Gen X,one_and_done,3,1,2026-02-08,2026-02-08
12932,Male,Millennial,occasional,2,7,2025-07-26,2026-03-23
12933,Male,Millennial,regular,1,21,2025-07-25,2026-06-21
12934,Male,Gen Z,regular,1,15,2025-07-12,2026-06-19
12935,Female,Gen X,regular,2,15,2025-08-14,2026-06-14
12936,Male,Millennial,one_and_done,3,1,2025-11-20,2025-11-20
12937,Male,Gen Z,one_and_done,2,1,2026-01-14,2026-01-14
12938,Male,Millennial,regular,1,21,2025-07-30,2026-06-07
12939,Male,Gen X,regular,1,16,2025-07-24,2026-06-08
12940,Female,Millennial,regular,1,18,2025-06-30,2026-05-23
12941,Female,Millennial,regular,3,18,2025-07-31,2026-06-16
12942,Female,Millennial,loyal,1,26,2025-07-12,2026-06-21
12943,Female,Gen Z,one_and_done,2,1,2026-01-20,2026-01-20
12944,Female,Gen X,one_and_done,1,1,2026-06-01,2026-06-01
12945,Male,Gen X,regular,5,16,2025-07-11,2026-06-23
12946,Male,Gen Z,one_and_done,1,1,2025-07-12,2025-07-12
12947,Female,Gen Z,regular,1,13,2025-07-12,2026-06-23
12948,Male,Gen Z,regular,1,15,2025-07-30,2026-06-15
12949,Male,Gen Z,one_and_done,1,1,2026-03-27,2026-03-27
12950,Male,Millennial,occasional,6,7,2025-07-08,2026-06-13
12951,Male,Millennial,occasional,7,7,2025-07-25,2026-06-06
12952,Female,Millennial,one_and_done,1,1,2025-11-03,2025-11-03
12953,Male,Millennial,occasional,2,7,2025-09-17,2026-03-10
12954,Male,Millennial,one_and_done,7,1,2026-05-13,2026-05-13
12955,Female,Millennial,regular,3,18,2025-07-11,2026-06-19
12956,Male,Gen Z,loyal,2,22,2025-07-23,2026-05-17
12957,Male,Gen Z,one_and_done,7,1,2026-02-23,2026-02-23
12958,Female,Millennial,one_and_done,2,1,2026-05-31,2026-05-31
12959,Female,Gen Z,regular,1,13,2025-07-15,2026-05-03
12960,Female,Millennial,occasional,1,6,2025-09-16,2026-06-12
12961,Male,Boomer,regular,6,12,2025-06-30,2026-06-20
12962,Male,Millennial,one_and_done,2,1,2026-01-23,2026-01-23
12963,Male,Gen X,one_and_done,1,1,2025-09-16,2025-09-16
12964,Female,Gen Z,occasional,1,4,2025-10-31,2026-06-22
12965,Female,Gen X,one_and_done,10,1,2026-04-06,2026-04-06
12966,Male,Millennial,occasional,3,7,2025-07-28,2026-05-05
12967,Male,Gen Z,one_and_done,1,1,2025-09-02,2025-09-02
12968,Male,Gen Z,occasional,1,5,2025-08-13,2026-05-18
12969,Male,Gen Z,one_and_done,3,1,2025-12-23,2025-12-23
12970,Female,Millennial,one_and_done,1,1,2026-06-12,2026-06-12
12971,Female,Gen Z,one_and_done,4,1,2026-04-11,2026-04-11
12972,Female,Millennial,occasional,6,6,2025-07-05,2026-04-18
12973,Male,Gen X,loyal,1,24,2025-06-30,2026-06-09
12974,Female,Millennial,one_and_done,2,1,2025-08-20,2025-08-20
12975,Male,Millennial,occasional,1,7,2025-07-05,2026-06-06
12976,Male,Gen Z,occasional,1,5,2025-11-21,2026-05-09
12977,Female,Millennial,one_and_done,3,1,2025-07-16,2025-07-16
12978,Male,Millennial,occasional,3,7,2025-10-16,2026-06-21
12979,Female,Gen Z,one_and_done,3,1,2025-11-21,2025-11-21
12980,Male,Gen X,loyal,1,24,2025-07-14,2026-06-20
12981,Male,Boomer,one_and_done,1,1,2026-01-30,2026-01-30
12982,Male,Millennial,occasional,1,7,2025-10-13,2026-06-04
12983,Male,Gen Z,one_and_done,1,1,2025-07-12,2025-07-12
12984,Male,Gen X,occasional,4,5,2025-11-06,2026-06-17
12985,Male,Millennial,occasional,3,7,2025-09-22,2026-05-02
12986,Male,Millennial,loyal,1,30,2025-07-08,2026-06-15
12987,Male,Gen X,regular,1,16,2025-07-16,2026-06-14
12988,Male,Gen X,one_and_done,1,1,2026-01-03,2026-01-03
12989,Male,Gen X,regular,7,16,2025-07-01,2026-06-23
12990,Female,Millennial,regular,1,18,2025-07-22,2026-06-20
12991,Female,Gen X,one_and_done,10,1,2025-09-16,2025-09-16
12992,Male,Boomer,one_and_done,5,1,2026-01-18,2026-01-18
12993,Male,Gen Z,occasional,2,5,2025-07-09,2026-04-01
12994,Female,Millennial,one_and_done,2,1,2026-04-16,2026-04-16
12995,Male,Gen X,one_and_done,2,1,2026-02-26,2026-02-26
12996,Female,Millennial,regular,2,18,2025-07-25,2026-06-22
12997,Male,Boomer,regular,1,12,2025-07-08,2026-06-18
12998,Male,Gen X,one_and_done,1,1,2026-01-10,2026-01-10
12999,Male,Gen X,loyal,4,24,2025-07-16,2026-06-22
13000,Female,Gen Z,one_and_done,1,1,2025-10-03,2025-10-03
13001,Male,Millennial,one_and_done,7,1,2026-06-15,2026-06-15
13002,Male,Millennial,regular,1,21,2025-07-04,2026-06-21
13003,Male,Millennial,occasional,4,7,2025-10-03,2026-05-30
13004,Male,Millennial,one_and_done,4,1,2025-12-06,2025-12-06
13005,Female,Gen Z,one_and_done,1,1,2026-02-04,2026-02-04
13006,Male,Gen Z,regular,1,15,2025-07-19,2026-05-03
13007,Female,Gen Z,one_and_done,5,1,2025-11-18,2025-11-18
13008,Female,Millennial,one_and_done,4,1,2026-02-10,2026-02-10
13009,Female,Gen Z,regular,1,13,2025-07-14,2026-06-08
13010,Male,Gen X,regular,1,16,2025-07-19,2026-05-29
13011,Male,Gen Z,one_and_done,6,1,2026-03-15,2026-03-15
13012,Male,Gen X,occasional,1,5,2025-07-11,2026-05-26
13013,Female,Gen Z,occasional,2,4,2025-07-12,2026-02-25
13014,Male,Gen X,occasional,2,5,2025-08-07,2026-06-04
13015,Male,Gen Z,one_and_done,6,1,2025-11-13,2025-11-13
13016,Male,Millennial,one_and_done,2,1,2025-09-12,2025-09-12
13017,Male,Gen Z,regular,1,15,2025-07-04,2026-06-05
13018,Female,Boomer,occasional,1,3,2026-01-02,2026-05-28
13019,Male,Millennial,regular,9,21,2025-07-11,2026-05-12
13020,Male,Millennial,regular,2,21,2025-07-21,2026-06-15
13021,Female,Gen Z,one_and_done,5,1,2025-12-23,2025-12-23
13022,Female,Millennial,occasional,2,6,2025-11-29,2026-04-23
13023,Male,Gen X,one_and_done,1,1,2025-09-06,2025-09-06
13024,Female,Millennial,occasional,1,6,2025-07-18,2026-05-03
13025,Male,Millennial,loyal,4,30,2025-07-14,2026-06-10
13026,Male,Gen Z,one_and_done,1,1,2025-12-14,2025-12-14
13027,Male,Millennial,regular,3,21,2025-07-16,2026-06-20
13028,Male,Millennial,one_and_done,1,1,2025-11-08,2025-11-08
13029,Female,Millennial,regular,4,18,2025-07-11,2026-02-06
13030,Male,Gen Z,one_and_done,4,1,2025-08-25,2025-08-25
13031,Male,Gen X,occasional,2,5,2025-08-16,2026-06-03
13032,Male,Boomer,regular,7,12,2025-07-14,2026-04-14
13033,Male,Gen Z,one_and_done,4,1,2026-05-22,2026-05-22
13034,Female,Gen Z,one_and_done,4,1,2026-02-17,2026-02-17
13035,Male,Gen Z,one_and_done,2,1,2026-03-26,2026-03-26
13036,Male,Gen Z,one_and_done,6,1,2025-08-30,2025-08-30
13037,Male,Gen X,one_and_done,2,1,2026-01-02,2026-01-02
13038,Male,Gen X,one_and_done,6,1,2026-05-26,2026-05-26
13039,Male,Gen Z,one_and_done,3,1,2026-01-16,2026-01-16
13040,Male,Millennial,one_and_done,1,1,2026-04-06,2026-04-06
13041,Male,Millennial,one_and_done,1,1,2026-03-29,2026-03-29
13042,Male,Millennial,regular,5,21,2025-07-16,2026-06-20
13043,Male,Boomer,occasional,6,4,2025-07-15,2026-06-06
13044,Female,Gen Z,occasional,1,4,2025-12-19,2026-05-08
13045,Male,Millennial,loyal,1,30,2025-07-25,2026-06-18
13046,Male,Millennial,one_and_done,1,1,2026-02-24,2026-02-24
13047,Female,Millennial,regular,2,18,2025-07-12,2026-06-07
13048,Female,Gen X,one_and_done,1,1,2025-10-27,2025-10-27
13049,Female,Millennial,regular,1,18,2025-07-05,2026-06-20
13050,Male,Millennial,regular,1,21,2025-06-30,2026-06-15
13051,Male,Gen Z,one_and_done,1,1,2026-03-10,2026-03-10
13052,Female,Gen Z,one_and_done,1,1,2025-12-18,2025-12-18
13053,Male,Gen Z,one_and_done,1,1,2025-07-26,2025-07-26
13054,Male,Millennial,one_and_done,1,1,2026-05-13,2026-05-13
13055,Male,Millennial,regular,2,21,2025-07-18,2026-06-14
13056,Male,Gen Z,regular,3,15,2025-07-05,2026-05-07
13057,Male,Millennial,one_and_done,1,1,2026-05-19,2026-05-19
13058,Male,Gen X,occasional,1,5,2025-07-12,2026-05-23
13059,Male,Boomer,one_and_done,1,1,2025-09-09,2025-09-09
13060,Male,Gen Z,occasional,2,5,2025-07-12,2026-06-02
13061,Male,Gen X,regular,3,16,2025-08-29,2026-05-31
13062,Male,Gen X,regular,1,16,2025-07-01,2026-05-30
13063,Male,Millennial,regular,1,21,2025-07-20,2026-06-20
13064,Male,Millennial,one_and_done,2,1,2025-07-12,2025-07-12
13065,Male,Gen X,one_and_done,4,1,2025-09-28,2025-09-28
13066,Male,Millennial,regular,1,21,2025-07-07,2026-06-19
13067,Male,Millennial,loyal,2,30,2025-07-12,2026-06-17
13068,Female,Gen Z,regular,2,13,2025-07-10,2026-06-20
13069,Female,Gen X,one_and_done,2,1,2026-04-11,2026-04-11
13070,Male,Gen X,one_and_done,1,1,2025-09-11,2025-09-11
13071,Female,Millennial,one_and_done,1,1,2025-08-30,2025-08-30
13072,Male,Gen X,one_and_done,4,1,2026-02-25,2026-02-25
13073,Male,Gen X,one_and_done,1,1,2026-05-29,2026-05-29
13074,Male,Gen Z,one_and_done,1,1,2026-03-16,2026-03-16
13075,Male,Gen Z,one_and_done,1,1,2025-10-21,2025-10-21
13076,Female,Boomer,one_and_done,1,1,2026-01-24,2026-01-24
13077,Male,Millennial,loyal,9,30,2025-07-03,2026-06-12
13078,Male,Gen X,regular,7,16,2025-07-24,2026-05-29
13079,Female,Millennial,one_and_done,1,1,2025-08-03,2025-08-03
13080,Male,Millennial,one_and_done,1,1,2025-09-16,2025-09-16
13081,Female,Gen Z,one_and_done,1,1,2025-08-07,2025-08-07
13082,Female,Boomer,occasional,6,3,2025-08-13,2025-12-03
13083,Male,Millennial,loyal,1,30,2025-07-06,2026-06-15
13084,Male,Millennial,occasional,1,7,2025-10-25,2026-06-23
13085,Female,Millennial,one_and_done,3,1,2025-08-30,2025-08-30
13086,Male,Gen X,occasional,1,5,2025-08-28,2026-03-24
13087,Female,Gen Z,occasional,5,4,2025-08-20,2026-03-29
13088,Male,Gen X,occasional,3,5,2025-07-01,2026-05-15
13089,Male,Gen X,one_and_done,2,1,2026-03-02,2026-03-02
13090,Male,Gen Z,one_and_done,1,1,2025-12-24,2025-12-24
13091,Female,Gen X,occasional,6,5,2025-07-23,2026-01-08
13092,Male,Boomer,regular,1,12,2025-07-05,2026-06-06
13093,Male,Gen X,occasional,1,5,2025-08-16,2026-03-30
13094,Male,Gen X,loyal,1,24,2025-07-10,2026-06-20
13095,Female,Millennial,loyal,1,26,2025-07-03,2026-06-06
13096,Female,Millennial,one_and_done,3,1,2026-01-03,2026-01-03
13097,Male,Millennial,loyal,1,30,2025-07-02,2026-05-23
13098,Male,Gen X,regular,1,16,2025-07-04,2026-05-07
13099,Female,Millennial,regular,4,18,2025-07-07,2026-05-26
13100,Male,Millennial,occasional,1,7,2025-07-02,2026-04-12
13101,Female,Millennial,one_and_done,2,1,2025-12-25,2025-12-25
13102,Female,Millennial,one_and_done,1,1,2025-07-04,2025-07-04
13103,Male,Gen Z,regular,1,15,2025-09-04,2026-06-18
13104,Female,Millennial,regular,1,18,2025-07-03,2026-06-17
13105,Female,Gen Z,loyal,7,19,2025-08-16,2026-06-17
13106,Female,Millennial,regular,2,18,2025-07-08,2026-06-21
13107,Male,Gen X,regular,1,16,2025-07-15,2026-06-12
13108,Male,Gen X,occasional,1,5,2025-08-23,2026-06-02
13109,Male,Gen X,one_and_done,5,1,2026-01-10,2026-01-10
13110,Female,Millennial,occasional,8,6,2025-11-01,2026-06-14
13111,Female,Millennial,regular,1,18,2025-07-01,2026-06-17
13112,Female,Millennial,one_and_done,3,1,2026-01-28,2026-01-28
13113,Female,Millennial,one_and_done,1,1,2026-01-21,2026-01-21
13114,Male,Gen X,one_and_done,1,1,2026-03-07,2026-03-07
13115,Male,Millennial,loyal,5,30,2025-07-09,2026-06-22
13116,Female,Gen X,occasional,1,5,2025-07-03,2026-06-08
13117,Male,Millennial,loyal,1,30,2025-07-04,2026-05-30
13118,Female,Gen X,one_and_done,3,1,2025-11-28,2025-11-28
13119,Male,Gen Z,occasional,1,5,2025-09-26,2026-06-21
13120,Female,Millennial,regular,4,18,2025-07-08,2026-06-02
13121,Male,Gen X,regular,1,16,2025-07-21,2026-06-14
13122,Male,Gen Z,regular,9,15,2025-07-04,2026-06-13
13123,Female,Gen Z,loyal,8,19,2025-07-16,2026-06-12
13124,Male,Millennial,loyal,1,30,2025-07-07,2026-06-16
13125,Female,Millennial,one_and_done,2,1,2025-07-23,2025-07-23
13126,Male,Gen Z,regular,2,15,2025-07-04,2026-06-17
13127,Male,Millennial,one_and_done,3,1,2025-11-28,2025-11-28
13128,Male,Millennial,occasional,1,7,2025-09-18,2026-06-06
13129,Male,Gen X,one_and_done,1,1,2025-12-22,2025-12-22
13130,Male,Gen Z,regular,2,15,2025-07-02,2026-05-29
13131,Male,Millennial,one_and_done,3,1,2025-11-28,2025-11-28
13132,Male,Gen Z,one_and_done,4,1,2026-02-27,2026-02-27
13133,Female,Millennial,one_and_done,1,1,2025-10-23,2025-10-23
13134,Male,Millennial,regular,3,21,2025-07-05,2026-06-13
13135,Male,Millennial,one_and_done,1,1,2026-04-03,2026-04-03
13136,Male,Millennial,one_and_done,1,1,2026-06-16,2026-06-16
13137,Female,Millennial,one_and_done,1,1,2025-10-20,2025-10-20
13138,Male,Millennial,one_and_done,1,1,2026-01-06,2026-01-06
13139,Male,Millennial,one_and_done,3,1,2026-02-24,2026-02-24
13140,Female,Millennial,occasional,6,6,2025-08-25,2026-01-30
13141,Female,Millennial,one_and_done,2,1,2026-05-16,2026-05-16
13142,Male,Millennial,occasional,1,7,2025-08-14,2026-05-23
13143,Male,Gen Z,regular,6,15,2025-07-12,2026-06-08
13144,Male,Millennial,one_and_done,1,1,2026-02-19,2026-02-19
13145,Female,Millennial,regular,1,18,2025-07-11,2026-06-07
13146,Female,Gen Z,regular,1,13,2025-07-10,2026-04-14
13147,Male,Millennial,regular,2,21,2025-07-07,2026-06-13
13148,Male,Millennial,one_and_done,1,1,2025-11-10,2025-11-10
13149,Male,Millennial,one_and_done,1,1,2025-07-30,2025-07-30
13150,Female,Millennial,one_and_done,1,1,2025-09-05,2025-09-05
13151,Male,Gen Z,occasional,6,5,2025-07-18,2026-06-15
13152,Female,Millennial,occasional,1,6,2025-07-25,2026-06-15
13153,Female,Gen X,one_and_done,4,1,2025-08-10,2025-08-10
13154,Male,Gen X,occasional,1,5,2025-09-08,2026-06-11
13155,Male,Millennial,one_and_done,9,1,2026-02-02,2026-02-02
13156,Male,Gen Z,one_and_done,3,1,2026-03-27,2026-03-27
13157,Male,Millennial,regular,3,21,2025-07-05,2026-06-13
13158,Male,Gen Z,one_and_done,4,1,2026-01-06,2026-01-06
13159,Female,Gen Z,one_and_done,6,1,2026-06-20,2026-06-20
13160,Male,Gen X,one_and_done,5,1,2026-04-23,2026-04-23
13161,Male,Gen Z,one_and_done,1,1,2026-02-23,2026-02-23
13162,Male,Boomer,one_and_done,1,1,2025-10-06,2025-10-06
13163,Male,Millennial,occasional,4,7,2025-07-19,2026-06-06
13164,Male,Gen Z,regular,6,15,2025-08-23,2026-06-12
13165,Male,Gen X,regular,5,16,2025-07-11,2026-06-15
13166,Male,Millennial,one_and_done,1,1,2026-05-18,2026-05-18
13167,Female,Gen Z,one_and_done,3,1,2025-08-06,2025-08-06
13168,Male,Gen X,one_and_done,1,1,2025-07-30,2025-07-30
13169,Male,Millennial,one_and_done,2,1,2026-01-13,2026-01-13
13170,Female,Gen X,one_and_done,1,1,2026-05-16,2026-05-16
13171,Female,Boomer,regular,6,10,2025-07-17,2026-06-11
13172,Female,Millennial,regular,4,18,2025-07-04,2026-06-17
13173,Male,Millennial,occasional,1,7,2025-10-09,2026-06-12
13174,Female,Gen Z,one_and_done,1,1,2025-09-05,2025-09-05
13175,Male,Millennial,occasional,1,7,2025-07-01,2026-01-06
13176,Female,Millennial,one_and_done,1,1,2025-12-28,2025-12-28
13177,Female,Millennial,one_and_done,2,1,2025-10-09,2025-10-09
13178,Male,Gen Z,regular,5,15,2025-06-30,2026-06-22
13179,Female,Millennial,one_and_done,1,1,2026-05-02,2026-05-02
13180,Male,Gen Z,one_and_done,1,1,2026-02-04,2026-02-04
13181,Female,Millennial,occasional,2,6,2025-10-14,2026-06-05
13182,Male,Millennial,regular,1,21,2025-08-01,2026-06-23
13183,Male,Boomer,regular,1,12,2025-07-29,2026-06-12
13184,Male,Millennial,regular,1,21,2025-07-10,2026-06-06
13185,Female,Millennial,one_and_done,1,1,2025-11-28,2025-11-28
13186,Male,Millennial,one_and_done,4,1,2025-12-30,2025-12-30
13187,Male,Gen Z,occasional,3,5,2025-09-06,2026-06-13
13188,Male,Gen X,occasional,1,5,2025-09-17,2026-04-03
13189,Male,Millennial,one_and_done,1,1,2026-01-18,2026-01-18
13190,Male,Gen Z,regular,1,15,2025-08-23,2026-06-10
13191,Male,Gen Z,one_and_done,2,1,2025-08-25,2025-08-25
13192,Male,Gen Z,regular,1,15,2025-07-10,2026-06-14
13193,Male,Millennial,regular,1,21,2025-07-07,2026-05-22
13194,Male,Gen X,regular,1,16,2025-07-27,2026-06-07
13195,Male,Millennial,one_and_done,1,1,2025-09-30,2025-09-30
13196,Male,Gen X,one_and_done,2,1,2026-04-02,2026-04-02
13197,Female,Millennial,regular,1,18,2025-07-02,2026-05-29
13198,Male,Millennial,one_and_done,1,1,2026-03-28,2026-03-28
13199,Male,Millennial,regular,1,21,2025-07-09,2026-06-21
13200,Male,Millennial,one_and_done,1,1,2025-10-18,2025-10-18
13201,Female,Gen X,one_and_done,2,1,2025-12-04,2025-12-04
13202,Male,Millennial,regular,1,21,2025-07-03,2026-06-10
13203,Male,Millennial,loyal,1,30,2025-07-03,2026-06-17
13204,Female,Millennial,one_and_done,2,1,2026-06-07,2026-06-07
13205,Female,Gen X,regular,1,15,2025-07-03,2026-06-10
13206,Female,Gen X,one_and_done,8,1,2026-05-15,2026-05-15
13207,Male,Millennial,one_and_done,8,1,2025-11-15,2025-11-15
13208,Female,Gen Z,one_and_done,3,1,2025-12-23,2025-12-23
13209,Male,Gen Z,occasional,3,5,2025-07-11,2026-05-25
13210,Female,Gen X,one_and_done,1,1,2025-11-08,2025-11-08
13211,Female,Gen X,one_and_done,4,1,2025-09-20,2025-09-20
13212,Male,Millennial,one_and_done,1,1,2025-07-23,2025-07-23
13213,Male,Boomer,one_and_done,1,1,2025-10-06,2025-10-06
13214,Female,Gen X,one_and_done,2,1,2026-03-08,2026-03-08
13215,Female,Millennial,one_and_done,1,1,2026-02-16,2026-02-16
13216,Male,Millennial,one_and_done,3,1,2025-09-21,2025-09-21
13217,Male,Gen Z,regular,5,15,2025-08-24,2026-05-27
13218,Male,Millennial,loyal,4,30,2025-08-15,2026-06-21
13219,Male,Gen X,one_and_done,1,1,2026-01-28,2026-01-28
13220,Male,Gen X,loyal,1,24,2025-07-23,2026-06-01
13221,Female,Millennial,one_and_done,3,1,2025-12-15,2025-12-15
13222,Female,Gen Z,regular,1,13,2025-08-10,2026-05-16
13223,Male,Gen Z,regular,5,15,2025-09-07,2026-05-28
13224,Male,Millennial,one_and_done,1,1,2026-05-09,2026-05-09
13225,Female,Gen Z,regular,7,13,2025-08-06,2026-06-19
13226,Male,Millennial,one_and_done,1,1,2026-03-25,2026-03-25
13227,Female,Millennial,one_and_done,1,1,2025-09-13,2025-09-13
13228,Female,Gen Z,loyal,4,19,2025-08-21,2026-06-15
13229,Male,Gen X,one_and_done,4,1,2026-04-14,2026-04-14
13230,Male,Millennial,one_and_done,10,1,2025-10-17,2025-10-17
13231,Male,Millennial,one_and_done,3,1,2026-06-12,2026-06-12
13232,Male,Gen Z,regular,2,15,2025-07-03,2026-06-06
13233,Male,Millennial,one_and_done,1,1,2025-10-17,2025-10-17
13234,Male,Gen X,one_and_done,1,1,2025-09-10,2025-09-10
13235,Female,Boomer,loyal,5,15,2025-07-09,2026-05-17
13236,Male,Gen X,one_and_done,1,1,2025-11-20,2025-11-20
13237,Female,Gen Z,one_and_done,2,1,2025-10-09,2025-10-09
13238,Female,Millennial,one_and_done,6,1,2026-03-15,2026-03-15
13239,Male,Gen Z,one_and_done,1,1,2026-03-08,2026-03-08
13240,Female,Millennial,occasional,4,6,2025-09-09,2026-06-15
13241,Male,Gen Z,one_and_done,1,1,2026-05-31,2026-05-31
13242,Male,Millennial,one_and_done,1,1,2025-07-08,2025-07-08
13243,Female,Millennial,regular,1,18,2025-07-30,2026-04-29
13244,Female,Gen Z,loyal,1,19,2025-07-18,2026-06-14
13245,Male,Millennial,one_and_done,3,1,2026-05-20,2026-05-20
13246,Male,Millennial,occasional,6,7,2025-07-09,2026-06-06
13247,Male,Boomer,occasional,1,4,2025-10-04,2026-05-09
13248,Male,Gen Z,one_and_done,5,1,2025-10-02,2025-10-02
13249,Male,Millennial,one_and_done,1,1,2025-08-10,2025-08-10
13250,Male,Millennial,one_and_done,2,1,2026-02-15,2026-02-15
13251,Male,Millennial,one_and_done,8,1,2025-11-27,2025-11-27
13252,Female,Gen Z,one_and_done,1,1,2025-11-29,2025-11-29
13253,Female,Boomer,occasional,2,3,2025-09-19,2026-03-04
13254,Male,Millennial,regular,2,21,2025-07-19,2026-05-09
13255,Male,Millennial,regular,1,21,2025-07-08,2026-05-10
13256,Female,Millennial,regular,3,18,2025-07-09,2026-05-25
13257,Male,Millennial,occasional,3,7,2025-07-04,2026-04-24
13258,Male,Millennial,one_and_done,2,1,2026-06-04,2026-06-04
13259,Male,Millennial,occasional,1,7,2025-07-01,2026-06-01
13260,Female,Millennial,occasional,1,6,2025-07-11,2026-04-09
13261,Male,Millennial,one_and_done,2,1,2026-01-05,2026-01-05
13262,Female,Millennial,one_and_done,1,1,2026-06-10,2026-06-10
13263,Female,Gen Z,occasional,1,4,2025-08-28,2026-04-19
13264,Male,Millennial,occasional,1,7,2025-08-19,2026-04-23
13265,Female,Millennial,one_and_done,1,1,2026-01-08,2026-01-08
13266,Male,Gen X,occasional,1,5,2025-08-24,2026-04-16
13267,Male,Gen Z,one_and_done,8,1,2025-08-09,2025-08-09
13268,Female,Millennial,occasional,1,6,2025-07-16,2026-05-04
13269,Female,Gen X,occasional,3,5,2025-07-24,2026-03-09
13270,Male,Gen X,occasional,4,5,2025-08-28,2026-02-28
13271,Male,Gen Z,one_and_done,2,1,2025-12-31,2025-12-31
13272,Male,Gen X,one_and_done,1,1,2026-01-08,2026-01-08
13273,Male,Millennial,one_and_done,2,1,2026-04-23,2026-04-23
13274,Male,Millennial,one_and_done,1,1,2025-12-17,2025-12-17
13275,Female,Gen Z,one_and_done,1,1,2025-08-18,2025-08-18
13276,Female,Gen X,regular,1,15,2025-07-01,2026-06-05
13277,Female,Gen X,regular,4,15,2025-07-03,2026-05-08
13278,Female,Gen Z,regular,1,13,2025-07-18,2026-06-12
13279,Female,Gen X,regular,1,15,2025-08-22,2026-06-13
13280,Male,Millennial,one_and_done,1,1,2025-10-25,2025-10-25
13281,Male,Boomer,occasional,5,4,2025-07-12,2026-04-25
13282,Female,Boomer,occasional,4,3,2025-07-05,2025-11-13
13283,Male,Millennial,one_and_done,1,1,2025-10-07,2025-10-07
13284,Female,Millennial,loyal,1,26,2025-07-12,2026-06-12
13285,Female,Gen X,one_and_done,1,1,2026-04-23,2026-04-23
13286,Male,Gen Z,one_and_done,7,1,2025-11-03,2025-11-03
13287,Male,Millennial,regular,1,21,2025-08-07,2026-06-21
13288,Female,Boomer,occasional,2,3,2025-07-18,2026-05-16
13289,Female,Gen Z,one_and_done,7,1,2026-04-23,2026-04-23
13290,Male,Millennial,one_and_done,1,1,2025-11-14,2025-11-14
13291,Male,Millennial,one_and_done,6,1,2025-07-28,2025-07-28
13292,Female,Millennial,regular,5,18,2025-07-06,2026-06-14
13293,Male,Millennial,one_and_done,8,1,2025-07-23,2025-07-23
13294,Male,Gen Z,regular,4,15,2025-07-01,2026-06-16
13295,Female,Millennial,one_and_done,1,1,2025-11-15,2025-11-15
13296,Male,Millennial,regular,2,21,2025-07-08,2026-05-29
13297,Male,Millennial,one_and_done,5,1,2025-12-03,2025-12-03
13298,Male,Millennial,occasional,3,7,2025-07-01,2026-02-24
13299,Male,Millennial,one_and_done,10,1,2025-12-21,2025-12-21
13300,Female,Millennial,occasional,1,6,2025-07-06,2026-04-14
13301,Male,Millennial,one_and_done,1,1,2025-09-10,2025-09-10
13302,Male,Millennial,loyal,4,30,2025-07-02,2026-06-19
13303,Male,Gen Z,one_and_done,1,1,2025-10-04,2025-10-04
13304,Male,Millennial,regular,7,21,2025-08-04,2026-06-23
13305,Male,Gen Z,one_and_done,3,1,2026-05-29,2026-05-29
13306,Male,Gen Z,one_and_done,3,1,2025-10-24,2025-10-24
13307,Male,Millennial,regular,2,21,2025-07-06,2026-06-17
13308,Male,Millennial,occasional,10,7,2025-08-07,2026-04-17
13309,Male,Millennial,loyal,7,30,2025-06-30,2026-06-23
13310,Male,Gen Z,regular,1,15,2025-07-24,2026-06-14
13311,Female,Millennial,one_and_done,3,1,2026-05-16,2026-05-16
13312,Male,Millennial,regular,1,21,2025-07-09,2026-06-18
13313,Female,Boomer,regular,1,10,2025-10-08,2026-06-06
13314,Female,Millennial,one_and_done,4,1,2025-09-03,2025-09-03
13315,Male,Gen X,one_and_done,5,1,2025-11-11,2025-11-11
13316,Male,Boomer,occasional,1,4,2025-08-04,2026-03-04
13317,Male,Gen Z,one_and_done,1,1,2026-04-19,2026-04-19
13318,Male,Gen Z,regular,1,15,2025-07-03,2026-04-16
13319,Male,Millennial,occasional,1,7,2025-08-28,2026-05-29
13320,Male,Millennial,loyal,3,30,2025-07-05,2026-06-14
13321,Male,Gen Z,one_and_done,1,1,2025-09-04,2025-09-04
13322,Male,Millennial,occasional,2,7,2025-08-13,2026-02-21
13323,Female,Gen Z,one_and_done,9,1,2026-02-01,2026-02-01
13324,Male,Millennial,occasional,4,7,2025-08-09,2026-04-01
13325,Male,Gen Z,occasional,7,5,2025-07-21,2026-06-07
13326,Male,Gen Z,one_and_done,1,1,2025-12-22,2025-12-22
13327,Female,Gen X,occasional,7,5,2025-09-29,2026-02-15
13328,Male,Gen X,loyal,2,24,2025-07-16,2026-05-03
13329,Male,Millennial,one_and_done,7,1,2025-09-16,2025-09-16
13330,Male,Gen Z,one_and_done,3,1,2025-12-24,2025-12-24
13331,Male,Gen Z,one_and_done,7,1,2025-06-30,2025-06-30
13332,Male,Gen X,regular,3,16,2025-07-04,2026-06-05
13333,Female,Millennial,one_and_done,1,1,2026-03-05,2026-03-05
13334,Female,Gen X,occasional,2,5,2025-09-25,2026-05-03
13335,Female,Millennial,one_and_done,1,1,2026-01-09,2026-01-09
13336,Female,Millennial,regular,5,18,2025-07-26,2026-06-16
13337,Male,Gen Z,loyal,3,22,2025-07-24,2026-06-10
13338,Male,Gen Z,regular,2,15,2025-07-05,2026-05-25
13339,Male,Gen Z,one_and_done,1,1,2025-10-18,2025-10-18
13340,Male,Millennial,one_and_done,1,1,2026-02-12,2026-02-12
13341,Male,Millennial,regular,3,21,2025-07-02,2026-06-08
13342,Male,Millennial,regular,1,21,2025-07-16,2026-05-22
13343,Male,Gen Z,occasional,9,5,2025-10-21,2026-04-17
13344,Male,Millennial,occasional,1,7,2025-07-04,2026-05-02
13345,Male,Millennial,regular,8,21,2025-07-09,2026-06-09
13346,Male,Gen X,regular,1,16,2025-07-12,2026-05-18
13347,Male,Gen X,regular,1,16,2025-07-30,2026-06-13
13348,Male,Millennial,regular,3,21,2025-07-17,2026-06-20
13349,Female,Millennial,loyal,1,26,2025-08-18,2026-06-11
13350,Male,Gen X,occasional,2,5,2025-07-16,2026-01-26
13351,Female,Boomer,one_and_done,1,1,2026-04-04,2026-04-04
13352,Male,Gen Z,regular,7,15,2025-08-15,2026-06-19
13353,Female,Millennial,occasional,1,6,2025-07-04,2026-01-12
13354,Male,Millennial,occasional,4,7,2025-07-03,2026-06-19
13355,Male,Millennial,one_and_done,1,1,2025-08-21,2025-08-21
13356,Female,Millennial,one_and_done,4,1,2026-05-23,2026-05-23
13357,Male,Gen X,one_and_done,1,1,2026-02-07,2026-02-07
13358,Male,Boomer,occasional,4,4,2026-01-15,2026-04-02
13359,Male,Millennial,occasional,2,7,2025-07-09,2026-06-10
13360,Female,Millennial,one_and_done,1,1,2025-09-08,2025-09-08
13361,Male,Gen X,regular,2,16,2025-07-01,2026-06-03
13362,Male,Boomer,one_and_done,1,1,2025-09-18,2025-09-18
13363,Female,Gen Z,one_and_done,1,1,2025-12-25,2025-12-25
13364,Male,Millennial,one_and_done,1,1,2026-02-12,2026-02-12
13365,Male,Boomer,one_and_done,1,1,2026-03-27,2026-03-27
13366,Male,Gen Z,occasional,3,5,2025-07-04,2026-05-08
13367,Male,Millennial,one_and_done,5,1,2025-07-10,2025-07-10
13368,Male,Boomer,loyal,1,17,2025-07-18,2026-06-16
13369,Male,Millennial,regular,1,21,2025-07-10,2026-06-23
13370,Male,Gen Z,regular,3,15,2025-08-14,2026-06-20
13371,Male,Gen X,occasional,2,5,2025-07-13,2026-05-30
13372,Male,Gen X,occasional,6,5,2025-07-20,2026-06-21
13373,Male,Millennial,one_and_done,5,1,2026-01-09,2026-01-09
13374,Male,Millennial,occasional,1,7,2025-08-07,2026-06-11
13375,Male,Boomer,occasional,5,4,2025-11-03,2026-06-01
13376,Male,Gen Z,one_and_done,4,1,2025-12-20,2025-12-20
13377,Female,Millennial,occasional,8,6,2025-08-03,2026-06-10
13378,Female,Boomer,loyal,1,15,2025-07-04,2026-06-05
13379,Female,Millennial,one_and_done,1,1,2025-11-01,2025-11-01
13380,Male,Millennial,one_and_done,3,1,2025-11-07,2025-11-07
13381,Female,Gen Z,one_and_done,1,1,2025-07-09,2025-07-09
13382,Female,Gen X,one_and_done,1,1,2026-01-03,2026-01-03
13383,Male,Gen Z,regular,1,15,2025-07-06,2026-06-22
13384,Female,Gen X,one_and_done,4,1,2026-01-29,2026-01-29
13385,Female,Millennial,regular,1,18,2025-07-08,2026-06-18
13386,Male,Millennial,regular,3,21,2025-09-09,2026-06-05
13387,Male,Gen Z,one_and_done,1,1,2026-02-19,2026-02-19
13388,Female,Gen X,one_and_done,1,1,2026-03-13,2026-03-13
13389,Male,Millennial,loyal,4,30,2025-07-05,2026-06-19
13390,Male,Millennial,one_and_done,1,1,2025-08-29,2025-08-29
13391,Male,Gen Z,one_and_done,2,1,2025-10-16,2025-10-16
13392,Male,Gen X,regular,2,16,2025-07-06,2026-06-20
13393,Female,Gen X,occasional,1,5,2025-07-04,2025-12-09
13394,Male,Millennial,one_and_done,4,1,2025-08-29,2025-08-29
13395,Female,Gen Z,occasional,3,4,2025-09-19,2025-11-29
13396,Female,Millennial,loyal,2,26,2025-07-01,2026-05-07
13397,Female,Millennial,one_and_done,1,1,2026-03-26,2026-03-26
13398,Male,Millennial,loyal,2,30,2025-07-11,2026-06-13
13399,Male,Millennial,one_and_done,1,1,2026-01-13,2026-01-13
13400,Male,Millennial,regular,5,21,2025-07-20,2026-06-11
13401,Male,Millennial,regular,4,21,2025-07-24,2026-06-05
13402,Male,Millennial,regular,8,21,2025-07-19,2026-06-22
13403,Male,Gen X,one_and_done,1,1,2025-10-26,2025-10-26
13404,Male,Millennial,regular,4,21,2025-07-03,2026-06-15
13405,Male,Gen Z,one_and_done,1,1,2026-05-10,2026-05-10
13406,Male,Millennial,loyal,1,30,2025-07-17,2026-06-23
13407,Male,Millennial,regular,1,21,2025-07-26,2026-05-12
13408,Female,Gen X,loyal,3,22,2025-07-01,2026-06-09
13409,Female,Gen Z,one_and_done,1,1,2025-12-06,2025-12-06
13410,Female,Millennial,regular,1,18,2025-07-04,2026-05-28
13411,Female,Gen X,occasional,3,5,2025-07-22,2026-04-09
13412,Male,Millennial,one_and_done,1,1,2025-11-30,2025-11-30
13413,Male,Millennial,one_and_done,1,1,2025-12-27,2025-12-27
13414,Female,Millennial,regular,1,18,2025-07-05,2026-06-12
13415,Female,Millennial,one_and_done,5,1,2026-06-22,2026-06-22
13416,Female,Millennial,one_and_done,1,1,2026-04-17,2026-04-17
13417,Male,Millennial,one_and_done,1,1,2026-01-08,2026-01-08
13418,Male,Millennial,one_and_done,7,1,2025-09-03,2025-09-03
13419,Male,Gen X,one_and_done,5,1,2025-12-17,2025-12-17
13420,Female,Gen Z,one_and_done,5,1,2026-05-19,2026-05-19
13421,Male,Gen Z,occasional,3,5,2025-09-02,2026-04-13
13422,Male,Millennial,occasional,6,7,2025-07-11,2026-05-29
13423,Male,Gen X,one_and_done,2,1,2025-12-08,2025-12-08
13424,Male,Millennial,one_and_done,3,1,2026-04-11,2026-04-11
13425,Female,Gen Z,regular,1,13,2025-07-18,2026-04-11
13426,Male,Millennial,one_and_done,4,1,2026-03-31,2026-03-31
13427,Female,Boomer,one_and_done,1,1,2026-01-08,2026-01-08
13428,Female,Millennial,one_and_done,5,1,2026-03-08,2026-03-08
13429,Female,Gen X,one_and_done,1,1,2026-06-18,2026-06-18
13430,Male,Gen Z,one_and_done,1,1,2025-08-27,2025-08-27
13431,Male,Gen X,occasional,1,5,2025-12-26,2026-04-15
13432,Male,Millennial,one_and_done,1,1,2025-10-24,2025-10-24
13433,Female,Millennial,one_and_done,1,1,2026-02-18,2026-02-18
13434,Male,Gen X,one_and_done,1,1,2026-03-03,2026-03-03
13435,Female,Millennial,one_and_done,1,1,2025-08-26,2025-08-26
13436,Female,Gen X,one_and_done,1,1,2026-06-16,2026-06-16
13437,Male,Millennial,occasional,2,7,2025-08-27,2026-05-01
13438,Male,Gen Z,occasional,1,5,2025-07-28,2026-03-26
13439,Male,Millennial,one_and_done,1,1,2026-05-29,2026-05-29
13440,Male,Millennial,regular,1,21,2025-07-14,2026-06-19
13441,Female,Millennial,one_and_done,1,1,2026-05-08,2026-05-08
13442,Male,Gen Z,one_and_done,7,1,2025-10-02,2025-10-02
13443,Male,Millennial,one_and_done,2,1,2025-09-23,2025-09-23
13444,Female,Gen X,occasional,9,5,2026-01-12,2026-06-18
13445,Female,Millennial,one_and_done,1,1,2025-12-14,2025-12-14
13446,Male,Millennial,one_and_done,1,1,2026-03-31,2026-03-31
13447,Male,Gen X,loyal,1,24,2025-07-05,2026-05-29
13448,Female,Gen X,loyal,3,22,2025-07-08,2026-06-19
13449,Male,Boomer,regular,1,12,2025-08-02,2026-04-24
13450,Female,Boomer,regular,8,10,2025-09-01,2026-04-19
13451,Male,Millennial,regular,4,21,2025-07-16,2026-06-06
13452,Male,Gen Z,occasional,2,5,2025-08-28,2026-06-16
13453,Male,Millennial,regular,1,21,2025-07-12,2026-06-14
13454,Female,Gen Z,occasional,2,4,2025-10-22,2026-04-19
13455,Male,Millennial,one_and_done,1,1,2026-02-11,2026-02-11
13456,Male,Millennial,regular,1,21,2025-07-18,2026-05-16
13457,Male,Gen X,regular,6,16,2025-07-19,2026-06-12
13458,Male,Gen Z,regular,3,15,2025-08-12,2026-06-18
13459,Female,Millennial,one_and_done,4,1,2025-12-18,2025-12-18
13460,Male,Gen Z,one_and_done,8,1,2026-02-03,2026-02-03
13461,Female,Gen Z,one_and_done,8,1,2025-09-03,2025-09-03
13462,Male,Gen X,regular,6,16,2025-07-25,2026-06-21
13463,Male,Gen Z,loyal,3,22,2025-07-31,2026-06-23
13464,Male,Millennial,loyal,3,30,2025-07-03,2026-04-19
13465,Female,Gen X,one_and_done,1,1,2025-10-24,2025-10-24
13466,Male,Millennial,one_and_done,6,1,2025-12-05,2025-12-05
13467,Female,Millennial,one_and_done,1,1,2025-11-27,2025-11-27
13468,Male,Gen Z,one_and_done,6,1,2026-06-19,2026-06-19
13469,Female,Millennial,occasional,1,6,2025-08-08,2026-05-20
13470,Female,Millennial,occasional,1,6,2025-08-12,2026-05-22
13471,Male,Millennial,occasional,3,7,2025-07-26,2026-06-15
13472,Female,Gen X,one_and_done,6,1,2026-01-02,2026-01-02
13473,Male,Millennial,regular,6,21,2025-08-01,2026-05-29
13474,Female,Millennial,one_and_done,6,1,2026-04-27,2026-04-27
13475,Female,Gen X,one_and_done,1,1,2026-03-20,2026-03-20
13476,Male,Millennial,loyal,4,30,2025-07-01,2026-06-19
13477,Male,Millennial,occasional,1,7,2025-07-07,2026-05-07
13478,Male,Gen X,one_and_done,1,1,2025-11-02,2025-11-02
13479,Male,Gen Z,loyal,1,22,2025-07-31,2026-05-31
13480,Male,Millennial,occasional,1,7,2025-08-30,2026-04-05
13481,Female,Millennial,occasional,1,6,2025-06-30,2026-03-14
13482,Female,Gen X,one_and_done,6,1,2025-07-07,2025-07-07
13483,Male,Gen X,occasional,1,5,2025-06-30,2026-06-05
13484,Female,Gen Z,one_and_done,4,1,2026-03-03,2026-03-03
13485,Female,Millennial,one_and_done,1,1,2026-04-28,2026-04-28
13486,Male,Millennial,occasional,5,7,2025-07-17,2026-06-19
13487,Female,Millennial,regular,2,18,2025-07-03,2026-06-12
13488,Male,Millennial,loyal,1,30,2025-07-18,2026-06-09
13489,Male,Millennial,one_and_done,1,1,2025-08-26,2025-08-26
13490,Female,Millennial,occasional,1,6,2025-08-09,2026-04-23
13491,Male,Millennial,one_and_done,2,1,2026-06-06,2026-06-06
13492,Male,Gen Z,one_and_done,1,1,2026-06-08,2026-06-08
13493,Female,Millennial,occasional,2,6,2025-07-18,2026-05-16
13494,Male,Gen X,regular,1,16,2025-08-29,2026-06-19
13495,Female,Gen X,regular,6,15,2025-07-23,2026-04-14
13496,Male,Millennial,one_and_done,1,1,2026-01-23,2026-01-23
13497,Male,Gen Z,one_and_done,2,1,2026-04-14,2026-04-14
13498,Female,Millennial,one_and_done,4,1,2026-01-26,2026-01-26
13499,Male,Gen Z,regular,3,15,2025-07-04,2026-05-07
13500,Male,Millennial,regular,1,21,2025-07-04,2026-05-04
13501,Male,Gen X,loyal,1,24,2025-07-21,2026-05-29
13502,Male,Millennial,regular,6,21,2025-07-09,2026-06-09
13503,Male,Millennial,occasional,3,7,2025-07-09,2026-05-22
13504,Male,Millennial,occasional,1,7,2025-09-01,2026-05-22
13505,Female,Millennial,regular,1,18,2025-07-19,2026-06-20
13506,Male,Millennial,one_and_done,2,1,2025-11-21,2025-11-21
13507,Male,Millennial,occasional,1,7,2025-08-01,2026-05-23
13508,Male,Gen Z,occasional,4,5,2025-08-07,2026-02-06
13509,Male,Millennial,one_and_done,1,1,2026-05-30,2026-05-30
13510,Male,Millennial,occasional,1,7,2025-10-07,2026-04-04
13511,Male,Boomer,one_and_done,1,1,2025-11-24,2025-11-24
13512,Female,Millennial,one_and_done,7,1,2026-01-22,2026-01-22
13513,Male,Gen X,occasional,2,5,2025-07-24,2026-05-22
13514,Male,Millennial,one_and_done,1,1,2026-01-17,2026-01-17
13515,Male,Gen X,regular,1,16,2025-09-03,2026-06-08
13516,Female,Millennial,occasional,8,6,2025-09-07,2026-04-12
13517,Male,Gen Z,regular,2,15,2025-07-04,2026-06-11
13518,Male,Gen X,one_and_done,1,1,2025-06-30,2025-06-30
13519,Female,Millennial,one_and_done,1,1,2025-07-11,2025-07-11
13520,Male,Millennial,regular,1,21,2025-07-21,2026-06-09
13521,Male,Gen Z,regular,3,15,2025-07-27,2026-06-16
13522,Female,Millennial,loyal,1,26,2025-07-08,2026-06-20
13523,Male,Millennial,occasional,3,7,2025-09-03,2026-06-21
13524,Male,Boomer,regular,1,12,2025-07-22,2026-06-19
13525,Female,Millennial,occasional,1,6,2025-07-20,2026-06-17
13526,Male,Millennial,regular,1,21,2025-07-11,2026-06-07
13527,Male,Millennial,occasional,7,7,2025-07-01,2026-05-03
13528,Male,Gen X,loyal,5,24,2025-07-14,2026-05-03
13529,Male,Millennial,one_and_done,4,1,2025-10-08,2025-10-08
13530,Male,Gen X,one_and_done,1,1,2025-09-20,2025-09-20
13531,Female,Millennial,occasional,2,6,2025-07-31,2026-04-16
13532,Male,Millennial,regular,2,21,2025-07-08,2026-06-15
13533,Female,Millennial,one_and_done,1,1,2025-09-17,2025-09-17
13534,Male,Gen X,one_and_done,1,1,2026-01-31,2026-01-31
13535,Male,Gen Z,one_and_done,2,1,2026-04-17,2026-04-17
13536,Male,Gen Z,one_and_done,1,1,2026-04-19,2026-04-19
13537,Male,Millennial,one_and_done,1,1,2026-01-31,2026-01-31
13538,Male,Millennial,regular,2,21,2025-07-12,2026-06-03
13539,Female,Gen Z,one_and_done,1,1,2026-02-22,2026-02-22
13540,Male,Gen X,one_and_done,1,1,2026-04-28,2026-04-28
13541,Male,Millennial,occasional,1,7,2025-09-04,2026-04-15
13542,Male,Gen Z,regular,1,15,2025-09-13,2026-05-16
13543,Female,Millennial,regular,1,18,2025-07-04,2026-03-19
13544,Male,Millennial,regular,1,21,2025-07-20,2026-05-06
13545,Male,Millennial,occasional,1,7,2025-09-13,2026-06-08
13546,Male,Millennial,loyal,4,30,2025-07-11,2026-06-22
13547,Female,Gen Z,occasional,5,4,2025-07-02,2026-03-20
13548,Female,Gen X,one_and_done,1,1,2026-02-10,2026-02-10
13549,Male,Millennial,occasional,3,7,2025-08-29,2026-06-07
13550,Male,Millennial,regular,1,21,2025-08-04,2026-05-26
13551,Female,Millennial,loyal,3,26,2025-07-04,2026-05-30
13552,Male,Gen X,regular,1,16,2025-07-20,2026-06-13
13553,Male,Millennial,one_and_done,1,1,2026-03-26,2026-03-26
13554,Male,Gen X,one_and_done,1,1,2025-12-16,2025-12-16
13555,Female,Gen X,one_and_done,1,1,2026-06-18,2026-06-18
13556,Male,Millennial,loyal,2,30,2025-07-09,2026-06-11
13557,Male,Millennial,occasional,1,7,2025-10-04,2026-04-25
13558,Male,Millennial,occasional,1,7,2025-07-18,2026-05-04
13559,Female,Gen Z,loyal,1,19,2025-06-30,2026-04-28
13560,Female,Millennial,occasional,9,6,2025-10-13,2026-06-01
13561,Male,Gen Z,regular,2,15,2025-07-03,2026-06-23
13562,Female,Gen X,regular,1,15,2025-07-07,2026-05-24
13563,Male,Millennial,occasional,7,7,2025-07-20,2026-06-12
13564,Male,Gen Z,one_and_done,4,1,2025-08-12,2025-08-12
13565,Female,Millennial,regular,2,18,2025-07-09,2026-06-14
13566,Male,Millennial,occasional,2,7,2025-07-21,2026-05-28
13567,Male,Millennial,regular,7,21,2025-06-30,2026-06-17
13568,Male,Millennial,one_and_done,3,1,2026-03-06,2026-03-06
13569,Male,Millennial,loyal,1,30,2025-07-11,2026-06-21
13570,Male,Millennial,one_and_done,5,1,2025-12-27,2025-12-27
13571,Male,Gen Z,loyal,1,22,2025-07-05,2026-06-14
13572,Female,Millennial,occasional,1,6,2026-02-05,2026-05-08
13573,Male,Gen Z,one_and_done,6,1,2025-12-23,2025-12-23
13574,Female,Gen Z,regular,1,13,2025-07-12,2026-05-30
13575,Male,Gen X,one_and_done,1,1,2025-09-30,2025-09-30
13576,Male,Millennial,loyal,8,30,2025-07-02,2026-06-23
13577,Male,Gen X,one_and_done,1,1,2025-08-09,2025-08-09
13578,Male,Gen X,loyal,2,24,2025-07-01,2026-06-23
13579,Male,Gen Z,occasional,3,5,2025-08-06,2026-03-19
13580,Male,Millennial,one_and_done,2,1,2026-03-13,2026-03-13
13581,Male,Gen X,one_and_done,2,1,2025-11-07,2025-11-07
13582,Male,Millennial,one_and_done,4,1,2025-08-29,2025-08-29
13583,Male,Gen Z,one_and_done,2,1,2025-07-21,2025-07-21
13584,Male,Millennial,loyal,1,30,2025-07-01,2026-06-23
13585,Male,Millennial,one_and_done,1,1,2025-12-18,2025-12-18
13586,Male,Gen Z,one_and_done,3,1,2025-11-10,2025-11-10
13587,Male,Millennial,one_and_done,1,1,2026-04-21,2026-04-21
13588,Male,Millennial,one_and_done,1,1,2025-09-20,2025-09-20
13589,Male,Millennial,regular,2,21,2025-07-12,2026-06-12
13590,Female,Gen Z,regular,1,13,2025-07-31,2026-04-13
13591,Male,Boomer,one_and_done,2,1,2026-06-19,2026-06-19
13592,Male,Gen Z,regular,1,15,2025-07-04,2026-05-28
13593,Male,Gen Z,loyal,2,22,2025-07-02,2026-06-22
13594,Male,Gen Z,occasional,1,5,2025-11-12,2026-04-29
13595,Male,Gen X,occasional,1,5,2025-07-17,2026-01-01
13596,Male,Boomer,one_and_done,1,1,2025-10-18,2025-10-18
13597,Male,Millennial,one_and_done,4,1,2026-01-02,2026-01-02
13598,Male,Millennial,occasional,3,7,2025-08-05,2026-06-06
13599,Male,Gen Z,one_and_done,1,1,2026-04-13,2026-04-13
13600,Female,Millennial,loyal,1,26,2025-07-10,2026-06-11
13601,Male,Millennial,one_and_done,1,1,2025-12-19,2025-12-19
13602,Male,Millennial,occasional,1,7,2025-08-27,2026-06-13
13603,Male,Millennial,one_and_done,1,1,2026-06-06,2026-06-06
13604,Male,Boomer,one_and_done,1,1,2025-12-20,2025-12-20
13605,Female,Gen X,regular,1,15,2025-07-04,2026-06-22
13606,Male,Millennial,one_and_done,1,1,2025-07-11,2025-07-11
13607,Female,Gen Z,regular,1,13,2025-09-02,2026-05-22
13608,Female,Gen X,regular,1,15,2025-08-25,2026-06-22
13609,Male,Gen Z,one_and_done,1,1,2025-07-04,2025-07-04
13610,Female,Millennial,regular,1,18,2025-08-29,2026-06-20
13611,Male,Millennial,regular,2,21,2025-07-11,2026-06-14
13612,Male,Millennial,occasional,9,7,2025-10-17,2026-06-19
13613,Male,Gen X,loyal,5,24,2025-09-09,2026-06-23
13614,Male,Millennial,one_and_done,2,1,2026-01-26,2026-01-26
13615,Female,Gen Z,occasional,3,4,2025-08-22,2026-06-09
13616,Male,Gen Z,one_and_done,1,1,2025-11-07,2025-11-07
13617,Female,Millennial,one_and_done,2,1,2026-06-05,2026-06-05
13618,Male,Millennial,one_and_done,1,1,2026-02-20,2026-02-20
13619,Female,Millennial,one_and_done,1,1,2025-08-22,2025-08-22
13620,Male,Boomer,one_and_done,1,1,2026-03-17,2026-03-17
13621,Male,Millennial,loyal,5,30,2025-07-12,2026-06-21
13622,Male,Millennial,one_and_done,1,1,2025-08-15,2025-08-15
13623,Male,Millennial,one_and_done,6,1,2026-01-08,2026-01-08
13624,Male,Millennial,one_and_done,2,1,2026-04-18,2026-04-18
13625,Male,Millennial,loyal,1,30,2025-07-29,2026-06-20
13626,Male,Gen X,occasional,1,5,2025-07-18,2026-04-20
13627,Male,Boomer,occasional,3,4,2025-07-11,2026-01-14
13628,Male,Gen Z,loyal,1,22,2025-07-08,2026-05-20
13629,Male,Gen Z,regular,5,15,2025-07-04,2026-05-30
13630,Female,Gen X,one_and_done,1,1,2025-11-24,2025-11-24
13631,Female,Boomer,one_and_done,1,1,2025-08-16,2025-08-16
13632,Male,Gen Z,one_and_done,1,1,2026-01-23,2026-01-23
13633,Male,Gen Z,one_and_done,1,1,2025-08-21,2025-08-21
13634,Male,Millennial,regular,4,21,2025-07-02,2026-06-20
13635,Male,Millennial,occasional,1,7,2025-09-17,2026-05-23
13636,Female,Millennial,occasional,1,6,2025-07-11,2026-06-15
13637,Male,Gen X,regular,3,16,2025-07-04,2026-06-19
13638,Female,Gen Z,one_and_done,1,1,2025-12-10,2025-12-10
13639,Male,Millennial,one_and_done,2,1,2025-09-24,2025-09-24
13640,Male,Boomer,occasional,1,4,2025-07-20,2026-03-21
13641,Male,Millennial,occasional,7,7,2025-08-21,2026-05-17
13642,Male,Gen X,one_and_done,7,1,2025-10-30,2025-10-30
13643,Female,Gen Z,one_and_done,5,1,2025-09-30,2025-09-30
13644,Male,Millennial,one_and_done,1,1,2026-02-17,2026-02-17
13645,Male,Millennial,one_and_done,5,1,2026-03-19,2026-03-19
13646,Female,Gen Z,occasional,1,4,2025-09-19,2026-05-15
13647,Male,Gen X,one_and_done,3,1,2026-04-24,2026-04-24
13648,Male,Gen Z,one_and_done,7,1,2025-12-30,2025-12-30
13649,Male,Gen X,one_and_done,2,1,2025-07-18,2025-07-18
13650,Male,Millennial,regular,7,21,2025-07-05,2026-06-12
13651,Male,Millennial,loyal,1,30,2025-07-19,2026-06-18
13652,Male,Millennial,regular,1,21,2025-07-12,2026-06-17
13653,Male,Millennial,loyal,3,30,2025-07-02,2026-06-23
13654,Female,Gen Z,loyal,1,19,2025-07-01,2026-06-12
13655,Male,Millennial,one_and_done,2,1,2026-04-28,2026-04-28
13656,Male,Millennial,one_and_done,3,1,2025-09-29,2025-09-29
13657,Male,Millennial,occasional,2,7,2025-12-08,2026-04-20
13658,Male,Millennial,occasional,3,7,2025-07-03,2026-06-06
13659,Female,Boomer,one_and_done,1,1,2026-05-17,2026-05-17
13660,Male,Millennial,occasional,1,7,2025-07-20,2026-03-28
13661,Female,Millennial,occasional,1,6,2025-07-12,2026-06-19
13662,Male,Millennial,occasional,4,7,2025-08-19,2026-05-30
13663,Male,Gen X,occasional,1,5,2025-08-04,2026-05-27
13664,Male,Millennial,one_and_done,5,1,2025-10-25,2025-10-25
13665,Male,Gen Z,regular,1,15,2025-08-01,2026-06-15
13666,Female,Millennial,loyal,1,26,2025-07-25,2026-06-18
13667,Male,Boomer,regular,7,12,2025-07-01,2026-06-16
13668,Male,Boomer,occasional,5,4,2025-08-26,2026-03-26
13669,Male,Gen Z,occasional,1,5,2025-10-23,2026-03-15
13670,Male,Millennial,regular,3,21,2025-07-29,2026-05-28
13671,Male,Millennial,occasional,5,7,2025-11-23,2026-04-17
13672,Female,Gen X,occasional,1,5,2025-08-30,2026-04-08
13673,Female,Gen Z,occasional,5,4,2025-08-17,2026-03-07
13674,Male,Millennial,occasional,6,7,2025-07-12,2026-06-09
13675,Male,Gen X,one_and_done,1,1,2025-11-22,2025-11-22
13676,Female,Gen X,regular,7,15,2025-08-19,2026-05-20
13677,Male,Gen Z,one_and_done,1,1,2025-10-20,2025-10-20
13678,Male,Millennial,occasional,3,7,2025-07-05,2026-04-24
13679,Male,Gen X,one_and_done,8,1,2025-09-18,2025-09-18
13680,Male,Millennial,occasional,1,7,2025-09-28,2026-06-08
13681,Female,Millennial,one_and_done,1,1,2025-10-06,2025-10-06
13682,Male,Gen Z,regular,1,15,2025-07-01,2026-04-30
13683,Male,Gen X,one_and_done,4,1,2026-03-21,2026-03-21
13684,Male,Gen Z,occasional,1,5,2025-07-08,2026-06-06
13685,Male,Millennial,occasional,2,7,2025-07-23,2026-06-23
13686,Male,Boomer,occasional,1,4,2025-09-15,2026-06-20
13687,Male,Gen Z,one_and_done,1,1,2025-10-30,2025-10-30
13688,Male,Gen X,one_and_done,1,1,2025-10-16,2025-10-16
13689,Male,Millennial,occasional,1,7,2025-08-28,2026-02-18
13690,Female,Gen X,one_and_done,2,1,2026-04-24,2026-04-24
13691,Female,Millennial,occasional,1,6,2025-08-25,2026-05-19
13692,Male,Boomer,one_and_done,1,1,2026-06-08,2026-06-08
13693,Male,Gen Z,regular,1,15,2025-07-29,2026-05-29
13694,Male,Gen X,one_and_done,2,1,2026-01-23,2026-01-23
13695,Male,Millennial,regular,1,21,2025-07-18,2026-06-12
13696,Male,Gen X,one_and_done,5,1,2025-07-25,2025-07-25
13697,Female,Gen X,one_and_done,1,1,2025-07-25,2025-07-25
13698,Male,Millennial,one_and_done,4,1,2025-10-24,2025-10-24
13699,Male,Gen Z,one_and_done,1,1,2026-05-27,2026-05-27
13700,Male,Gen X,one_and_done,6,1,2025-08-05,2025-08-05
13701,Male,Millennial,regular,1,21,2025-07-11,2026-06-19
13702,Male,Gen Z,one_and_done,3,1,2025-07-20,2025-07-20
13703,Female,Gen Z,occasional,2,4,2025-07-18,2026-06-05
13704,Male,Gen Z,one_and_done,6,1,2025-10-30,2025-10-30
13705,Female,Gen Z,one_and_done,3,1,2026-04-02,2026-04-02
13706,Male,Millennial,one_and_done,1,1,2026-01-30,2026-01-30
13707,Male,Millennial,one_and_done,1,1,2026-04-10,2026-04-10
13708,Male,Gen Z,one_and_done,2,1,2025-09-17,2025-09-17
13709,Male,Gen Z,regular,1,15,2025-07-01,2026-06-17
13710,Male,Gen X,one_and_done,2,1,2025-07-19,2025-07-19
13711,Male,Gen Z,regular,1,15,2025-07-02,2026-06-15
13712,Female,Millennial,regular,3,18,2025-09-27,2026-06-17
13713,Female,Millennial,one_and_done,1,1,2025-12-27,2025-12-27
13714,Male,Millennial,regular,1,21,2025-07-06,2026-05-29
13715,Male,Gen X,regular,3,16,2025-06-30,2026-06-05
13716,Male,Millennial,one_and_done,6,1,2025-10-31,2025-10-31
13717,Male,Millennial,occasional,1,7,2025-10-09,2026-06-06
13718,Male,Gen X,occasional,3,5,2025-08-28,2026-02-19
13719,Male,Gen Z,one_and_done,3,1,2026-04-15,2026-04-15
13720,Female,Millennial,occasional,1,6,2025-08-19,2026-06-18
13721,Female,Gen Z,one_and_done,5,1,2025-10-11,2025-10-11
13722,Male,Gen X,regular,6,16,2025-07-19,2026-05-31
13723,Male,Gen Z,occasional,9,5,2025-10-31,2026-05-06
13724,Female,Millennial,loyal,7,26,2025-07-11,2026-06-01
13725,Male,Gen X,one_and_done,1,1,2025-09-01,2025-09-01
13726,Female,Gen Z,occasional,2,4,2025-09-17,2026-06-16
13727,Male,Gen Z,one_and_done,3,1,2025-07-30,2025-07-30
13728,Female,Millennial,regular,1,18,2025-07-02,2026-06-17
13729,Male,Millennial,one_and_done,1,1,2025-09-21,2025-09-21
13730,Male,Gen X,one_and_done,10,1,2026-06-06,2026-06-06
13731,Female,Gen Z,one_and_done,3,1,2026-01-11,2026-01-11
13732,Female,Millennial,one_and_done,3,1,2026-02-25,2026-02-25
13733,Male,Gen X,one_and_done,1,1,2026-05-17,2026-05-17
13734,Female,Gen Z,one_and_done,2,1,2025-10-08,2025-10-08
13735,Female,Millennial,one_and_done,1,1,2026-06-20,2026-06-20
13736,Female,Millennial,one_and_done,2,1,2025-10-09,2025-10-09
13737,Female,Millennial,regular,1,18,2025-07-11,2026-05-29
13738,Female,Millennial,one_and_done,1,1,2026-05-10,2026-05-10
13739,Male,Millennial,loyal,1,30,2025-07-20,2026-06-21
13740,Female,Boomer,one_and_done,5,1,2026-01-20,2026-01-20
13741,Female,Millennial,one_and_done,5,1,2025-11-01,2025-11-01
13742,Male,Millennial,loyal,1,30,2025-07-07,2026-06-04
13743,Male,Gen Z,one_and_done,1,1,2025-09-04,2025-09-04
13744,Female,Millennial,one_and_done,1,1,2026-03-24,2026-03-24
13745,Female,Millennial,regular,4,18,2025-08-01,2026-06-15
13746,Male,Gen Z,regular,4,15,2025-07-05,2026-03-17
13747,Female,Gen Z,one_and_done,4,1,2025-11-09,2025-11-09
13748,Male,Millennial,regular,3,21,2025-07-18,2026-06-16
13749,Male,Gen X,one_and_done,1,1,2025-12-16,2025-12-16
13750,Male,Millennial,regular,1,21,2025-07-17,2026-06-19
13751,Male,Millennial,one_and_done,10,1,2025-11-29,2025-11-29
13752,Male,Millennial,one_and_done,1,1,2025-10-24,2025-10-24
13753,Female,Gen X,one_and_done,6,1,2026-04-24,2026-04-24
13754,Male,Boomer,regular,1,12,2025-09-30,2026-06-16
13755,Male,Millennial,one_and_done,2,1,2025-10-29,2025-10-29
13756,Female,Gen Z,occasional,5,4,2025-09-05,2026-04-17
13757,Male,Millennial,regular,3,21,2025-07-16,2026-06-11
13758,Female,Gen Z,one_and_done,5,1,2026-05-11,2026-05-11
13759,Male,Millennial,one_and_done,8,1,2026-03-10,2026-03-10
13760,Male,Millennial,one_and_done,4,1,2026-05-07,2026-05-07
13761,Male,Gen X,occasional,5,5,2025-08-11,2026-01-26
13762,Male,Millennial,loyal,1,30,2025-07-11,2026-05-31
13763,Male,Gen Z,occasional,1,5,2025-09-06,2026-06-12
13764,Female,Gen X,one_and_done,1,1,2026-01-13,2026-01-13
13765,Male,Millennial,loyal,3,30,2025-07-09,2026-06-06
13766,Male,Gen Z,one_and_done,2,1,2026-01-23,2026-01-23
13767,Male,Millennial,regular,1,21,2025-07-18,2026-06-03
13768,Female,Millennial,occasional,4,6,2025-07-23,2026-06-06
13769,Male,Millennial,occasional,1,7,2025-07-15,2026-06-21
13770,Female,Gen X,occasional,3,5,2025-07-21,2026-04-20
13771,Male,Millennial,regular,1,21,2025-07-08,2026-06-11
13772,Male,Millennial,one_and_done,1,1,2025-09-25,2025-09-25
13773,Female,Boomer,one_and_done,1,1,2026-03-17,2026-03-17
13774,Male,Gen Z,one_and_done,7,1,2026-04-07,2026-04-07
13775,Male,Millennial,loyal,1,30,2025-07-22,2026-06-14
13776,Female,Gen Z,occasional,9,4,2025-09-01,2026-01-14
13777,Male,Gen Z,one_and_done,3,1,2026-05-14,2026-05-14
13778,Female,Gen Z,occasional,3,4,2025-10-28,2026-04-24
13779,Male,Gen Z,one_and_done,1,1,2026-02-01,2026-02-01
13780,Female,Gen X,occasional,7,5,2025-08-07,2026-06-01
13781,Male,Millennial,one_and_done,1,1,2025-10-17,2025-10-17
13782,Female,Boomer,one_and_done,3,1,2025-09-08,2025-09-08
13783,Male,Millennial,loyal,6,30,2025-07-15,2026-06-19
13784,Female,Gen X,one_and_done,1,1,2026-02-28,2026-02-28
13785,Male,Millennial,one_and_done,1,1,2025-12-14,2025-12-14
13786,Male,Millennial,occasional,3,7,2025-08-17,2026-06-10
13787,Female,Boomer,regular,2,10,2025-07-29,2026-04-29
13788,Male,Gen Z,regular,5,15,2025-07-19,2026-05-17
13789,Male,Gen X,loyal,1,24,2025-07-18,2026-06-16
13790,Female,Millennial,loyal,1,26,2025-07-10,2026-06-22
13791,Female,Gen X,regular,3,15,2025-07-16,2026-05-15
13792,Male,Millennial,regular,1,21,2025-08-01,2026-06-09
13793,Male,Millennial,occasional,6,7,2025-07-19,2026-06-05
13794,Male,Gen X,one_and_done,2,1,2026-01-02,2026-01-02
13795,Female,Millennial,occasional,2,6,2025-10-27,2026-04-20
13796,Male,Gen Z,regular,5,15,2025-07-11,2026-04-25
13797,Male,Gen X,regular,1,16,2025-07-01,2026-06-22
13798,Female,Gen Z,one_and_done,1,1,2025-12-19,2025-12-19
13799,Male,Gen Z,regular,1,15,2025-07-02,2026-05-20
13800,Male,Millennial,loyal,1,30,2025-07-06,2026-06-12
13801,Female,Millennial,regular,5,18,2025-07-13,2026-06-10
13802,Male,Gen X,one_and_done,3,1,2025-07-15,2025-07-15
13803,Male,Millennial,loyal,1,30,2025-07-01,2026-06-10
13804,Male,Millennial,occasional,9,7,2025-07-12,2026-06-20
13805,Male,Gen Z,regular,1,15,2025-07-05,2026-05-18
13806,Male,Millennial,occasional,2,7,2025-07-29,2025-12-07
13807,Female,Boomer,one_and_done,1,1,2025-12-27,2025-12-27
13808,Male,Millennial,one_and_done,2,1,2025-09-27,2025-09-27
13809,Female,Millennial,loyal,1,26,2025-07-04,2026-06-14
13810,Male,Millennial,one_and_done,1,1,2026-03-25,2026-03-25
13811,Male,Millennial,one_and_done,2,1,2026-06-20,2026-06-20
13812,Female,Gen Z,one_and_done,1,1,2025-08-11,2025-08-11
13813,Male,Gen Z,occasional,1,5,2025-07-01,2025-12-29
13814,Male,Millennial,one_and_done,1,1,2025-11-16,2025-11-16
13815,Male,Millennial,occasional,4,7,2025-07-02,2026-05-30
13816,Female,Gen X,loyal,2,22,2025-07-14,2026-06-14
13817,Female,Gen X,one_and_done,8,1,2025-09-12,2025-09-12
13818,Female,Millennial,one_and_done,3,1,2025-07-27,2025-07-27
13819,Male,Millennial,one_and_done,2,1,2025-09-03,2025-09-03
13820,Female,Gen X,one_and_done,1,1,2026-05-30,2026-05-30
13821,Female,Millennial,regular,1,18,2025-07-12,2026-06-19
13822,Female,Gen X,one_and_done,7,1,2026-01-11,2026-01-11
13823,Male,Gen X,occasional,5,5,2025-09-04,2026-06-06
13824,Female,Gen Z,occasional,1,4,2025-07-03,2026-05-25
13825,Female,Millennial,occasional,1,6,2025-07-14,2026-04-04
13826,Male,Gen X,occasional,1,5,2025-08-22,2026-06-23
13827,Male,Millennial,one_and_done,1,1,2025-11-23,2025-11-23
13828,Male,Gen X,one_and_done,3,1,2025-09-24,2025-09-24
13829,Male,Gen Z,regular,1,15,2025-07-16,2026-06-04
13830,Male,Millennial,one_and_done,4,1,2025-09-30,2025-09-30
13831,Female,Millennial,one_and_done,5,1,2026-03-29,2026-03-29
13832,Male,Gen X,occasional,3,5,2025-10-03,2026-03-13
13833,Male,Millennial,one_and_done,1,1,2025-09-07,2025-09-07
13834,Female,Gen X,one_and_done,2,1,2025-11-10,2025-11-10
13835,Female,Millennial,regular,3,18,2025-07-14,2026-04-27
13836,Male,Millennial,one_and_done,1,1,2026-04-25,2026-04-25
13837,Male,Millennial,one_and_done,4,1,2026-05-06,2026-05-06
13838,Male,Millennial,loyal,2,30,2025-07-20,2026-06-23
13839,Male,Millennial,loyal,2,30,2025-08-07,2026-06-19
13840,Male,Gen X,regular,5,16,2025-07-01,2026-04-25
13841,Male,Millennial,occasional,1,7,2025-07-01,2026-05-06
13842,Male,Boomer,one_and_done,1,1,2025-09-09,2025-09-09
13843,Male,Millennial,one_and_done,3,1,2026-04-11,2026-04-11
13844,Male,Gen Z,occasional,5,5,2025-10-13,2026-05-29
13845,Male,Millennial,one_and_done,4,1,2025-08-03,2025-08-03
13846,Male,Gen Z,one_and_done,1,1,2026-05-01,2026-05-01
13847,Male,Gen Z,regular,3,15,2025-07-02,2026-05-05
13848,Male,Millennial,regular,5,21,2025-08-15,2026-06-07
13849,Male,Gen Z,occasional,7,5,2025-07-28,2026-05-20
13850,Male,Gen X,occasional,3,5,2025-07-03,2026-04-11
13851,Male,Gen X,one_and_done,1,1,2026-05-20,2026-05-20
13852,Male,Gen Z,occasional,1,5,2025-11-27,2026-05-18
13853,Male,Millennial,one_and_done,1,1,2026-03-26,2026-03-26
13854,Male,Millennial,one_and_done,1,1,2026-04-30,2026-04-30
13855,Female,Millennial,one_and_done,4,1,2025-07-30,2025-07-30
13856,Male,Gen Z,one_and_done,2,1,2026-05-20,2026-05-20
13857,Male,Millennial,one_and_done,1,1,2026-01-25,2026-01-25
13858,Male,Millennial,occasional,3,7,2025-07-10,2026-05-08
13859,Male,Gen Z,occasional,1,5,2025-12-18,2026-06-06
13860,Male,Boomer,one_and_done,3,1,2026-03-13,2026-03-13
13861,Male,Millennial,occasional,6,7,2025-07-04,2026-06-20
13862,Male,Boomer,regular,2,12,2025-07-04,2026-05-03
13863,Male,Gen Z,occasional,5,5,2025-09-13,2026-04-29
13864,Female,Millennial,one_and_done,3,1,2025-11-10,2025-11-10
13865,Male,Millennial,one_and_done,2,1,2025-10-11,2025-10-11
13866,Male,Boomer,regular,3,12,2025-07-05,2026-06-07
13867,Male,Gen Z,one_and_done,3,1,2025-09-25,2025-09-25
13868,Male,Gen Z,occasional,9,5,2025-08-27,2026-03-27
13869,Male,Millennial,one_and_done,1,1,2026-03-08,2026-03-08
13870,Male,Gen X,one_and_done,1,1,2025-12-25,2025-12-25
13871,Female,Millennial,loyal,4,26,2025-07-02,2026-06-14
13872,Male,Millennial,one_and_done,1,1,2025-11-14,2025-11-14
13873,Male,Millennial,one_and_done,3,1,2026-05-10,2026-05-10
13874,Male,Gen Z,occasional,3,5,2025-08-03,2026-05-21
13875,Male,Boomer,loyal,1,17,2025-10-04,2026-06-03
13876,Male,Gen Z,one_and_done,1,1,2026-01-30,2026-01-30
13877,Male,Millennial,one_and_done,4,1,2026-05-21,2026-05-21
13878,Male,Millennial,one_and_done,2,1,2026-06-06,2026-06-06
13879,Male,Gen Z,one_and_done,7,1,2026-05-22,2026-05-22
13880,Male,Boomer,occasional,1,4,2025-10-22,2026-03-21
13881,Male,Millennial,one_and_done,2,1,2025-08-27,2025-08-27
13882,Male,Millennial,one_and_done,1,1,2026-04-01,2026-04-01
13883,Male,Gen Z,one_and_done,2,1,2025-09-16,2025-09-16
13884,Female,Millennial,regular,5,18,2025-07-03,2026-06-03
13885,Female,Boomer,one_and_done,1,1,2026-02-05,2026-02-05
13886,Female,Gen Z,one_and_done,1,1,2025-10-29,2025-10-29
13887,Female,Millennial,occasional,1,6,2025-08-13,2026-02-26
13888,Male,Gen X,occasional,1,5,2025-08-06,2026-01-30
13889,Female,Gen Z,one_and_done,2,1,2026-03-03,2026-03-03
13890,Male,Gen Z,occasional,1,5,2025-08-08,2026-05-24
13891,Male,Boomer,regular,1,12,2025-07-13,2026-04-24
13892,Female,Millennial,one_and_done,2,1,2025-09-27,2025-09-27
13893,Female,Boomer,one_and_done,3,1,2026-05-01,2026-05-01
13894,Male,Gen Z,regular,2,15,2025-07-04,2026-06-16
13895,Female,Millennial,one_and_done,6,1,2026-06-10,2026-06-10
13896,Male,Millennial,occasional,1,7,2025-07-07,2026-06-15
13897,Male,Gen Z,one_and_done,2,1,2026-01-08,2026-01-08
13898,Male,Millennial,one_and_done,2,1,2025-10-21,2025-10-21
13899,Male,Gen Z,loyal,3,22,2025-07-12,2026-06-22
13900,Male,Millennial,loyal,1,30,2025-07-04,2026-06-06
13901,Female,Gen X,regular,1,15,2025-07-11,2026-06-19
13902,Female,Millennial,occasional,4,6,2025-08-18,2026-01-12
13903,Male,Millennial,one_and_done,7,1,2026-06-06,2026-06-06
13904,Female,Gen Z,regular,1,13,2025-07-16,2026-06-03
13905,Male,Gen Z,one_and_done,1,1,2026-06-23,2026-06-23
13906,Female,Millennial,occasional,1,6,2025-08-03,2026-04-02
13907,Female,Boomer,one_and_done,3,1,2026-03-29,2026-03-29
13908,Male,Millennial,occasional,4,7,2025-07-01,2026-06-13
13909,Male,Millennial,occasional,1,7,2025-11-08,2026-03-27
13910,Male,Gen Z,occasional,6,5,2025-08-20,2026-06-23
13911,Female,Millennial,occasional,1,6,2025-07-12,2026-04-27
13912,Male,Gen X,occasional,1,5,2025-09-06,2026-06-01
13913,Male,Gen Z,occasional,2,5,2025-07-01,2026-02-25
13914,Male,Gen Z,occasional,1,5,2025-07-17,2026-03-24
13915,Female,Millennial,occasional,1,6,2025-08-29,2026-05-23
13916,Male,Millennial,regular,1,21,2025-07-24,2026-06-10
13917,Male,Gen X,regular,1,16,2025-07-10,2026-06-11
13918,Male,Gen X,loyal,1,24,2025-07-05,2026-06-20
13919,Male,Millennial,one_and_done,3,1,2025-12-05,2025-12-05
13920,Male,Gen Z,one_and_done,4,1,2025-11-28,2025-11-28
13921,Male,Gen Z,occasional,9,5,2025-07-20,2026-06-12
13922,Female,Millennial,one_and_done,1,1,2025-11-20,2025-11-20
13923,Female,Boomer,regular,3,10,2025-08-03,2026-06-17
13924,Female,Gen Z,one_and_done,6,1,2026-06-09,2026-06-09
13925,Male,Gen X,occasional,2,5,2025-10-15,2026-05-08
13926,Male,Millennial,one_and_done,1,1,2026-03-19,2026-03-19
13927,Female,Gen X,occasional,3,5,2025-08-02,2026-05-31
13928,Male,Millennial,occasional,7,7,2025-09-01,2026-06-19
13929,Female,Millennial,occasional,1,6,2025-06-30,2026-06-11
13930,Male,Gen X,loyal,1,24,2025-07-11,2026-06-20
13931,Male,Gen X,one_and_done,1,1,2025-12-20,2025-12-20
13932,Male,Gen Z,regular,5,15,2025-07-07,2026-06-22
13933,Male,Gen X,occasional,1,5,2025-07-26,2026-06-01
13934,Female,Millennial,regular,1,18,2025-08-01,2026-06-23
13935,Male,Gen Z,one_and_done,10,1,2026-01-03,2026-01-03
13936,Female,Millennial,regular,1,18,2025-07-20,2026-06-12
13937,Male,Millennial,one_and_done,1,1,2026-02-06,2026-02-06
13938,Male,Millennial,regular,3,21,2025-07-09,2026-06-13
13939,Male,Gen X,occasional,1,5,2025-10-21,2026-06-09
13940,Male,Millennial,regular,9,21,2025-07-10,2026-06-12
13941,Male,Millennial,occasional,4,7,2025-08-16,2026-04-03
13942,Male,Gen Z,one_and_done,9,1,2026-01-27,2026-01-27
13943,Male,Millennial,regular,4,21,2025-07-09,2026-05-30
13944,Female,Millennial,regular,4,18,2025-07-11,2026-04-14
13945,Male,Gen Z,one_and_done,3,1,2026-06-18,2026-06-18
13946,Male,Millennial,one_and_done,3,1,2026-05-08,2026-05-08
13947,Male,Millennial,regular,5,21,2025-07-16,2026-06-17
13948,Female,Millennial,regular,1,18,2025-07-23,2026-06-08
13949,Male,Millennial,loyal,7,30,2025-07-11,2026-06-05
13950,Male,Boomer,loyal,2,17,2025-07-22,2026-06-09
13951,Male,Boomer,occasional,3,4,2025-07-05,2026-06-15
13952,Male,Millennial,regular,3,21,2025-07-03,2026-05-07
13953,Male,Gen Z,one_and_done,1,1,2025-08-14,2025-08-14
13954,Female,Millennial,regular,1,18,2025-08-03,2026-06-20
13955,Female,Millennial,one_and_done,3,1,2025-09-02,2025-09-02
13956,Male,Millennial,occasional,2,7,2025-08-01,2026-02-06
13957,Male,Gen Z,one_and_done,1,1,2026-05-18,2026-05-18
13958,Female,Millennial,regular,4,18,2025-07-11,2026-06-21
13959,Male,Millennial,one_and_done,1,1,2025-08-11,2025-08-11
13960,Male,Millennial,occasional,5,7,2025-08-23,2026-04-29
13961,Female,Gen Z,one_and_done,4,1,2025-07-15,2025-07-15
13962,Female,Millennial,regular,2,18,2025-07-27,2026-06-12
13963,Female,Millennial,loyal,1,26,2025-07-01,2026-06-04
13964,Male,Millennial,one_and_done,5,1,2025-11-12,2025-11-12
13965,Female,Gen X,loyal,7,22,2025-07-04,2026-05-28
13966,Male,Millennial,occasional,1,7,2025-08-08,2026-04-28
13967,Male,Gen X,one_and_done,3,1,2026-06-05,2026-06-05
13968,Male,Millennial,one_and_done,5,1,2026-05-26,2026-05-26
13969,Male,Gen X,occasional,2,5,2025-08-09,2026-04-21
13970,Female,Millennial,occasional,1,6,2025-12-28,2026-06-22
13971,Male,Gen X,loyal,9,24,2025-09-02,2026-06-18
13972,Male,Millennial,occasional,1,7,2025-07-15,2026-06-01
13973,Male,Gen Z,one_and_done,4,1,2025-08-16,2025-08-16
13974,Female,Millennial,occasional,2,6,2025-09-11,2026-02-27
13975,Male,Gen Z,one_and_done,1,1,2025-11-14,2025-11-14
13976,Female,Gen X,occasional,2,5,2025-08-14,2026-06-08
13977,Male,Gen X,one_and_done,1,1,2025-12-15,2025-12-15
13978,Female,Gen Z,one_and_done,3,1,2025-11-07,2025-11-07
13979,Male,Millennial,regular,1,21,2025-07-03,2026-06-17
13980,Male,Millennial,regular,1,21,2025-07-08,2026-06-18
13981,Male,Gen Z,occasional,2,5,2025-07-31,2025-12-26
13982,Male,Gen X,one_and_done,1,1,2025-09-09,2025-09-09
13983,Male,Millennial,loyal,1,30,2025-07-10,2026-06-21
13984,Male,Millennial,occasional,4,7,2025-12-09,2026-06-03
13985,Female,Millennial,occasional,4,6,2025-08-07,2026-06-04
13986,Male,Millennial,one_and_done,1,1,2025-11-28,2025-11-28
13987,Female,Millennial,occasional,2,6,2025-09-24,2026-05-14
13988,Male,Millennial,occasional,2,7,2025-08-09,2026-06-12
13989,Male,Millennial,occasional,1,7,2025-07-24,2026-06-20
13990,Female,Boomer,occasional,2,3,2025-09-10,2025-12-05
13991,Male,Millennial,regular,1,21,2025-08-08,2026-06-13
13992,Male,Gen Z,regular,6,15,2025-07-02,2026-06-18
13993,Male,Millennial,one_and_done,1,1,2026-05-24,2026-05-24
13994,Male,Millennial,regular,1,21,2025-07-04,2026-06-11
13995,Male,Millennial,one_and_done,1,1,2026-01-21,2026-01-21
13996,Female,Gen X,loyal,5,22,2025-07-02,2026-06-15
13997,Male,Gen X,occasional,1,5,2025-07-04,2026-02-24
13998,Male,Millennial,regular,1,21,2025-07-11,2026-06-20
13999,Male,Millennial,one_and_done,1,1,2026-04-19,2026-04-19
14000,Male,Gen Z,regular,10,15,2025-07-18,2026-06-20
14001,Male,Millennial,loyal,4,30,2025-07-06,2026-06-20
14002,Male,Millennial,regular,1,21,2025-07-07,2026-06-10
14003,Male,Millennial,occasional,5,7,2025-07-14,2026-06-05
14004,Male,Gen Z,one_and_done,1,1,2026-04-04,2026-04-04
14005,Male,Millennial,one_and_done,6,1,2026-03-03,2026-03-03
14006,Male,Millennial,occasional,2,7,2025-12-05,2026-06-16
14007,Female,Gen Z,one_and_done,2,1,2026-03-01,2026-03-01
14008,Female,Gen Z,occasional,3,4,2025-08-14,2025-11-27
14009,Female,Millennial,one_and_done,3,1,2025-07-14,2025-07-14
14010,Male,Gen Z,one_and_done,1,1,2026-05-14,2026-05-14
14011,Male,Millennial,loyal,1,30,2025-07-02,2026-06-23
14012,Female,Millennial,one_and_done,1,1,2026-04-05,2026-04-05
14013,Female,Gen Z,one_and_done,2,1,2026-03-19,2026-03-19
14014,Female,Gen X,occasional,2,5,2025-07-08,2026-05-13
14015,Male,Gen Z,occasional,4,5,2025-07-19,2026-03-13
14016,Female,Gen Z,one_and_done,7,1,2026-05-16,2026-05-16
14017,Female,Millennial,regular,3,18,2025-08-17,2026-06-20
14018,Female,Millennial,regular,6,18,2025-07-13,2026-06-21
14019,Female,Millennial,regular,3,18,2025-07-16,2026-06-09
14020,Male,Millennial,loyal,1,30,2025-07-19,2026-06-12
14021,Female,Gen X,occasional,1,5,2025-07-18,2025-11-24
14022,Male,Gen X,loyal,2,24,2025-07-20,2026-06-02
14023,Female,Gen X,one_and_done,3,1,2025-12-02,2025-12-02
14024,Female,Millennial,occasional,4,6,2025-06-30,2026-06-17
14025,Female,Gen X,occasional,2,5,2025-08-29,2026-04-30
14026,Male,Millennial,one_and_done,1,1,2025-12-16,2025-12-16
14027,Male,Millennial,occasional,1,7,2025-09-20,2026-05-01
14028,Male,Gen X,loyal,2,24,2025-07-04,2026-06-09
14029,Male,Gen X,one_and_done,4,1,2025-09-15,2025-09-15
14030,Male,Millennial,regular,1,21,2025-07-05,2026-05-19
14031,Male,Millennial,regular,6,21,2025-07-02,2026-05-19
14032,Male,Gen X,regular,4,16,2025-07-09,2026-06-23
14033,Male,Gen Z,loyal,1,22,2025-07-11,2026-06-01
14034,Female,Millennial,loyal,4,26,2025-08-01,2026-06-18
14035,Female,Millennial,loyal,1,26,2025-07-07,2026-05-29
14036,Male,Gen Z,occasional,2,5,2025-09-24,2026-06-14
14037,Male,Millennial,regular,4,21,2025-07-30,2026-06-21
14038,Female,Gen Z,one_and_done,1,1,2026-02-02,2026-02-02
14039,Female,Gen Z,occasional,1,4,2025-08-30,2026-06-09
14040,Male,Millennial,occasional,1,7,2025-08-11,2026-05-26
14041,Male,Millennial,regular,1,21,2025-07-17,2026-05-16
14042,Male,Millennial,occasional,5,7,2025-09-26,2026-06-17
14043,Female,Gen X,one_and_done,1,1,2025-12-27,2025-12-27
14044,Male,Millennial,occasional,1,7,2025-07-19,2026-05-11
14045,Female,Millennial,loyal,2,26,2025-07-01,2026-06-01
14046,Female,Millennial,regular,2,18,2025-08-04,2026-06-05
14047,Female,Gen X,occasional,1,5,2025-09-22,2026-04-29
14048,Male,Boomer,one_and_done,1,1,2026-05-08,2026-05-08
14049,Female,Gen Z,one_and_done,1,1,2026-05-30,2026-05-30
14050,Male,Millennial,one_and_done,1,1,2026-04-04,2026-04-04
14051,Female,Boomer,one_and_done,2,1,2025-09-25,2025-09-25
14052,Male,Millennial,loyal,2,30,2025-07-10,2026-05-14
14053,Male,Boomer,regular,2,12,2025-07-08,2026-04-09
14054,Female,Gen Z,occasional,5,4,2025-12-04,2026-06-11
14055,Male,Gen Z,one_and_done,1,1,2025-07-11,2025-07-11
14056,Male,Millennial,one_and_done,4,1,2025-08-15,2025-08-15
14057,Male,Boomer,regular,2,12,2025-08-24,2026-06-22
14058,Male,Gen Z,regular,6,15,2025-08-10,2026-06-07
14059,Female,Millennial,one_and_done,1,1,2025-10-20,2025-10-20
14060,Male,Gen Z,loyal,2,22,2025-07-07,2026-06-16
14061,Female,Millennial,regular,6,18,2025-07-02,2026-06-06
14062,Male,Gen Z,occasional,3,5,2025-08-08,2025-12-22
14063,Male,Gen X,regular,1,16,2025-08-21,2026-05-22
14064,Male,Gen Z,loyal,1,22,2025-07-06,2026-05-26
14065,Male,Gen Z,occasional,8,5,2025-08-15,2026-05-30
14066,Male,Millennial,loyal,5,30,2025-07-04,2026-06-13
14067,Female,Millennial,regular,2,18,2025-07-02,2026-06-14
14068,Male,Millennial,one_and_done,1,1,2025-10-11,2025-10-11
14069,Male,Gen Z,one_and_done,1,1,2025-09-19,2025-09-19
14070,Male,Millennial,loyal,8,30,2025-07-04,2026-06-11
14071,Male,Gen X,regular,9,16,2025-08-28,2026-06-22
14072,Male,Millennial,one_and_done,1,1,2025-07-14,2025-07-14
14073,Male,Millennial,one_and_done,1,1,2025-11-12,2025-11-12
14074,Female,Gen Z,occasional,2,4,2025-08-28,2026-04-23
14075,Female,Millennial,one_and_done,1,1,2025-12-16,2025-12-16
14076,Male,Gen Z,loyal,1,22,2025-07-31,2026-06-08
14077,Male,Millennial,one_and_done,1,1,2025-11-13,2025-11-13
14078,Male,Gen X,occasional,1,5,2025-09-14,2026-06-12
14079,Male,Millennial,regular,1,21,2025-06-30,2026-06-21
14080,Female,Gen X,occasional,1,5,2025-09-25,2026-04-27
14081,Female,Millennial,occasional,1,6,2025-07-28,2026-06-22
14082,Male,Gen X,occasional,2,5,2025-11-14,2026-04-24
14083,Male,Gen Z,one_and_done,4,1,2026-04-28,2026-04-28
14084,Male,Millennial,one_and_done,1,1,2026-01-25,2026-01-25
14085,Male,Gen X,one_and_done,1,1,2025-07-22,2025-07-22
14086,Male,Gen Z,one_and_done,1,1,2026-01-31,2026-01-31
14087,Male,Millennial,occasional,3,7,2025-08-27,2026-06-15
14088,Male,Millennial,one_and_done,4,1,2025-08-18,2025-08-18
14089,Female,Millennial,occasional,1,6,2025-08-20,2026-05-15
14090,Male,Gen X,one_and_done,1,1,2026-02-28,2026-02-28
14091,Male,Millennial,one_and_done,6,1,2026-03-14,2026-03-14
14092,Male,Millennial,occasional,1,7,2025-07-10,2026-06-17
14093,Male,Gen X,occasional,2,5,2025-07-08,2026-01-10
14094,Male,Millennial,occasional,1,7,2025-08-10,2026-06-06
14095,Male,Gen Z,regular,4,15,2025-07-24,2026-06-21
14096,Male,Gen X,one_and_done,5,1,2025-10-25,2025-10-25
14097,Female,Gen Z,one_and_done,8,1,2025-07-26,2025-07-26
14098,Male,Millennial,occasional,7,7,2025-08-19,2026-02-06
14099,Female,Gen X,one_and_done,8,1,2026-02-13,2026-02-13
14100,Male,Gen Z,occasional,1,5,2025-10-18,2026-04-20
14101,Male,Millennial,occasional,1,7,2025-07-27,2026-05-27
14102,Male,Gen Z,one_and_done,9,1,2025-10-05,2025-10-05
14103,Female,Millennial,one_and_done,2,1,2026-06-06,2026-06-06
14104,Male,Gen Z,occasional,1,5,2025-07-26,2026-06-15
14105,Male,Boomer,one_and_done,2,1,2026-03-21,2026-03-21
14106,Male,Millennial,loyal,1,30,2025-07-18,2026-06-16
14107,Female,Gen X,occasional,1,5,2025-07-08,2026-05-15
14108,Female,Gen Z,occasional,2,4,2025-09-03,2026-05-21
14109,Male,Gen X,regular,2,16,2025-08-14,2026-06-18
14110,Male,Millennial,one_and_done,2,1,2025-11-30,2025-11-30
14111,Male,Gen Z,occasional,1,5,2025-11-01,2026-03-02
14112,Male,Gen Z,one_and_done,1,1,2025-10-03,2025-10-03
14113,Male,Gen Z,occasional,1,5,2025-10-15,2026-04-26
14114,Male,Gen Z,one_and_done,8,1,2025-08-18,2025-08-18
14115,Male,Millennial,one_and_done,2,1,2025-10-06,2025-10-06
14116,Male,Millennial,occasional,1,7,2025-07-02,2026-04-06
14117,Male,Gen X,one_and_done,1,1,2026-02-14,2026-02-14
14118,Male,Millennial,occasional,1,7,2025-08-20,2026-06-09
14119,Male,Millennial,occasional,1,7,2025-07-18,2026-06-15
14120,Female,Gen Z,regular,2,13,2025-07-23,2026-05-02
14121,Female,Millennial,one_and_done,3,1,2026-02-20,2026-02-20
14122,Male,Millennial,occasional,1,7,2025-07-18,2026-05-22
14123,Male,Gen Z,occasional,1,5,2025-09-11,2026-06-12
14124,Male,Millennial,regular,1,21,2025-07-04,2026-05-28
14125,Female,Gen Z,one_and_done,1,1,2025-11-14,2025-11-14
14126,Female,Gen X,regular,1,15,2025-08-18,2026-06-20
14127,Male,Millennial,occasional,7,7,2025-08-07,2026-05-29
14128,Male,Millennial,one_and_done,2,1,2026-06-21,2026-06-21
14129,Female,Millennial,one_and_done,1,1,2026-06-04,2026-06-04
14130,Male,Gen Z,one_and_done,2,1,2026-05-28,2026-05-28
14131,Male,Gen Z,one_and_done,3,1,2025-10-01,2025-10-01
14132,Male,Millennial,occasional,1,7,2025-07-24,2026-05-08
14133,Male,Boomer,one_and_done,4,1,2025-11-21,2025-11-21
14134,Female,Gen Z,one_and_done,1,1,2026-04-12,2026-04-12
14135,Male,Millennial,one_and_done,2,1,2026-06-05,2026-06-05
14136,Female,Millennial,regular,3,18,2025-07-11,2026-06-19
14137,Male,Gen Z,occasional,3,5,2025-10-11,2026-04-13
14138,Female,Gen X,loyal,3,22,2025-07-13,2026-06-05
14139,Male,Millennial,occasional,1,7,2025-08-01,2026-05-29
14140,Male,Millennial,loyal,1,30,2025-06-30,2026-06-06
14141,Male,Gen Z,one_and_done,2,1,2026-02-24,2026-02-24
14142,Male,Millennial,one_and_done,5,1,2025-08-23,2025-08-23
14143,Male,Millennial,one_and_done,4,1,2026-04-02,2026-04-02
14144,Male,Gen X,regular,1,16,2025-07-05,2026-06-04
14145,Male,Millennial,loyal,10,30,2025-07-11,2026-06-21
14146,Male,Gen X,one_and_done,1,1,2026-06-10,2026-06-10
14147,Female,Gen X,occasional,1,5,2025-09-30,2026-05-02
14148,Male,Gen X,occasional,1,5,2025-09-08,2026-03-13
14149,Female,Gen Z,loyal,1,19,2025-08-12,2026-06-19
14150,Male,Boomer,one_and_done,4,1,2026-01-14,2026-01-14
14151,Female,Millennial,regular,1,18,2025-07-04,2026-06-18
14152,Female,Gen Z,one_and_done,1,1,2026-04-28,2026-04-28
14153,Female,Millennial,regular,1,18,2025-07-09,2026-06-12
14154,Male,Gen Z,loyal,1,22,2025-07-10,2026-06-15
14155,Male,Gen Z,loyal,8,22,2025-07-05,2026-06-12
14156,Male,Boomer,occasional,1,4,2025-07-30,2026-01-31
14157,Male,Millennial,regular,1,21,2025-07-11,2026-06-08
14158,Male,Millennial,loyal,1,30,2025-07-12,2026-06-18
14159,Female,Millennial,regular,1,18,2025-08-23,2026-06-13
14160,Female,Gen X,occasional,1,5,2025-09-30,2026-01-25
14161,Male,Millennial,occasional,1,7,2025-08-28,2026-05-16
14162,Female,Millennial,occasional,5,6,2025-07-21,2026-05-15
14163,Male,Millennial,loyal,1,30,2025-07-05,2026-05-26
14164,Female,Millennial,one_and_done,1,1,2025-10-17,2025-10-17
14165,Male,Millennial,loyal,2,30,2025-07-01,2026-05-22
14166,Male,Boomer,loyal,2,17,2025-07-11,2026-03-29
14167,Male,Millennial,regular,1,21,2025-07-19,2026-06-22
14168,Male,Gen Z,loyal,1,22,2025-07-08,2026-06-12
14169,Female,Boomer,one_and_done,5,1,2026-01-10,2026-01-10
14170,Male,Gen X,one_and_done,1,1,2026-02-07,2026-02-07
14171,Male,Gen Z,one_and_done,1,1,2026-03-12,2026-03-12
14172,Female,Gen Z,occasional,1,4,2025-07-12,2026-04-09
14173,Male,Millennial,one_and_done,1,1,2026-06-11,2026-06-11
14174,Male,Millennial,occasional,1,7,2025-08-15,2026-06-14
14175,Male,Millennial,occasional,2,7,2025-07-16,2026-06-13
14176,Male,Gen X,one_and_done,1,1,2025-09-29,2025-09-29
14177,Male,Gen Z,one_and_done,3,1,2026-04-15,2026-04-15
14178,Male,Millennial,loyal,6,30,2025-08-05,2026-05-31
14179,Female,Gen X,one_and_done,3,1,2026-06-09,2026-06-09
14180,Female,Millennial,regular,1,18,2025-07-05,2026-05-29
14181,Male,Gen X,occasional,1,5,2025-12-12,2026-05-03
14182,Male,Millennial,one_and_done,1,1,2026-03-02,2026-03-02
14183,Male,Millennial,one_and_done,10,1,2025-11-18,2025-11-18
14184,Male,Millennial,one_and_done,1,1,2026-06-19,2026-06-19
14185,Male,Gen Z,one_and_done,4,1,2026-06-02,2026-06-02
14186,Male,Boomer,one_and_done,2,1,2025-10-08,2025-10-08
14187,Male,Millennial,one_and_done,1,1,2025-08-15,2025-08-15
14188,Female,Millennial,occasional,1,6,2025-08-23,2026-05-30
14189,Female,Gen Z,one_and_done,1,1,2026-05-02,2026-05-02
14190,Male,Millennial,occasional,1,7,2025-07-11,2026-06-01
14191,Female,Millennial,one_and_done,1,1,2025-09-09,2025-09-09
14192,Male,Boomer,occasional,4,4,2025-07-26,2026-03-29
14193,Female,Gen X,occasional,1,5,2025-08-03,2026-06-16
14194,Female,Millennial,one_and_done,1,1,2026-03-06,2026-03-06
14195,Male,Millennial,occasional,1,7,2025-08-31,2026-06-23
14196,Male,Millennial,loyal,4,30,2025-07-15,2026-06-15
14197,Female,Millennial,regular,2,18,2025-07-10,2026-06-04
14198,Male,Millennial,regular,10,21,2025-07-04,2026-06-10
14199,Male,Gen Z,occasional,1,5,2025-09-24,2026-06-05
14200,Male,Gen X,one_and_done,4,1,2025-08-04,2025-08-04
14201,Male,Millennial,one_and_done,4,1,2025-10-02,2025-10-02
14202,Male,Millennial,one_and_done,1,1,2025-09-13,2025-09-13
14203,Male,Millennial,one_and_done,4,1,2025-11-19,2025-11-19
14204,Male,Millennial,one_and_done,1,1,2025-08-13,2025-08-13
14205,Female,Gen X,loyal,3,22,2025-08-17,2026-06-14
14206,Female,Boomer,regular,1,10,2025-08-21,2026-04-05
14207,Male,Millennial,one_and_done,1,1,2026-05-03,2026-05-03
14208,Male,Millennial,one_and_done,1,1,2025-08-13,2025-08-13
14209,Male,Millennial,loyal,5,30,2025-07-08,2026-06-13
14210,Male,Millennial,occasional,1,7,2025-07-29,2026-04-30
14211,Male,Gen X,one_and_done,5,1,2025-12-09,2025-12-09
14212,Male,Millennial,regular,2,21,2025-07-02,2026-06-04
14213,Male,Gen Z,occasional,3,5,2025-07-26,2026-03-26
14214,Male,Millennial,occasional,2,7,2025-07-12,2026-02-23
14215,Male,Gen X,regular,1,16,2025-07-02,2026-06-22
14216,Male,Gen X,regular,1,16,2025-08-11,2026-06-14
14217,Male,Gen X,occasional,2,5,2025-10-24,2026-05-14
14218,Female,Millennial,one_and_done,7,1,2025-09-29,2025-09-29
14219,Male,Millennial,one_and_done,7,1,2025-07-13,2025-07-13
14220,Male,Millennial,one_and_done,1,1,2025-10-29,2025-10-29
14221,Male,Gen Z,regular,1,15,2025-08-07,2026-06-17
14222,Female,Gen Z,loyal,1,19,2025-07-02,2026-06-21
14223,Male,Millennial,occasional,1,7,2025-08-09,2026-05-13
14224,Male,Gen X,one_and_done,6,1,2025-07-28,2025-07-28
14225,Female,Millennial,one_and_done,2,1,2026-06-03,2026-06-03
14226,Male,Millennial,regular,2,21,2025-07-12,2026-06-19
14227,Male,Millennial,regular,1,21,2025-07-20,2026-06-23
14228,Male,Millennial,regular,1,21,2025-07-29,2026-05-27
14229,Female,Millennial,loyal,5,26,2025-07-09,2026-06-17
14230,Female,Gen X,regular,1,15,2025-08-27,2026-06-12
14231,Male,Gen X,one_and_done,1,1,2025-08-22,2025-08-22
14232,Female,Millennial,loyal,1,26,2025-07-03,2026-06-18
14233,Male,Millennial,regular,7,21,2025-07-08,2026-06-22
14234,Female,Millennial,regular,2,18,2025-08-01,2026-06-14
14235,Male,Millennial,regular,2,21,2025-07-12,2026-05-30
14236,Female,Gen Z,one_and_done,1,1,2025-09-21,2025-09-21
14237,Male,Millennial,one_and_done,8,1,2026-04-08,2026-04-08
14238,Male,Gen Z,one_and_done,1,1,2025-12-28,2025-12-28
14239,Male,Millennial,one_and_done,1,1,2026-05-23,2026-05-23
14240,Male,Gen Z,occasional,1,5,2025-07-21,2026-05-09
14241,Female,Millennial,one_and_done,2,1,2025-10-01,2025-10-01
14242,Male,Gen X,one_and_done,1,1,2026-06-21,2026-06-21
14243,Female,Boomer,one_and_done,1,1,2026-05-17,2026-05-17
14244,Female,Gen Z,loyal,3,19,2025-09-06,2026-06-10
14245,Male,Boomer,regular,3,12,2025-11-13,2026-06-16
14246,Male,Millennial,one_and_done,1,1,2025-08-31,2025-08-31
14247,Male,Gen Z,loyal,7,22,2025-07-13,2026-06-07
14248,Male,Millennial,one_and_done,1,1,2026-05-30,2026-05-30
14249,Male,Millennial,one_and_done,2,1,2026-06-10,2026-06-10
14250,Male,Gen Z,one_and_done,2,1,2026-02-04,2026-02-04
14251,Male,Gen Z,regular,6,15,2025-07-11,2026-06-23
14252,Male,Gen Z,regular,6,15,2025-08-20,2026-05-22
14253,Male,Millennial,one_and_done,1,1,2025-08-08,2025-08-08
14254,Male,Millennial,loyal,4,30,2025-07-01,2026-05-27
14255,Male,Boomer,occasional,1,4,2025-08-19,2026-06-22
14256,Male,Millennial,regular,1,21,2025-07-27,2026-06-13
14257,Female,Gen X,one_and_done,6,1,2026-05-16,2026-05-16
14258,Female,Millennial,occasional,1,6,2025-09-03,2026-06-18
14259,Male,Millennial,occasional,1,7,2025-11-12,2026-06-05
14260,Male,Millennial,occasional,4,7,2025-07-11,2026-05-30
14261,Female,Gen Z,one_and_done,2,1,2026-01-27,2026-01-27
14262,Male,Millennial,regular,1,21,2025-07-14,2026-06-17
14263,Female,Gen X,one_and_done,1,1,2025-08-02,2025-08-02
14264,Male,Millennial,occasional,1,7,2025-08-22,2026-02-13
14265,Male,Millennial,occasional,1,7,2025-07-04,2026-03-26
14266,Male,Millennial,one_and_done,5,1,2025-07-22,2025-07-22
14267,Female,Millennial,regular,2,18,2025-06-30,2026-05-20
14268,Female,Millennial,occasional,2,6,2025-07-13,2026-05-22
14269,Male,Millennial,one_and_done,3,1,2026-05-19,2026-05-19
14270,Male,Gen Z,one_and_done,1,1,2026-01-30,2026-01-30
14271,Male,Gen Z,occasional,1,5,2025-07-03,2026-03-06
14272,Male,Millennial,one_and_done,1,1,2025-09-15,2025-09-15
14273,Male,Gen X,regular,3,16,2025-07-21,2026-05-16
14274,Male,Millennial,loyal,1,30,2025-07-12,2026-05-16
14275,Female,Boomer,one_and_done,2,1,2026-02-27,2026-02-27
14276,Male,Millennial,one_and_done,1,1,2026-03-24,2026-03-24
14277,Female,Gen Z,one_and_done,1,1,2026-06-12,2026-06-12
14278,Male,Millennial,regular,2,21,2025-07-26,2026-06-12
14279,Female,Millennial,occasional,1,6,2025-07-10,2026-06-16
14280,Male,Gen X,regular,1,16,2025-06-30,2026-06-20
14281,Male,Gen Z,one_and_done,1,1,2026-01-24,2026-01-24
14282,Male,Gen Z,one_and_done,1,1,2025-07-17,2025-07-17
14283,Female,Gen Z,occasional,5,4,2025-08-14,2026-05-19
14284,Male,Millennial,regular,1,21,2025-07-23,2026-05-23
14285,Male,Gen Z,one_and_done,1,1,2026-06-20,2026-06-20
14286,Male,Millennial,regular,1,21,2025-08-21,2026-05-15
14287,Male,Millennial,one_and_done,3,1,2026-05-28,2026-05-28
14288,Female,Gen X,one_and_done,1,1,2026-05-03,2026-05-03
14289,Male,Millennial,occasional,1,7,2025-08-08,2026-06-12
14290,Female,Boomer,one_and_done,1,1,2025-07-11,2025-07-11
14291,Male,Gen Z,loyal,1,22,2025-08-13,2026-06-12
14292,Male,Gen X,loyal,1,24,2025-06-30,2026-05-29
14293,Male,Boomer,one_and_done,6,1,2025-08-09,2025-08-09
14294,Male,Millennial,occasional,2,7,2025-08-20,2026-05-23
14295,Male,Gen Z,regular,4,15,2025-08-31,2026-06-11
14296,Male,Gen X,regular,6,16,2025-07-17,2026-06-22
14297,Female,Gen X,one_and_done,1,1,2026-01-19,2026-01-19
14298,Male,Gen Z,one_and_done,2,1,2025-08-05,2025-08-05
14299,Male,Millennial,one_and_done,1,1,2025-08-28,2025-08-28
14300,Male,Millennial,occasional,2,7,2025-07-05,2026-04-04
14301,Male,Millennial,one_and_done,1,1,2025-11-28,2025-11-28
14302,Male,Gen X,one_and_done,2,1,2025-10-20,2025-10-20
14303,Male,Millennial,one_and_done,1,1,2026-03-23,2026-03-23
14304,Female,Gen X,one_and_done,1,1,2025-12-15,2025-12-15
14305,Female,Millennial,loyal,1,26,2025-07-22,2026-05-27
14306,Male,Millennial,occasional,1,7,2025-08-05,2026-06-16
14307,Female,Millennial,occasional,1,6,2025-08-02,2026-04-07
14308,Male,Boomer,one_and_done,3,1,2026-04-04,2026-04-04
14309,Male,Gen X,regular,6,16,2025-07-08,2026-04-14
14310,Male,Millennial,one_and_done,1,1,2025-12-22,2025-12-22
14311,Female,Millennial,regular,6,18,2025-08-09,2026-06-12
14312,Female,Gen Z,occasional,1,4,2025-07-11,2026-06-22
14313,Male,Gen X,one_and_done,1,1,2026-05-27,2026-05-27
14314,Female,Millennial,occasional,1,6,2025-09-12,2026-03-30
14315,Male,Gen X,loyal,1,24,2025-07-22,2026-05-23
14316,Female,Millennial,one_and_done,1,1,2025-07-02,2025-07-02
14317,Male,Millennial,occasional,1,7,2025-07-05,2026-05-06
14318,Male,Gen Z,one_and_done,2,1,2025-08-17,2025-08-17
14319,Male,Gen X,loyal,4,24,2025-07-01,2026-06-20
14320,Male,Millennial,occasional,5,7,2025-09-15,2026-06-04
14321,Female,Millennial,regular,1,18,2025-07-01,2026-06-19
14322,Female,Gen Z,occasional,1,4,2025-12-30,2026-06-03
14323,Male,Gen X,occasional,5,5,2025-08-01,2026-06-17
14324,Female,Millennial,one_and_done,1,1,2026-03-02,2026-03-02
14325,Male,Gen Z,one_and_done,3,1,2026-01-29,2026-01-29
14326,Male,Boomer,occasional,1,4,2025-08-21,2026-05-13
14327,Male,Gen Z,one_and_done,7,1,2025-08-14,2025-08-14
14328,Female,Gen Z,regular,2,13,2025-07-05,2026-06-10
14329,Male,Millennial,regular,3,21,2025-06-30,2026-06-22
14330,Male,Gen Z,one_and_done,2,1,2026-02-19,2026-02-19
14331,Male,Gen X,one_and_done,1,1,2026-05-17,2026-05-17
14332,Male,Gen X,loyal,2,24,2025-07-18,2026-06-14
14333,Male,Gen Z,regular,1,15,2025-07-02,2026-06-06
14334,Male,Gen X,one_and_done,1,1,2025-11-30,2025-11-30
14335,Female,Gen Z,occasional,7,4,2025-12-13,2026-04-05
14336,Male,Millennial,occasional,1,7,2025-07-04,2026-06-21
14337,Female,Boomer,regular,3,10,2025-08-06,2026-06-21
14338,Female,Millennial,one_and_done,1,1,2025-09-11,2025-09-11
14339,Female,Millennial,one_and_done,4,1,2026-02-09,2026-02-09
14340,Male,Gen X,one_and_done,6,1,2025-11-22,2025-11-22
14341,Male,Gen X,one_and_done,1,1,2025-08-05,2025-08-05
14342,Male,Gen Z,regular,1,15,2025-07-31,2026-06-19
14343,Male,Gen X,regular,1,16,2025-07-01,2026-05-24
14344,Male,Gen Z,one_and_done,2,1,2025-08-19,2025-08-19
14345,Female,Boomer,occasional,8,3,2025-08-15,2026-01-10
14346,Male,Millennial,occasional,2,7,2025-07-14,2026-06-16
14347,Male,Gen X,loyal,3,24,2025-07-23,2026-04-28
14348,Male,Boomer,regular,3,12,2025-07-23,2026-06-13
14349,Male,Millennial,occasional,3,7,2025-06-30,2026-04-08
14350,Female,Gen X,occasional,3,5,2025-12-14,2026-04-25
14351,Male,Gen Z,regular,1,15,2025-07-06,2026-06-04
14352,Female,Gen X,one_and_done,1,1,2025-09-29,2025-09-29
14353,Male,Gen Z,one_and_done,1,1,2026-02-15,2026-02-15
14354,Male,Millennial,regular,1,21,2025-07-01,2026-06-18
14355,Female,Millennial,occasional,1,6,2025-08-17,2026-05-15
14356,Male,Millennial,occasional,1,7,2025-08-08,2026-06-05
14357,Female,Gen Z,one_and_done,1,1,2025-08-13,2025-08-13
14358,Female,Gen Z,regular,4,13,2025-08-13,2026-06-14
14359,Male,Millennial,occasional,7,7,2025-07-26,2026-06-21
14360,Male,Gen X,one_and_done,6,1,2025-08-19,2025-08-19
14361,Male,Gen X,loyal,3,24,2025-07-14,2026-06-21
14362,Female,Millennial,occasional,1,6,2025-08-27,2026-06-05
14363,Male,Millennial,one_and_done,1,1,2026-05-10,2026-05-10
14364,Male,Millennial,occasional,1,7,2025-07-18,2026-06-17
14365,Female,Gen Z,one_and_done,1,1,2026-05-04,2026-05-04
14366,Male,Gen X,occasional,1,5,2025-08-05,2026-05-26
14367,Male,Millennial,occasional,4,7,2025-07-12,2026-06-18
14368,Male,Millennial,one_and_done,6,1,2026-06-13,2026-06-13
14369,Female,Millennial,regular,1,18,2025-07-21,2026-06-10
14370,Female,Millennial,regular,2,18,2025-07-15,2026-04-20
14371,Male,Gen X,occasional,6,5,2026-01-14,2026-05-15
14372,Male,Gen Z,occasional,7,5,2025-08-25,2026-05-31
14373,Male,Gen X,one_and_done,2,1,2025-08-20,2025-08-20
14374,Female,Millennial,one_and_done,1,1,2025-07-18,2025-07-18
14375,Female,Gen Z,one_and_done,1,1,2025-08-11,2025-08-11
14376,Male,Boomer,one_and_done,4,1,2025-07-17,2025-07-17
14377,Female,Gen Z,occasional,6,4,2025-10-03,2026-06-11
14378,Male,Millennial,loyal,5,30,2025-07-11,2026-06-21
14379,Male,Millennial,occasional,1,7,2025-08-04,2026-03-08
14380,Female,Gen X,occasional,1,5,2025-08-31,2026-01-27
14381,Female,Millennial,regular,3,18,2025-07-20,2026-06-08
14382,Male,Gen Z,occasional,1,5,2025-07-10,2026-02-15
14383,Male,Millennial,regular,1,21,2025-07-24,2026-05-17
14384,Female,Millennial,loyal,5,26,2025-07-05,2026-06-05
14385,Female,Millennial,one_and_done,4,1,2025-10-12,2025-10-12
14386,Male,Boomer,regular,4,12,2025-08-09,2026-06-13
14387,Female,Millennial,one_and_done,1,1,2025-09-01,2025-09-01
14388,Male,Millennial,one_and_done,4,1,2026-01-05,2026-01-05
14389,Female,Gen Z,occasional,2,4,2025-10-24,2026-02-09
14390,Female,Gen X,one_and_done,9,1,2026-06-10,2026-06-10
14391,Male,Gen Z,occasional,1,5,2025-09-26,2026-05-16
14392,Male,Millennial,occasional,1,7,2025-08-14,2026-02-26
14393,Male,Millennial,regular,1,21,2025-07-18,2026-05-28
14394,Female,Millennial,regular,1,18,2025-07-19,2026-06-12
14395,Female,Millennial,one_and_done,2,1,2026-05-11,2026-05-11
14396,Female,Gen Z,regular,8,13,2025-09-07,2026-06-08
14397,Male,Gen X,occasional,1,5,2026-01-17,2026-05-25
14398,Male,Millennial,loyal,1,30,2025-07-07,2026-06-03
14399,Male,Millennial,one_and_done,9,1,2026-05-27,2026-05-27
14400,Male,Gen X,occasional,2,5,2025-07-11,2026-05-26
14401,Male,Millennial,one_and_done,2,1,2026-04-04,2026-04-04
14402,Male,Gen X,one_and_done,2,1,2026-05-30,2026-05-30
14403,Male,Gen X,regular,2,16,2025-07-03,2026-06-17
14404,Male,Gen X,occasional,2,5,2025-08-05,2026-06-17
14405,Female,Millennial,occasional,2,6,2025-08-15,2026-06-02
14406,Male,Millennial,one_and_done,1,1,2026-02-05,2026-02-05
14407,Female,Gen X,regular,9,15,2025-07-23,2026-06-16
14408,Male,Millennial,regular,1,21,2025-07-04,2026-06-03
14409,Female,Gen Z,one_and_done,1,1,2026-01-21,2026-01-21
14410,Male,Millennial,one_and_done,1,1,2026-05-01,2026-05-01
14411,Male,Boomer,occasional,1,4,2025-07-25,2026-01-14
14412,Female,Millennial,occasional,1,6,2025-07-13,2026-06-01
14413,Male,Millennial,regular,6,21,2025-08-10,2026-06-17
14414,Female,Millennial,one_and_done,4,1,2025-07-12,2025-07-12
14415,Male,Millennial,one_and_done,1,1,2026-06-15,2026-06-15
14416,Female,Millennial,regular,2,18,2025-07-11,2026-06-19
14417,Female,Millennial,occasional,8,6,2025-08-13,2026-06-18
14418,Female,Millennial,one_and_done,1,1,2025-07-17,2025-07-17
14419,Male,Boomer,one_and_done,4,1,2026-02-04,2026-02-04
14420,Male,Gen Z,one_and_done,7,1,2025-09-12,2025-09-12
14421,Male,Millennial,one_and_done,2,1,2025-12-09,2025-12-09
14422,Male,Boomer,regular,3,12,2025-08-12,2026-06-18
14423,Female,Millennial,one_and_done,7,1,2026-05-02,2026-05-02
14424,Male,Millennial,one_and_done,3,1,2025-10-26,2025-10-26
14425,Male,Millennial,loyal,1,30,2025-07-08,2026-06-04
14426,Female,Gen X,occasional,3,5,2025-08-26,2026-05-25
14427,Male,Gen Z,regular,2,15,2025-08-04,2026-05-01
14428,Male,Millennial,one_and_done,3,1,2026-03-16,2026-03-16
14429,Female,Millennial,occasional,2,6,2025-08-07,2026-05-24
14430,Male,Millennial,one_and_done,1,1,2025-11-27,2025-11-27
14431,Male,Millennial,regular,5,21,2025-07-31,2026-06-17
14432,Female,Gen X,occasional,3,5,2025-07-20,2026-04-10
14433,Male,Millennial,occasional,5,7,2025-07-26,2026-04-12
14434,Male,Millennial,one_and_done,1,1,2026-05-05,2026-05-05
14435,Female,Millennial,occasional,1,6,2025-07-28,2026-03-16
14436,Male,Gen Z,one_and_done,1,1,2026-03-02,2026-03-02
14437,Male,Millennial,regular,1,21,2025-08-12,2026-06-05
14438,Male,Gen X,one_and_done,3,1,2026-05-21,2026-05-21
14439,Male,Gen Z,one_and_done,8,1,2026-01-09,2026-01-09
14440,Female,Millennial,one_and_done,6,1,2026-04-21,2026-04-21
14441,Male,Millennial,regular,2,21,2025-07-23,2026-06-19
14442,Male,Gen X,occasional,1,5,2025-07-04,2026-05-23
14443,Male,Millennial,regular,1,21,2025-08-29,2026-06-20
14444,Male,Millennial,loyal,1,30,2025-07-04,2026-06-19
14445,Male,Millennial,one_and_done,2,1,2025-09-22,2025-09-22
14446,Male,Gen Z,regular,6,15,2025-07-18,2026-05-30
14447,Female,Gen X,one_and_done,6,1,2025-08-12,2025-08-12
14448,Female,Millennial,regular,5,18,2025-07-12,2026-05-22
14449,Female,Gen Z,occasional,2,4,2025-08-10,2026-03-14
14450,Male,Millennial,one_and_done,1,1,2026-03-15,2026-03-15
14451,Male,Gen X,one_and_done,1,1,2026-06-10,2026-06-10
14452,Male,Millennial,occasional,3,7,2025-06-30,2026-05-08
14453,Male,Millennial,one_and_done,5,1,2026-02-17,2026-02-17
14454,Male,Millennial,one_and_done,1,1,2026-03-01,2026-03-01
14455,Male,Gen Z,one_and_done,2,1,2026-05-25,2026-05-25
14456,Male,Millennial,one_and_done,1,1,2025-08-02,2025-08-02
14457,Male,Gen X,one_and_done,1,1,2026-04-27,2026-04-27
14458,Male,Millennial,occasional,1,7,2025-07-08,2026-05-05
14459,Male,Millennial,one_and_done,1,1,2025-11-07,2025-11-07
14460,Female,Boomer,one_and_done,2,1,2026-02-28,2026-02-28
14461,Female,Millennial,regular,1,18,2025-08-20,2026-06-15
14462,Male,Millennial,one_and_done,4,1,2025-12-27,2025-12-27
14463,Male,Gen Z,regular,1,15,2025-07-20,2026-05-29
14464,Female,Gen X,one_and_done,5,1,2025-12-28,2025-12-28
14465,Female,Gen Z,one_and_done,4,1,2025-12-05,2025-12-05
14466,Male,Gen Z,one_and_done,1,1,2025-11-13,2025-11-13
14467,Female,Millennial,one_and_done,1,1,2026-03-14,2026-03-14
14468,Male,Millennial,one_and_done,1,1,2025-10-08,2025-10-08
14469,Male,Gen X,one_and_done,1,1,2026-01-08,2026-01-08
14470,Male,Millennial,one_and_done,3,1,2025-10-18,2025-10-18
14471,Female,Millennial,regular,5,18,2025-07-23,2026-06-18
14472,Male,Gen X,occasional,2,5,2025-09-18,2026-01-04
14473,Female,Millennial,regular,1,18,2025-07-08,2026-06-14
14474,Male,Gen Z,occasional,1,5,2025-10-29,2026-04-15
14475,Female,Gen X,regular,4,15,2025-07-03,2026-05-29
14476,Male,Millennial,one_and_done,1,1,2025-08-17,2025-08-17
14477,Male,Gen Z,one_and_done,1,1,2025-07-17,2025-07-17
14478,Male,Gen Z,one_and_done,4,1,2026-05-04,2026-05-04
14479,Female,Gen Z,one_and_done,4,1,2026-02-08,2026-02-08
14480,Female,Gen X,one_and_done,1,1,2025-10-10,2025-10-10
14481,Male,Gen X,one_and_done,5,1,2026-04-14,2026-04-14
14482,Male,Millennial,loyal,1,30,2025-07-10,2026-06-12
14483,Male,Boomer,occasional,1,4,2025-08-08,2026-03-13
14484,Male,Boomer,loyal,3,17,2025-07-04,2026-06-16
14485,Female,Boomer,one_and_done,5,1,2026-02-24,2026-02-24
14486,Male,Boomer,regular,2,12,2025-07-03,2026-05-08
14487,Female,Gen Z,one_and_done,1,1,2026-04-03,2026-04-03
14488,Male,Gen X,one_and_done,1,1,2025-12-19,2025-12-19
14489,Male,Gen X,regular,5,16,2025-07-06,2026-06-05
14490,Male,Boomer,loyal,2,17,2025-07-09,2026-06-15
14491,Female,Millennial,regular,1,18,2025-07-19,2026-06-13
14492,Male,Gen X,regular,9,16,2025-08-21,2026-06-12
14493,Male,Millennial,one_and_done,1,1,2026-06-13,2026-06-13
14494,Female,Gen Z,occasional,1,4,2025-09-25,2026-06-05
14495,Male,Gen X,regular,6,16,2025-07-26,2026-06-19
14496,Male,Millennial,occasional,2,7,2025-10-16,2026-06-19
14497,Male,Gen X,one_and_done,3,1,2026-01-20,2026-01-20
14498,Male,Gen Z,one_and_done,3,1,2026-06-05,2026-06-05
14499,Male,Millennial,one_and_done,1,1,2025-09-26,2025-09-26
14500,Female,Millennial,one_and_done,1,1,2026-04-04,2026-04-04
14501,Female,Boomer,one_and_done,1,1,2025-10-29,2025-10-29
14502,Male,Gen Z,occasional,1,5,2025-08-16,2026-04-25
14503,Male,Millennial,occasional,1,7,2025-07-26,2026-06-19
14504,Male,Millennial,regular,5,21,2025-08-09,2026-06-17
14505,Male,Millennial,regular,4,21,2025-08-08,2026-06-18
14506,Male,Gen X,one_and_done,3,1,2026-03-14,2026-03-14
14507,Male,Gen X,loyal,3,24,2025-07-11,2026-06-15
14508,Male,Millennial,loyal,6,30,2025-07-25,2026-06-08
14509,Male,Gen X,one_and_done,1,1,2026-02-17,2026-02-17
14510,Male,Gen X,regular,1,16,2025-07-15,2026-06-08
14511,Male,Boomer,one_and_done,2,1,2025-12-10,2025-12-10
14512,Male,Millennial,regular,1,21,2025-07-06,2026-06-15
14513,Male,Gen Z,regular,1,15,2025-09-24,2026-06-19
14514,Female,Gen X,occasional,5,5,2025-07-15,2026-03-08
14515,Male,Gen Z,one_and_done,4,1,2026-03-15,2026-03-15
14516,Male,Millennial,occasional,7,7,2025-07-03,2026-05-29
14517,Male,Gen Z,loyal,1,22,2025-08-13,2026-06-19
14518,Male,Millennial,regular,1,21,2025-07-24,2026-06-10
14519,Female,Gen X,one_and_done,6,1,2026-05-07,2026-05-07
14520,Male,Boomer,one_and_done,3,1,2026-03-04,2026-03-04
14521,Female,Gen Z,occasional,4,4,2025-07-22,2026-06-17
14522,Male,Gen Z,occasional,7,5,2025-07-12,2026-04-25
14523,Male,Gen X,one_and_done,1,1,2026-05-22,2026-05-22
14524,Male,Boomer,one_and_done,2,1,2026-06-02,2026-06-02
14525,Male,Millennial,occasional,5,7,2025-06-30,2025-12-17
14526,Male,Gen Z,occasional,5,5,2025-07-18,2026-06-03
14527,Male,Millennial,one_and_done,2,1,2025-09-20,2025-09-20
14528,Male,Gen Z,one_and_done,1,1,2026-04-23,2026-04-23
14529,Male,Millennial,one_and_done,1,1,2026-05-04,2026-05-04
14530,Male,Gen Z,occasional,4,5,2025-10-24,2026-06-03
14531,Male,Millennial,one_and_done,1,1,2025-07-16,2025-07-16
14532,Male,Gen Z,one_and_done,1,1,2026-03-06,2026-03-06
14533,Male,Millennial,occasional,1,7,2025-07-11,2026-06-18
14534,Male,Millennial,one_and_done,2,1,2026-01-07,2026-01-07
14535,Male,Gen Z,regular,1,15,2025-10-03,2026-06-03
14536,Male,Millennial,occasional,7,7,2025-08-01,2026-05-11
14537,Male,Millennial,one_and_done,1,1,2026-02-08,2026-02-08
14538,Female,Gen X,one_and_done,3,1,2026-05-20,2026-05-20
14539,Male,Gen Z,one_and_done,1,1,2026-04-05,2026-04-05
14540,Female,Millennial,regular,6,18,2025-07-05,2026-04-25
14541,Male,Millennial,regular,1,21,2025-07-05,2026-06-22
14542,Male,Boomer,occasional,1,4,2025-10-27,2026-06-21
14543,Female,Millennial,one_and_done,1,1,2026-03-04,2026-03-04
14544,Male,Boomer,occasional,1,4,2025-09-29,2026-05-29
14545,Female,Gen Z,occasional,1,4,2025-07-10,2026-03-29
14546,Male,Millennial,loyal,4,30,2025-07-06,2026-06-17
14547,Male,Millennial,one_and_done,1,1,2026-02-20,2026-02-20
14548,Male,Gen Z,one_and_done,3,1,2025-07-04,2025-07-04
14549,Female,Boomer,regular,1,10,2025-07-22,2026-04-01
14550,Female,Millennial,occasional,5,6,2025-07-10,2026-01-12
14551,Male,Millennial,loyal,1,30,2025-07-29,2026-05-27
14552,Male,Millennial,one_and_done,3,1,2025-12-11,2025-12-11
14553,Female,Millennial,one_and_done,1,1,2025-08-31,2025-08-31
14554,Male,Gen Z,regular,1,15,2025-08-09,2026-04-30
14555,Male,Boomer,one_and_done,3,1,2025-12-07,2025-12-07
14556,Female,Millennial,one_and_done,1,1,2025-09-05,2025-09-05
14557,Male,Millennial,regular,1,21,2025-06-30,2026-06-17
14558,Female,Boomer,one_and_done,1,1,2026-01-10,2026-01-10
14559,Male,Gen X,occasional,9,5,2025-07-08,2026-04-19
14560,Male,Gen Z,one_and_done,1,1,2025-11-19,2025-11-19
14561,Male,Millennial,one_and_done,1,1,2025-07-08,2025-07-08
14562,Male,Millennial,regular,1,21,2025-07-18,2026-06-14
14563,Male,Gen Z,regular,2,15,2025-07-24,2026-06-10
14564,Male,Millennial,one_and_done,2,1,2026-03-07,2026-03-07
14565,Male,Boomer,one_and_done,10,1,2025-07-12,2025-07-12
14566,Male,Millennial,occasional,2,7,2025-07-17,2026-04-23
14567,Male,Gen X,one_and_done,2,1,2026-04-30,2026-04-30
14568,Male,Millennial,loyal,1,30,2025-07-01,2026-06-06
14569,Female,Millennial,loyal,2,26,2025-08-11,2026-06-23
14570,Female,Millennial,one_and_done,1,1,2025-12-05,2025-12-05
14571,Female,Millennial,occasional,7,6,2025-08-05,2026-06-08
14572,Female,Gen X,one_and_done,1,1,2026-04-17,2026-04-17
14573,Male,Millennial,one_and_done,1,1,2026-05-21,2026-05-21
14574,Male,Gen Z,occasional,1,5,2025-08-08,2026-05-12
14575,Male,Millennial,one_and_done,1,1,2026-05-10,2026-05-10
14576,Male,Gen Z,one_and_done,2,1,2025-11-29,2025-11-29
14577,Female,Boomer,regular,1,10,2025-08-23,2026-06-12
14578,Female,Millennial,occasional,4,6,2025-08-29,2026-04-16
14579,Female,Millennial,one_and_done,1,1,2026-01-09,2026-01-09
14580,Male,Boomer,occasional,1,4,2025-08-12,2026-03-29
14581,Female,Gen X,one_and_done,4,1,2026-06-20,2026-06-20
14582,Male,Millennial,regular,1,21,2025-07-11,2026-06-14
14583,Female,Millennial,regular,3,18,2025-07-01,2026-05-01
14584,Male,Gen Z,one_and_done,2,1,2025-11-20,2025-11-20
14585,Male,Gen X,one_and_done,4,1,2026-02-08,2026-02-08
14586,Female,Gen X,loyal,1,22,2025-07-04,2026-05-30
14587,Male,Millennial,loyal,1,30,2025-07-25,2026-06-11
14588,Female,Gen Z,regular,1,13,2025-07-26,2026-06-18
14589,Male,Millennial,occasional,2,7,2025-10-10,2026-06-20
14590,Female,Millennial,occasional,1,6,2025-10-16,2026-04-25
14591,Female,Millennial,occasional,1,6,2025-08-27,2026-04-23
14592,Male,Gen Z,one_and_done,1,1,2025-07-29,2025-07-29
14593,Female,Millennial,one_and_done,2,1,2026-03-06,2026-03-06
14594,Female,Millennial,loyal,10,26,2025-07-10,2026-05-24
14595,Female,Gen Z,loyal,7,19,2025-07-19,2026-06-22
14596,Male,Gen Z,one_and_done,1,1,2026-03-22,2026-03-22
14597,Female,Millennial,regular,10,18,2025-10-04,2026-06-22
14598,Male,Millennial,occasional,1,7,2025-08-18,2026-06-06
14599,Male,Gen Z,one_and_done,1,1,2025-07-02,2025-07-02
14600,Female,Gen Z,loyal,1,19,2025-07-11,2026-06-18
14601,Female,Gen Z,occasional,1,4,2025-09-23,2026-05-28
14602,Male,Gen Z,one_and_done,2,1,2025-12-25,2025-12-25
14603,Male,Gen X,one_and_done,1,1,2025-11-25,2025-11-25
14604,Female,Gen Z,occasional,3,4,2025-07-02,2025-12-02
14605,Male,Millennial,one_and_done,4,1,2026-04-14,2026-04-14
14606,Male,Gen X,regular,1,16,2025-07-25,2026-06-20
14607,Male,Millennial,one_and_done,4,1,2025-11-27,2025-11-27
14608,Male,Gen Z,regular,2,15,2025-07-05,2026-06-08
14609,Male,Millennial,one_and_done,1,1,2026-06-13,2026-06-13
14610,Male,Gen Z,one_and_done,1,1,2025-12-14,2025-12-14
14611,Male,Millennial,one_and_done,1,1,2025-11-06,2025-11-06
14612,Male,Boomer,regular,3,12,2025-07-21,2026-05-31
14613,Female,Gen Z,regular,1,13,2025-08-28,2026-03-30
14614,Male,Millennial,loyal,1,30,2025-07-12,2026-06-20
14615,Male,Millennial,regular,6,21,2025-07-25,2026-06-19
14616,Male,Millennial,occasional,1,7,2025-07-20,2026-05-12
14617,Female,Gen X,occasional,7,5,2025-07-21,2026-05-23
14618,Male,Millennial,occasional,2,7,2025-07-20,2026-06-15
14619,Male,Gen X,occasional,4,5,2025-08-23,2025-12-21
14620,Male,Gen Z,one_and_done,1,1,2026-01-10,2026-01-10
14621,Male,Millennial,loyal,1,30,2025-06-30,2026-06-06
14622,Male,Gen X,regular,1,16,2025-08-18,2026-06-14
14623,Female,Boomer,regular,1,10,2025-08-01,2026-06-19
14624,Female,Millennial,one_and_done,1,1,2026-01-11,2026-01-11
14625,Male,Gen X,regular,2,16,2025-07-05,2026-05-22
14626,Male,Gen X,occasional,1,5,2025-12-10,2026-05-22
14627,Male,Millennial,regular,1,21,2025-07-02,2026-06-22
14628,Male,Boomer,one_and_done,3,1,2025-09-03,2025-09-03
14629,Male,Gen X,occasional,1,5,2025-08-13,2026-04-05
14630,Male,Millennial,occasional,5,7,2025-08-15,2026-04-20
14631,Female,Boomer,occasional,6,3,2025-07-01,2026-04-25
14632,Female,Gen Z,loyal,1,19,2025-07-08,2026-06-05
14633,Female,Millennial,loyal,1,26,2025-07-19,2026-06-19
14634,Male,Millennial,one_and_done,1,1,2026-03-04,2026-03-04
14635,Male,Millennial,one_and_done,1,1,2025-10-03,2025-10-03
14636,Male,Millennial,occasional,4,7,2025-08-18,2026-02-23
14637,Male,Boomer,loyal,1,17,2025-07-30,2026-06-20
14638,Male,Millennial,one_and_done,1,1,2025-12-03,2025-12-03
14639,Female,Millennial,one_and_done,1,1,2025-11-30,2025-11-30
14640,Male,Millennial,occasional,1,7,2025-09-24,2026-01-06
14641,Male,Gen Z,occasional,6,5,2025-09-22,2026-05-29
14642,Male,Millennial,one_and_done,4,1,2026-05-29,2026-05-29
14643,Male,Millennial,one_and_done,3,1,2026-02-17,2026-02-17
14644,Female,Millennial,regular,2,18,2025-07-10,2026-06-18
14645,Female,Millennial,regular,1,18,2025-08-09,2026-06-17
14646,Male,Gen X,occasional,1,5,2025-10-20,2026-06-10
14647,Female,Gen Z,one_and_done,1,1,2026-04-17,2026-04-17
14648,Male,Gen X,regular,1,16,2025-07-04,2026-06-20
14649,Male,Millennial,regular,1,21,2025-07-25,2026-06-23
14650,Female,Boomer,loyal,1,15,2025-07-05,2026-06-08
14651,Female,Boomer,regular,2,10,2025-07-22,2026-05-30
14652,Male,Millennial,regular,2,21,2025-07-26,2026-06-11
14653,Female,Millennial,loyal,1,26,2025-07-05,2026-06-13
14654,Male,Millennial,regular,1,21,2025-07-02,2026-06-21
14655,Female,Gen X,one_and_done,1,1,2025-11-15,2025-11-15
14656,Male,Gen X,one_and_done,1,1,2026-04-24,2026-04-24
14657,Male,Gen Z,occasional,2,5,2025-07-28,2026-05-26
14658,Male,Gen Z,occasional,1,5,2025-09-19,2026-06-07
14659,Male,Gen X,loyal,2,24,2025-07-05,2026-06-06
14660,Female,Millennial,occasional,2,6,2025-06-30,2026-05-18
14661,Male,Millennial,occasional,1,7,2025-07-22,2026-06-18
14662,Female,Millennial,occasional,8,6,2025-07-28,2026-05-20
14663,Male,Gen X,loyal,1,24,2025-06-30,2026-06-06
14664,Female,Millennial,occasional,7,6,2025-08-29,2026-06-06
14665,Female,Millennial,one_and_done,1,1,2025-07-31,2025-07-31
14666,Male,Millennial,one_and_done,4,1,2025-12-01,2025-12-01
14667,Female,Millennial,one_and_done,1,1,2025-07-18,2025-07-18
14668,Female,Gen Z,occasional,2,4,2025-07-22,2026-05-09
14669,Female,Boomer,regular,4,10,2025-07-31,2026-06-19
14670,Female,Gen X,one_and_done,1,1,2026-03-28,2026-03-28
14671,Male,Gen X,one_and_done,2,1,2025-09-27,2025-09-27
14672,Female,Millennial,occasional,1,6,2025-07-22,2026-04-08
14673,Male,Gen Z,regular,1,15,2025-07-05,2026-05-27
14674,Male,Millennial,one_and_done,1,1,2025-09-29,2025-09-29
14675,Male,Gen Z,loyal,1,22,2025-09-10,2026-06-06
14676,Male,Millennial,occasional,1,7,2025-07-27,2026-05-22
14677,Male,Boomer,regular,3,12,2025-07-27,2026-06-05
14678,Male,Millennial,one_and_done,5,1,2025-11-13,2025-11-13
14679,Female,Gen X,occasional,1,5,2025-08-22,2026-04-24
14680,Male,Millennial,one_and_done,3,1,2026-02-07,2026-02-07
14681,Male,Gen Z,one_and_done,1,1,2026-02-02,2026-02-02
14682,Male,Gen Z,one_and_done,8,1,2025-10-11,2025-10-11
14683,Female,Millennial,one_and_done,6,1,2026-03-31,2026-03-31
14684,Female,Gen X,one_and_done,1,1,2025-12-27,2025-12-27
14685,Male,Boomer,one_and_done,1,1,2025-12-05,2025-12-05
14686,Male,Millennial,regular,2,21,2025-07-23,2026-05-30
14687,Male,Millennial,occasional,4,7,2025-08-19,2026-05-30
14688,Male,Gen X,one_and_done,1,1,2025-10-03,2025-10-03
14689,Male,Gen Z,one_and_done,1,1,2025-09-19,2025-09-19
14690,Male,Millennial,one_and_done,5,1,2026-03-02,2026-03-02
14691,Male,Millennial,occasional,1,7,2025-10-24,2026-06-21
14692,Male,Millennial,one_and_done,2,1,2025-09-21,2025-09-21
14693,Male,Millennial,one_and_done,3,1,2026-02-10,2026-02-10
14694,Female,Millennial,one_and_done,1,1,2025-12-09,2025-12-09
14695,Male,Gen X,occasional,2,5,2025-11-05,2026-05-21
14696,Male,Millennial,one_and_done,1,1,2026-02-11,2026-02-11
14697,Male,Gen Z,one_and_done,1,1,2025-12-19,2025-12-19
14698,Female,Millennial,occasional,1,6,2025-11-25,2026-05-17
14699,Male,Boomer,occasional,6,4,2025-07-18,2026-03-06
14700,Male,Millennial,loyal,2,30,2025-07-05,2026-06-02
14701,Male,Millennial,loyal,1,30,2025-06-30,2026-06-20
14702,Male,Millennial,occasional,8,7,2025-07-05,2026-04-30
14703,Male,Gen Z,occasional,7,5,2025-08-05,2026-05-08
14704,Male,Gen Z,occasional,1,5,2025-07-06,2026-05-25
14705,Male,Millennial,one_and_done,1,1,2026-02-12,2026-02-12
14706,Female,Gen X,occasional,1,5,2025-07-21,2026-03-10
14707,Male,Gen X,one_and_done,1,1,2026-01-13,2026-01-13
14708,Male,Millennial,one_and_done,2,1,2025-11-23,2025-11-23
14709,Female,Millennial,one_and_done,7,1,2025-10-23,2025-10-23
14710,Male,Millennial,one_and_done,3,1,2025-08-13,2025-08-13
14711,Female,Gen Z,regular,7,13,2025-07-11,2026-05-17
14712,Male,Boomer,one_and_done,5,1,2026-05-08,2026-05-08
14713,Male,Gen X,loyal,3,24,2025-08-13,2026-06-17
14714,Male,Millennial,loyal,1,30,2025-07-22,2026-06-20
14715,Female,Millennial,one_and_done,1,1,2026-05-29,2026-05-29
14716,Male,Gen X,one_and_done,1,1,2025-09-19,2025-09-19
14717,Male,Boomer,one_and_done,5,1,2025-08-24,2025-08-24
14718,Male,Gen Z,one_and_done,1,1,2025-08-03,2025-08-03
14719,Male,Millennial,one_and_done,1,1,2025-08-03,2025-08-03
14720,Male,Boomer,one_and_done,6,1,2026-04-17,2026-04-17
14721,Male,Gen X,one_and_done,1,1,2026-02-19,2026-02-19
14722,Female,Millennial,occasional,1,6,2025-10-18,2026-05-26
14723,Male,Millennial,occasional,2,7,2025-08-28,2026-06-13
14724,Male,Millennial,regular,2,21,2025-06-30,2026-06-21
14725,Male,Millennial,occasional,3,7,2025-09-28,2026-06-20
14726,Male,Millennial,occasional,2,7,2025-07-08,2026-03-23
14727,Male,Gen Z,regular,2,15,2025-07-04,2026-06-04
14728,Female,Gen Z,loyal,1,19,2025-07-17,2026-06-15
14729,Male,Millennial,regular,1,21,2025-07-19,2026-03-15
14730,Male,Millennial,regular,1,21,2025-07-11,2026-06-23
14731,Male,Millennial,one_and_done,6,1,2025-08-20,2025-08-20
14732,Male,Gen Z,one_and_done,1,1,2025-09-03,2025-09-03
14733,Male,Gen Z,one_and_done,2,1,2025-07-07,2025-07-07
14734,Male,Gen X,occasional,3,5,2025-12-12,2026-05-26
14735,Male,Millennial,one_and_done,1,1,2025-07-06,2025-07-06
14736,Male,Millennial,one_and_done,2,1,2025-08-09,2025-08-09
14737,Male,Gen X,loyal,1,24,2025-07-11,2026-06-14
14738,Male,Boomer,one_and_done,4,1,2026-02-04,2026-02-04
14739,Female,Millennial,occasional,1,6,2025-07-12,2026-05-30
14740,Male,Millennial,regular,1,21,2025-07-16,2026-06-06
14741,Male,Millennial,one_and_done,2,1,2025-11-09,2025-11-09
14742,Male,Gen Z,occasional,1,5,2025-07-29,2026-06-16
14743,Male,Gen Z,one_and_done,2,1,2025-07-03,2025-07-03
14744,Male,Gen X,regular,2,16,2025-07-28,2026-06-14
14745,Male,Millennial,loyal,1,30,2025-07-18,2026-06-13
14746,Male,Gen X,one_and_done,1,1,2025-08-28,2025-08-28
14747,Male,Gen X,one_and_done,6,1,2025-12-06,2025-12-06
14748,Female,Gen Z,one_and_done,8,1,2025-08-01,2025-08-01
14749,Male,Gen Z,regular,1,15,2025-08-01,2026-06-20
14750,Male,Millennial,one_and_done,1,1,2025-07-17,2025-07-17
14751,Male,Millennial,one_and_done,4,1,2025-12-07,2025-12-07
14752,Male,Gen Z,one_and_done,4,1,2026-03-01,2026-03-01
14753,Male,Millennial,occasional,1,7,2025-09-02,2026-06-19
14754,Male,Gen Z,regular,2,15,2025-07-25,2026-06-20
14755,Male,Millennial,one_and_done,1,1,2026-05-09,2026-05-09
14756,Male,Millennial,regular,1,21,2025-07-05,2026-05-20
14757,Female,Millennial,occasional,2,6,2025-08-30,2026-05-14
14758,Female,Boomer,one_and_done,1,1,2025-07-26,2025-07-26
14759,Male,Gen Z,one_and_done,4,1,2026-02-14,2026-02-14
14760,Female,Gen Z,occasional,1,4,2025-12-26,2026-04-18
14761,Male,Millennial,occasional,2,7,2025-07-26,2026-04-20
14762,Female,Millennial,regular,2,18,2025-07-11,2026-06-09
14763,Female,Millennial,loyal,6,26,2025-07-12,2026-06-14
14764,Male,Gen Z,regular,1,15,2025-10-29,2026-06-10
14765,Male,Gen Z,one_and_done,1,1,2026-02-18,2026-02-18
14766,Male,Gen X,regular,6,16,2025-07-06,2026-06-08
14767,Male,Millennial,loyal,1,30,2025-07-07,2026-06-22
14768,Female,Millennial,regular,2,18,2025-07-28,2026-06-10
14769,Male,Gen Z,one_and_done,1,1,2025-07-12,2025-07-12
14770,Female,Boomer,one_and_done,1,1,2025-11-02,2025-11-02
14771,Male,Boomer,one_and_done,4,1,2025-12-05,2025-12-05
14772,Male,Millennial,regular,2,21,2025-06-30,2026-06-16
14773,Male,Millennial,loyal,3,30,2025-07-15,2026-06-17
14774,Male,Millennial,one_and_done,1,1,2026-05-16,2026-05-16
14775,Male,Millennial,regular,2,21,2025-07-25,2026-05-28
14776,Female,Millennial,loyal,4,26,2025-07-07,2026-05-25
14777,Female,Millennial,occasional,1,6,2025-07-21,2026-04-07
14778,Male,Millennial,one_and_done,1,1,2026-01-31,2026-01-31
14779,Female,Gen X,one_and_done,6,1,2026-02-23,2026-02-23
14780,Male,Millennial,loyal,3,30,2025-07-12,2026-05-25
14781,Male,Millennial,occasional,1,7,2025-07-05,2026-04-23
14782,Male,Millennial,regular,1,21,2025-07-08,2026-06-14
14783,Female,Gen X,one_and_done,3,1,2025-10-17,2025-10-17
14784,Male,Gen X,regular,3,16,2025-07-01,2026-05-31
14785,Male,Gen Z,loyal,7,22,2025-07-10,2026-05-28
14786,Female,Gen Z,regular,4,13,2025-07-09,2026-06-04
14787,Male,Gen Z,one_and_done,1,1,2026-04-16,2026-04-16
14788,Male,Millennial,one_and_done,1,1,2026-06-15,2026-06-15
14789,Male,Millennial,occasional,1,7,2025-08-28,2026-05-29
14790,Female,Millennial,one_and_done,1,1,2025-10-31,2025-10-31
14791,Male,Millennial,one_and_done,1,1,2026-05-06,2026-05-06
14792,Female,Gen X,occasional,1,5,2025-10-29,2026-06-22
14793,Male,Gen Z,one_and_done,1,1,2025-07-06,2025-07-06
14794,Male,Gen X,regular,8,16,2025-07-02,2026-04-30
14795,Male,Millennial,one_and_done,8,1,2025-10-08,2025-10-08
14796,Male,Millennial,one_and_done,2,1,2026-03-16,2026-03-16
14797,Male,Millennial,occasional,3,7,2025-07-05,2026-03-17
14798,Female,Gen X,occasional,5,5,2026-02-13,2026-06-09
14799,Male,Gen Z,occasional,1,5,2025-08-03,2026-05-29
14800,Male,Millennial,one_and_done,3,1,2026-03-22,2026-03-22
14801,Male,Gen Z,regular,2,15,2025-07-01,2026-06-19
14802,Male,Gen X,one_and_done,6,1,2025-07-27,2025-07-27
14803,Female,Gen Z,regular,2,13,2025-08-06,2026-06-20
14804,Female,Millennial,regular,2,18,2025-06-30,2026-05-29
14805,Male,Millennial,one_and_done,6,1,2026-04-23,2026-04-23
14806,Male,Millennial,one_and_done,1,1,2025-08-02,2025-08-02
14807,Male,Boomer,one_and_done,4,1,2025-08-24,2025-08-24
14808,Male,Millennial,one_and_done,1,1,2026-01-31,2026-01-31
14809,Male,Millennial,regular,1,21,2025-08-01,2026-05-02
14810,Female,Boomer,one_and_done,4,1,2026-01-25,2026-01-25
14811,Female,Millennial,one_and_done,2,1,2025-11-21,2025-11-21
14812,Male,Millennial,one_and_done,3,1,2026-05-21,2026-05-21
14813,Female,Millennial,loyal,7,26,2025-07-27,2026-05-30
14814,Male,Millennial,one_and_done,1,1,2025-08-18,2025-08-18
14815,Male,Millennial,one_and_done,5,1,2026-03-22,2026-03-22
14816,Female,Gen Z,occasional,3,4,2025-07-04,2026-03-06
14817,Male,Millennial,occasional,6,7,2025-07-16,2026-05-26
14818,Male,Millennial,regular,1,21,2025-07-03,2026-06-12
14819,Female,Gen X,loyal,4,22,2025-07-01,2026-06-06
14820,Male,Millennial,one_and_done,3,1,2026-03-26,2026-03-26
14821,Male,Millennial,one_and_done,1,1,2025-10-31,2025-10-31
14822,Male,Gen Z,occasional,1,5,2025-07-21,2026-04-04
14823,Female,Gen X,one_and_done,7,1,2025-09-12,2025-09-12
14824,Male,Millennial,one_and_done,1,1,2025-12-01,2025-12-01
14825,Male,Millennial,occasional,1,7,2025-07-18,2026-06-22
14826,Male,Millennial,one_and_done,1,1,2025-10-10,2025-10-10
14827,Male,Gen Z,occasional,3,5,2025-08-13,2026-06-09
14828,Male,Millennial,one_and_done,1,1,2025-09-02,2025-09-02
14829,Male,Gen Z,one_and_done,9,1,2025-11-17,2025-11-17
14830,Female,Gen X,one_and_done,5,1,2026-01-26,2026-01-26
14831,Male,Millennial,one_and_done,3,1,2025-08-29,2025-08-29
14832,Male,Gen Z,regular,6,15,2025-07-29,2026-03-27
14833,Female,Millennial,occasional,2,6,2025-09-03,2026-05-28
14834,Female,Gen X,one_and_done,5,1,2025-12-27,2025-12-27
14835,Female,Millennial,one_and_done,3,1,2026-02-27,2026-02-27
14836,Male,Gen X,one_and_done,1,1,2025-10-08,2025-10-08
14837,Male,Millennial,one_and_done,1,1,2025-07-01,2025-07-01
14838,Male,Boomer,one_and_done,5,1,2025-10-10,2025-10-10
14839,Male,Millennial,one_and_done,3,1,2026-04-06,2026-04-06
14840,Male,Gen Z,loyal,3,22,2025-06-30,2026-06-22
14841,Female,Gen Z,one_and_done,5,1,2025-09-25,2025-09-25
14842,Male,Millennial,occasional,1,7,2025-09-11,2026-06-20
14843,Male,Boomer,one_and_done,7,1,2025-07-15,2025-07-15
14844,Male,Gen Z,regular,1,15,2025-07-31,2026-06-20
14845,Female,Millennial,occasional,1,6,2025-07-29,2026-06-20
14846,Male,Gen Z,loyal,5,22,2025-07-04,2026-06-05
14847,Male,Millennial,occasional,5,7,2025-09-12,2026-04-05
14848,Male,Millennial,one_and_done,1,1,2025-08-01,2025-08-01
14849,Male,Millennial,occasional,1,7,2025-07-05,2026-04-27
14850,Female,Gen X,regular,4,15,2025-07-04,2026-06-13
14851,Male,Millennial,regular,10,21,2025-07-01,2026-06-17
14852,Male,Millennial,one_and_done,1,1,2025-06-30,2025-06-30
14853,Male,Boomer,loyal,4,17,2025-07-07,2026-05-22
14854,Female,Millennial,loyal,3,26,2025-06-30,2026-06-04
14855,Male,Millennial,one_and_done,1,1,2025-12-12,2025-12-12
14856,Male,Gen Z,occasional,1,5,2025-08-03,2026-05-30
14857,Male,Gen Z,occasional,2,5,2025-08-11,2026-05-05
14858,Male,Millennial,occasional,1,7,2025-10-08,2026-05-14
14859,Male,Gen Z,loyal,1,22,2025-07-18,2026-06-05
14860,Male,Millennial,occasional,6,7,2025-08-24,2026-05-24
14861,Female,Gen X,regular,2,15,2025-07-17,2026-05-21
14862,Male,Millennial,occasional,5,7,2025-06-30,2026-06-20
14863,Female,Millennial,one_and_done,8,1,2026-02-25,2026-02-25
14864,Female,Millennial,one_and_done,4,1,2025-10-24,2025-10-24
14865,Male,Gen X,regular,4,16,2025-07-18,2026-06-06
14866,Male,Gen Z,one_and_done,2,1,2026-02-27,2026-02-27
14867,Female,Boomer,occasional,2,3,2025-07-11,2026-03-11
14868,Male,Millennial,one_and_done,2,1,2025-08-06,2025-08-06
14869,Female,Gen Z,regular,4,13,2025-08-01,2026-06-13
14870,Female,Millennial,one_and_done,2,1,2025-09-13,2025-09-13
14871,Female,Millennial,occasional,1,6,2025-07-08,2026-05-03
14872,Female,Millennial,one_and_done,1,1,2025-12-27,2025-12-27
14873,Female,Gen X,regular,1,15,2025-07-05,2026-06-12
14874,Male,Millennial,one_and_done,1,1,2026-02-05,2026-02-05
14875,Male,Gen Z,loyal,5,22,2025-07-02,2026-06-13
14876,Male,Gen Z,one_and_done,1,1,2026-06-19,2026-06-19
14877,Male,Millennial,occasional,1,7,2025-07-07,2026-05-09
14878,Male,Millennial,one_and_done,1,1,2026-03-20,2026-03-20
14879,Male,Gen Z,one_and_done,2,1,2026-01-06,2026-01-06
14880,Male,Millennial,one_and_done,2,1,2026-01-03,2026-01-03
14881,Female,Millennial,one_and_done,9,1,2026-04-04,2026-04-04
14882,Male,Millennial,loyal,4,30,2025-07-17,2026-06-09
14883,Male,Gen Z,one_and_done,1,1,2025-08-16,2025-08-16
14884,Male,Millennial,one_and_done,1,1,2026-01-23,2026-01-23
14885,Male,Gen X,regular,3,16,2025-07-12,2026-06-22
14886,Female,Millennial,one_and_done,1,1,2025-11-21,2025-11-21
14887,Male,Millennial,one_and_done,1,1,2025-12-20,2025-12-20
14888,Female,Gen Z,one_and_done,1,1,2025-08-24,2025-08-24
14889,Female,Gen X,occasional,8,5,2025-08-03,2026-02-23
14890,Male,Boomer,one_and_done,5,1,2025-11-01,2025-11-01
14891,Female,Millennial,occasional,1,6,2025-08-09,2026-03-24
14892,Male,Millennial,regular,2,21,2025-07-05,2026-05-29
14893,Male,Millennial,one_and_done,1,1,2025-07-02,2025-07-02
14894,Male,Gen X,occasional,5,5,2025-07-08,2026-02-24
14895,Male,Millennial,regular,1,21,2025-07-03,2026-05-29
14896,Female,Millennial,one_and_done,1,1,2026-02-05,2026-02-05
14897,Male,Gen Z,one_and_done,5,1,2025-10-03,2025-10-03
14898,Male,Millennial,one_and_done,1,1,2026-03-20,2026-03-20
14899,Male,Millennial,one_and_done,1,1,2025-08-17,2025-08-17
14900,Female,Gen X,one_and_done,1,1,2025-11-09,2025-11-09
14901,Male,Gen Z,loyal,6,22,2025-07-09,2026-06-12
14902,Male,Millennial,occasional,4,7,2025-08-04,2026-05-04
14903,Male,Millennial,occasional,2,7,2025-08-10,2026-06-11
14904,Female,Millennial,regular,1,18,2025-08-01,2026-06-14
14905,Male,Boomer,occasional,1,4,2025-07-21,2026-04-30
14906,Male,Millennial,one_and_done,2,1,2026-05-15,2026-05-15
14907,Male,Millennial,regular,2,21,2025-07-19,2026-06-22
14908,Male,Boomer,regular,1,12,2025-07-14,2026-06-11
14909,Male,Millennial,regular,1,21,2025-07-03,2026-06-07
14910,Female,Millennial,occasional,1,6,2025-07-11,2026-02-21
14911,Male,Millennial,occasional,1,7,2025-08-21,2026-06-15
14912,Male,Gen Z,one_and_done,1,1,2025-07-30,2025-07-30
14913,Male,Gen Z,one_and_done,1,1,2025-08-22,2025-08-22
14914,Male,Gen Z,regular,4,15,2025-06-30,2026-05-27
14915,Female,Millennial,one_and_done,1,1,2026-05-23,2026-05-23
14916,Male,Millennial,one_and_done,1,1,2025-07-04,2025-07-04
14917,Female,Millennial,one_and_done,1,1,2026-04-29,2026-04-29
14918,Male,Millennial,one_and_done,1,1,2025-11-21,2025-11-21
14919,Female,Gen X,one_and_done,8,1,2026-03-04,2026-03-04
14920,Male,Gen Z,regular,2,15,2025-07-08,2026-06-12
14921,Male,Millennial,one_and_done,1,1,2025-11-10,2025-11-10
14922,Male,Gen X,one_and_done,1,1,2026-02-04,2026-02-04
14923,Male,Millennial,loyal,1,30,2025-07-25,2026-06-18
14924,Male,Millennial,regular,2,21,2025-07-22,2026-06-16
14925,Male,Gen Z,loyal,7,22,2025-07-10,2026-06-19
14926,Female,Millennial,regular,2,18,2025-07-01,2026-06-05
14927,Male,Millennial,occasional,1,7,2025-09-06,2026-04-02
14928,Female,Boomer,one_and_done,7,1,2025-08-16,2025-08-16
14929,Male,Gen Z,loyal,2,22,2025-07-06,2026-06-15
14930,Male,Millennial,occasional,1,7,2025-07-15,2026-06-15
14931,Male,Millennial,loyal,3,30,2025-07-04,2026-05-31
14932,Male,Gen X,loyal,1,24,2025-07-23,2026-06-13
14933,Male,Boomer,occasional,1,4,2025-08-01,2026-02-21
14934,Male,Gen X,regular,1,16,2025-08-31,2026-05-21
14935,Male,Gen X,occasional,4,5,2025-10-24,2026-06-05
14936,Female,Gen Z,regular,1,13,2025-08-14,2026-05-06
14937,Male,Gen Z,one_and_done,1,1,2026-03-11,2026-03-11
14938,Female,Millennial,occasional,5,6,2025-08-14,2026-04-20
14939,Male,Boomer,one_and_done,10,1,2025-08-30,2025-08-30
14940,Female,Millennial,one_and_done,3,1,2025-08-10,2025-08-10
14941,Female,Millennial,occasional,1,6,2025-07-24,2026-05-18
14942,Male,Gen Z,regular,7,15,2025-07-01,2026-06-15
14943,Male,Millennial,occasional,2,7,2025-07-14,2026-05-02
14944,Male,Gen Z,one_and_done,2,1,2026-02-02,2026-02-02
14945,Male,Millennial,regular,1,21,2025-08-20,2026-06-02
14946,Female,Gen X,one_and_done,3,1,2026-01-19,2026-01-19
14947,Female,Millennial,one_and_done,4,1,2026-05-30,2026-05-30
14948,Male,Boomer,one_and_done,3,1,2026-02-14,2026-02-14
14949,Male,Gen Z,regular,1,15,2025-07-25,2026-06-08
14950,Male,Millennial,regular,2,21,2025-07-12,2026-06-18
14951,Male,Millennial,loyal,10,30,2025-07-02,2026-06-19
14952,Female,Boomer,loyal,1,15,2025-07-25,2026-06-14
14953,Male,Millennial,one_and_done,3,1,2026-06-18,2026-06-18
14954,Male,Millennial,occasional,1,7,2025-07-14,2026-06-15
14955,Female,Gen Z,occasional,1,4,2025-07-07,2026-04-27
14956,Male,Gen X,occasional,3,5,2025-07-19,2026-05-14
14957,Male,Gen X,one_and_done,1,1,2025-08-06,2025-08-06
14958,Female,Gen Z,one_and_done,3,1,2026-04-28,2026-04-28
14959,Female,Millennial,one_and_done,9,1,2025-07-22,2025-07-22
14960,Male,Millennial,one_and_done,5,1,2026-05-04,2026-05-04
14961,Male,Gen X,one_and_done,1,1,2025-12-13,2025-12-13
14962,Male,Millennial,one_and_done,1,1,2025-08-21,2025-08-21
14963,Male,Millennial,one_and_done,1,1,2025-07-02,2025-07-02
14964,Male,Millennial,one_and_done,1,1,2025-12-03,2025-12-03
14965,Male,Millennial,one_and_done,5,1,2025-08-03,2025-08-03
14966,Male,Gen X,regular,1,16,2025-07-05,2026-05-14
14967,Male,Gen Z,one_and_done,4,1,2026-03-19,2026-03-19
14968,Male,Millennial,one_and_done,2,1,2025-11-22,2025-11-22
14969,Male,Gen Z,one_and_done,7,1,2025-12-13,2025-12-13
14970,Female,Millennial,one_and_done,1,1,2026-02-26,2026-02-26
14971,Male,Millennial,one_and_done,1,1,2026-05-23,2026-05-23
14972,Male,Gen Z,occasional,9,5,2025-12-21,2026-04-06
14973,Male,Gen X,one_and_done,1,1,2025-12-09,2025-12-09
14974,Male,Gen Z,one_and_done,1,1,2026-01-09,2026-01-09
14975,Female,Gen Z,one_and_done,1,1,2025-07-03,2025-07-03
14976,Male,Boomer,occasional,1,4,2025-07-18,2025-12-11
14977,Male,Millennial,occasional,2,7,2025-09-05,2026-05-06
14978,Male,Gen Z,occasional,4,5,2025-08-17,2026-06-14
14979,Male,Gen X,one_and_done,8,1,2025-10-19,2025-10-19
14980,Male,Millennial,one_and_done,3,1,2026-06-12,2026-06-12
14981,Male,Millennial,one_and_done,1,1,2026-06-20,2026-06-20
14982,Female,Millennial,loyal,1,26,2025-07-10,2026-06-04
14983,Female,Millennial,regular,1,18,2025-07-26,2026-06-16
14984,Male,Gen Z,regular,1,15,2025-07-05,2026-04-28
14985,Male,Millennial,one_and_done,1,1,2025-09-24,2025-09-24
14986,Male,Millennial,one_and_done,5,1,2025-10-18,2025-10-18
14987,Female,Gen X,one_and_done,4,1,2026-06-05,2026-06-05
14988,Male,Millennial,regular,2,21,2025-08-01,2026-06-16
14989,Male,Millennial,regular,1,21,2025-07-22,2026-06-14
14990,Female,Millennial,one_and_done,1,1,2025-07-20,2025-07-20
14991,Female,Gen X,regular,1,15,2025-07-05,2026-06-20
14992,Male,Gen Z,occasional,2,5,2025-07-21,2026-05-11
14993,Male,Gen X,one_and_done,9,1,2026-06-07,2026-06-07
14994,Female,Millennial,one_and_done,5,1,2025-10-25,2025-10-25
14995,Female,Gen Z,loyal,1,19,2025-07-14,2026-05-26
14996,Female,Millennial,loyal,6,26,2025-07-16,2026-06-23
14997,Female,Gen Z,one_and_done,1,1,2026-04-23,2026-04-23
14998,Male,Millennial,occasional,1,7,2025-07-09,2026-04-16
14999,Male,Gen Z,one_and_done,6,1,2026-02-18,2026-02-18
15000,Male,Gen X,one_and_done,7,1,2025-07-20,2025-07-20
